ISO-10303-21;
HEADER;
FILE_DESCRIPTION(('STEP AP242'),'1');
FILE_NAME('2719097.stp','2026-09-14T23:53:30',('TraceParts'),('TraceParts S.A.S.'),'Spatial InterOp 3D',' ',' ');
FILE_SCHEMA(('AP242_MANAGED_MODEL_BASED_3D_ENGINEERING_MIM_LF  {1 0 10303 442 1 1 4}'));
ENDSEC;
DATA;
#1=PRODUCT_DEFINITION_CONTEXT('',#9,'design');
#2=APPLICATION_PROTOCOL_DEFINITION('INTERNATIONAL STANDARD','ap242_managed_model_based_3d_engineering',2014,#9);
#3=PRODUCT_CATEGORY_RELATIONSHIP('NONE','NONE',#10,#11);
#4=SHAPE_DEFINITION_REPRESENTATION(#12,#13);
#5= (GEOMETRIC_REPRESENTATION_CONTEXT(3)GLOBAL_UNCERTAINTY_ASSIGNED_CONTEXT((#16))GLOBAL_UNIT_ASSIGNED_CONTEXT((#18,#19,#20))REPRESENTATION_CONTEXT('NONE','WORKSPACE'));
#9=APPLICATION_CONTEXT('managed model based 3d engineering');
#10=PRODUCT_CATEGORY('part','NONE');
#11=PRODUCT_RELATED_PRODUCT_CATEGORY('detail',' ',(#22));
#12=PRODUCT_DEFINITION_SHAPE('NONE','NONE',#23);
#13=ADVANCED_BREP_SHAPE_REPRESENTATION('1',(#24,#25),#5);
#16=UNCERTAINTY_MEASURE_WITH_UNIT(LENGTH_MEASURE(1.0E-06),#18,'','');
#18= (CONVERSION_BASED_UNIT('MILLIMETRE',#28)LENGTH_UNIT()NAMED_UNIT(#31));
#19= (NAMED_UNIT(#33)PLANE_ANGLE_UNIT()SI_UNIT($,.RADIAN.));
#20= (NAMED_UNIT(#33)SOLID_ANGLE_UNIT()SI_UNIT($,.STERADIAN.));
#22=PRODUCT('1','','PART--DESC',(#39));
#23=PRODUCT_DEFINITION('','NONE',#40,#1);
#24=MANIFOLD_SOLID_BREP('1',#41);
#25=AXIS2_PLACEMENT_3D('',#42,#43,#44);
#28=LENGTH_MEASURE_WITH_UNIT(LENGTH_MEASURE(1.0),#45);
#31=DIMENSIONAL_EXPONENTS(1.0,0.0,0.0,0.0,0.0,0.0,0.0);
#33=DIMENSIONAL_EXPONENTS(0.0,0.0,0.0,0.0,0.0,0.0,0.0);
#39=PRODUCT_CONTEXT('',#9,'mechanical');
#40=PRODUCT_DEFINITION_FORMATION_WITH_SPECIFIED_SOURCE(' ','NONE',#22,.NOT_KNOWN.);
#41=CLOSED_SHELL('',(#46,#47,#48,#49,#50,#51,#52,#53,#54,#55,#56,#57,#58,#59,#60,#61,#62,#63,#64,#65,#66,#67,#68,#69,#70,#71,#72,#73,#74,#75,#76,#77,#78,#79,#80,#81,#82,#83,#84,#85,#86,#87,#88,#89,#90,#91,#92,#93,#94,#95,#96,#97,#98,#99,#100,#101,#102,#103,#104,#105,#106,#107,#108,#109,#110,#111,#112,#113,#114,#115,#116,#117,#118,#119,#120,#121,#122,#123,#124,#125,#126,#127,#128,#129,#130,#131,#132,#133,#134,#135,#136,#137,#138,#139,#140,#141,#142,#143,#144,#145,#146,#147,#148,#149,#150,#151,#152,#153,#154,#155,#156,#157,#158,#159,#160,#161,#162,#163,#164,#165,#166,#167,#168,#169,#170,#171,#172,#173,#174,#175,#176,#177,#178,#179,#180,#181,#182,#183,#184,#185,#186,#187,#188,#189,#190,#191,#192,#193,#194,#195,#196,#197,#198,#199,#200,#201,#202,#203,#204,#205,#206,#207,#208,#209,#210,#211,#212,#213,#214,#215,#216,#217,#218,#219,#220,#221,#222,#223,#224,#225,#226,#227,#228,#229,#230,#231,#232,#233,#234,#235,#236,#237,#238,#239,#240,#241,#242,#243,#244,#245,#246,#247,#248,#249,#250,#251,#252,#253,#254,#255,#256,#257,#258,#259,#260,#261,#262,#263,#264,#265,#266,#267,#268,#269,#270,#271,#272,#273,#274,#275,#276,#277,#278,#279,#280,#281,#282,#283,#284,#285,#286,#287,#288,#289,#290,#291,#292,#293,#294,#295,#296,#297,#298,#299,#300,#301,#302,#303,#304,#305,#306,#307,#308,#309,#310,#311,#312,#313,#314,#315,#316,#317,#318,#319,#320,#321,#322,#323,#324,#325,#326,#327,#328,#329,#330,#331,#332,#333,#334,#335,#336,#337,#338,#339,#340,#341,#342,#343,#344,#345,#346,#347,#348,#349,#350,#351,#352,#353,#354,#355,#356,#357,#358,#359,#360,#361,#362,#363,#364,#365,#366,#367,#368,#369,#370,#371,#372,#373,#374,#375,#376,#377,#378,#379,#380,#381,#382,#383,#384,#385,#386,#387,#388,#389,#390,#391,#392,#393,#394,#395,#396,#397,#398,#399,#400,#401,#402,#403,#404,#405,#406,#407,#408,#409,#410,#411,#412,#413,#414,#415,#416,#417,#418,#419,#420,#421,#422,#423,#424,#425,#426,#427,#428,#429,#430,#431,#432,#433,#434,#435,#436,#437,#438,#439,#440,#441,#442,#443,#444,#445,#446,#447,#448,#449,#450,#451,#452,#453,#454,#455,#456,#457,#458,#459,#460,#461,#462,#463,#464,#465,#466,#467,#468,#469,#470,#471,#472,#473,#474,#475,#476,#477,#478,#479,#480,#481,#482,#483,#484,#485,#486,#487,#488,#489,#490,#491));
#42=CARTESIAN_POINT('',(0.0,0.0,0.0));
#43=DIRECTION('',(0.0,0.0,1.0));
#44=DIRECTION('',(1.0,0.0,0.0));
#45= (NAMED_UNIT(#31)LENGTH_UNIT()SI_UNIT(.MILLI.,.METRE.));
#46=ADVANCED_FACE('',(#493),#494,.T.);
#47=ADVANCED_FACE('',(#495),#496,.F.);
#48=ADVANCED_FACE('',(#497),#498,.T.);
#49=ADVANCED_FACE('',(#499),#500,.F.);
#50=ADVANCED_FACE('',(#501),#502,.F.);
#51=ADVANCED_FACE('',(#503),#504,.T.);
#52=ADVANCED_FACE('',(#505),#506,.F.);
#53=ADVANCED_FACE('',(#507),#508,.T.);
#54=ADVANCED_FACE('',(#509),#510,.T.);
#55=ADVANCED_FACE('',(#511),#512,.F.);
#56=ADVANCED_FACE('',(#513),#514,.T.);
#57=ADVANCED_FACE('',(#515),#516,.F.);
#58=ADVANCED_FACE('',(#517),#518,.T.);
#59=ADVANCED_FACE('',(#519),#520,.T.);
#60=ADVANCED_FACE('',(#521),#522,.T.);
#61=ADVANCED_FACE('',(#523),#524,.T.);
#62=ADVANCED_FACE('',(#525),#526,.T.);
#63=ADVANCED_FACE('',(#527),#528,.T.);
#64=ADVANCED_FACE('',(#529),#530,.T.);
#65=ADVANCED_FACE('',(#531),#532,.T.);
#66=ADVANCED_FACE('',(#533),#534,.T.);
#67=ADVANCED_FACE('',(#535),#536,.T.);
#68=ADVANCED_FACE('',(#537),#538,.F.);
#69=ADVANCED_FACE('',(#539),#540,.F.);
#70=ADVANCED_FACE('',(#541),#542,.T.);
#71=ADVANCED_FACE('',(#543),#544,.F.);
#72=ADVANCED_FACE('',(#545),#546,.T.);
#73=ADVANCED_FACE('',(#547),#548,.F.);
#74=ADVANCED_FACE('',(#549),#550,.F.);
#75=ADVANCED_FACE('',(#551),#552,.T.);
#76=ADVANCED_FACE('',(#553),#554,.T.);
#77=ADVANCED_FACE('',(#555),#556,.T.);
#78=ADVANCED_FACE('',(#557),#558,.F.);
#79=ADVANCED_FACE('',(#559),#560,.T.);
#80=ADVANCED_FACE('',(#561),#562,.T.);
#81=ADVANCED_FACE('',(#563),#564,.T.);
#82=ADVANCED_FACE('',(#565),#566,.F.);
#83=ADVANCED_FACE('',(#567),#568,.F.);
#84=ADVANCED_FACE('',(#569),#570,.F.);
#85=ADVANCED_FACE('',(#571),#572,.T.);
#86=ADVANCED_FACE('',(#573),#574,.F.);
#87=ADVANCED_FACE('',(#575),#576,.F.);
#88=ADVANCED_FACE('',(#577),#578,.T.);
#89=ADVANCED_FACE('',(#579),#580,.T.);
#90=ADVANCED_FACE('',(#581),#582,.T.);
#91=ADVANCED_FACE('',(#583),#584,.F.);
#92=ADVANCED_FACE('',(#585),#586,.T.);
#93=ADVANCED_FACE('',(#587),#588,.T.);
#94=ADVANCED_FACE('',(#589),#590,.T.);
#95=ADVANCED_FACE('',(#591),#592,.F.);
#96=ADVANCED_FACE('',(#593),#594,.T.);
#97=ADVANCED_FACE('',(#595),#596,.F.);
#98=ADVANCED_FACE('',(#597),#598,.T.);
#99=ADVANCED_FACE('',(#599),#600,.T.);
#100=ADVANCED_FACE('',(#601),#602,.T.);
#101=ADVANCED_FACE('',(#603),#604,.F.);
#102=ADVANCED_FACE('',(#605),#606,.F.);
#103=ADVANCED_FACE('',(#607),#608,.T.);
#104=ADVANCED_FACE('',(#609),#610,.T.);
#105=ADVANCED_FACE('',(#611,#612),#613,.T.);
#106=ADVANCED_FACE('',(#614),#615,.T.);
#107=ADVANCED_FACE('',(#616),#617,.F.);
#108=ADVANCED_FACE('',(#618),#619,.F.);
#109=ADVANCED_FACE('',(#620),#621,.F.);
#110=ADVANCED_FACE('',(#622),#623,.F.);
#111=ADVANCED_FACE('',(#624),#625,.T.);
#112=ADVANCED_FACE('',(#626),#627,.F.);
#113=ADVANCED_FACE('',(#628),#629,.T.);
#114=ADVANCED_FACE('',(#630),#631,.T.);
#115=ADVANCED_FACE('',(#632),#633,.T.);
#116=ADVANCED_FACE('',(#634),#635,.T.);
#117=ADVANCED_FACE('',(#636),#637,.T.);
#118=ADVANCED_FACE('',(#638),#639,.T.);
#119=ADVANCED_FACE('',(#640),#641,.T.);
#120=ADVANCED_FACE('',(#642),#643,.T.);
#121=ADVANCED_FACE('',(#644),#645,.T.);
#122=ADVANCED_FACE('',(#646),#647,.F.);
#123=ADVANCED_FACE('',(#648),#649,.T.);
#124=ADVANCED_FACE('',(#650),#651,.T.);
#125=ADVANCED_FACE('',(#652),#653,.T.);
#126=ADVANCED_FACE('',(#654),#655,.F.);
#127=ADVANCED_FACE('',(#656),#657,.T.);
#128=ADVANCED_FACE('',(#658),#659,.T.);
#129=ADVANCED_FACE('',(#660),#661,.T.);
#130=ADVANCED_FACE('',(#662),#663,.F.);
#131=ADVANCED_FACE('',(#664),#665,.F.);
#132=ADVANCED_FACE('',(#666),#667,.F.);
#133=ADVANCED_FACE('',(#668),#669,.F.);
#134=ADVANCED_FACE('',(#670),#671,.F.);
#135=ADVANCED_FACE('',(#672),#673,.T.);
#136=ADVANCED_FACE('',(#674),#675,.F.);
#137=ADVANCED_FACE('',(#676,#677),#678,.F.);
#138=ADVANCED_FACE('',(#679),#680,.T.);
#139=ADVANCED_FACE('',(#681),#682,.T.);
#140=ADVANCED_FACE('',(#683),#684,.F.);
#141=ADVANCED_FACE('',(#685),#686,.F.);
#142=ADVANCED_FACE('',(#687),#688,.F.);
#143=ADVANCED_FACE('',(#689),#690,.T.);
#144=ADVANCED_FACE('',(#691),#692,.F.);
#145=ADVANCED_FACE('',(#693),#694,.T.);
#146=ADVANCED_FACE('',(#695),#696,.T.);
#147=ADVANCED_FACE('',(#697),#698,.T.);
#148=ADVANCED_FACE('',(#699),#700,.T.);
#149=ADVANCED_FACE('',(#701),#702,.T.);
#150=ADVANCED_FACE('',(#703),#704,.T.);
#151=ADVANCED_FACE('',(#705),#706,.F.);
#152=ADVANCED_FACE('',(#707),#708,.T.);
#153=ADVANCED_FACE('',(#709),#710,.T.);
#154=ADVANCED_FACE('',(#711),#712,.T.);
#155=ADVANCED_FACE('',(#713),#714,.T.);
#156=ADVANCED_FACE('',(#715),#716,.F.);
#157=ADVANCED_FACE('',(#717),#718,.F.);
#158=ADVANCED_FACE('',(#719),#720,.F.);
#159=ADVANCED_FACE('',(#721),#722,.F.);
#160=ADVANCED_FACE('',(#723),#724,.F.);
#161=ADVANCED_FACE('',(#725),#726,.F.);
#162=ADVANCED_FACE('',(#727),#728,.T.);
#163=ADVANCED_FACE('',(#729),#730,.F.);
#164=ADVANCED_FACE('',(#731),#732,.F.);
#165=ADVANCED_FACE('',(#733),#734,.T.);
#166=ADVANCED_FACE('',(#735),#736,.T.);
#167=ADVANCED_FACE('',(#737,#738),#739,.F.);
#168=ADVANCED_FACE('',(#740),#741,.T.);
#169=ADVANCED_FACE('',(#742),#743,.T.);
#170=ADVANCED_FACE('',(#744),#745,.F.);
#171=ADVANCED_FACE('',(#746),#747,.F.);
#172=ADVANCED_FACE('',(#748),#749,.T.);
#173=ADVANCED_FACE('',(#750,#751),#752,.T.);
#174=ADVANCED_FACE('',(#753),#754,.F.);
#175=ADVANCED_FACE('',(#755),#756,.T.);
#176=ADVANCED_FACE('',(#757),#758,.T.);
#177=ADVANCED_FACE('',(#759,#760),#761,.T.);
#178=ADVANCED_FACE('',(#762),#763,.T.);
#179=ADVANCED_FACE('',(#764),#765,.T.);
#180=ADVANCED_FACE('',(#766),#767,.T.);
#181=ADVANCED_FACE('',(#768),#769,.T.);
#182=ADVANCED_FACE('',(#770),#771,.T.);
#183=ADVANCED_FACE('',(#772),#773,.F.);
#184=ADVANCED_FACE('',(#774),#775,.T.);
#185=ADVANCED_FACE('',(#776),#777,.F.);
#186=ADVANCED_FACE('',(#778),#779,.F.);
#187=ADVANCED_FACE('',(#780),#781,.T.);
#188=ADVANCED_FACE('',(#782),#783,.F.);
#189=ADVANCED_FACE('',(#784),#785,.F.);
#190=ADVANCED_FACE('',(#786),#787,.F.);
#191=ADVANCED_FACE('',(#788),#789,.F.);
#192=ADVANCED_FACE('',(#790),#791,.T.);
#193=ADVANCED_FACE('',(#792),#793,.F.);
#194=ADVANCED_FACE('',(#794),#795,.T.);
#195=ADVANCED_FACE('',(#796),#797,.F.);
#196=ADVANCED_FACE('',(#798),#799,.F.);
#197=ADVANCED_FACE('',(#800),#801,.F.);
#198=ADVANCED_FACE('',(#802),#803,.T.);
#199=ADVANCED_FACE('',(#804),#805,.F.);
#200=ADVANCED_FACE('',(#806),#807,.F.);
#201=ADVANCED_FACE('',(#808),#809,.F.);
#202=ADVANCED_FACE('',(#810),#811,.T.);
#203=ADVANCED_FACE('',(#812),#813,.F.);
#204=ADVANCED_FACE('',(#814,#815),#816,.T.);
#205=ADVANCED_FACE('',(#817),#818,.F.);
#206=ADVANCED_FACE('',(#819),#820,.T.);
#207=ADVANCED_FACE('',(#821),#822,.T.);
#208=ADVANCED_FACE('',(#823),#824,.T.);
#209=ADVANCED_FACE('',(#825),#826,.T.);
#210=ADVANCED_FACE('',(#827),#828,.T.);
#211=ADVANCED_FACE('',(#829),#830,.T.);
#212=ADVANCED_FACE('',(#831),#832,.T.);
#213=ADVANCED_FACE('',(#833),#834,.F.);
#214=ADVANCED_FACE('',(#835),#836,.F.);
#215=ADVANCED_FACE('',(#837),#838,.F.);
#216=ADVANCED_FACE('',(#839),#840,.T.);
#217=ADVANCED_FACE('',(#841),#842,.F.);
#218=ADVANCED_FACE('',(#843,#844),#845,.T.);
#219=ADVANCED_FACE('',(#846),#847,.F.);
#220=ADVANCED_FACE('',(#848),#849,.F.);
#221=ADVANCED_FACE('',(#850,#851),#852,.F.);
#222=ADVANCED_FACE('',(#853),#854,.F.);
#223=ADVANCED_FACE('',(#855),#856,.F.);
#224=ADVANCED_FACE('',(#857),#858,.T.);
#225=ADVANCED_FACE('',(#859),#860,.F.);
#226=ADVANCED_FACE('',(#861),#862,.F.);
#227=ADVANCED_FACE('',(#863),#864,.F.);
#228=ADVANCED_FACE('',(#865),#866,.F.);
#229=ADVANCED_FACE('',(#867),#868,.T.);
#230=ADVANCED_FACE('',(#869),#870,.T.);
#231=ADVANCED_FACE('',(#871),#872,.T.);
#232=ADVANCED_FACE('',(#873),#874,.T.);
#233=ADVANCED_FACE('',(#875),#876,.F.);
#234=ADVANCED_FACE('',(#877),#878,.T.);
#235=ADVANCED_FACE('',(#879),#880,.F.);
#236=ADVANCED_FACE('',(#881),#882,.T.);
#237=ADVANCED_FACE('',(#883),#884,.F.);
#238=ADVANCED_FACE('',(#885),#886,.T.);
#239=ADVANCED_FACE('',(#887),#888,.F.);
#240=ADVANCED_FACE('',(#889),#890,.F.);
#241=ADVANCED_FACE('',(#891),#892,.F.);
#242=ADVANCED_FACE('',(#893),#894,.F.);
#243=ADVANCED_FACE('',(#895),#896,.F.);
#244=ADVANCED_FACE('',(#897),#898,.F.);
#245=ADVANCED_FACE('',(#899),#900,.F.);
#246=ADVANCED_FACE('',(#901),#902,.T.);
#247=ADVANCED_FACE('',(#903),#904,.F.);
#248=ADVANCED_FACE('',(#905),#906,.F.);
#249=ADVANCED_FACE('',(#907),#908,.T.);
#250=ADVANCED_FACE('',(#909),#910,.T.);
#251=ADVANCED_FACE('',(#911),#912,.T.);
#252=ADVANCED_FACE('',(#913),#914,.F.);
#253=ADVANCED_FACE('',(#915),#916,.F.);
#254=ADVANCED_FACE('',(#917),#918,.F.);
#255=ADVANCED_FACE('',(#919),#920,.T.);
#256=ADVANCED_FACE('',(#921),#922,.F.);
#257=ADVANCED_FACE('',(#923),#924,.F.);
#258=ADVANCED_FACE('',(#925),#926,.F.);
#259=ADVANCED_FACE('',(#927),#928,.T.);
#260=ADVANCED_FACE('',(#929),#930,.F.);
#261=ADVANCED_FACE('',(#931),#932,.F.);
#262=ADVANCED_FACE('',(#933),#934,.F.);
#263=ADVANCED_FACE('',(#935),#936,.T.);
#264=ADVANCED_FACE('',(#937),#938,.F.);
#265=ADVANCED_FACE('',(#939),#940,.T.);
#266=ADVANCED_FACE('',(#941),#942,.F.);
#267=ADVANCED_FACE('',(#943),#944,.T.);
#268=ADVANCED_FACE('',(#945),#946,.T.);
#269=ADVANCED_FACE('',(#947),#948,.T.);
#270=ADVANCED_FACE('',(#949),#950,.T.);
#271=ADVANCED_FACE('',(#951),#952,.T.);
#272=ADVANCED_FACE('',(#953),#954,.F.);
#273=ADVANCED_FACE('',(#955),#956,.T.);
#274=ADVANCED_FACE('',(#957),#958,.T.);
#275=ADVANCED_FACE('',(#959),#960,.T.);
#276=ADVANCED_FACE('',(#961),#962,.T.);
#277=ADVANCED_FACE('',(#963),#964,.F.);
#278=ADVANCED_FACE('',(#965),#966,.F.);
#279=ADVANCED_FACE('',(#967),#968,.F.);
#280=ADVANCED_FACE('',(#969),#970,.F.);
#281=ADVANCED_FACE('',(#971,#972),#973,.F.);
#282=ADVANCED_FACE('',(#974),#975,.F.);
#283=ADVANCED_FACE('',(#976),#977,.F.);
#284=ADVANCED_FACE('',(#978),#979,.T.);
#285=ADVANCED_FACE('',(#980),#981,.F.);
#286=ADVANCED_FACE('',(#982),#983,.F.);
#287=ADVANCED_FACE('',(#984),#985,.F.);
#288=ADVANCED_FACE('',(#986),#987,.F.);
#289=ADVANCED_FACE('',(#988),#989,.T.);
#290=ADVANCED_FACE('',(#990),#991,.F.);
#291=ADVANCED_FACE('',(#992),#993,.T.);
#292=ADVANCED_FACE('',(#994),#995,.T.);
#293=ADVANCED_FACE('',(#996),#997,.T.);
#294=ADVANCED_FACE('',(#998),#999,.T.);
#295=ADVANCED_FACE('',(#1000),#1001,.F.);
#296=ADVANCED_FACE('',(#1002),#1003,.T.);
#297=ADVANCED_FACE('',(#1004),#1005,.T.);
#298=ADVANCED_FACE('',(#1006),#1007,.F.);
#299=ADVANCED_FACE('',(#1008),#1009,.T.);
#300=ADVANCED_FACE('',(#1010),#1011,.F.);
#301=ADVANCED_FACE('',(#1012),#1013,.F.);
#302=ADVANCED_FACE('',(#1014),#1015,.T.);
#303=ADVANCED_FACE('',(#1016),#1017,.F.);
#304=ADVANCED_FACE('',(#1018),#1019,.F.);
#305=ADVANCED_FACE('',(#1020),#1021,.F.);
#306=ADVANCED_FACE('',(#1022),#1023,.T.);
#307=ADVANCED_FACE('',(#1024),#1025,.T.);
#308=ADVANCED_FACE('',(#1026),#1027,.T.);
#309=ADVANCED_FACE('',(#1028),#1029,.T.);
#310=ADVANCED_FACE('',(#1030),#1031,.T.);
#311=ADVANCED_FACE('',(#1032),#1033,.T.);
#312=ADVANCED_FACE('',(#1034),#1035,.F.);
#313=ADVANCED_FACE('',(#1036),#1037,.T.);
#314=ADVANCED_FACE('',(#1038),#1039,.T.);
#315=ADVANCED_FACE('',(#1040),#1041,.F.);
#316=ADVANCED_FACE('',(#1042),#1043,.T.);
#317=ADVANCED_FACE('',(#1044),#1045,.T.);
#318=ADVANCED_FACE('',(#1046),#1047,.T.);
#319=ADVANCED_FACE('',(#1048,#1049),#1050,.F.);
#320=ADVANCED_FACE('',(#1051),#1052,.T.);
#321=ADVANCED_FACE('',(#1053),#1054,.F.);
#322=ADVANCED_FACE('',(#1055),#1056,.F.);
#323=ADVANCED_FACE('',(#1057),#1058,.F.);
#324=ADVANCED_FACE('',(#1059),#1060,.F.);
#325=ADVANCED_FACE('',(#1061),#1062,.F.);
#326=ADVANCED_FACE('',(#1063),#1064,.F.);
#327=ADVANCED_FACE('',(#1065),#1066,.T.);
#328=ADVANCED_FACE('',(#1067),#1068,.F.);
#329=ADVANCED_FACE('',(#1069),#1070,.F.);
#330=ADVANCED_FACE('',(#1071),#1072,.F.);
#331=ADVANCED_FACE('',(#1073),#1074,.F.);
#332=ADVANCED_FACE('',(#1075),#1076,.F.);
#333=ADVANCED_FACE('',(#1077,#1078),#1079,.F.);
#334=ADVANCED_FACE('',(#1080),#1081,.F.);
#335=ADVANCED_FACE('',(#1082),#1083,.T.);
#336=ADVANCED_FACE('',(#1084),#1085,.F.);
#337=ADVANCED_FACE('',(#1086),#1087,.F.);
#338=ADVANCED_FACE('',(#1088),#1089,.F.);
#339=ADVANCED_FACE('',(#1090),#1091,.F.);
#340=ADVANCED_FACE('',(#1092),#1093,.F.);
#341=ADVANCED_FACE('',(#1094),#1095,.T.);
#342=ADVANCED_FACE('',(#1096),#1097,.F.);
#343=ADVANCED_FACE('',(#1098),#1099,.T.);
#344=ADVANCED_FACE('',(#1100),#1101,.T.);
#345=ADVANCED_FACE('',(#1102),#1103,.T.);
#346=ADVANCED_FACE('',(#1104),#1105,.T.);
#347=ADVANCED_FACE('',(#1106),#1107,.T.);
#348=ADVANCED_FACE('',(#1108),#1109,.F.);
#349=ADVANCED_FACE('',(#1110),#1111,.F.);
#350=ADVANCED_FACE('',(#1112),#1113,.T.);
#351=ADVANCED_FACE('',(#1114),#1115,.T.);
#352=ADVANCED_FACE('',(#1116),#1117,.T.);
#353=ADVANCED_FACE('',(#1118),#1119,.F.);
#354=ADVANCED_FACE('',(#1120),#1121,.F.);
#355=ADVANCED_FACE('',(#1122),#1123,.T.);
#356=ADVANCED_FACE('',(#1124),#1125,.T.);
#357=ADVANCED_FACE('',(#1126),#1127,.T.);
#358=ADVANCED_FACE('',(#1128),#1129,.T.);
#359=ADVANCED_FACE('',(#1130),#1131,.T.);
#360=ADVANCED_FACE('',(#1132),#1133,.F.);
#361=ADVANCED_FACE('',(#1134),#1135,.T.);
#362=ADVANCED_FACE('',(#1136),#1137,.F.);
#363=ADVANCED_FACE('',(#1138),#1139,.F.);
#364=ADVANCED_FACE('',(#1140),#1141,.F.);
#365=ADVANCED_FACE('',(#1142),#1143,.F.);
#366=ADVANCED_FACE('',(#1144),#1145,.F.);
#367=ADVANCED_FACE('',(#1146),#1147,.F.);
#368=ADVANCED_FACE('',(#1148),#1149,.F.);
#369=ADVANCED_FACE('',(#1150),#1151,.T.);
#370=ADVANCED_FACE('',(#1152),#1153,.T.);
#371=ADVANCED_FACE('',(#1154),#1155,.T.);
#372=ADVANCED_FACE('',(#1156),#1157,.F.);
#373=ADVANCED_FACE('',(#1158),#1159,.T.);
#374=ADVANCED_FACE('',(#1160),#1161,.F.);
#375=ADVANCED_FACE('',(#1162),#1163,.T.);
#376=ADVANCED_FACE('',(#1164),#1165,.T.);
#377=ADVANCED_FACE('',(#1166),#1167,.T.);
#378=ADVANCED_FACE('',(#1168),#1169,.F.);
#379=ADVANCED_FACE('',(#1170),#1171,.T.);
#380=ADVANCED_FACE('',(#1172),#1173,.F.);
#381=ADVANCED_FACE('',(#1174),#1175,.T.);
#382=ADVANCED_FACE('',(#1176),#1177,.T.);
#383=ADVANCED_FACE('',(#1178),#1179,.T.);
#384=ADVANCED_FACE('',(#1180),#1181,.F.);
#385=ADVANCED_FACE('',(#1182),#1183,.T.);
#386=ADVANCED_FACE('',(#1184),#1185,.F.);
#387=ADVANCED_FACE('',(#1186),#1187,.T.);
#388=ADVANCED_FACE('',(#1188),#1189,.T.);
#389=ADVANCED_FACE('',(#1190),#1191,.T.);
#390=ADVANCED_FACE('',(#1192),#1193,.F.);
#391=ADVANCED_FACE('',(#1194),#1195,.T.);
#392=ADVANCED_FACE('',(#1196),#1197,.F.);
#393=ADVANCED_FACE('',(#1198),#1199,.T.);
#394=ADVANCED_FACE('',(#1200),#1201,.T.);
#395=ADVANCED_FACE('',(#1202),#1203,.F.);
#396=ADVANCED_FACE('',(#1204),#1205,.T.);
#397=ADVANCED_FACE('',(#1206),#1207,.F.);
#398=ADVANCED_FACE('',(#1208),#1209,.T.);
#399=ADVANCED_FACE('',(#1210),#1211,.T.);
#400=ADVANCED_FACE('',(#1212),#1213,.T.);
#401=ADVANCED_FACE('',(#1214),#1215,.F.);
#402=ADVANCED_FACE('',(#1216),#1217,.T.);
#403=ADVANCED_FACE('',(#1218),#1219,.F.);
#404=ADVANCED_FACE('',(#1220),#1221,.T.);
#405=ADVANCED_FACE('',(#1222),#1223,.T.);
#406=ADVANCED_FACE('',(#1224),#1225,.T.);
#407=ADVANCED_FACE('',(#1226),#1227,.F.);
#408=ADVANCED_FACE('',(#1228),#1229,.T.);
#409=ADVANCED_FACE('',(#1230),#1231,.F.);
#410=ADVANCED_FACE('',(#1232),#1233,.T.);
#411=ADVANCED_FACE('',(#1234),#1235,.T.);
#412=ADVANCED_FACE('',(#1236),#1237,.T.);
#413=ADVANCED_FACE('',(#1238),#1239,.F.);
#414=ADVANCED_FACE('',(#1240),#1241,.T.);
#415=ADVANCED_FACE('',(#1242),#1243,.F.);
#416=ADVANCED_FACE('',(#1244),#1245,.T.);
#417=ADVANCED_FACE('',(#1246),#1247,.T.);
#418=ADVANCED_FACE('',(#1248),#1249,.T.);
#419=ADVANCED_FACE('',(#1250),#1251,.T.);
#420=ADVANCED_FACE('',(#1252),#1253,.T.);
#421=ADVANCED_FACE('',(#1254),#1255,.T.);
#422=ADVANCED_FACE('',(#1256),#1257,.T.);
#423=ADVANCED_FACE('',(#1258),#1259,.F.);
#424=ADVANCED_FACE('',(#1260),#1261,.F.);
#425=ADVANCED_FACE('',(#1262),#1263,.F.);
#426=ADVANCED_FACE('',(#1264),#1265,.F.);
#427=ADVANCED_FACE('',(#1266),#1267,.T.);
#428=ADVANCED_FACE('',(#1268),#1269,.T.);
#429=ADVANCED_FACE('',(#1270),#1271,.T.);
#430=ADVANCED_FACE('',(#1272),#1273,.F.);
#431=ADVANCED_FACE('',(#1274),#1275,.T.);
#432=ADVANCED_FACE('',(#1276),#1277,.T.);
#433=ADVANCED_FACE('',(#1278),#1279,.T.);
#434=ADVANCED_FACE('',(#1280),#1281,.F.);
#435=ADVANCED_FACE('',(#1282),#1283,.T.);
#436=ADVANCED_FACE('',(#1284),#1285,.T.);
#437=ADVANCED_FACE('',(#1286),#1287,.T.);
#438=ADVANCED_FACE('',(#1288),#1289,.F.);
#439=ADVANCED_FACE('',(#1290),#1291,.T.);
#440=ADVANCED_FACE('',(#1292),#1293,.F.);
#441=ADVANCED_FACE('',(#1294),#1295,.T.);
#442=ADVANCED_FACE('',(#1296),#1297,.F.);
#443=ADVANCED_FACE('',(#1298),#1299,.T.);
#444=ADVANCED_FACE('',(#1300),#1301,.T.);
#445=ADVANCED_FACE('',(#1302),#1303,.T.);
#446=ADVANCED_FACE('',(#1304),#1305,.F.);
#447=ADVANCED_FACE('',(#1306),#1307,.T.);
#448=ADVANCED_FACE('',(#1308),#1309,.T.);
#449=ADVANCED_FACE('',(#1310),#1311,.T.);
#450=ADVANCED_FACE('',(#1312),#1313,.F.);
#451=ADVANCED_FACE('',(#1314),#1315,.T.);
#452=ADVANCED_FACE('',(#1316),#1317,.F.);
#453=ADVANCED_FACE('',(#1318),#1319,.F.);
#454=ADVANCED_FACE('',(#1320),#1321,.T.);
#455=ADVANCED_FACE('',(#1322),#1323,.T.);
#456=ADVANCED_FACE('',(#1324),#1325,.F.);
#457=ADVANCED_FACE('',(#1326),#1327,.F.);
#458=ADVANCED_FACE('',(#1328),#1329,.T.);
#459=ADVANCED_FACE('',(#1330),#1331,.F.);
#460=ADVANCED_FACE('',(#1332),#1333,.F.);
#461=ADVANCED_FACE('',(#1334),#1335,.F.);
#462=ADVANCED_FACE('',(#1336),#1337,.F.);
#463=ADVANCED_FACE('',(#1338),#1339,.F.);
#464=ADVANCED_FACE('',(#1340),#1341,.F.);
#465=ADVANCED_FACE('',(#1342),#1343,.F.);
#466=ADVANCED_FACE('',(#1344),#1345,.T.);
#467=ADVANCED_FACE('',(#1346),#1347,.F.);
#468=ADVANCED_FACE('',(#1348),#1349,.F.);
#469=ADVANCED_FACE('',(#1350),#1351,.F.);
#470=ADVANCED_FACE('',(#1352),#1353,.T.);
#471=ADVANCED_FACE('',(#1354),#1355,.F.);
#472=ADVANCED_FACE('',(#1356),#1357,.T.);
#473=ADVANCED_FACE('',(#1358),#1359,.T.);
#474=ADVANCED_FACE('',(#1360),#1361,.F.);
#475=ADVANCED_FACE('',(#1362),#1363,.T.);
#476=ADVANCED_FACE('',(#1364),#1365,.F.);
#477=ADVANCED_FACE('',(#1366),#1367,.F.);
#478=ADVANCED_FACE('',(#1368),#1369,.F.);
#479=ADVANCED_FACE('',(#1370),#1371,.T.);
#480=ADVANCED_FACE('',(#1372),#1373,.F.);
#481=ADVANCED_FACE('',(#1374),#1375,.F.);
#482=ADVANCED_FACE('',(#1376),#1377,.F.);
#483=ADVANCED_FACE('',(#1378),#1379,.F.);
#484=ADVANCED_FACE('',(#1380),#1381,.F.);
#485=ADVANCED_FACE('',(#1382),#1383,.F.);
#486=ADVANCED_FACE('',(#1384),#1385,.F.);
#487=ADVANCED_FACE('',(#1386),#1387,.T.);
#488=ADVANCED_FACE('',(#1388),#1389,.F.);
#489=ADVANCED_FACE('',(#1390),#1391,.F.);
#490=ADVANCED_FACE('',(#1392),#1393,.T.);
#491=ADVANCED_FACE('',(#1394),#1395,.T.);
#493=FACE_OUTER_BOUND('',#1396,.T.);
#494=CYLINDRICAL_SURFACE('',#1397,0.3);
#495=FACE_OUTER_BOUND('',#1398,.T.);
#496=CYLINDRICAL_SURFACE('',#1399,0.1);
#497=FACE_OUTER_BOUND('',#1400,.T.);
#498=CYLINDRICAL_SURFACE('',#1401,0.2951386593586);
#499=FACE_OUTER_BOUND('',#1402,.T.);
#500=CYLINDRICAL_SURFACE('',#1403,0.1);
#501=FACE_OUTER_BOUND('',#1404,.T.);
#502=CYLINDRICAL_SURFACE('',#1405,0.1);
#503=FACE_OUTER_BOUND('',#1406,.T.);
#504=CYLINDRICAL_SURFACE('',#1407,0.2951386593586);
#505=FACE_OUTER_BOUND('',#1408,.T.);
#506=CYLINDRICAL_SURFACE('',#1409,0.1);
#507=FACE_OUTER_BOUND('',#1410,.T.);
#508=CYLINDRICAL_SURFACE('',#1411,0.3);
#509=FACE_OUTER_BOUND('',#1412,.T.);
#510=CYLINDRICAL_SURFACE('',#1413,0.3);
#511=FACE_OUTER_BOUND('',#1414,.T.);
#512=CYLINDRICAL_SURFACE('',#1415,0.1);
#513=FACE_OUTER_BOUND('',#1416,.T.);
#514=CYLINDRICAL_SURFACE('',#1417,0.2951386593586);
#515=FACE_OUTER_BOUND('',#1418,.T.);
#516=CYLINDRICAL_SURFACE('',#1419,0.1);
#517=FACE_OUTER_BOUND('',#1420,.T.);
#518=CYLINDRICAL_SURFACE('',#1421,3.626333276923);
#519=FACE_OUTER_BOUND('',#1422,.T.);
#520=CYLINDRICAL_SURFACE('',#1423,3.62050433563);
#521=FACE_OUTER_BOUND('',#1424,.T.);
#522=CYLINDRICAL_SURFACE('',#1425,3.620504335635);
#523=FACE_OUTER_BOUND('',#1426,.T.);
#524=CYLINDRICAL_SURFACE('',#1427,3.62050433563);
#525=FACE_OUTER_BOUND('',#1428,.T.);
#526=CONICAL_SURFACE('',#1429,3.602930742502,0.7853981633973);
#527=FACE_OUTER_BOUND('',#1430,.T.);
#528=CONICAL_SURFACE('',#1431,3.602930742506,0.7853981633973);
#529=FACE_OUTER_BOUND('',#1432,.T.);
#530=CONICAL_SURFACE('',#1433,3.602930742502,0.7853981633973);
#531=FACE_OUTER_BOUND('',#1434,.T.);
#532=CONICAL_SURFACE('',#1435,3.608759683794,0.7853981633973);
#533=FACE_OUTER_BOUND('',#1436,.T.);
#534=TOROIDAL_SURFACE('',#1437,1.55,0.2);
#535=FACE_OUTER_BOUND('',#1438,.T.);
#536=TOROIDAL_SURFACE('',#1439,1.55,0.2);
#537=FACE_OUTER_BOUND('',#1440,.T.);
#538=TOROIDAL_SURFACE('',#1441,1.9,0.15);
#539=FACE_OUTER_BOUND('',#1442,.T.);
#540=TOROIDAL_SURFACE('',#1443,1.9,0.15);
#541=FACE_OUTER_BOUND('',#1444,.T.);
#542=CYLINDRICAL_SURFACE('',#1445,0.3);
#543=FACE_OUTER_BOUND('',#1446,.T.);
#544=CYLINDRICAL_SURFACE('',#1447,0.1);
#545=FACE_OUTER_BOUND('',#1448,.T.);
#546=CYLINDRICAL_SURFACE('',#1449,0.2951386593586);
#547=FACE_OUTER_BOUND('',#1450,.T.);
#548=CYLINDRICAL_SURFACE('',#1451,0.1);
#549=FACE_OUTER_BOUND('',#1452,.T.);
#550=PLANE('',#1453);
#551=FACE_OUTER_BOUND('',#1454,.T.);
#552=CYLINDRICAL_SURFACE('',#1455,0.3);
#553=FACE_OUTER_BOUND('',#1456,.T.);
#554=PLANE('',#1457);
#555=FACE_OUTER_BOUND('',#1458,.T.);
#556=PLANE('',#1459);
#557=FACE_OUTER_BOUND('',#1460,.T.);
#558=PLANE('',#1461);
#559=FACE_OUTER_BOUND('',#1462,.T.);
#560=PLANE('',#1463);
#561=FACE_OUTER_BOUND('',#1464,.T.);
#562=PLANE('',#1465);
#563=FACE_OUTER_BOUND('',#1466,.T.);
#564=PLANE('',#1467);
#565=FACE_OUTER_BOUND('',#1468,.T.);
#566=PLANE('',#1469);
#567=FACE_OUTER_BOUND('',#1470,.T.);
#568=PLANE('',#1471);
#569=FACE_OUTER_BOUND('',#1472,.T.);
#570=PLANE('',#1473);
#571=FACE_OUTER_BOUND('',#1474,.T.);
#572=PLANE('',#1475);
#573=FACE_OUTER_BOUND('',#1476,.T.);
#574=PLANE('',#1477);
#575=FACE_OUTER_BOUND('',#1478,.T.);
#576=CYLINDRICAL_SURFACE('',#1479,0.1);
#577=FACE_OUTER_BOUND('',#1480,.T.);
#578=PLANE('',#1481);
#579=FACE_OUTER_BOUND('',#1482,.T.);
#580=CYLINDRICAL_SURFACE('',#1483,0.2951386593586);
#581=FACE_OUTER_BOUND('',#1484,.T.);
#582=PLANE('',#1485);
#583=FACE_OUTER_BOUND('',#1486,.T.);
#584=CYLINDRICAL_SURFACE('',#1487,0.1);
#585=FACE_OUTER_BOUND('',#1488,.T.);
#586=PLANE('',#1489);
#587=FACE_OUTER_BOUND('',#1490,.T.);
#588=CYLINDRICAL_SURFACE('',#1491,0.2951386593586);
#589=FACE_OUTER_BOUND('',#1492,.T.);
#590=PLANE('',#1493);
#591=FACE_OUTER_BOUND('',#1494,.T.);
#592=PLANE('',#1495);
#593=FACE_OUTER_BOUND('',#1496,.T.);
#594=PLANE('',#1497);
#595=FACE_OUTER_BOUND('',#1498,.T.);
#596=CYLINDRICAL_SURFACE('',#1499,0.1);
#597=FACE_OUTER_BOUND('',#1500,.T.);
#598=PLANE('',#1501);
#599=FACE_OUTER_BOUND('',#1502,.T.);
#600=CYLINDRICAL_SURFACE('',#1503,0.3);
#601=FACE_OUTER_BOUND('',#1504,.T.);
#602=PLANE('',#1505);
#603=FACE_OUTER_BOUND('',#1506,.T.);
#604=CYLINDRICAL_SURFACE('',#1507,0.1);
#605=FACE_OUTER_BOUND('',#1508,.T.);
#606=PLANE('',#1509);
#607=FACE_OUTER_BOUND('',#1510,.T.);
#608=PLANE('',#1511);
#609=FACE_OUTER_BOUND('',#1512,.T.);
#610=PLANE('',#1513);
#611=FACE_OUTER_BOUND('',#1514,.T.);
#612=FACE_BOUND('',#1515,.T.);
#613=PLANE('',#1516);
#614=FACE_OUTER_BOUND('',#1517,.T.);
#615=CYLINDRICAL_SURFACE('',#1518,0.15);
#616=FACE_OUTER_BOUND('',#1519,.T.);
#617=PLANE('',#1520);
#618=FACE_OUTER_BOUND('',#1521,.T.);
#619=PLANE('',#1522);
#620=FACE_OUTER_BOUND('',#1523,.T.);
#621=CYLINDRICAL_SURFACE('',#1524,0.1);
#622=FACE_OUTER_BOUND('',#1525,.T.);
#623=PLANE('',#1526);
#624=FACE_OUTER_BOUND('',#1527,.T.);
#625=CYLINDRICAL_SURFACE('',#1528,0.3);
#626=FACE_OUTER_BOUND('',#1529,.T.);
#627=PLANE('',#1530);
#628=FACE_OUTER_BOUND('',#1531,.T.);
#629=PLANE('',#1532);
#630=FACE_OUTER_BOUND('',#1533,.T.);
#631=PLANE('',#1534);
#632=FACE_OUTER_BOUND('',#1535,.T.);
#633=PLANE('',#1536);
#634=FACE_OUTER_BOUND('',#1537,.T.);
#635=PLANE('',#1538);
#636=FACE_OUTER_BOUND('',#1539,.T.);
#637=PLANE('',#1540);
#638=FACE_OUTER_BOUND('',#1541,.T.);
#639=PLANE('',#1542);
#640=FACE_OUTER_BOUND('',#1543,.T.);
#641=PLANE('',#1544);
#642=FACE_OUTER_BOUND('',#1545,.T.);
#643=PLANE('',#1546);
#644=FACE_OUTER_BOUND('',#1547,.T.);
#645=CYLINDRICAL_SURFACE('',#1548,0.15);
#646=FACE_OUTER_BOUND('',#1549,.T.);
#647=PLANE('',#1550);
#648=FACE_OUTER_BOUND('',#1551,.T.);
#649=PLANE('',#1552);
#650=FACE_OUTER_BOUND('',#1553,.T.);
#651=PLANE('',#1554);
#652=FACE_OUTER_BOUND('',#1555,.T.);
#653=PLANE('',#1556);
#654=FACE_OUTER_BOUND('',#1557,.T.);
#655=PLANE('',#1558);
#656=FACE_OUTER_BOUND('',#1559,.T.);
#657=PLANE('',#1560);
#658=FACE_OUTER_BOUND('',#1561,.T.);
#659=PLANE('',#1562);
#660=FACE_OUTER_BOUND('',#1563,.T.);
#661=PLANE('',#1564);
#662=FACE_OUTER_BOUND('',#1565,.T.);
#663=PLANE('',#1566);
#664=FACE_OUTER_BOUND('',#1567,.T.);
#665=PLANE('',#1568);
#666=FACE_OUTER_BOUND('',#1569,.T.);
#667=PLANE('',#1570);
#668=FACE_OUTER_BOUND('',#1571,.T.);
#669=PLANE('',#1572);
#670=FACE_OUTER_BOUND('',#1573,.T.);
#671=PLANE('',#1574);
#672=FACE_OUTER_BOUND('',#1575,.T.);
#673=PLANE('',#1576);
#674=FACE_OUTER_BOUND('',#1577,.T.);
#675=PLANE('',#1578);
#676=FACE_OUTER_BOUND('',#1579,.T.);
#677=FACE_BOUND('',#1580,.T.);
#678=PLANE('',#1581);
#679=FACE_OUTER_BOUND('',#1582,.T.);
#680=CYLINDRICAL_SURFACE('',#1583,0.15);
#681=FACE_OUTER_BOUND('',#1584,.T.);
#682=PLANE('',#1585);
#683=FACE_OUTER_BOUND('',#1586,.T.);
#684=PLANE('',#1587);
#685=FACE_OUTER_BOUND('',#1588,.T.);
#686=CYLINDRICAL_SURFACE('',#1589,0.1);
#687=FACE_OUTER_BOUND('',#1590,.T.);
#688=PLANE('',#1591);
#689=FACE_OUTER_BOUND('',#1592,.T.);
#690=CYLINDRICAL_SURFACE('',#1593,0.3);
#691=FACE_OUTER_BOUND('',#1594,.T.);
#692=PLANE('',#1595);
#693=FACE_OUTER_BOUND('',#1596,.T.);
#694=PLANE('',#1597);
#695=FACE_OUTER_BOUND('',#1598,.T.);
#696=PLANE('',#1599);
#697=FACE_OUTER_BOUND('',#1600,.T.);
#698=PLANE('',#1601);
#699=FACE_OUTER_BOUND('',#1602,.T.);
#700=PLANE('',#1603);
#701=FACE_OUTER_BOUND('',#1604,.T.);
#702=PLANE('',#1605);
#703=FACE_OUTER_BOUND('',#1606,.T.);
#704=PLANE('',#1607);
#705=FACE_OUTER_BOUND('',#1608,.T.);
#706=PLANE('',#1609);
#707=FACE_OUTER_BOUND('',#1610,.T.);
#708=PLANE('',#1611);
#709=FACE_OUTER_BOUND('',#1612,.T.);
#710=CYLINDRICAL_SURFACE('',#1613,0.15);
#711=FACE_OUTER_BOUND('',#1614,.T.);
#712=PLANE('',#1615);
#713=FACE_OUTER_BOUND('',#1616,.T.);
#714=PLANE('',#1617);
#715=FACE_OUTER_BOUND('',#1618,.T.);
#716=PLANE('',#1619);
#717=FACE_OUTER_BOUND('',#1620,.T.);
#718=PLANE('',#1621);
#719=FACE_OUTER_BOUND('',#1622,.T.);
#720=PLANE('',#1623);
#721=FACE_OUTER_BOUND('',#1624,.T.);
#722=PLANE('',#1625);
#723=FACE_OUTER_BOUND('',#1626,.T.);
#724=PLANE('',#1627);
#725=FACE_OUTER_BOUND('',#1628,.T.);
#726=PLANE('',#1629);
#727=FACE_OUTER_BOUND('',#1630,.T.);
#728=PLANE('',#1631);
#729=FACE_OUTER_BOUND('',#1632,.T.);
#730=PLANE('',#1633);
#731=FACE_OUTER_BOUND('',#1634,.T.);
#732=PLANE('',#1635);
#733=FACE_OUTER_BOUND('',#1636,.T.);
#734=PLANE('',#1637);
#735=FACE_OUTER_BOUND('',#1638,.T.);
#736=PLANE('',#1639);
#737=FACE_OUTER_BOUND('',#1640,.T.);
#738=FACE_BOUND('',#1641,.T.);
#739=PLANE('',#1642);
#740=FACE_OUTER_BOUND('',#1643,.T.);
#741=PLANE('',#1644);
#742=FACE_OUTER_BOUND('',#1645,.T.);
#743=PLANE('',#1646);
#744=FACE_OUTER_BOUND('',#1647,.T.);
#745=PLANE('',#1648);
#746=FACE_OUTER_BOUND('',#1649,.T.);
#747=PLANE('',#1650);
#748=FACE_OUTER_BOUND('',#1651,.T.);
#749=PLANE('',#1652);
#750=FACE_OUTER_BOUND('',#1653,.T.);
#751=FACE_BOUND('',#1654,.T.);
#752=PLANE('',#1655);
#753=FACE_OUTER_BOUND('',#1656,.T.);
#754=PLANE('',#1657);
#755=FACE_OUTER_BOUND('',#1658,.T.);
#756=PLANE('',#1659);
#757=FACE_OUTER_BOUND('',#1660,.T.);
#758=CYLINDRICAL_SURFACE('',#1661,1.5);
#759=FACE_OUTER_BOUND('',#1662,.T.);
#760=FACE_BOUND('',#1663,.T.);
#761=PLANE('',#1664);
#762=FACE_OUTER_BOUND('',#1665,.T.);
#763=PLANE('',#1666);
#764=FACE_OUTER_BOUND('',#1667,.T.);
#765=CYLINDRICAL_SURFACE('',#1668,0.5);
#766=FACE_OUTER_BOUND('',#1669,.T.);
#767=PLANE('',#1670);
#768=FACE_OUTER_BOUND('',#1671,.T.);
#769=CYLINDRICAL_SURFACE('',#1672,0.5);
#770=FACE_OUTER_BOUND('',#1673,.T.);
#771=PLANE('',#1674);
#772=FACE_OUTER_BOUND('',#1675,.T.);
#773=PLANE('',#1676);
#774=FACE_OUTER_BOUND('',#1677,.T.);
#775=PLANE('',#1678);
#776=FACE_OUTER_BOUND('',#1679,.T.);
#777=PLANE('',#1680);
#778=FACE_OUTER_BOUND('',#1681,.T.);
#779=PLANE('',#1682);
#780=FACE_OUTER_BOUND('',#1683,.T.);
#781=CYLINDRICAL_SURFACE('',#1684,0.5);
#782=FACE_OUTER_BOUND('',#1685,.T.);
#783=PLANE('',#1686);
#784=FACE_OUTER_BOUND('',#1687,.T.);
#785=PLANE('',#1688);
#786=FACE_OUTER_BOUND('',#1689,.T.);
#787=PLANE('',#1690);
#788=FACE_OUTER_BOUND('',#1691,.T.);
#789=CYLINDRICAL_SURFACE('',#1692,0.2);
#790=FACE_OUTER_BOUND('',#1693,.T.);
#791=PLANE('',#1694);
#792=FACE_OUTER_BOUND('',#1695,.T.);
#793=PLANE('',#1696);
#794=FACE_OUTER_BOUND('',#1697,.T.);
#795=CYLINDRICAL_SURFACE('',#1698,0.8000058276777);
#796=FACE_OUTER_BOUND('',#1699,.T.);
#797=CONICAL_SURFACE('',#1700,1.488216335294,0.0261799387799115);
#798=FACE_OUTER_BOUND('',#1701,.T.);
#799=PLANE('',#1702);
#800=FACE_OUTER_BOUND('',#1703,.T.);
#801=CONICAL_SURFACE('',#1704,1.088216335294,0.0261799387799115);
#802=FACE_OUTER_BOUND('',#1705,.T.);
#803=PLANE('',#1706);
#804=FACE_OUTER_BOUND('',#1707,.T.);
#805=CONICAL_SURFACE('',#1708,1.088216335294,0.0261799387799115);
#806=FACE_OUTER_BOUND('',#1709,.T.);
#807=PLANE('',#1710);
#808=FACE_OUTER_BOUND('',#1711,.T.);
#809=CONICAL_SURFACE('',#1712,1.488216335294,0.0261799387799115);
#810=FACE_OUTER_BOUND('',#1713,.T.);
#811=CYLINDRICAL_SURFACE('',#1714,0.8000058276777);
#812=FACE_OUTER_BOUND('',#1715,.T.);
#813=PLANE('',#1716);
#814=FACE_OUTER_BOUND('',#1717,.T.);
#815=FACE_BOUND('',#1718,.T.);
#816=PLANE('',#1719);
#817=FACE_OUTER_BOUND('',#1720,.T.);
#818=CYLINDRICAL_SURFACE('',#1721,0.1);
#819=FACE_OUTER_BOUND('',#1722,.T.);
#820=PLANE('',#1723);
#821=FACE_OUTER_BOUND('',#1724,.T.);
#822=PLANE('',#1725);
#823=FACE_OUTER_BOUND('',#1726,.T.);
#824=PLANE('',#1727);
#825=FACE_OUTER_BOUND('',#1728,.T.);
#826=CYLINDRICAL_SURFACE('',#1729,1.5);
#827=FACE_OUTER_BOUND('',#1730,.T.);
#828=PLANE('',#1731);
#829=FACE_OUTER_BOUND('',#1732,.T.);
#830=PLANE('',#1733);
#831=FACE_OUTER_BOUND('',#1734,.T.);
#832=PLANE('',#1735);
#833=FACE_OUTER_BOUND('',#1736,.T.);
#834=PLANE('',#1737);
#835=FACE_OUTER_BOUND('',#1738,.T.);
#836=CYLINDRICAL_SURFACE('',#1739,0.1);
#837=FACE_OUTER_BOUND('',#1740,.T.);
#838=PLANE('',#1741);
#839=FACE_OUTER_BOUND('',#1742,.T.);
#840=PLANE('',#1743);
#841=FACE_OUTER_BOUND('',#1744,.T.);
#842=PLANE('',#1745);
#843=FACE_OUTER_BOUND('',#1746,.T.);
#844=FACE_BOUND('',#1747,.T.);
#845=PLANE('',#1748);
#846=FACE_OUTER_BOUND('',#1749,.T.);
#847=PLANE('',#1750);
#848=FACE_OUTER_BOUND('',#1751,.T.);
#849=PLANE('',#1752);
#850=FACE_OUTER_BOUND('',#1753,.T.);
#851=FACE_BOUND('',#1754,.T.);
#852=PLANE('',#1755);
#853=FACE_OUTER_BOUND('',#1756,.T.);
#854=CYLINDRICAL_SURFACE('',#1757,0.1);
#855=FACE_OUTER_BOUND('',#1758,.T.);
#856=PLANE('',#1759);
#857=FACE_OUTER_BOUND('',#1760,.T.);
#858=CYLINDRICAL_SURFACE('',#1761,1.5);
#859=FACE_OUTER_BOUND('',#1762,.T.);
#860=PLANE('',#1763);
#861=FACE_OUTER_BOUND('',#1764,.T.);
#862=PLANE('',#1765);
#863=FACE_OUTER_BOUND('',#1766,.T.);
#864=PLANE('',#1767);
#865=FACE_OUTER_BOUND('',#1768,.T.);
#866=PLANE('',#1769);
#867=FACE_OUTER_BOUND('',#1770,.T.);
#868=PLANE('',#1771);
#869=FACE_OUTER_BOUND('',#1772,.T.);
#870=PLANE('',#1773);
#871=FACE_OUTER_BOUND('',#1774,.T.);
#872=PLANE('',#1775);
#873=FACE_OUTER_BOUND('',#1776,.T.);
#874=CYLINDRICAL_SURFACE('',#1777,0.5);
#875=FACE_OUTER_BOUND('',#1778,.T.);
#876=PLANE('',#1779);
#877=FACE_OUTER_BOUND('',#1780,.T.);
#878=CYLINDRICAL_SURFACE('',#1781,0.5);
#879=FACE_OUTER_BOUND('',#1782,.T.);
#880=PLANE('',#1783);
#881=FACE_OUTER_BOUND('',#1784,.T.);
#882=CYLINDRICAL_SURFACE('',#1785,0.3);
#883=FACE_OUTER_BOUND('',#1786,.T.);
#884=PLANE('',#1787);
#885=FACE_OUTER_BOUND('',#1788,.T.);
#886=CYLINDRICAL_SURFACE('',#1789,0.8000058277095);
#887=FACE_OUTER_BOUND('',#1790,.T.);
#888=CONICAL_SURFACE('',#1791,1.488216335294,0.0261799387799115);
#889=FACE_OUTER_BOUND('',#1792,.T.);
#890=PLANE('',#1793);
#891=FACE_OUTER_BOUND('',#1794,.T.);
#892=CONICAL_SURFACE('',#1795,1.088216335294,0.0261799387799115);
#893=FACE_OUTER_BOUND('',#1796,.T.);
#894=PLANE('',#1797);
#895=FACE_OUTER_BOUND('',#1798,.T.);
#896=CONICAL_SURFACE('',#1799,1.088216335294,0.0261799387799115);
#897=FACE_OUTER_BOUND('',#1800,.T.);
#898=PLANE('',#1801);
#899=FACE_OUTER_BOUND('',#1802,.T.);
#900=CONICAL_SURFACE('',#1803,1.488216335294,0.0261799387799115);
#901=FACE_OUTER_BOUND('',#1804,.T.);
#902=CYLINDRICAL_SURFACE('',#1805,0.8000058277095);
#903=FACE_OUTER_BOUND('',#1806,.T.);
#904=PLANE('',#1807);
#905=FACE_OUTER_BOUND('',#1808,.T.);
#906=PLANE('',#1809);
#907=FACE_OUTER_BOUND('',#1810,.T.);
#908=CYLINDRICAL_SURFACE('',#1811,0.5);
#909=FACE_OUTER_BOUND('',#1812,.T.);
#910=PLANE('',#1813);
#911=FACE_OUTER_BOUND('',#1814,.T.);
#912=CYLINDRICAL_SURFACE('',#1815,0.5);
#913=FACE_OUTER_BOUND('',#1816,.T.);
#914=PLANE('',#1817);
#915=FACE_OUTER_BOUND('',#1818,.T.);
#916=PLANE('',#1819);
#917=FACE_OUTER_BOUND('',#1820,.T.);
#918=PLANE('',#1821);
#919=FACE_OUTER_BOUND('',#1822,.T.);
#920=CYLINDRICAL_SURFACE('',#1823,0.8000058276777);
#921=FACE_OUTER_BOUND('',#1824,.T.);
#922=CONICAL_SURFACE('',#1825,1.488216335294,0.0261799387799115);
#923=FACE_OUTER_BOUND('',#1826,.T.);
#924=PLANE('',#1827);
#925=FACE_OUTER_BOUND('',#1828,.T.);
#926=CONICAL_SURFACE('',#1829,1.088216335294,0.0261799387799115);
#927=FACE_OUTER_BOUND('',#1830,.T.);
#928=PLANE('',#1831);
#929=FACE_OUTER_BOUND('',#1832,.T.);
#930=CONICAL_SURFACE('',#1833,1.088216335294,0.0261799387799115);
#931=FACE_OUTER_BOUND('',#1834,.T.);
#932=PLANE('',#1835);
#933=FACE_OUTER_BOUND('',#1836,.T.);
#934=CONICAL_SURFACE('',#1837,1.488216335294,0.0261799387799115);
#935=FACE_OUTER_BOUND('',#1838,.T.);
#936=CYLINDRICAL_SURFACE('',#1839,0.8000058276777);
#937=FACE_OUTER_BOUND('',#1840,.T.);
#938=PLANE('',#1841);
#939=FACE_OUTER_BOUND('',#1842,.T.);
#940=PLANE('',#1843);
#941=FACE_OUTER_BOUND('',#1844,.T.);
#942=PLANE('',#1845);
#943=FACE_OUTER_BOUND('',#1846,.T.);
#944=PLANE('',#1847);
#945=FACE_OUTER_BOUND('',#1848,.T.);
#946=PLANE('',#1849);
#947=FACE_OUTER_BOUND('',#1850,.T.);
#948=PLANE('',#1851);
#949=FACE_OUTER_BOUND('',#1852,.T.);
#950=PLANE('',#1853);
#951=FACE_OUTER_BOUND('',#1854,.T.);
#952=CYLINDRICAL_SURFACE('',#1855,0.5);
#953=FACE_OUTER_BOUND('',#1856,.T.);
#954=PLANE('',#1857);
#955=FACE_OUTER_BOUND('',#1858,.T.);
#956=CYLINDRICAL_SURFACE('',#1859,0.3);
#957=FACE_OUTER_BOUND('',#1860,.T.);
#958=PLANE('',#1861);
#959=FACE_OUTER_BOUND('',#1862,.T.);
#960=PLANE('',#1863);
#961=FACE_OUTER_BOUND('',#1864,.T.);
#962=PLANE('',#1865);
#963=FACE_OUTER_BOUND('',#1866,.T.);
#964=PLANE('',#1867);
#965=FACE_OUTER_BOUND('',#1868,.T.);
#966=PLANE('',#1869);
#967=FACE_OUTER_BOUND('',#1870,.T.);
#968=PLANE('',#1871);
#969=FACE_OUTER_BOUND('',#1872,.T.);
#970=CYLINDRICAL_SURFACE('',#1873,0.1);
#971=FACE_OUTER_BOUND('',#1874,.T.);
#972=FACE_BOUND('',#1875,.T.);
#973=PLANE('',#1876);
#974=FACE_OUTER_BOUND('',#1877,.T.);
#975=CYLINDRICAL_SURFACE('',#1878,0.1);
#976=FACE_OUTER_BOUND('',#1879,.T.);
#977=PLANE('',#1880);
#978=FACE_OUTER_BOUND('',#1881,.T.);
#979=CYLINDRICAL_SURFACE('',#1882,1.5);
#980=FACE_OUTER_BOUND('',#1883,.T.);
#981=PLANE('',#1884);
#982=FACE_OUTER_BOUND('',#1885,.T.);
#983=PLANE('',#1886);
#984=FACE_OUTER_BOUND('',#1887,.T.);
#985=PLANE('',#1888);
#986=FACE_OUTER_BOUND('',#1889,.T.);
#987=PLANE('',#1890);
#988=FACE_OUTER_BOUND('',#1891,.T.);
#989=PLANE('',#1892);
#990=FACE_OUTER_BOUND('',#1893,.T.);
#991=CYLINDRICAL_SURFACE('',#1894,0.1);
#992=FACE_OUTER_BOUND('',#1895,.T.);
#993=PLANE('',#1896);
#994=FACE_OUTER_BOUND('',#1897,.T.);
#995=PLANE('',#1898);
#996=FACE_OUTER_BOUND('',#1899,.T.);
#997=PLANE('',#1900);
#998=FACE_OUTER_BOUND('',#1901,.T.);
#999=PLANE('',#1902);
#1000=FACE_OUTER_BOUND('',#1903,.T.);
#1001=PLANE('',#1904);
#1002=FACE_OUTER_BOUND('',#1905,.T.);
#1003=PLANE('',#1906);
#1004=FACE_OUTER_BOUND('',#1907,.T.);
#1005=PLANE('',#1908);
#1006=FACE_OUTER_BOUND('',#1909,.T.);
#1007=CYLINDRICAL_SURFACE('',#1910,0.1);
#1008=FACE_OUTER_BOUND('',#1911,.T.);
#1009=PLANE('',#1912);
#1010=FACE_OUTER_BOUND('',#1913,.T.);
#1011=PLANE('',#1914);
#1012=FACE_OUTER_BOUND('',#1915,.T.);
#1013=PLANE('',#1916);
#1014=FACE_OUTER_BOUND('',#1917,.T.);
#1015=CYLINDRICAL_SURFACE('',#1918,0.3);
#1016=FACE_OUTER_BOUND('',#1919,.T.);
#1017=PLANE('',#1920);
#1018=FACE_OUTER_BOUND('',#1921,.T.);
#1019=PLANE('',#1922);
#1020=FACE_OUTER_BOUND('',#1923,.T.);
#1021=PLANE('',#1924);
#1022=FACE_OUTER_BOUND('',#1925,.T.);
#1023=PLANE('',#1926);
#1024=FACE_OUTER_BOUND('',#1927,.T.);
#1025=PLANE('',#1928);
#1026=FACE_OUTER_BOUND('',#1929,.T.);
#1027=PLANE('',#1930);
#1028=FACE_OUTER_BOUND('',#1931,.T.);
#1029=PLANE('',#1932);
#1030=FACE_OUTER_BOUND('',#1933,.T.);
#1031=PLANE('',#1934);
#1032=FACE_OUTER_BOUND('',#1935,.T.);
#1033=CYLINDRICAL_SURFACE('',#1936,0.3);
#1034=FACE_OUTER_BOUND('',#1937,.T.);
#1035=CYLINDRICAL_SURFACE('',#1938,0.1);
#1036=FACE_OUTER_BOUND('',#1939,.T.);
#1037=PLANE('',#1940);
#1038=FACE_OUTER_BOUND('',#1941,.T.);
#1039=PLANE('',#1942);
#1040=FACE_OUTER_BOUND('',#1943,.T.);
#1041=PLANE('',#1944);
#1042=FACE_OUTER_BOUND('',#1945,.T.);
#1043=PLANE('',#1946);
#1044=FACE_OUTER_BOUND('',#1947,.T.);
#1045=PLANE('',#1948);
#1046=FACE_OUTER_BOUND('',#1949,.T.);
#1047=PLANE('',#1950);
#1048=FACE_OUTER_BOUND('',#1951,.T.);
#1049=FACE_BOUND('',#1952,.T.);
#1050=PLANE('',#1953);
#1051=FACE_OUTER_BOUND('',#1954,.T.);
#1052=PLANE('',#1955);
#1053=FACE_OUTER_BOUND('',#1956,.T.);
#1054=PLANE('',#1957);
#1055=FACE_OUTER_BOUND('',#1958,.T.);
#1056=PLANE('',#1959);
#1057=FACE_OUTER_BOUND('',#1960,.T.);
#1058=PLANE('',#1961);
#1059=FACE_OUTER_BOUND('',#1962,.T.);
#1060=PLANE('',#1963);
#1061=FACE_OUTER_BOUND('',#1964,.T.);
#1062=PLANE('',#1965);
#1063=FACE_OUTER_BOUND('',#1966,.T.);
#1064=PLANE('',#1967);
#1065=FACE_OUTER_BOUND('',#1968,.T.);
#1066=PLANE('',#1969);
#1067=FACE_OUTER_BOUND('',#1970,.T.);
#1068=PLANE('',#1971);
#1069=FACE_OUTER_BOUND('',#1972,.T.);
#1070=PLANE('',#1973);
#1071=FACE_OUTER_BOUND('',#1974,.T.);
#1072=PLANE('',#1975);
#1073=FACE_OUTER_BOUND('',#1976,.T.);
#1074=PLANE('',#1977);
#1075=FACE_OUTER_BOUND('',#1978,.T.);
#1076=PLANE('',#1979);
#1077=FACE_OUTER_BOUND('',#1980,.T.);
#1078=FACE_BOUND('',#1981,.T.);
#1079=PLANE('',#1982);
#1080=FACE_OUTER_BOUND('',#1983,.T.);
#1081=PLANE('',#1984);
#1082=FACE_OUTER_BOUND('',#1985,.T.);
#1083=PLANE('',#1986);
#1084=FACE_OUTER_BOUND('',#1987,.T.);
#1085=PLANE('',#1988);
#1086=FACE_OUTER_BOUND('',#1989,.T.);
#1087=PLANE('',#1990);
#1088=FACE_OUTER_BOUND('',#1991,.T.);
#1089=PLANE('',#1992);
#1090=FACE_OUTER_BOUND('',#1993,.T.);
#1091=PLANE('',#1994);
#1092=FACE_OUTER_BOUND('',#1995,.T.);
#1093=PLANE('',#1996);
#1094=FACE_OUTER_BOUND('',#1997,.T.);
#1095=PLANE('',#1998);
#1096=FACE_OUTER_BOUND('',#1999,.T.);
#1097=PLANE('',#2000);
#1098=FACE_OUTER_BOUND('',#2001,.T.);
#1099=PLANE('',#2002);
#1100=FACE_OUTER_BOUND('',#2003,.T.);
#1101=PLANE('',#2004);
#1102=FACE_OUTER_BOUND('',#2005,.T.);
#1103=PLANE('',#2006);
#1104=FACE_OUTER_BOUND('',#2007,.T.);
#1105=PLANE('',#2008);
#1106=FACE_OUTER_BOUND('',#2009,.T.);
#1107=PLANE('',#2010);
#1108=FACE_OUTER_BOUND('',#2011,.T.);
#1109=PLANE('',#2012);
#1110=FACE_OUTER_BOUND('',#2013,.T.);
#1111=PLANE('',#2014);
#1112=FACE_OUTER_BOUND('',#2015,.T.);
#1113=PLANE('',#2016);
#1114=FACE_OUTER_BOUND('',#2017,.T.);
#1115=SPHERICAL_SURFACE('',#2018,19.42);
#1116=FACE_OUTER_BOUND('',#2019,.T.);
#1117=SPHERICAL_SURFACE('',#2020,19.42);
#1118=FACE_OUTER_BOUND('',#2021,.T.);
#1119=TOROIDAL_SURFACE('',#2022,1.9,0.15);
#1120=FACE_OUTER_BOUND('',#2023,.T.);
#1121=TOROIDAL_SURFACE('',#2024,1.9,0.15);
#1122=FACE_OUTER_BOUND('',#2025,.T.);
#1123=CYLINDRICAL_SURFACE('',#2026,1.75);
#1124=FACE_OUTER_BOUND('',#2027,.T.);
#1125=CYLINDRICAL_SURFACE('',#2028,1.75);
#1126=FACE_OUTER_BOUND('',#2029,.T.);
#1127=TOROIDAL_SURFACE('',#2030,1.55,0.2);
#1128=FACE_OUTER_BOUND('',#2031,.T.);
#1129=TOROIDAL_SURFACE('',#2032,1.55,0.2);
#1130=FACE_OUTER_BOUND('',#2033,.T.);
#1131=PLANE('',#2034);
#1132=FACE_OUTER_BOUND('',#2035,.T.);
#1133=PLANE('',#2036);
#1134=FACE_OUTER_BOUND('',#2037,.T.);
#1135=CYLINDRICAL_SURFACE('',#2038,0.8000058277095);
#1136=FACE_OUTER_BOUND('',#2039,.T.);
#1137=CONICAL_SURFACE('',#2040,1.488216335294,0.0261799387799115);
#1138=FACE_OUTER_BOUND('',#2041,.T.);
#1139=PLANE('',#2042);
#1140=FACE_OUTER_BOUND('',#2043,.T.);
#1141=CONICAL_SURFACE('',#2044,1.088216335294,0.0261799387799115);
#1142=FACE_OUTER_BOUND('',#2045,.T.);
#1143=PLANE('',#2046);
#1144=FACE_OUTER_BOUND('',#2047,.T.);
#1145=CONICAL_SURFACE('',#2048,1.088216335294,0.0261799387799115);
#1146=FACE_OUTER_BOUND('',#2049,.T.);
#1147=PLANE('',#2050);
#1148=FACE_OUTER_BOUND('',#2051,.T.);
#1149=CONICAL_SURFACE('',#2052,1.488216335294,0.0261799387799115);
#1150=FACE_OUTER_BOUND('',#2053,.T.);
#1151=CYLINDRICAL_SURFACE('',#2054,0.8000058277095);
#1152=FACE_OUTER_BOUND('',#2055,.T.);
#1153=CONICAL_SURFACE('',#2056,3.608759683794,0.7853981633973);
#1154=FACE_OUTER_BOUND('',#2057,.T.);
#1155=CONICAL_SURFACE('',#2058,0.2124264068712,0.7853981633973);
#1156=FACE_OUTER_BOUND('',#2059,.T.);
#1157=CONICAL_SURFACE('',#2060,7.154451136377,0.7853981633973);
#1158=FACE_OUTER_BOUND('',#2061,.T.);
#1159=PLANE('',#2062);
#1160=FACE_OUTER_BOUND('',#2063,.T.);
#1161=CONICAL_SURFACE('',#2064,7.154451136377,0.7853981633973);
#1162=FACE_OUTER_BOUND('',#2065,.T.);
#1163=CONICAL_SURFACE('',#2066,0.2124264068712,0.7853981633973);
#1164=FACE_OUTER_BOUND('',#2067,.T.);
#1165=CONICAL_SURFACE('',#2068,3.602930742502,0.7853981633973);
#1166=FACE_OUTER_BOUND('',#2069,.T.);
#1167=CONICAL_SURFACE('',#2070,0.2124264068712,0.7853981633973);
#1168=FACE_OUTER_BOUND('',#2071,.T.);
#1169=CONICAL_SURFACE('',#2072,7.154451136377,0.7853981633973);
#1170=FACE_OUTER_BOUND('',#2073,.T.);
#1171=PLANE('',#2074);
#1172=FACE_OUTER_BOUND('',#2075,.T.);
#1173=CONICAL_SURFACE('',#2076,7.154451136377,0.7853981633973);
#1174=FACE_OUTER_BOUND('',#2077,.T.);
#1175=CONICAL_SURFACE('',#2078,0.2124264068712,0.7853981633973);
#1176=FACE_OUTER_BOUND('',#2079,.T.);
#1177=CONICAL_SURFACE('',#2080,3.602930742506,0.7853981633973);
#1178=FACE_OUTER_BOUND('',#2081,.T.);
#1179=CONICAL_SURFACE('',#2082,0.2124264068712,0.7853981633973);
#1180=FACE_OUTER_BOUND('',#2083,.T.);
#1181=CONICAL_SURFACE('',#2084,7.154451136376,0.7853981633973);
#1182=FACE_OUTER_BOUND('',#2085,.T.);
#1183=PLANE('',#2086);
#1184=FACE_OUTER_BOUND('',#2087,.T.);
#1185=CONICAL_SURFACE('',#2088,7.154451136376,0.7853981633973);
#1186=FACE_OUTER_BOUND('',#2089,.T.);
#1187=CONICAL_SURFACE('',#2090,0.2124264068712,0.7853981633973);
#1188=FACE_OUTER_BOUND('',#2091,.T.);
#1189=CONICAL_SURFACE('',#2092,3.602930742502,0.7853981633973);
#1190=FACE_OUTER_BOUND('',#2093,.T.);
#1191=CONICAL_SURFACE('',#2094,0.2124264068712,0.7853981633973);
#1192=FACE_OUTER_BOUND('',#2095,.T.);
#1193=CONICAL_SURFACE('',#2096,7.154451136376,0.7853981633973);
#1194=FACE_OUTER_BOUND('',#2097,.T.);
#1195=PLANE('',#2098);
#1196=FACE_OUTER_BOUND('',#2099,.T.);
#1197=CONICAL_SURFACE('',#2100,7.154451136376,0.7853981633973);
#1198=FACE_OUTER_BOUND('',#2101,.T.);
#1199=CONICAL_SURFACE('',#2102,0.2124264068712,0.7853981633973);
#1200=FACE_OUTER_BOUND('',#2103,.T.);
#1201=CYLINDRICAL_SURFACE('',#2104,0.23);
#1202=FACE_OUTER_BOUND('',#2105,.T.);
#1203=CYLINDRICAL_SURFACE('',#2106,7.136877543247);
#1204=FACE_OUTER_BOUND('',#2107,.T.);
#1205=PLANE('',#2108);
#1206=FACE_OUTER_BOUND('',#2109,.T.);
#1207=CYLINDRICAL_SURFACE('',#2110,7.136877543247);
#1208=FACE_OUTER_BOUND('',#2111,.T.);
#1209=CYLINDRICAL_SURFACE('',#2112,0.23);
#1210=FACE_OUTER_BOUND('',#2113,.T.);
#1211=CYLINDRICAL_SURFACE('',#2114,3.62050433563);
#1212=FACE_OUTER_BOUND('',#2115,.T.);
#1213=CYLINDRICAL_SURFACE('',#2116,0.23);
#1214=FACE_OUTER_BOUND('',#2117,.T.);
#1215=CYLINDRICAL_SURFACE('',#2118,7.136877543247);
#1216=FACE_OUTER_BOUND('',#2119,.T.);
#1217=PLANE('',#2120);
#1218=FACE_OUTER_BOUND('',#2121,.T.);
#1219=CYLINDRICAL_SURFACE('',#2122,7.136877543247);
#1220=FACE_OUTER_BOUND('',#2123,.T.);
#1221=CYLINDRICAL_SURFACE('',#2124,0.23);
#1222=FACE_OUTER_BOUND('',#2125,.T.);
#1223=CYLINDRICAL_SURFACE('',#2126,3.620504335635);
#1224=FACE_OUTER_BOUND('',#2127,.T.);
#1225=CYLINDRICAL_SURFACE('',#2128,0.23);
#1226=FACE_OUTER_BOUND('',#2129,.T.);
#1227=CYLINDRICAL_SURFACE('',#2130,7.136877543249);
#1228=FACE_OUTER_BOUND('',#2131,.T.);
#1229=PLANE('',#2132);
#1230=FACE_OUTER_BOUND('',#2133,.T.);
#1231=CYLINDRICAL_SURFACE('',#2134,7.136877543249);
#1232=FACE_OUTER_BOUND('',#2135,.T.);
#1233=CYLINDRICAL_SURFACE('',#2136,0.23);
#1234=FACE_OUTER_BOUND('',#2137,.T.);
#1235=CYLINDRICAL_SURFACE('',#2138,3.62050433563);
#1236=FACE_OUTER_BOUND('',#2139,.T.);
#1237=CYLINDRICAL_SURFACE('',#2140,0.23);
#1238=FACE_OUTER_BOUND('',#2141,.T.);
#1239=CYLINDRICAL_SURFACE('',#2142,7.136877543248);
#1240=FACE_OUTER_BOUND('',#2143,.T.);
#1241=PLANE('',#2144);
#1242=FACE_OUTER_BOUND('',#2145,.T.);
#1243=CYLINDRICAL_SURFACE('',#2146,7.136877543248);
#1244=FACE_OUTER_BOUND('',#2147,.T.);
#1245=CYLINDRICAL_SURFACE('',#2148,0.23);
#1246=FACE_OUTER_BOUND('',#2149,.T.);
#1247=CYLINDRICAL_SURFACE('',#2150,3.626333276923);
#1248=FACE_OUTER_BOUND('',#2151,.T.);
#1249=PLANE('',#2152);
#1250=FACE_OUTER_BOUND('',#2153,.T.);
#1251=PLANE('',#2154);
#1252=FACE_OUTER_BOUND('',#2155,.T.);
#1253=PLANE('',#2156);
#1254=FACE_OUTER_BOUND('',#2157,.T.);
#1255=PLANE('',#2158);
#1256=FACE_OUTER_BOUND('',#2159,.T.);
#1257=PLANE('',#2160);
#1258=FACE_OUTER_BOUND('',#2161,.T.);
#1259=PLANE('',#2162);
#1260=FACE_OUTER_BOUND('',#2163,.T.);
#1261=PLANE('',#2164);
#1262=FACE_OUTER_BOUND('',#2165,.T.);
#1263=PLANE('',#2166);
#1264=FACE_OUTER_BOUND('',#2167,.T.);
#1265=PLANE('',#2168);
#1266=FACE_OUTER_BOUND('',#2169,.T.);
#1267=PLANE('',#2170);
#1268=FACE_OUTER_BOUND('',#2171,.T.);
#1269=PLANE('',#2172);
#1270=FACE_OUTER_BOUND('',#2173,.T.);
#1271=PLANE('',#2174);
#1272=FACE_OUTER_BOUND('',#2175,.T.);
#1273=PLANE('',#2176);
#1274=FACE_OUTER_BOUND('',#2177,.T.);
#1275=PLANE('',#2178);
#1276=FACE_OUTER_BOUND('',#2179,.T.);
#1277=CYLINDRICAL_SURFACE('',#2180,0.2951386593586);
#1278=FACE_OUTER_BOUND('',#2181,.T.);
#1279=PLANE('',#2182);
#1280=FACE_OUTER_BOUND('',#2183,.T.);
#1281=CYLINDRICAL_SURFACE('',#2184,0.1);
#1282=FACE_OUTER_BOUND('',#2185,.T.);
#1283=PLANE('',#2186);
#1284=FACE_OUTER_BOUND('',#2187,.T.);
#1285=CYLINDRICAL_SURFACE('',#2188,0.2951386593586);
#1286=FACE_OUTER_BOUND('',#2189,.T.);
#1287=PLANE('',#2190);
#1288=FACE_OUTER_BOUND('',#2191,.T.);
#1289=PLANE('',#2192);
#1290=FACE_OUTER_BOUND('',#2193,.T.);
#1291=PLANE('',#2194);
#1292=FACE_OUTER_BOUND('',#2195,.T.);
#1293=PLANE('',#2196);
#1294=FACE_OUTER_BOUND('',#2197,.T.);
#1295=PLANE('',#2198);
#1296=FACE_OUTER_BOUND('',#2199,.T.);
#1297=CYLINDRICAL_SURFACE('',#2200,0.1);
#1298=FACE_OUTER_BOUND('',#2201,.T.);
#1299=PLANE('',#2202);
#1300=FACE_OUTER_BOUND('',#2203,.T.);
#1301=CYLINDRICAL_SURFACE('',#2204,0.3);
#1302=FACE_OUTER_BOUND('',#2205,.T.);
#1303=PLANE('',#2206);
#1304=FACE_OUTER_BOUND('',#2207,.T.);
#1305=CYLINDRICAL_SURFACE('',#2208,0.1);
#1306=FACE_OUTER_BOUND('',#2209,.T.);
#1307=PLANE('',#2210);
#1308=FACE_OUTER_BOUND('',#2211,.T.);
#1309=PLANE('',#2212);
#1310=FACE_OUTER_BOUND('',#2213,.T.);
#1311=CYLINDRICAL_SURFACE('',#2214,0.3);
#1312=FACE_OUTER_BOUND('',#2215,.T.);
#1313=PLANE('',#2216);
#1314=FACE_OUTER_BOUND('',#2217,.T.);
#1315=PLANE('',#2218);
#1316=FACE_OUTER_BOUND('',#2219,.T.);
#1317=PLANE('',#2220);
#1318=FACE_OUTER_BOUND('',#2221,.T.);
#1319=CYLINDRICAL_SURFACE('',#2222,0.1);
#1320=FACE_OUTER_BOUND('',#2223,.T.);
#1321=PLANE('',#2224);
#1322=FACE_OUTER_BOUND('',#2225,.T.);
#1323=PLANE('',#2226);
#1324=FACE_OUTER_BOUND('',#2227,.T.);
#1325=CYLINDRICAL_SURFACE('',#2228,0.1);
#1326=FACE_OUTER_BOUND('',#2229,.T.);
#1327=PLANE('',#2230);
#1328=FACE_OUTER_BOUND('',#2231,.T.);
#1329=CYLINDRICAL_SURFACE('',#2232,0.3);
#1330=FACE_OUTER_BOUND('',#2233,.T.);
#1331=PLANE('',#2234);
#1332=FACE_OUTER_BOUND('',#2235,.T.);
#1333=CYLINDRICAL_SURFACE('',#2236,0.1);
#1334=FACE_OUTER_BOUND('',#2237,.T.);
#1335=PLANE('',#2238);
#1336=FACE_OUTER_BOUND('',#2239,.T.);
#1337=PLANE('',#2240);
#1338=FACE_OUTER_BOUND('',#2241,.T.);
#1339=PLANE('',#2242);
#1340=FACE_OUTER_BOUND('',#2243,.T.);
#1341=PLANE('',#2244);
#1342=FACE_OUTER_BOUND('',#2245,.T.);
#1343=PLANE('',#2246);
#1344=FACE_OUTER_BOUND('',#2247,.T.);
#1345=CYLINDRICAL_SURFACE('',#2248,0.2951386593586);
#1346=FACE_OUTER_BOUND('',#2249,.T.);
#1347=PLANE('',#2250);
#1348=FACE_OUTER_BOUND('',#2251,.T.);
#1349=CYLINDRICAL_SURFACE('',#2252,0.1);
#1350=FACE_OUTER_BOUND('',#2253,.T.);
#1351=PLANE('',#2254);
#1352=FACE_OUTER_BOUND('',#2255,.T.);
#1353=CYLINDRICAL_SURFACE('',#2256,0.2951386593586);
#1354=FACE_OUTER_BOUND('',#2257,.T.);
#1355=PLANE('',#2258);
#1356=FACE_OUTER_BOUND('',#2259,.T.);
#1357=PLANE('',#2260);
#1358=FACE_OUTER_BOUND('',#2261,.T.);
#1359=PLANE('',#2262);
#1360=FACE_OUTER_BOUND('',#2263,.T.);
#1361=PLANE('',#2264);
#1362=FACE_OUTER_BOUND('',#2265,.T.);
#1363=CYLINDRICAL_SURFACE('',#2266,0.2951386593586);
#1364=FACE_OUTER_BOUND('',#2267,.T.);
#1365=PLANE('',#2268);
#1366=FACE_OUTER_BOUND('',#2269,.T.);
#1367=CYLINDRICAL_SURFACE('',#2270,0.1);
#1368=FACE_OUTER_BOUND('',#2271,.T.);
#1369=PLANE('',#2272);
#1370=FACE_OUTER_BOUND('',#2273,.T.);
#1371=CYLINDRICAL_SURFACE('',#2274,0.2951386593586);
#1372=FACE_OUTER_BOUND('',#2275,.T.);
#1373=PLANE('',#2276);
#1374=FACE_OUTER_BOUND('',#2277,.T.);
#1375=PLANE('',#2278);
#1376=FACE_OUTER_BOUND('',#2279,.T.);
#1377=PLANE('',#2280);
#1378=FACE_OUTER_BOUND('',#2281,.T.);
#1379=PLANE('',#2282);
#1380=FACE_OUTER_BOUND('',#2283,.T.);
#1381=PLANE('',#2284);
#1382=FACE_OUTER_BOUND('',#2285,.T.);
#1383=CYLINDRICAL_SURFACE('',#2286,0.1);
#1384=FACE_OUTER_BOUND('',#2287,.T.);
#1385=PLANE('',#2288);
#1386=FACE_OUTER_BOUND('',#2289,.T.);
#1387=CYLINDRICAL_SURFACE('',#2290,0.3);
#1388=FACE_OUTER_BOUND('',#2291,.T.);
#1389=PLANE('',#2292);
#1390=FACE_OUTER_BOUND('',#2293,.T.);
#1391=CYLINDRICAL_SURFACE('',#2294,0.1);
#1392=FACE_OUTER_BOUND('',#2295,.T.);
#1393=PLANE('',#2296);
#1394=FACE_OUTER_BOUND('',#2297,.T.);
#1395=PLANE('',#2298);
#1396=EDGE_LOOP('',(#2299,#2300,#2301,#2302));
#1397=AXIS2_PLACEMENT_3D('',#2303,#2304,#2305);
#1398=EDGE_LOOP('',(#2306,#2307,#2308,#2309));
#1399=AXIS2_PLACEMENT_3D('',#2310,#2311,#2312);
#1400=EDGE_LOOP('',(#2313,#2314,#2315,#2316));
#1401=AXIS2_PLACEMENT_3D('',#2317,#2318,#2319);
#1402=EDGE_LOOP('',(#2320,#2321,#2322,#2323));
#1403=AXIS2_PLACEMENT_3D('',#2324,#2325,#2326);
#1404=EDGE_LOOP('',(#2327,#2328,#2329,#2330));
#1405=AXIS2_PLACEMENT_3D('',#2331,#2332,#2333);
#1406=EDGE_LOOP('',(#2334,#2335,#2336,#2337));
#1407=AXIS2_PLACEMENT_3D('',#2338,#2339,#2340);
#1408=EDGE_LOOP('',(#2341,#2342,#2343,#2344));
#1409=AXIS2_PLACEMENT_3D('',#2345,#2346,#2347);
#1410=EDGE_LOOP('',(#2348,#2349,#2350,#2351));
#1411=AXIS2_PLACEMENT_3D('',#2352,#2353,#2354);
#1412=EDGE_LOOP('',(#2355,#2356,#2357,#2358));
#1413=AXIS2_PLACEMENT_3D('',#2359,#2360,#2361);
#1414=EDGE_LOOP('',(#2362,#2363,#2364,#2365));
#1415=AXIS2_PLACEMENT_3D('',#2366,#2367,#2368);
#1416=EDGE_LOOP('',(#2369,#2370,#2371,#2372));
#1417=AXIS2_PLACEMENT_3D('',#2373,#2374,#2375);
#1418=EDGE_LOOP('',(#2376,#2377,#2378,#2379));
#1419=AXIS2_PLACEMENT_3D('',#2380,#2381,#2382);
#1420=EDGE_LOOP('',(#2383,#2384,#2385,#2386));
#1421=AXIS2_PLACEMENT_3D('',#2387,#2388,#2389);
#1422=EDGE_LOOP('',(#2390,#2391,#2392,#2393));
#1423=AXIS2_PLACEMENT_3D('',#2394,#2395,#2396);
#1424=EDGE_LOOP('',(#2397,#2398,#2399,#2400));
#1425=AXIS2_PLACEMENT_3D('',#2401,#2402,#2403);
#1426=EDGE_LOOP('',(#2404,#2405,#2406,#2407));
#1427=AXIS2_PLACEMENT_3D('',#2408,#2409,#2410);
#1428=EDGE_LOOP('',(#2411,#2412,#2413,#2414));
#1429=AXIS2_PLACEMENT_3D('',#2415,#2416,#2417);
#1430=EDGE_LOOP('',(#2418,#2419,#2420,#2421));
#1431=AXIS2_PLACEMENT_3D('',#2422,#2423,#2424);
#1432=EDGE_LOOP('',(#2425,#2426,#2427,#2428));
#1433=AXIS2_PLACEMENT_3D('',#2429,#2430,#2431);
#1434=EDGE_LOOP('',(#2432,#2433,#2434,#2435));
#1435=AXIS2_PLACEMENT_3D('',#2436,#2437,#2438);
#1436=EDGE_LOOP('',(#2439,#2440,#2441,#2442));
#1437=AXIS2_PLACEMENT_3D('',#2443,#2444,#2445);
#1438=EDGE_LOOP('',(#2446,#2447,#2448,#2449));
#1439=AXIS2_PLACEMENT_3D('',#2450,#2451,#2452);
#1440=EDGE_LOOP('',(#2453,#2454,#2455,#2456));
#1441=AXIS2_PLACEMENT_3D('',#2457,#2458,#2459);
#1442=EDGE_LOOP('',(#2460,#2461,#2462,#2463));
#1443=AXIS2_PLACEMENT_3D('',#2464,#2465,#2466);
#1444=EDGE_LOOP('',(#2467,#2468,#2469,#2470));
#1445=AXIS2_PLACEMENT_3D('',#2471,#2472,#2473);
#1446=EDGE_LOOP('',(#2474,#2475,#2476,#2477));
#1447=AXIS2_PLACEMENT_3D('',#2478,#2479,#2480);
#1448=EDGE_LOOP('',(#2481,#2482,#2483,#2484));
#1449=AXIS2_PLACEMENT_3D('',#2485,#2486,#2487);
#1450=EDGE_LOOP('',(#2488,#2489,#2490,#2491));
#1451=AXIS2_PLACEMENT_3D('',#2492,#2493,#2494);
#1452=EDGE_LOOP('',(#2495,#2496,#2497,#2498));
#1453=AXIS2_PLACEMENT_3D('',#2499,#2500,#2501);
#1454=EDGE_LOOP('',(#2502,#2503,#2504,#2505,#2506,#2507));
#1455=AXIS2_PLACEMENT_3D('',#2508,#2509,#2510);
#1456=EDGE_LOOP('',(#2511,#2512,#2513,#2514));
#1457=AXIS2_PLACEMENT_3D('',#2515,#2516,#2517);
#1458=EDGE_LOOP('',(#2518,#2519,#2520,#2521,#2522,#2523,#2524,#2525,#2526,#2527));
#1459=AXIS2_PLACEMENT_3D('',#2528,#2529,#2530);
#1460=EDGE_LOOP('',(#2531,#2532,#2533,#2534));
#1461=AXIS2_PLACEMENT_3D('',#2535,#2536,#2537);
#1462=EDGE_LOOP('',(#2538,#2539,#2540,#2541,#2542,#2543,#2544,#2545));
#1463=AXIS2_PLACEMENT_3D('',#2546,#2547,#2548);
#1464=EDGE_LOOP('',(#2549,#2550,#2551,#2552));
#1465=AXIS2_PLACEMENT_3D('',#2553,#2554,#2555);
#1466=EDGE_LOOP('',(#2556,#2557,#2558,#2559,#2560));
#1467=AXIS2_PLACEMENT_3D('',#2561,#2562,#2563);
#1468=EDGE_LOOP('',(#2564,#2565,#2566,#2567,#2568,#2569,#2570));
#1469=AXIS2_PLACEMENT_3D('',#2571,#2572,#2573);
#1470=EDGE_LOOP('',(#2574,#2575,#2576,#2577,#2578,#2579,#2580,#2581,#2582,#2583,#2584));
#1471=AXIS2_PLACEMENT_3D('',#2585,#2586,#2587);
#1472=EDGE_LOOP('',(#2588,#2589,#2590,#2591,#2592,#2593,#2594,#2595,#2596,#2597,#2598,#2599,#2600,#2601,#2602,#2603,#2604,#2605,#2606,#2607,#2608,#2609));
#1473=AXIS2_PLACEMENT_3D('',#2610,#2611,#2612);
#1474=EDGE_LOOP('',(#2613,#2614,#2615,#2616));
#1475=AXIS2_PLACEMENT_3D('',#2617,#2618,#2619);
#1476=EDGE_LOOP('',(#2620,#2621,#2622,#2623,#2624,#2625,#2626,#2627,#2628,#2629,#2630,#2631,#2632,#2633,#2634,#2635,#2636,#2637,#2638,#2639,#2640,#2641));
#1477=AXIS2_PLACEMENT_3D('',#2642,#2643,#2644);
#1478=EDGE_LOOP('',(#2645,#2646,#2647,#2648));
#1479=AXIS2_PLACEMENT_3D('',#2649,#2650,#2651);
#1480=EDGE_LOOP('',(#2652,#2653,#2654,#2655));
#1481=AXIS2_PLACEMENT_3D('',#2656,#2657,#2658);
#1482=EDGE_LOOP('',(#2659,#2660,#2661,#2662));
#1483=AXIS2_PLACEMENT_3D('',#2663,#2664,#2665);
#1484=EDGE_LOOP('',(#2666,#2667,#2668,#2669));
#1485=AXIS2_PLACEMENT_3D('',#2670,#2671,#2672);
#1486=EDGE_LOOP('',(#2673,#2674,#2675,#2676));
#1487=AXIS2_PLACEMENT_3D('',#2677,#2678,#2679);
#1488=EDGE_LOOP('',(#2680,#2681,#2682,#2683));
#1489=AXIS2_PLACEMENT_3D('',#2684,#2685,#2686);
#1490=EDGE_LOOP('',(#2687,#2688,#2689,#2690));
#1491=AXIS2_PLACEMENT_3D('',#2691,#2692,#2693);
#1492=EDGE_LOOP('',(#2694,#2695,#2696,#2697,#2698,#2699));
#1493=AXIS2_PLACEMENT_3D('',#2700,#2701,#2702);
#1494=EDGE_LOOP('',(#2703,#2704,#2705,#2706));
#1495=AXIS2_PLACEMENT_3D('',#2707,#2708,#2709);
#1496=EDGE_LOOP('',(#2710,#2711,#2712,#2713,#2714,#2715));
#1497=AXIS2_PLACEMENT_3D('',#2716,#2717,#2718);
#1498=EDGE_LOOP('',(#2719,#2720,#2721,#2722));
#1499=AXIS2_PLACEMENT_3D('',#2723,#2724,#2725);
#1500=EDGE_LOOP('',(#2726,#2727,#2728,#2729));
#1501=AXIS2_PLACEMENT_3D('',#2730,#2731,#2732);
#1502=EDGE_LOOP('',(#2733,#2734,#2735,#2736));
#1503=AXIS2_PLACEMENT_3D('',#2737,#2738,#2739);
#1504=EDGE_LOOP('',(#2740,#2741,#2742,#2743));
#1505=AXIS2_PLACEMENT_3D('',#2744,#2745,#2746);
#1506=EDGE_LOOP('',(#2747,#2748,#2749,#2750));
#1507=AXIS2_PLACEMENT_3D('',#2751,#2752,#2753);
#1508=EDGE_LOOP('',(#2754,#2755,#2756,#2757));
#1509=AXIS2_PLACEMENT_3D('',#2758,#2759,#2760);
#1510=EDGE_LOOP('',(#2761,#2762,#2763,#2764));
#1511=AXIS2_PLACEMENT_3D('',#2765,#2766,#2767);
#1512=EDGE_LOOP('',(#2768,#2769,#2770,#2771,#2772));
#1513=AXIS2_PLACEMENT_3D('',#2773,#2774,#2775);
#1514=EDGE_LOOP('',(#2776,#2777,#2778,#2779,#2780,#2781,#2782,#2783,#2784,#2785,#2786,#2787,#2788,#2789,#2790,#2791,#2792,#2793,#2794,#2795,#2796,#2797,#2798,#2799));
#1515=EDGE_LOOP('',(#2800,#2801,#2802,#2803,#2804,#2805,#2806,#2807,#2808,#2809,#2810,#2811,#2812,#2813,#2814,#2815,#2816,#2817,#2818,#2819,#2820,#2821,#2822,#2823,#2824,#2825,#2826,#2827));
#1516=AXIS2_PLACEMENT_3D('',#2828,#2829,#2830);
#1517=EDGE_LOOP('',(#2831,#2832,#2833,#2834));
#1518=AXIS2_PLACEMENT_3D('',#2835,#2836,#2837);
#1519=EDGE_LOOP('',(#2838,#2839,#2840,#2841,#2842));
#1520=AXIS2_PLACEMENT_3D('',#2843,#2844,#2845);
#1521=EDGE_LOOP('',(#2846,#2847,#2848,#2849,#2850,#2851,#2852,#2853,#2854,#2855,#2856));
#1522=AXIS2_PLACEMENT_3D('',#2857,#2858,#2859);
#1523=EDGE_LOOP('',(#2860,#2861,#2862,#2863));
#1524=AXIS2_PLACEMENT_3D('',#2864,#2865,#2866);
#1525=EDGE_LOOP('',(#2867,#2868,#2869,#2870,#2871,#2872,#2873,#2874,#2875,#2876,#2877,#2878,#2879,#2880,#2881,#2882,#2883,#2884,#2885,#2886,#2887,#2888));
#1526=AXIS2_PLACEMENT_3D('',#2889,#2890,#2891);
#1527=EDGE_LOOP('',(#2892,#2893,#2894,#2895,#2896,#2897));
#1528=AXIS2_PLACEMENT_3D('',#2898,#2899,#2900);
#1529=EDGE_LOOP('',(#2901,#2902,#2903,#2904));
#1530=AXIS2_PLACEMENT_3D('',#2905,#2906,#2907);
#1531=EDGE_LOOP('',(#2908,#2909,#2910,#2911));
#1532=AXIS2_PLACEMENT_3D('',#2912,#2913,#2914);
#1533=EDGE_LOOP('',(#2915,#2916,#2917,#2918,#2919,#2920,#2921,#2922,#2923,#2924));
#1534=AXIS2_PLACEMENT_3D('',#2925,#2926,#2927);
#1535=EDGE_LOOP('',(#2928,#2929,#2930,#2931));
#1536=AXIS2_PLACEMENT_3D('',#2932,#2933,#2934);
#1537=EDGE_LOOP('',(#2935,#2936,#2937,#2938,#2939,#2940,#2941,#2942));
#1538=AXIS2_PLACEMENT_3D('',#2943,#2944,#2945);
#1539=EDGE_LOOP('',(#2946,#2947,#2948,#2949));
#1540=AXIS2_PLACEMENT_3D('',#2950,#2951,#2952);
#1541=EDGE_LOOP('',(#2953,#2954,#2955,#2956,#2957,#2958));
#1542=AXIS2_PLACEMENT_3D('',#2959,#2960,#2961);
#1543=EDGE_LOOP('',(#2962,#2963,#2964,#2965,#2966,#2967,#2968));
#1544=AXIS2_PLACEMENT_3D('',#2969,#2970,#2971);
#1545=EDGE_LOOP('',(#2972,#2973,#2974,#2975));
#1546=AXIS2_PLACEMENT_3D('',#2976,#2977,#2978);
#1547=EDGE_LOOP('',(#2979,#2980,#2981,#2982));
#1548=AXIS2_PLACEMENT_3D('',#2983,#2984,#2985);
#1549=EDGE_LOOP('',(#2986,#2987,#2988,#2989,#2990,#2991,#2992));
#1550=AXIS2_PLACEMENT_3D('',#2993,#2994,#2995);
#1551=EDGE_LOOP('',(#2996,#2997,#2998,#2999,#3000,#3001,#3002,#3003));
#1552=AXIS2_PLACEMENT_3D('',#3004,#3005,#3006);
#1553=EDGE_LOOP('',(#3007,#3008,#3009,#3010));
#1554=AXIS2_PLACEMENT_3D('',#3011,#3012,#3013);
#1555=EDGE_LOOP('',(#3014,#3015,#3016,#3017,#3018));
#1556=AXIS2_PLACEMENT_3D('',#3019,#3020,#3021);
#1557=EDGE_LOOP('',(#3022,#3023,#3024,#3025));
#1558=AXIS2_PLACEMENT_3D('',#3026,#3027,#3028);
#1559=EDGE_LOOP('',(#3029,#3030,#3031,#3032,#3033,#3034,#3035,#3036,#3037,#3038));
#1560=AXIS2_PLACEMENT_3D('',#3039,#3040,#3041);
#1561=EDGE_LOOP('',(#3042,#3043,#3044,#3045));
#1562=AXIS2_PLACEMENT_3D('',#3046,#3047,#3048);
#1563=EDGE_LOOP('',(#3049,#3050,#3051,#3052));
#1564=AXIS2_PLACEMENT_3D('',#3053,#3054,#3055);
#1565=EDGE_LOOP('',(#3056,#3057,#3058,#3059,#3060));
#1566=AXIS2_PLACEMENT_3D('',#3061,#3062,#3063);
#1567=EDGE_LOOP('',(#3064,#3065,#3066,#3067,#3068,#3069,#3070,#3071,#3072,#3073,#3074));
#1568=AXIS2_PLACEMENT_3D('',#3075,#3076,#3077);
#1569=EDGE_LOOP('',(#3078,#3079,#3080,#3081,#3082,#3083,#3084));
#1570=AXIS2_PLACEMENT_3D('',#3085,#3086,#3087);
#1571=EDGE_LOOP('',(#3088,#3089,#3090,#3091));
#1572=AXIS2_PLACEMENT_3D('',#3092,#3093,#3094);
#1573=EDGE_LOOP('',(#3095,#3096,#3097,#3098,#3099,#3100));
#1574=AXIS2_PLACEMENT_3D('',#3101,#3102,#3103);
#1575=EDGE_LOOP('',(#3104,#3105,#3106,#3107));
#1576=AXIS2_PLACEMENT_3D('',#3108,#3109,#3110);
#1577=EDGE_LOOP('',(#3111,#3112,#3113,#3114,#3115,#3116));
#1578=AXIS2_PLACEMENT_3D('',#3117,#3118,#3119);
#1579=EDGE_LOOP('',(#3120,#3121,#3122,#3123,#3124,#3125));
#1580=EDGE_LOOP('',(#3126,#3127,#3128,#3129));
#1581=AXIS2_PLACEMENT_3D('',#3130,#3131,#3132);
#1582=EDGE_LOOP('',(#3133,#3134,#3135,#3136));
#1583=AXIS2_PLACEMENT_3D('',#3137,#3138,#3139);
#1584=EDGE_LOOP('',(#3140,#3141,#3142,#3143,#3144));
#1585=AXIS2_PLACEMENT_3D('',#3145,#3146,#3147);
#1586=EDGE_LOOP('',(#3148,#3149,#3150,#3151,#3152,#3153,#3154,#3155,#3156,#3157,#3158));
#1587=AXIS2_PLACEMENT_3D('',#3159,#3160,#3161);
#1588=EDGE_LOOP('',(#3162,#3163,#3164,#3165));
#1589=AXIS2_PLACEMENT_3D('',#3166,#3167,#3168);
#1590=EDGE_LOOP('',(#3169,#3170,#3171,#3172,#3173,#3174,#3175,#3176,#3177,#3178,#3179,#3180,#3181,#3182,#3183,#3184,#3185,#3186,#3187,#3188,#3189,#3190));
#1591=AXIS2_PLACEMENT_3D('',#3191,#3192,#3193);
#1592=EDGE_LOOP('',(#3194,#3195,#3196,#3197,#3198,#3199));
#1593=AXIS2_PLACEMENT_3D('',#3200,#3201,#3202);
#1594=EDGE_LOOP('',(#3203,#3204,#3205,#3206));
#1595=AXIS2_PLACEMENT_3D('',#3207,#3208,#3209);
#1596=EDGE_LOOP('',(#3210,#3211,#3212,#3213));
#1597=AXIS2_PLACEMENT_3D('',#3214,#3215,#3216);
#1598=EDGE_LOOP('',(#3217,#3218,#3219,#3220,#3221,#3222,#3223,#3224,#3225,#3226));
#1599=AXIS2_PLACEMENT_3D('',#3227,#3228,#3229);
#1600=EDGE_LOOP('',(#3230,#3231,#3232,#3233));
#1601=AXIS2_PLACEMENT_3D('',#3234,#3235,#3236);
#1602=EDGE_LOOP('',(#3237,#3238,#3239,#3240,#3241,#3242,#3243,#3244));
#1603=AXIS2_PLACEMENT_3D('',#3245,#3246,#3247);
#1604=EDGE_LOOP('',(#3248,#3249,#3250,#3251));
#1605=AXIS2_PLACEMENT_3D('',#3252,#3253,#3254);
#1606=EDGE_LOOP('',(#3255,#3256,#3257,#3258,#3259,#3260));
#1607=AXIS2_PLACEMENT_3D('',#3261,#3262,#3263);
#1608=EDGE_LOOP('',(#3264,#3265,#3266,#3267,#3268,#3269,#3270));
#1609=AXIS2_PLACEMENT_3D('',#3271,#3272,#3273);
#1610=EDGE_LOOP('',(#3274,#3275,#3276,#3277));
#1611=AXIS2_PLACEMENT_3D('',#3278,#3279,#3280);
#1612=EDGE_LOOP('',(#3281,#3282,#3283,#3284));
#1613=AXIS2_PLACEMENT_3D('',#3285,#3286,#3287);
#1614=EDGE_LOOP('',(#3288,#3289,#3290,#3291,#3292,#3293,#3294));
#1615=AXIS2_PLACEMENT_3D('',#3295,#3296,#3297);
#1616=EDGE_LOOP('',(#3298,#3299,#3300,#3301,#3302,#3303));
#1617=AXIS2_PLACEMENT_3D('',#3304,#3305,#3306);
#1618=EDGE_LOOP('',(#3307,#3308,#3309,#3310,#3311,#3312,#3313,#3314));
#1619=AXIS2_PLACEMENT_3D('',#3315,#3316,#3317);
#1620=EDGE_LOOP('',(#3318,#3319,#3320,#3321));
#1621=AXIS2_PLACEMENT_3D('',#3322,#3323,#3324);
#1622=EDGE_LOOP('',(#3325,#3326,#3327,#3328,#3329,#3330,#3331,#3332,#3333,#3334,#3335,#3336,#3337,#3338,#3339,#3340,#3341,#3342,#3343,#3344,#3345,#3346,#3347,#3348,#3349,#3350,#3351,#3352,#3353,#3354,#3355,#3356));
#1623=AXIS2_PLACEMENT_3D('',#3357,#3358,#3359);
#1624=EDGE_LOOP('',(#3360,#3361,#3362,#3363));
#1625=AXIS2_PLACEMENT_3D('',#3364,#3365,#3366);
#1626=EDGE_LOOP('',(#3367,#3368,#3369,#3370,#3371,#3372,#3373));
#1627=AXIS2_PLACEMENT_3D('',#3374,#3375,#3376);
#1628=EDGE_LOOP('',(#3377,#3378,#3379,#3380));
#1629=AXIS2_PLACEMENT_3D('',#3381,#3382,#3383);
#1630=EDGE_LOOP('',(#3384,#3385,#3386,#3387,#3388));
#1631=AXIS2_PLACEMENT_3D('',#3389,#3390,#3391);
#1632=EDGE_LOOP('',(#3392,#3393,#3394,#3395,#3396,#3397,#3398,#3399));
#1633=AXIS2_PLACEMENT_3D('',#3400,#3401,#3402);
#1634=EDGE_LOOP('',(#3403,#3404,#3405,#3406));
#1635=AXIS2_PLACEMENT_3D('',#3407,#3408,#3409);
#1636=EDGE_LOOP('',(#3410,#3411,#3412,#3413,#3414,#3415));
#1637=AXIS2_PLACEMENT_3D('',#3416,#3417,#3418);
#1638=EDGE_LOOP('',(#3419,#3420,#3421,#3422));
#1639=AXIS2_PLACEMENT_3D('',#3423,#3424,#3425);
#1640=EDGE_LOOP('',(#3426,#3427,#3428,#3429,#3430,#3431,#3432,#3433));
#1641=EDGE_LOOP('',(#3434,#3435,#3436,#3437));
#1642=AXIS2_PLACEMENT_3D('',#3438,#3439,#3440);
#1643=EDGE_LOOP('',(#3441,#3442,#3443,#3444));
#1644=AXIS2_PLACEMENT_3D('',#3445,#3446,#3447);
#1645=EDGE_LOOP('',(#3448,#3449,#3450,#3451,#3452,#3453));
#1646=AXIS2_PLACEMENT_3D('',#3454,#3455,#3456);
#1647=EDGE_LOOP('',(#3457,#3458,#3459,#3460));
#1648=AXIS2_PLACEMENT_3D('',#3461,#3462,#3463);
#1649=EDGE_LOOP('',(#3464,#3465,#3466,#3467));
#1650=AXIS2_PLACEMENT_3D('',#3468,#3469,#3470);
#1651=EDGE_LOOP('',(#3471,#3472,#3473,#3474,#3475,#3476,#3477));
#1652=AXIS2_PLACEMENT_3D('',#3478,#3479,#3480);
#1653=EDGE_LOOP('',(#3481,#3482,#3483,#3484));
#1654=EDGE_LOOP('',(#3485,#3486,#3487,#3488));
#1655=AXIS2_PLACEMENT_3D('',#3489,#3490,#3491);
#1656=EDGE_LOOP('',(#3492,#3493,#3494,#3495,#3496,#3497,#3498,#3499,#3500,#3501,#3502,#3503));
#1657=AXIS2_PLACEMENT_3D('',#3504,#3505,#3506);
#1658=EDGE_LOOP('',(#3507,#3508,#3509,#3510,#3511,#3512,#3513,#3514,#3515));
#1659=AXIS2_PLACEMENT_3D('',#3516,#3517,#3518);
#1660=EDGE_LOOP('',(#3519,#3520,#3521,#3522));
#1661=AXIS2_PLACEMENT_3D('',#3523,#3524,#3525);
#1662=EDGE_LOOP('',(#3526,#3527,#3528,#3529,#3530,#3531,#3532,#3533,#3534,#3535,#3536,#3537,#3538,#3539,#3540,#3541,#3542,#3543,#3544,#3545,#3546,#3547,#3548,#3549,#3550,#3551,#3552,#3553,#3554,#3555,#3556,#3557,#3558,#3559,#3560,#3561,#3562,#3563,#3564,#3565,#3566,#3567,#3568,#3569,#3570,#3571,#3572,#3573,#3574,#3575,#3576,#3577,#3578,#3579,#3580,#3581,#3582,#3583,#3584,#3585,#3586,#3587,#3588,#3589,#3590,#3591));
#1663=EDGE_LOOP('',(#3592,#3593,#3594,#3595,#3596,#3597,#3598,#3599,#3600,#3601,#3602,#3603,#3604,#3605,#3606,#3607,#3608,#3609,#3610,#3611,#3612,#3613,#3614,#3615,#3616,#3617,#3618,#3619));
#1664=AXIS2_PLACEMENT_3D('',#3620,#3621,#3622);
#1665=EDGE_LOOP('',(#3623,#3624,#3625,#3626,#3627,#3628));
#1666=AXIS2_PLACEMENT_3D('',#3629,#3630,#3631);
#1667=EDGE_LOOP('',(#3632,#3633,#3634,#3635,#3636,#3637));
#1668=AXIS2_PLACEMENT_3D('',#3638,#3639,#3640);
#1669=EDGE_LOOP('',(#3641,#3642,#3643,#3644));
#1670=AXIS2_PLACEMENT_3D('',#3645,#3646,#3647);
#1671=EDGE_LOOP('',(#3648,#3649,#3650,#3651,#3652,#3653));
#1672=AXIS2_PLACEMENT_3D('',#3654,#3655,#3656);
#1673=EDGE_LOOP('',(#3657,#3658,#3659,#3660,#3661,#3662));
#1674=AXIS2_PLACEMENT_3D('',#3663,#3664,#3665);
#1675=EDGE_LOOP('',(#3666,#3667,#3668,#3669));
#1676=AXIS2_PLACEMENT_3D('',#3670,#3671,#3672);
#1677=EDGE_LOOP('',(#3673,#3674,#3675,#3676,#3677,#3678,#3679,#3680,#3681,#3682,#3683,#3684,#3685,#3686,#3687,#3688));
#1678=AXIS2_PLACEMENT_3D('',#3689,#3690,#3691);
#1679=EDGE_LOOP('',(#3692,#3693,#3694,#3695,#3696,#3697));
#1680=AXIS2_PLACEMENT_3D('',#3698,#3699,#3700);
#1681=EDGE_LOOP('',(#3701,#3702,#3703,#3704,#3705,#3706,#3707,#3708,#3709,#3710,#3711,#3712));
#1682=AXIS2_PLACEMENT_3D('',#3713,#3714,#3715);
#1683=EDGE_LOOP('',(#3716,#3717,#3718,#3719,#3720,#3721));
#1684=AXIS2_PLACEMENT_3D('',#3722,#3723,#3724);
#1685=EDGE_LOOP('',(#3725,#3726,#3727,#3728,#3729,#3730));
#1686=AXIS2_PLACEMENT_3D('',#3731,#3732,#3733);
#1687=EDGE_LOOP('',(#3734,#3735,#3736,#3737));
#1688=AXIS2_PLACEMENT_3D('',#3738,#3739,#3740);
#1689=EDGE_LOOP('',(#3741,#3742,#3743,#3744,#3745,#3746,#3747,#3748,#3749,#3750,#3751,#3752,#3753,#3754,#3755,#3756));
#1690=AXIS2_PLACEMENT_3D('',#3757,#3758,#3759);
#1691=EDGE_LOOP('',(#3760,#3761,#3762,#3763));
#1692=AXIS2_PLACEMENT_3D('',#3764,#3765,#3766);
#1693=EDGE_LOOP('',(#3767,#3768,#3769,#3770,#3771,#3772));
#1694=AXIS2_PLACEMENT_3D('',#3773,#3774,#3775);
#1695=EDGE_LOOP('',(#3776,#3777,#3778,#3779,#3780));
#1696=AXIS2_PLACEMENT_3D('',#3781,#3782,#3783);
#1697=EDGE_LOOP('',(#3784,#3785,#3786,#3787));
#1698=AXIS2_PLACEMENT_3D('',#3788,#3789,#3790);
#1699=EDGE_LOOP('',(#3791,#3792,#3793,#3794));
#1700=AXIS2_PLACEMENT_3D('',#3795,#3796,#3797);
#1701=EDGE_LOOP('',(#3798,#3799,#3800,#3801));
#1702=AXIS2_PLACEMENT_3D('',#3802,#3803,#3804);
#1703=EDGE_LOOP('',(#3805,#3806,#3807,#3808));
#1704=AXIS2_PLACEMENT_3D('',#3809,#3810,#3811);
#1705=EDGE_LOOP('',(#3812,#3813,#3814,#3815));
#1706=AXIS2_PLACEMENT_3D('',#3816,#3817,#3818);
#1707=EDGE_LOOP('',(#3819,#3820,#3821,#3822));
#1708=AXIS2_PLACEMENT_3D('',#3823,#3824,#3825);
#1709=EDGE_LOOP('',(#3826,#3827,#3828,#3829));
#1710=AXIS2_PLACEMENT_3D('',#3830,#3831,#3832);
#1711=EDGE_LOOP('',(#3833,#3834,#3835,#3836));
#1712=AXIS2_PLACEMENT_3D('',#3837,#3838,#3839);
#1713=EDGE_LOOP('',(#3840,#3841,#3842,#3843));
#1714=AXIS2_PLACEMENT_3D('',#3844,#3845,#3846);
#1715=EDGE_LOOP('',(#3847,#3848,#3849,#3850,#3851,#3852,#3853,#3854,#3855,#3856,#3857,#3858,#3859,#3860));
#1716=AXIS2_PLACEMENT_3D('',#3861,#3862,#3863);
#1717=EDGE_LOOP('',(#3864,#3865,#3866,#3867));
#1718=EDGE_LOOP('',(#3868,#3869,#3870,#3871));
#1719=AXIS2_PLACEMENT_3D('',#3872,#3873,#3874);
#1720=EDGE_LOOP('',(#3875,#3876,#3877,#3878));
#1721=AXIS2_PLACEMENT_3D('',#3879,#3880,#3881);
#1722=EDGE_LOOP('',(#3882,#3883,#3884,#3885));
#1723=AXIS2_PLACEMENT_3D('',#3886,#3887,#3888);
#1724=EDGE_LOOP('',(#3889,#3890,#3891,#3892,#3893,#3894));
#1725=AXIS2_PLACEMENT_3D('',#3895,#3896,#3897);
#1726=EDGE_LOOP('',(#3898,#3899,#3900,#3901,#3902,#3903,#3904,#3905));
#1727=AXIS2_PLACEMENT_3D('',#3906,#3907,#3908);
#1728=EDGE_LOOP('',(#3909,#3910,#3911,#3912));
#1729=AXIS2_PLACEMENT_3D('',#3913,#3914,#3915);
#1730=EDGE_LOOP('',(#3916,#3917));
#1731=AXIS2_PLACEMENT_3D('',#3918,#3919,#3920);
#1732=EDGE_LOOP('',(#3921,#3922));
#1733=AXIS2_PLACEMENT_3D('',#3923,#3924,#3925);
#1734=EDGE_LOOP('',(#3926,#3927,#3928,#3929,#3930,#3931));
#1735=AXIS2_PLACEMENT_3D('',#3932,#3933,#3934);
#1736=EDGE_LOOP('',(#3935,#3936,#3937,#3938));
#1737=AXIS2_PLACEMENT_3D('',#3939,#3940,#3941);
#1738=EDGE_LOOP('',(#3942,#3943,#3944,#3945));
#1739=AXIS2_PLACEMENT_3D('',#3946,#3947,#3948);
#1740=EDGE_LOOP('',(#3949,#3950,#3951,#3952,#3953,#3954,#3955,#3956,#3957,#3958,#3959,#3960,#3961));
#1741=AXIS2_PLACEMENT_3D('',#3962,#3963,#3964);
#1742=EDGE_LOOP('',(#3965,#3966,#3967,#3968,#3969));
#1743=AXIS2_PLACEMENT_3D('',#3970,#3971,#3972);
#1744=EDGE_LOOP('',(#3973,#3974,#3975,#3976));
#1745=AXIS2_PLACEMENT_3D('',#3977,#3978,#3979);
#1746=EDGE_LOOP('',(#3980,#3981,#3982,#3983,#3984,#3985,#3986,#3987,#3988,#3989,#3990,#3991,#3992,#3993,#3994,#3995,#3996,#3997,#3998,#3999,#4000,#4001,#4002,#4003));
#1747=EDGE_LOOP('',(#4004,#4005));
#1748=AXIS2_PLACEMENT_3D('',#4006,#4007,#4008);
#1749=EDGE_LOOP('',(#4009,#4010,#4011,#4012,#4013,#4014,#4015,#4016));
#1750=AXIS2_PLACEMENT_3D('',#4017,#4018,#4019);
#1751=EDGE_LOOP('',(#4020,#4021,#4022,#4023,#4024,#4025,#4026,#4027,#4028,#4029,#4030,#4031));
#1752=AXIS2_PLACEMENT_3D('',#4032,#4033,#4034);
#1753=EDGE_LOOP('',(#4035,#4036,#4037,#4038));
#1754=EDGE_LOOP('',(#4039,#4040,#4041,#4042));
#1755=AXIS2_PLACEMENT_3D('',#4043,#4044,#4045);
#1756=EDGE_LOOP('',(#4046,#4047,#4048,#4049));
#1757=AXIS2_PLACEMENT_3D('',#4050,#4051,#4052);
#1758=EDGE_LOOP('',(#4053,#4054,#4055,#4056,#4057,#4058,#4059,#4060));
#1759=AXIS2_PLACEMENT_3D('',#4061,#4062,#4063);
#1760=EDGE_LOOP('',(#4064,#4065,#4066,#4067));
#1761=AXIS2_PLACEMENT_3D('',#4068,#4069,#4070);
#1762=EDGE_LOOP('',(#4071,#4072,#4073,#4074));
#1763=AXIS2_PLACEMENT_3D('',#4075,#4076,#4077);
#1764=EDGE_LOOP('',(#4078,#4079,#4080,#4081));
#1765=AXIS2_PLACEMENT_3D('',#4082,#4083,#4084);
#1766=EDGE_LOOP('',(#4085,#4086,#4087,#4088));
#1767=AXIS2_PLACEMENT_3D('',#4089,#4090,#4091);
#1768=EDGE_LOOP('',(#4092,#4093,#4094,#4095));
#1769=AXIS2_PLACEMENT_3D('',#4096,#4097,#4098);
#1770=EDGE_LOOP('',(#4099,#4100,#4101,#4102,#4103));
#1771=AXIS2_PLACEMENT_3D('',#4104,#4105,#4106);
#1772=EDGE_LOOP('',(#4107,#4108,#4109,#4110,#4111,#4112,#4113,#4114,#4115,#4116,#4117,#4118,#4119,#4120,#4121,#4122));
#1773=AXIS2_PLACEMENT_3D('',#4123,#4124,#4125);
#1774=EDGE_LOOP('',(#4126,#4127,#4128,#4129,#4130,#4131));
#1775=AXIS2_PLACEMENT_3D('',#4132,#4133,#4134);
#1776=EDGE_LOOP('',(#4135,#4136,#4137,#4138,#4139,#4140));
#1777=AXIS2_PLACEMENT_3D('',#4141,#4142,#4143);
#1778=EDGE_LOOP('',(#4144,#4145,#4146,#4147));
#1779=AXIS2_PLACEMENT_3D('',#4148,#4149,#4150);
#1780=EDGE_LOOP('',(#4151,#4152,#4153,#4154,#4155,#4156));
#1781=AXIS2_PLACEMENT_3D('',#4157,#4158,#4159);
#1782=EDGE_LOOP('',(#4160,#4161,#4162,#4163));
#1783=AXIS2_PLACEMENT_3D('',#4164,#4165,#4166);
#1784=EDGE_LOOP('',(#4167,#4168,#4169,#4170));
#1785=AXIS2_PLACEMENT_3D('',#4171,#4172,#4173);
#1786=EDGE_LOOP('',(#4174,#4175,#4176,#4177));
#1787=AXIS2_PLACEMENT_3D('',#4178,#4179,#4180);
#1788=EDGE_LOOP('',(#4181,#4182,#4183,#4184));
#1789=AXIS2_PLACEMENT_3D('',#4185,#4186,#4187);
#1790=EDGE_LOOP('',(#4188,#4189,#4190,#4191));
#1791=AXIS2_PLACEMENT_3D('',#4192,#4193,#4194);
#1792=EDGE_LOOP('',(#4195,#4196,#4197,#4198));
#1793=AXIS2_PLACEMENT_3D('',#4199,#4200,#4201);
#1794=EDGE_LOOP('',(#4202,#4203,#4204,#4205));
#1795=AXIS2_PLACEMENT_3D('',#4206,#4207,#4208);
#1796=EDGE_LOOP('',(#4209,#4210,#4211,#4212));
#1797=AXIS2_PLACEMENT_3D('',#4213,#4214,#4215);
#1798=EDGE_LOOP('',(#4216,#4217,#4218,#4219));
#1799=AXIS2_PLACEMENT_3D('',#4220,#4221,#4222);
#1800=EDGE_LOOP('',(#4223,#4224,#4225,#4226));
#1801=AXIS2_PLACEMENT_3D('',#4227,#4228,#4229);
#1802=EDGE_LOOP('',(#4230,#4231,#4232,#4233));
#1803=AXIS2_PLACEMENT_3D('',#4234,#4235,#4236);
#1804=EDGE_LOOP('',(#4237,#4238,#4239,#4240));
#1805=AXIS2_PLACEMENT_3D('',#4241,#4242,#4243);
#1806=EDGE_LOOP('',(#4244,#4245,#4246,#4247));
#1807=AXIS2_PLACEMENT_3D('',#4248,#4249,#4250);
#1808=EDGE_LOOP('',(#4251,#4252,#4253,#4254,#4255,#4256));
#1809=AXIS2_PLACEMENT_3D('',#4257,#4258,#4259);
#1810=EDGE_LOOP('',(#4260,#4261,#4262,#4263,#4264,#4265));
#1811=AXIS2_PLACEMENT_3D('',#4266,#4267,#4268);
#1812=EDGE_LOOP('',(#4269,#4270,#4271,#4272));
#1813=AXIS2_PLACEMENT_3D('',#4273,#4274,#4275);
#1814=EDGE_LOOP('',(#4276,#4277,#4278,#4279,#4280,#4281));
#1815=AXIS2_PLACEMENT_3D('',#4282,#4283,#4284);
#1816=EDGE_LOOP('',(#4285,#4286,#4287,#4288,#4289,#4290));
#1817=AXIS2_PLACEMENT_3D('',#4291,#4292,#4293);
#1818=EDGE_LOOP('',(#4294,#4295,#4296,#4297));
#1819=AXIS2_PLACEMENT_3D('',#4298,#4299,#4300);
#1820=EDGE_LOOP('',(#4301,#4302,#4303,#4304,#4305,#4306,#4307,#4308,#4309,#4310,#4311,#4312,#4313,#4314,#4315,#4316));
#1821=AXIS2_PLACEMENT_3D('',#4317,#4318,#4319);
#1822=EDGE_LOOP('',(#4320,#4321,#4322,#4323));
#1823=AXIS2_PLACEMENT_3D('',#4324,#4325,#4326);
#1824=EDGE_LOOP('',(#4327,#4328,#4329,#4330));
#1825=AXIS2_PLACEMENT_3D('',#4331,#4332,#4333);
#1826=EDGE_LOOP('',(#4334,#4335,#4336,#4337));
#1827=AXIS2_PLACEMENT_3D('',#4338,#4339,#4340);
#1828=EDGE_LOOP('',(#4341,#4342,#4343,#4344));
#1829=AXIS2_PLACEMENT_3D('',#4345,#4346,#4347);
#1830=EDGE_LOOP('',(#4348,#4349,#4350,#4351));
#1831=AXIS2_PLACEMENT_3D('',#4352,#4353,#4354);
#1832=EDGE_LOOP('',(#4355,#4356,#4357,#4358));
#1833=AXIS2_PLACEMENT_3D('',#4359,#4360,#4361);
#1834=EDGE_LOOP('',(#4362,#4363,#4364,#4365));
#1835=AXIS2_PLACEMENT_3D('',#4366,#4367,#4368);
#1836=EDGE_LOOP('',(#4369,#4370,#4371,#4372));
#1837=AXIS2_PLACEMENT_3D('',#4373,#4374,#4375);
#1838=EDGE_LOOP('',(#4376,#4377,#4378,#4379));
#1839=AXIS2_PLACEMENT_3D('',#4380,#4381,#4382);
#1840=EDGE_LOOP('',(#4383,#4384,#4385,#4386));
#1841=AXIS2_PLACEMENT_3D('',#4387,#4388,#4389);
#1842=EDGE_LOOP('',(#4390,#4391,#4392,#4393,#4394,#4395,#4396));
#1843=AXIS2_PLACEMENT_3D('',#4397,#4398,#4399);
#1844=EDGE_LOOP('',(#4400,#4401,#4402,#4403,#4404,#4405,#4406,#4407,#4408,#4409,#4410,#4411,#4412,#4413));
#1845=AXIS2_PLACEMENT_3D('',#4414,#4415,#4416);
#1846=EDGE_LOOP('',(#4417,#4418,#4419,#4420,#4421));
#1847=AXIS2_PLACEMENT_3D('',#4422,#4423,#4424);
#1848=EDGE_LOOP('',(#4425,#4426,#4427,#4428));
#1849=AXIS2_PLACEMENT_3D('',#4429,#4430,#4431);
#1850=EDGE_LOOP('',(#4432,#4433,#4434,#4435,#4436));
#1851=AXIS2_PLACEMENT_3D('',#4437,#4438,#4439);
#1852=EDGE_LOOP('',(#4440,#4441,#4442,#4443,#4444,#4445,#4446,#4447,#4448,#4449,#4450,#4451));
#1853=AXIS2_PLACEMENT_3D('',#4452,#4453,#4454);
#1854=EDGE_LOOP('',(#4455,#4456,#4457,#4458,#4459,#4460));
#1855=AXIS2_PLACEMENT_3D('',#4461,#4462,#4463);
#1856=EDGE_LOOP('',(#4464,#4465,#4466,#4467));
#1857=AXIS2_PLACEMENT_3D('',#4468,#4469,#4470);
#1858=EDGE_LOOP('',(#4471,#4472,#4473,#4474));
#1859=AXIS2_PLACEMENT_3D('',#4475,#4476,#4477);
#1860=EDGE_LOOP('',(#4478,#4479,#4480,#4481));
#1861=AXIS2_PLACEMENT_3D('',#4482,#4483,#4484);
#1862=EDGE_LOOP('',(#4485,#4486,#4487,#4488,#4489));
#1863=AXIS2_PLACEMENT_3D('',#4490,#4491,#4492);
#1864=EDGE_LOOP('',(#4493,#4494,#4495,#4496));
#1865=AXIS2_PLACEMENT_3D('',#4497,#4498,#4499);
#1866=EDGE_LOOP('',(#4500,#4501,#4502,#4503));
#1867=AXIS2_PLACEMENT_3D('',#4504,#4505,#4506);
#1868=EDGE_LOOP('',(#4507,#4508,#4509,#4510));
#1869=AXIS2_PLACEMENT_3D('',#4511,#4512,#4513);
#1870=EDGE_LOOP('',(#4514,#4515,#4516,#4517,#4518,#4519,#4520,#4521));
#1871=AXIS2_PLACEMENT_3D('',#4522,#4523,#4524);
#1872=EDGE_LOOP('',(#4525,#4526,#4527,#4528));
#1873=AXIS2_PLACEMENT_3D('',#4529,#4530,#4531);
#1874=EDGE_LOOP('',(#4532,#4533,#4534,#4535));
#1875=EDGE_LOOP('',(#4536,#4537,#4538,#4539));
#1876=AXIS2_PLACEMENT_3D('',#4540,#4541,#4542);
#1877=EDGE_LOOP('',(#4543,#4544,#4545,#4546));
#1878=AXIS2_PLACEMENT_3D('',#4547,#4548,#4549);
#1879=EDGE_LOOP('',(#4550,#4551,#4552,#4553,#4554,#4555,#4556,#4557));
#1880=AXIS2_PLACEMENT_3D('',#4558,#4559,#4560);
#1881=EDGE_LOOP('',(#4561,#4562,#4563,#4564));
#1882=AXIS2_PLACEMENT_3D('',#4565,#4566,#4567);
#1883=EDGE_LOOP('',(#4568,#4569,#4570,#4571));
#1884=AXIS2_PLACEMENT_3D('',#4572,#4573,#4574);
#1885=EDGE_LOOP('',(#4575,#4576,#4577,#4578));
#1886=AXIS2_PLACEMENT_3D('',#4579,#4580,#4581);
#1887=EDGE_LOOP('',(#4582,#4583,#4584,#4585));
#1888=AXIS2_PLACEMENT_3D('',#4586,#4587,#4588);
#1889=EDGE_LOOP('',(#4589,#4590,#4591,#4592));
#1890=AXIS2_PLACEMENT_3D('',#4593,#4594,#4595);
#1891=EDGE_LOOP('',(#4596,#4597,#4598,#4599,#4600,#4601,#4602,#4603));
#1892=AXIS2_PLACEMENT_3D('',#4604,#4605,#4606);
#1893=EDGE_LOOP('',(#4607,#4608,#4609,#4610));
#1894=AXIS2_PLACEMENT_3D('',#4611,#4612,#4613);
#1895=EDGE_LOOP('',(#4614,#4615,#4616,#4617));
#1896=AXIS2_PLACEMENT_3D('',#4618,#4619,#4620);
#1897=EDGE_LOOP('',(#4621,#4622,#4623,#4624,#4625,#4626));
#1898=AXIS2_PLACEMENT_3D('',#4627,#4628,#4629);
#1899=EDGE_LOOP('',(#4630,#4631,#4632,#4633));
#1900=AXIS2_PLACEMENT_3D('',#4634,#4635,#4636);
#1901=EDGE_LOOP('',(#4637,#4638,#4639,#4640,#4641,#4642));
#1902=AXIS2_PLACEMENT_3D('',#4643,#4644,#4645);
#1903=EDGE_LOOP('',(#4646,#4647,#4648,#4649));
#1904=AXIS2_PLACEMENT_3D('',#4650,#4651,#4652);
#1905=EDGE_LOOP('',(#4653,#4654,#4655,#4656));
#1906=AXIS2_PLACEMENT_3D('',#4657,#4658,#4659);
#1907=EDGE_LOOP('',(#4660,#4661,#4662,#4663));
#1908=AXIS2_PLACEMENT_3D('',#4664,#4665,#4666);
#1909=EDGE_LOOP('',(#4667,#4668,#4669,#4670));
#1910=AXIS2_PLACEMENT_3D('',#4671,#4672,#4673);
#1911=EDGE_LOOP('',(#4674,#4675,#4676,#4677));
#1912=AXIS2_PLACEMENT_3D('',#4678,#4679,#4680);
#1913=EDGE_LOOP('',(#4681,#4682,#4683));
#1914=AXIS2_PLACEMENT_3D('',#4684,#4685,#4686);
#1915=EDGE_LOOP('',(#4687,#4688,#4689,#4690));
#1916=AXIS2_PLACEMENT_3D('',#4691,#4692,#4693);
#1917=EDGE_LOOP('',(#4694,#4695,#4696,#4697));
#1918=AXIS2_PLACEMENT_3D('',#4698,#4699,#4700);
#1919=EDGE_LOOP('',(#4701,#4702,#4703,#4704));
#1920=AXIS2_PLACEMENT_3D('',#4705,#4706,#4707);
#1921=EDGE_LOOP('',(#4708,#4709,#4710,#4711));
#1922=AXIS2_PLACEMENT_3D('',#4712,#4713,#4714);
#1923=EDGE_LOOP('',(#4715,#4716,#4717,#4718));
#1924=AXIS2_PLACEMENT_3D('',#4719,#4720,#4721);
#1925=EDGE_LOOP('',(#4722,#4723,#4724,#4725,#4726));
#1926=AXIS2_PLACEMENT_3D('',#4727,#4728,#4729);
#1927=EDGE_LOOP('',(#4730,#4731,#4732,#4733,#4734,#4735,#4736,#4737,#4738,#4739,#4740,#4741));
#1928=AXIS2_PLACEMENT_3D('',#4742,#4743,#4744);
#1929=EDGE_LOOP('',(#4745,#4746,#4747,#4748,#4749));
#1930=AXIS2_PLACEMENT_3D('',#4750,#4751,#4752);
#1931=EDGE_LOOP('',(#4753,#4754,#4755,#4756));
#1932=AXIS2_PLACEMENT_3D('',#4757,#4758,#4759);
#1933=EDGE_LOOP('',(#4760,#4761,#4762,#4763));
#1934=AXIS2_PLACEMENT_3D('',#4764,#4765,#4766);
#1935=EDGE_LOOP('',(#4767,#4768,#4769,#4770));
#1936=AXIS2_PLACEMENT_3D('',#4771,#4772,#4773);
#1937=EDGE_LOOP('',(#4774,#4775,#4776,#4777));
#1938=AXIS2_PLACEMENT_3D('',#4778,#4779,#4780);
#1939=EDGE_LOOP('',(#4781,#4782,#4783,#4784));
#1940=AXIS2_PLACEMENT_3D('',#4785,#4786,#4787);
#1941=EDGE_LOOP('',(#4788,#4789,#4790,#4791,#4792,#4793));
#1942=AXIS2_PLACEMENT_3D('',#4794,#4795,#4796);
#1943=EDGE_LOOP('',(#4797,#4798,#4799,#4800));
#1944=AXIS2_PLACEMENT_3D('',#4801,#4802,#4803);
#1945=EDGE_LOOP('',(#4804,#4805,#4806,#4807,#4808,#4809));
#1946=AXIS2_PLACEMENT_3D('',#4810,#4811,#4812);
#1947=EDGE_LOOP('',(#4813,#4814,#4815,#4816));
#1948=AXIS2_PLACEMENT_3D('',#4817,#4818,#4819);
#1949=EDGE_LOOP('',(#4820,#4821,#4822,#4823));
#1950=AXIS2_PLACEMENT_3D('',#4824,#4825,#4826);
#1951=EDGE_LOOP('',(#4827,#4828,#4829,#4830,#4831,#4832));
#1952=EDGE_LOOP('',(#4833,#4834,#4835,#4836));
#1953=AXIS2_PLACEMENT_3D('',#4837,#4838,#4839);
#1954=EDGE_LOOP('',(#4840,#4841,#4842,#4843));
#1955=AXIS2_PLACEMENT_3D('',#4844,#4845,#4846);
#1956=EDGE_LOOP('',(#4847,#4848,#4849,#4850,#4851,#4852));
#1957=AXIS2_PLACEMENT_3D('',#4853,#4854,#4855);
#1958=EDGE_LOOP('',(#4856,#4857,#4858,#4859));
#1959=AXIS2_PLACEMENT_3D('',#4860,#4861,#4862);
#1960=EDGE_LOOP('',(#4863,#4864,#4865,#4866,#4867,#4868));
#1961=AXIS2_PLACEMENT_3D('',#4869,#4870,#4871);
#1962=EDGE_LOOP('',(#4872,#4873,#4874,#4875));
#1963=AXIS2_PLACEMENT_3D('',#4876,#4877,#4878);
#1964=EDGE_LOOP('',(#4879,#4880,#4881,#4882,#4883,#4884,#4885));
#1965=AXIS2_PLACEMENT_3D('',#4886,#4887,#4888);
#1966=EDGE_LOOP('',(#4889,#4890,#4891,#4892));
#1967=AXIS2_PLACEMENT_3D('',#4893,#4894,#4895);
#1968=EDGE_LOOP('',(#4896,#4897,#4898,#4899,#4900));
#1969=AXIS2_PLACEMENT_3D('',#4901,#4902,#4903);
#1970=EDGE_LOOP('',(#4904,#4905,#4906,#4907,#4908,#4909,#4910,#4911));
#1971=AXIS2_PLACEMENT_3D('',#4912,#4913,#4914);
#1972=EDGE_LOOP('',(#4915,#4916,#4917,#4918));
#1973=AXIS2_PLACEMENT_3D('',#4919,#4920,#4921);
#1974=EDGE_LOOP('',(#4922,#4923,#4924,#4925));
#1975=AXIS2_PLACEMENT_3D('',#4926,#4927,#4928);
#1976=EDGE_LOOP('',(#4929,#4930,#4931,#4932,#4933,#4934));
#1977=AXIS2_PLACEMENT_3D('',#4935,#4936,#4937);
#1978=EDGE_LOOP('',(#4938,#4939,#4940,#4941));
#1979=AXIS2_PLACEMENT_3D('',#4942,#4943,#4944);
#1980=EDGE_LOOP('',(#4945,#4946,#4947,#4948,#4949,#4950,#4951,#4952));
#1981=EDGE_LOOP('',(#4953,#4954,#4955,#4956));
#1982=AXIS2_PLACEMENT_3D('',#4957,#4958,#4959);
#1983=EDGE_LOOP('',(#4960,#4961,#4962,#4963));
#1984=AXIS2_PLACEMENT_3D('',#4964,#4965,#4966);
#1985=EDGE_LOOP('',(#4967,#4968,#4969,#4970,#4971,#4972));
#1986=AXIS2_PLACEMENT_3D('',#4973,#4974,#4975);
#1987=EDGE_LOOP('',(#4976,#4977,#4978,#4979,#4980,#4981,#4982,#4983));
#1988=AXIS2_PLACEMENT_3D('',#4984,#4985,#4986);
#1989=EDGE_LOOP('',(#4987,#4988,#4989,#4990));
#1990=AXIS2_PLACEMENT_3D('',#4991,#4992,#4993);
#1991=EDGE_LOOP('',(#4994,#4995,#4996,#4997));
#1992=AXIS2_PLACEMENT_3D('',#4998,#4999,#5000);
#1993=EDGE_LOOP('',(#5001,#5002,#5003,#5004));
#1994=AXIS2_PLACEMENT_3D('',#5005,#5006,#5007);
#1995=EDGE_LOOP('',(#5008,#5009,#5010,#5011,#5012,#5013));
#1996=AXIS2_PLACEMENT_3D('',#5014,#5015,#5016);
#1997=EDGE_LOOP('',(#5017,#5018,#5019,#5020,#5021,#5022,#5023));
#1998=AXIS2_PLACEMENT_3D('',#5024,#5025,#5026);
#1999=EDGE_LOOP('',(#5027,#5028,#5029,#5030));
#2000=AXIS2_PLACEMENT_3D('',#5031,#5032,#5033);
#2001=EDGE_LOOP('',(#5034,#5035,#5036,#5037,#5038,#5039,#5040));
#2002=AXIS2_PLACEMENT_3D('',#5041,#5042,#5043);
#2003=EDGE_LOOP('',(#5044,#5045,#5046,#5047));
#2004=AXIS2_PLACEMENT_3D('',#5048,#5049,#5050);
#2005=EDGE_LOOP('',(#5051,#5052,#5053,#5054));
#2006=AXIS2_PLACEMENT_3D('',#5055,#5056,#5057);
#2007=EDGE_LOOP('',(#5058,#5059,#5060,#5061));
#2008=AXIS2_PLACEMENT_3D('',#5062,#5063,#5064);
#2009=EDGE_LOOP('',(#5065,#5066,#5067,#5068));
#2010=AXIS2_PLACEMENT_3D('',#5069,#5070,#5071);
#2011=EDGE_LOOP('',(#5072,#5073,#5074,#5075));
#2012=AXIS2_PLACEMENT_3D('',#5076,#5077,#5078);
#2013=EDGE_LOOP('',(#5079,#5080,#5081,#5082));
#2014=AXIS2_PLACEMENT_3D('',#5083,#5084,#5085);
#2015=EDGE_LOOP('',(#5086,#5087,#5088,#5089));
#2016=AXIS2_PLACEMENT_3D('',#5090,#5091,#5092);
#2017=EDGE_LOOP('',(#5093,#5094,#5095,#5096,#5097));
#2018=AXIS2_PLACEMENT_3D('',#5098,#5099,#5100);
#2019=EDGE_LOOP('',(#5101,#5102,#5103,#5104,#5105));
#2020=AXIS2_PLACEMENT_3D('',#5106,#5107,#5108);
#2021=EDGE_LOOP('',(#5109,#5110,#5111,#5112));
#2022=AXIS2_PLACEMENT_3D('',#5113,#5114,#5115);
#2023=EDGE_LOOP('',(#5116,#5117,#5118,#5119));
#2024=AXIS2_PLACEMENT_3D('',#5120,#5121,#5122);
#2025=EDGE_LOOP('',(#5123,#5124,#5125,#5126,#5127,#5128));
#2026=AXIS2_PLACEMENT_3D('',#5129,#5130,#5131);
#2027=EDGE_LOOP('',(#5132,#5133,#5134,#5135,#5136,#5137));
#2028=AXIS2_PLACEMENT_3D('',#5138,#5139,#5140);
#2029=EDGE_LOOP('',(#5141,#5142,#5143,#5144));
#2030=AXIS2_PLACEMENT_3D('',#5145,#5146,#5147);
#2031=EDGE_LOOP('',(#5148,#5149,#5150,#5151));
#2032=AXIS2_PLACEMENT_3D('',#5152,#5153,#5154);
#2033=EDGE_LOOP('',(#5155,#5156,#5157,#5158));
#2034=AXIS2_PLACEMENT_3D('',#5159,#5160,#5161);
#2035=EDGE_LOOP('',(#5162,#5163,#5164,#5165));
#2036=AXIS2_PLACEMENT_3D('',#5166,#5167,#5168);
#2037=EDGE_LOOP('',(#5169,#5170,#5171,#5172));
#2038=AXIS2_PLACEMENT_3D('',#5173,#5174,#5175);
#2039=EDGE_LOOP('',(#5176,#5177,#5178,#5179));
#2040=AXIS2_PLACEMENT_3D('',#5180,#5181,#5182);
#2041=EDGE_LOOP('',(#5183,#5184,#5185,#5186));
#2042=AXIS2_PLACEMENT_3D('',#5187,#5188,#5189);
#2043=EDGE_LOOP('',(#5190,#5191,#5192,#5193));
#2044=AXIS2_PLACEMENT_3D('',#5194,#5195,#5196);
#2045=EDGE_LOOP('',(#5197,#5198,#5199,#5200));
#2046=AXIS2_PLACEMENT_3D('',#5201,#5202,#5203);
#2047=EDGE_LOOP('',(#5204,#5205,#5206,#5207));
#2048=AXIS2_PLACEMENT_3D('',#5208,#5209,#5210);
#2049=EDGE_LOOP('',(#5211,#5212,#5213,#5214));
#2050=AXIS2_PLACEMENT_3D('',#5215,#5216,#5217);
#2051=EDGE_LOOP('',(#5218,#5219,#5220,#5221));
#2052=AXIS2_PLACEMENT_3D('',#5222,#5223,#5224);
#2053=EDGE_LOOP('',(#5225,#5226,#5227,#5228));
#2054=AXIS2_PLACEMENT_3D('',#5229,#5230,#5231);
#2055=EDGE_LOOP('',(#5232,#5233,#5234,#5235));
#2056=AXIS2_PLACEMENT_3D('',#5236,#5237,#5238);
#2057=EDGE_LOOP('',(#5239,#5240,#5241,#5242));
#2058=AXIS2_PLACEMENT_3D('',#5243,#5244,#5245);
#2059=EDGE_LOOP('',(#5246,#5247,#5248,#5249));
#2060=AXIS2_PLACEMENT_3D('',#5250,#5251,#5252);
#2061=EDGE_LOOP('',(#5253,#5254,#5255,#5256));
#2062=AXIS2_PLACEMENT_3D('',#5257,#5258,#5259);
#2063=EDGE_LOOP('',(#5260,#5261,#5262,#5263));
#2064=AXIS2_PLACEMENT_3D('',#5264,#5265,#5266);
#2065=EDGE_LOOP('',(#5267,#5268,#5269,#5270));
#2066=AXIS2_PLACEMENT_3D('',#5271,#5272,#5273);
#2067=EDGE_LOOP('',(#5274,#5275,#5276,#5277));
#2068=AXIS2_PLACEMENT_3D('',#5278,#5279,#5280);
#2069=EDGE_LOOP('',(#5281,#5282,#5283,#5284));
#2070=AXIS2_PLACEMENT_3D('',#5285,#5286,#5287);
#2071=EDGE_LOOP('',(#5288,#5289,#5290,#5291));
#2072=AXIS2_PLACEMENT_3D('',#5292,#5293,#5294);
#2073=EDGE_LOOP('',(#5295,#5296,#5297,#5298));
#2074=AXIS2_PLACEMENT_3D('',#5299,#5300,#5301);
#2075=EDGE_LOOP('',(#5302,#5303,#5304,#5305));
#2076=AXIS2_PLACEMENT_3D('',#5306,#5307,#5308);
#2077=EDGE_LOOP('',(#5309,#5310,#5311,#5312));
#2078=AXIS2_PLACEMENT_3D('',#5313,#5314,#5315);
#2079=EDGE_LOOP('',(#5316,#5317,#5318,#5319));
#2080=AXIS2_PLACEMENT_3D('',#5320,#5321,#5322);
#2081=EDGE_LOOP('',(#5323,#5324,#5325,#5326));
#2082=AXIS2_PLACEMENT_3D('',#5327,#5328,#5329);
#2083=EDGE_LOOP('',(#5330,#5331,#5332,#5333));
#2084=AXIS2_PLACEMENT_3D('',#5334,#5335,#5336);
#2085=EDGE_LOOP('',(#5337,#5338,#5339,#5340));
#2086=AXIS2_PLACEMENT_3D('',#5341,#5342,#5343);
#2087=EDGE_LOOP('',(#5344,#5345,#5346,#5347));
#2088=AXIS2_PLACEMENT_3D('',#5348,#5349,#5350);
#2089=EDGE_LOOP('',(#5351,#5352,#5353,#5354));
#2090=AXIS2_PLACEMENT_3D('',#5355,#5356,#5357);
#2091=EDGE_LOOP('',(#5358,#5359,#5360,#5361));
#2092=AXIS2_PLACEMENT_3D('',#5362,#5363,#5364);
#2093=EDGE_LOOP('',(#5365,#5366,#5367,#5368));
#2094=AXIS2_PLACEMENT_3D('',#5369,#5370,#5371);
#2095=EDGE_LOOP('',(#5372,#5373,#5374,#5375));
#2096=AXIS2_PLACEMENT_3D('',#5376,#5377,#5378);
#2097=EDGE_LOOP('',(#5379,#5380,#5381,#5382));
#2098=AXIS2_PLACEMENT_3D('',#5383,#5384,#5385);
#2099=EDGE_LOOP('',(#5386,#5387,#5388,#5389));
#2100=AXIS2_PLACEMENT_3D('',#5390,#5391,#5392);
#2101=EDGE_LOOP('',(#5393,#5394,#5395,#5396));
#2102=AXIS2_PLACEMENT_3D('',#5397,#5398,#5399);
#2103=EDGE_LOOP('',(#5400,#5401,#5402,#5403));
#2104=AXIS2_PLACEMENT_3D('',#5404,#5405,#5406);
#2105=EDGE_LOOP('',(#5407,#5408,#5409,#5410));
#2106=AXIS2_PLACEMENT_3D('',#5411,#5412,#5413);
#2107=EDGE_LOOP('',(#5414,#5415,#5416,#5417));
#2108=AXIS2_PLACEMENT_3D('',#5418,#5419,#5420);
#2109=EDGE_LOOP('',(#5421,#5422,#5423,#5424));
#2110=AXIS2_PLACEMENT_3D('',#5425,#5426,#5427);
#2111=EDGE_LOOP('',(#5428,#5429,#5430,#5431));
#2112=AXIS2_PLACEMENT_3D('',#5432,#5433,#5434);
#2113=EDGE_LOOP('',(#5435,#5436,#5437,#5438));
#2114=AXIS2_PLACEMENT_3D('',#5439,#5440,#5441);
#2115=EDGE_LOOP('',(#5442,#5443,#5444,#5445));
#2116=AXIS2_PLACEMENT_3D('',#5446,#5447,#5448);
#2117=EDGE_LOOP('',(#5449,#5450,#5451,#5452));
#2118=AXIS2_PLACEMENT_3D('',#5453,#5454,#5455);
#2119=EDGE_LOOP('',(#5456,#5457,#5458,#5459));
#2120=AXIS2_PLACEMENT_3D('',#5460,#5461,#5462);
#2121=EDGE_LOOP('',(#5463,#5464,#5465,#5466));
#2122=AXIS2_PLACEMENT_3D('',#5467,#5468,#5469);
#2123=EDGE_LOOP('',(#5470,#5471,#5472,#5473));
#2124=AXIS2_PLACEMENT_3D('',#5474,#5475,#5476);
#2125=EDGE_LOOP('',(#5477,#5478,#5479,#5480));
#2126=AXIS2_PLACEMENT_3D('',#5481,#5482,#5483);
#2127=EDGE_LOOP('',(#5484,#5485,#5486,#5487));
#2128=AXIS2_PLACEMENT_3D('',#5488,#5489,#5490);
#2129=EDGE_LOOP('',(#5491,#5492,#5493,#5494));
#2130=AXIS2_PLACEMENT_3D('',#5495,#5496,#5497);
#2131=EDGE_LOOP('',(#5498,#5499,#5500,#5501));
#2132=AXIS2_PLACEMENT_3D('',#5502,#5503,#5504);
#2133=EDGE_LOOP('',(#5505,#5506,#5507,#5508));
#2134=AXIS2_PLACEMENT_3D('',#5509,#5510,#5511);
#2135=EDGE_LOOP('',(#5512,#5513,#5514,#5515));
#2136=AXIS2_PLACEMENT_3D('',#5516,#5517,#5518);
#2137=EDGE_LOOP('',(#5519,#5520,#5521,#5522));
#2138=AXIS2_PLACEMENT_3D('',#5523,#5524,#5525);
#2139=EDGE_LOOP('',(#5526,#5527,#5528,#5529));
#2140=AXIS2_PLACEMENT_3D('',#5530,#5531,#5532);
#2141=EDGE_LOOP('',(#5533,#5534,#5535,#5536));
#2142=AXIS2_PLACEMENT_3D('',#5537,#5538,#5539);
#2143=EDGE_LOOP('',(#5540,#5541,#5542,#5543));
#2144=AXIS2_PLACEMENT_3D('',#5544,#5545,#5546);
#2145=EDGE_LOOP('',(#5547,#5548,#5549,#5550));
#2146=AXIS2_PLACEMENT_3D('',#5551,#5552,#5553);
#2147=EDGE_LOOP('',(#5554,#5555,#5556,#5557));
#2148=AXIS2_PLACEMENT_3D('',#5558,#5559,#5560);
#2149=EDGE_LOOP('',(#5561,#5562,#5563,#5564));
#2150=AXIS2_PLACEMENT_3D('',#5565,#5566,#5567);
#2151=EDGE_LOOP('',(#5568,#5569,#5570,#5571,#5572,#5573,#5574));
#2152=AXIS2_PLACEMENT_3D('',#5575,#5576,#5577);
#2153=EDGE_LOOP('',(#5578,#5579,#5580,#5581));
#2154=AXIS2_PLACEMENT_3D('',#5582,#5583,#5584);
#2155=EDGE_LOOP('',(#5585,#5586,#5587,#5588));
#2156=AXIS2_PLACEMENT_3D('',#5589,#5590,#5591);
#2157=EDGE_LOOP('',(#5592,#5593,#5594,#5595));
#2158=AXIS2_PLACEMENT_3D('',#5596,#5597,#5598);
#2159=EDGE_LOOP('',(#5599,#5600,#5601,#5602));
#2160=AXIS2_PLACEMENT_3D('',#5603,#5604,#5605);
#2161=EDGE_LOOP('',(#5606,#5607,#5608,#5609));
#2162=AXIS2_PLACEMENT_3D('',#5610,#5611,#5612);
#2163=EDGE_LOOP('',(#5613,#5614,#5615,#5616));
#2164=AXIS2_PLACEMENT_3D('',#5617,#5618,#5619);
#2165=EDGE_LOOP('',(#5620,#5621,#5622,#5623));
#2166=AXIS2_PLACEMENT_3D('',#5624,#5625,#5626);
#2167=EDGE_LOOP('',(#5627,#5628,#5629,#5630));
#2168=AXIS2_PLACEMENT_3D('',#5631,#5632,#5633);
#2169=EDGE_LOOP('',(#5634,#5635,#5636,#5637));
#2170=AXIS2_PLACEMENT_3D('',#5638,#5639,#5640);
#2171=EDGE_LOOP('',(#5641,#5642,#5643,#5644));
#2172=AXIS2_PLACEMENT_3D('',#5645,#5646,#5647);
#2173=EDGE_LOOP('',(#5648,#5649,#5650,#5651));
#2174=AXIS2_PLACEMENT_3D('',#5652,#5653,#5654);
#2175=EDGE_LOOP('',(#5655,#5656,#5657,#5658,#5659,#5660,#5661,#5662,#5663,#5664,#5665,#5666,#5667,#5668,#5669,#5670,#5671,#5672,#5673,#5674,#5675,#5676));
#2176=AXIS2_PLACEMENT_3D('',#5677,#5678,#5679);
#2177=EDGE_LOOP('',(#5680,#5681,#5682,#5683));
#2178=AXIS2_PLACEMENT_3D('',#5684,#5685,#5686);
#2179=EDGE_LOOP('',(#5687,#5688,#5689,#5690));
#2180=AXIS2_PLACEMENT_3D('',#5691,#5692,#5693);
#2181=EDGE_LOOP('',(#5694,#5695,#5696,#5697));
#2182=AXIS2_PLACEMENT_3D('',#5698,#5699,#5700);
#2183=EDGE_LOOP('',(#5701,#5702,#5703,#5704));
#2184=AXIS2_PLACEMENT_3D('',#5705,#5706,#5707);
#2185=EDGE_LOOP('',(#5708,#5709,#5710,#5711));
#2186=AXIS2_PLACEMENT_3D('',#5712,#5713,#5714);
#2187=EDGE_LOOP('',(#5715,#5716,#5717,#5718));
#2188=AXIS2_PLACEMENT_3D('',#5719,#5720,#5721);
#2189=EDGE_LOOP('',(#5722,#5723,#5724,#5725,#5726,#5727));
#2190=AXIS2_PLACEMENT_3D('',#5728,#5729,#5730);
#2191=EDGE_LOOP('',(#5731,#5732,#5733,#5734));
#2192=AXIS2_PLACEMENT_3D('',#5735,#5736,#5737);
#2193=EDGE_LOOP('',(#5738,#5739,#5740,#5741));
#2194=AXIS2_PLACEMENT_3D('',#5742,#5743,#5744);
#2195=EDGE_LOOP('',(#5745,#5746,#5747,#5748));
#2196=AXIS2_PLACEMENT_3D('',#5749,#5750,#5751);
#2197=EDGE_LOOP('',(#5752,#5753,#5754,#5755,#5756,#5757));
#2198=AXIS2_PLACEMENT_3D('',#5758,#5759,#5760);
#2199=EDGE_LOOP('',(#5761,#5762,#5763,#5764));
#2200=AXIS2_PLACEMENT_3D('',#5765,#5766,#5767);
#2201=EDGE_LOOP('',(#5768,#5769,#5770,#5771));
#2202=AXIS2_PLACEMENT_3D('',#5772,#5773,#5774);
#2203=EDGE_LOOP('',(#5775,#5776,#5777,#5778));
#2204=AXIS2_PLACEMENT_3D('',#5779,#5780,#5781);
#2205=EDGE_LOOP('',(#5782,#5783,#5784,#5785));
#2206=AXIS2_PLACEMENT_3D('',#5786,#5787,#5788);
#2207=EDGE_LOOP('',(#5789,#5790,#5791,#5792));
#2208=AXIS2_PLACEMENT_3D('',#5793,#5794,#5795);
#2209=EDGE_LOOP('',(#5796,#5797,#5798,#5799));
#2210=AXIS2_PLACEMENT_3D('',#5800,#5801,#5802);
#2211=EDGE_LOOP('',(#5803,#5804,#5805,#5806));
#2212=AXIS2_PLACEMENT_3D('',#5807,#5808,#5809);
#2213=EDGE_LOOP('',(#5810,#5811,#5812,#5813,#5814,#5815));
#2214=AXIS2_PLACEMENT_3D('',#5816,#5817,#5818);
#2215=EDGE_LOOP('',(#5819,#5820,#5821,#5822));
#2216=AXIS2_PLACEMENT_3D('',#5823,#5824,#5825);
#2217=EDGE_LOOP('',(#5826,#5827,#5828,#5829));
#2218=AXIS2_PLACEMENT_3D('',#5830,#5831,#5832);
#2219=EDGE_LOOP('',(#5833,#5834,#5835,#5836,#5837,#5838,#5839,#5840,#5841,#5842,#5843,#5844,#5845,#5846,#5847,#5848,#5849,#5850,#5851,#5852,#5853,#5854));
#2220=AXIS2_PLACEMENT_3D('',#5855,#5856,#5857);
#2221=EDGE_LOOP('',(#5858,#5859,#5860,#5861));
#2222=AXIS2_PLACEMENT_3D('',#5862,#5863,#5864);
#2223=EDGE_LOOP('',(#5865,#5866,#5867,#5868,#5869,#5870,#5871,#5872,#5873,#5874,#5875,#5876,#5877,#5878,#5879,#5880,#5881,#5882,#5883,#5884,#5885,#5886));
#2224=AXIS2_PLACEMENT_3D('',#5887,#5888,#5889);
#2225=EDGE_LOOP('',(#5890,#5891,#5892,#5893));
#2226=AXIS2_PLACEMENT_3D('',#5894,#5895,#5896);
#2227=EDGE_LOOP('',(#5897,#5898,#5899,#5900));
#2228=AXIS2_PLACEMENT_3D('',#5901,#5902,#5903);
#2229=EDGE_LOOP('',(#5904,#5905,#5906,#5907));
#2230=AXIS2_PLACEMENT_3D('',#5908,#5909,#5910);
#2231=EDGE_LOOP('',(#5911,#5912,#5913,#5914));
#2232=AXIS2_PLACEMENT_3D('',#5915,#5916,#5917);
#2233=EDGE_LOOP('',(#5918,#5919,#5920,#5921));
#2234=AXIS2_PLACEMENT_3D('',#5922,#5923,#5924);
#2235=EDGE_LOOP('',(#5925,#5926,#5927,#5928));
#2236=AXIS2_PLACEMENT_3D('',#5929,#5930,#5931);
#2237=EDGE_LOOP('',(#5932,#5933,#5934,#5935,#5936,#5937));
#2238=AXIS2_PLACEMENT_3D('',#5938,#5939,#5940);
#2239=EDGE_LOOP('',(#5941,#5942,#5943,#5944));
#2240=AXIS2_PLACEMENT_3D('',#5945,#5946,#5947);
#2241=EDGE_LOOP('',(#5948,#5949,#5950,#5951));
#2242=AXIS2_PLACEMENT_3D('',#5952,#5953,#5954);
#2243=EDGE_LOOP('',(#5955,#5956,#5957,#5958));
#2244=AXIS2_PLACEMENT_3D('',#5959,#5960,#5961);
#2245=EDGE_LOOP('',(#5962,#5963,#5964,#5965,#5966,#5967));
#2246=AXIS2_PLACEMENT_3D('',#5968,#5969,#5970);
#2247=EDGE_LOOP('',(#5971,#5972,#5973,#5974));
#2248=AXIS2_PLACEMENT_3D('',#5975,#5976,#5977);
#2249=EDGE_LOOP('',(#5978,#5979,#5980,#5981));
#2250=AXIS2_PLACEMENT_3D('',#5982,#5983,#5984);
#2251=EDGE_LOOP('',(#5985,#5986,#5987,#5988));
#2252=AXIS2_PLACEMENT_3D('',#5989,#5990,#5991);
#2253=EDGE_LOOP('',(#5992,#5993,#5994,#5995));
#2254=AXIS2_PLACEMENT_3D('',#5996,#5997,#5998);
#2255=EDGE_LOOP('',(#5999,#6000,#6001,#6002));
#2256=AXIS2_PLACEMENT_3D('',#6003,#6004,#6005);
#2257=EDGE_LOOP('',(#6006,#6007,#6008,#6009));
#2258=AXIS2_PLACEMENT_3D('',#6010,#6011,#6012);
#2259=EDGE_LOOP('',(#6013,#6014,#6015,#6016));
#2260=AXIS2_PLACEMENT_3D('',#6017,#6018,#6019);
#2261=EDGE_LOOP('',(#6020,#6021,#6022,#6023,#6024,#6025,#6026,#6027,#6028,#6029,#6030,#6031,#6032,#6033,#6034,#6035,#6036,#6037,#6038,#6039,#6040,#6041));
#2262=AXIS2_PLACEMENT_3D('',#6042,#6043,#6044);
#2263=EDGE_LOOP('',(#6045,#6046,#6047,#6048));
#2264=AXIS2_PLACEMENT_3D('',#6049,#6050,#6051);
#2265=EDGE_LOOP('',(#6052,#6053,#6054,#6055));
#2266=AXIS2_PLACEMENT_3D('',#6056,#6057,#6058);
#2267=EDGE_LOOP('',(#6059,#6060,#6061,#6062));
#2268=AXIS2_PLACEMENT_3D('',#6063,#6064,#6065);
#2269=EDGE_LOOP('',(#6066,#6067,#6068,#6069));
#2270=AXIS2_PLACEMENT_3D('',#6070,#6071,#6072);
#2271=EDGE_LOOP('',(#6073,#6074,#6075,#6076));
#2272=AXIS2_PLACEMENT_3D('',#6077,#6078,#6079);
#2273=EDGE_LOOP('',(#6080,#6081,#6082,#6083));
#2274=AXIS2_PLACEMENT_3D('',#6084,#6085,#6086);
#2275=EDGE_LOOP('',(#6087,#6088,#6089,#6090,#6091,#6092));
#2276=AXIS2_PLACEMENT_3D('',#6093,#6094,#6095);
#2277=EDGE_LOOP('',(#6096,#6097,#6098,#6099));
#2278=AXIS2_PLACEMENT_3D('',#6100,#6101,#6102);
#2279=EDGE_LOOP('',(#6103,#6104,#6105,#6106));
#2280=AXIS2_PLACEMENT_3D('',#6107,#6108,#6109);
#2281=EDGE_LOOP('',(#6110,#6111,#6112,#6113));
#2282=AXIS2_PLACEMENT_3D('',#6114,#6115,#6116);
#2283=EDGE_LOOP('',(#6117,#6118,#6119,#6120,#6121,#6122));
#2284=AXIS2_PLACEMENT_3D('',#6123,#6124,#6125);
#2285=EDGE_LOOP('',(#6126,#6127,#6128,#6129));
#2286=AXIS2_PLACEMENT_3D('',#6130,#6131,#6132);
#2287=EDGE_LOOP('',(#6133,#6134,#6135,#6136));
#2288=AXIS2_PLACEMENT_3D('',#6137,#6138,#6139);
#2289=EDGE_LOOP('',(#6140,#6141,#6142,#6143));
#2290=AXIS2_PLACEMENT_3D('',#6144,#6145,#6146);
#2291=EDGE_LOOP('',(#6147,#6148,#6149,#6150));
#2292=AXIS2_PLACEMENT_3D('',#6151,#6152,#6153);
#2293=EDGE_LOOP('',(#6154,#6155,#6156,#6157));
#2294=AXIS2_PLACEMENT_3D('',#6158,#6159,#6160);
#2295=EDGE_LOOP('',(#6161,#6162,#6163,#6164));
#2296=AXIS2_PLACEMENT_3D('',#6165,#6166,#6167);
#2297=EDGE_LOOP('',(#6168,#6169,#6170,#6171));
#2298=AXIS2_PLACEMENT_3D('',#6172,#6173,#6174);
#2299=ORIENTED_EDGE('',*,*,#6175,.F.);
#2300=ORIENTED_EDGE('',*,*,#6176,.T.);
#2301=ORIENTED_EDGE('',*,*,#6177,.F.);
#2302=ORIENTED_EDGE('',*,*,#6178,.T.);
#2303=CARTESIAN_POINT('',(5.355,-3.183528829076,-2.935));
#2304=DIRECTION('',(0.0,0.0,-1.0));
#2305=DIRECTION('',(1.0,0.0,0.0));
#2306=ORIENTED_EDGE('',*,*,#6179,.F.);
#2307=ORIENTED_EDGE('',*,*,#6180,.T.);
#2308=ORIENTED_EDGE('',*,*,#6181,.F.);
#2309=ORIENTED_EDGE('',*,*,#6182,.T.);
#2310=CARTESIAN_POINT('',(5.266907387603,-4.109052051366,-2.935));
#2311=DIRECTION('',(0.0,0.0,-1.0));
#2312=DIRECTION('',(1.0,0.0,0.0));
#2313=ORIENTED_EDGE('',*,*,#6183,.F.);
#2314=ORIENTED_EDGE('',*,*,#6184,.T.);
#2315=ORIENTED_EDGE('',*,*,#6185,.F.);
#2316=ORIENTED_EDGE('',*,*,#6186,.T.);
#2317=CARTESIAN_POINT('',(5.266907387603,-4.109052051366,-2.935));
#2318=DIRECTION('',(0.0,0.0,-1.0));
#2319=DIRECTION('',(1.0,0.0,0.0));
#2320=ORIENTED_EDGE('',*,*,#6187,.F.);
#2321=ORIENTED_EDGE('',*,*,#6188,.T.);
#2322=ORIENTED_EDGE('',*,*,#6189,.F.);
#2323=ORIENTED_EDGE('',*,*,#6190,.T.);
#2324=CARTESIAN_POINT('',(5.352802519547,-3.17,-2.935));
#2325=DIRECTION('',(0.0,0.0,-1.0));
#2326=DIRECTION('',(1.0,0.0,0.0));
#2327=ORIENTED_EDGE('',*,*,#6191,.F.);
#2328=ORIENTED_EDGE('',*,*,#6192,.T.);
#2329=ORIENTED_EDGE('',*,*,#6193,.F.);
#2330=ORIENTED_EDGE('',*,*,#6194,.T.);
#2331=CARTESIAN_POINT('',(-5.352802519547,-3.17,-2.935));
#2332=DIRECTION('',(0.0,0.0,-1.0));
#2333=DIRECTION('',(1.0,0.0,0.0));
#2334=ORIENTED_EDGE('',*,*,#6195,.F.);
#2335=ORIENTED_EDGE('',*,*,#6196,.T.);
#2336=ORIENTED_EDGE('',*,*,#6197,.F.);
#2337=ORIENTED_EDGE('',*,*,#6198,.T.);
#2338=CARTESIAN_POINT('',(-5.266907387603,-4.109052051366,-2.935));
#2339=DIRECTION('',(0.0,0.0,-1.0));
#2340=DIRECTION('',(1.0,0.0,0.0));
#2341=ORIENTED_EDGE('',*,*,#6199,.F.);
#2342=ORIENTED_EDGE('',*,*,#6200,.T.);
#2343=ORIENTED_EDGE('',*,*,#6201,.F.);
#2344=ORIENTED_EDGE('',*,*,#6202,.T.);
#2345=CARTESIAN_POINT('',(-5.266907387603,-4.109052051366,-2.935));
#2346=DIRECTION('',(0.0,0.0,-1.0));
#2347=DIRECTION('',(1.0,0.0,0.0));
#2348=ORIENTED_EDGE('',*,*,#6203,.F.);
#2349=ORIENTED_EDGE('',*,*,#6204,.T.);
#2350=ORIENTED_EDGE('',*,*,#6205,.F.);
#2351=ORIENTED_EDGE('',*,*,#6206,.T.);
#2352=CARTESIAN_POINT('',(-5.355,-3.183528829076,-2.935));
#2353=DIRECTION('',(0.0,0.0,-1.0));
#2354=DIRECTION('',(1.0,0.0,0.0));
#2355=ORIENTED_EDGE('',*,*,#6207,.F.);
#2356=ORIENTED_EDGE('',*,*,#6208,.T.);
#2357=ORIENTED_EDGE('',*,*,#6209,.F.);
#2358=ORIENTED_EDGE('',*,*,#6210,.T.);
#2359=CARTESIAN_POINT('',(-5.355,-3.183528829076,2.935));
#2360=DIRECTION('',(0.0,0.0,-1.0));
#2361=DIRECTION('',(1.0,0.0,0.0));
#2362=ORIENTED_EDGE('',*,*,#6211,.F.);
#2363=ORIENTED_EDGE('',*,*,#6212,.T.);
#2364=ORIENTED_EDGE('',*,*,#6213,.F.);
#2365=ORIENTED_EDGE('',*,*,#6214,.T.);
#2366=CARTESIAN_POINT('',(-5.266907387603,-4.109052051366,2.935));
#2367=DIRECTION('',(0.0,0.0,-1.0));
#2368=DIRECTION('',(1.0,0.0,0.0));
#2369=ORIENTED_EDGE('',*,*,#6215,.F.);
#2370=ORIENTED_EDGE('',*,*,#6216,.T.);
#2371=ORIENTED_EDGE('',*,*,#6217,.F.);
#2372=ORIENTED_EDGE('',*,*,#6218,.T.);
#2373=CARTESIAN_POINT('',(-5.266907387603,-4.109052051366,2.935));
#2374=DIRECTION('',(0.0,0.0,-1.0));
#2375=DIRECTION('',(1.0,0.0,0.0));
#2376=ORIENTED_EDGE('',*,*,#6219,.F.);
#2377=ORIENTED_EDGE('',*,*,#6220,.T.);
#2378=ORIENTED_EDGE('',*,*,#6221,.F.);
#2379=ORIENTED_EDGE('',*,*,#6222,.T.);
#2380=CARTESIAN_POINT('',(-5.352802519547,-3.17,2.935));
#2381=DIRECTION('',(0.0,0.0,-1.0));
#2382=DIRECTION('',(1.0,0.0,0.0));
#2383=ORIENTED_EDGE('',*,*,#6223,.F.);
#2384=ORIENTED_EDGE('',*,*,#6224,.T.);
#2385=ORIENTED_EDGE('',*,*,#6225,.F.);
#2386=ORIENTED_EDGE('',*,*,#6226,.T.);
#2387=CARTESIAN_POINT('',(2.082190520711,1.12,2.080783084798));
#2388=DIRECTION('',(0.0,-1.0,0.0));
#2389=DIRECTION('',(0.70690314941462,0.0,0.70731035433372));
#2390=ORIENTED_EDGE('',*,*,#6227,.F.);
#2391=ORIENTED_EDGE('',*,*,#6228,.T.);
#2392=ORIENTED_EDGE('',*,*,#6229,.F.);
#2393=ORIENTED_EDGE('',*,*,#6230,.T.);
#2394=CARTESIAN_POINT('',(2.085608385356,1.12,-2.085608385356));
#2395=DIRECTION('',(0.0,-1.0,0.0));
#2396=DIRECTION('',(0.707106781186548,0.0,-0.707106781186548));
#2397=ORIENTED_EDGE('',*,*,#6231,.F.);
#2398=ORIENTED_EDGE('',*,*,#6232,.T.);
#2399=ORIENTED_EDGE('',*,*,#6233,.F.);
#2400=ORIENTED_EDGE('',*,*,#6234,.T.);
#2401=CARTESIAN_POINT('',(-2.085608385353,1.12,-2.085608385353));
#2402=DIRECTION('',(-0.0,-1.0,0.0));
#2403=DIRECTION('',(-0.707106781186548,0.0,-0.707106781186548));
#2404=ORIENTED_EDGE('',*,*,#6235,.F.);
#2405=ORIENTED_EDGE('',*,*,#6236,.T.);
#2406=ORIENTED_EDGE('',*,*,#6237,.F.);
#2407=ORIENTED_EDGE('',*,*,#6238,.T.);
#2408=CARTESIAN_POINT('',(-2.085608385356,1.12,2.085608385356));
#2409=DIRECTION('',(-0.0,-1.0,0.0));
#2410=DIRECTION('',(-0.707106781186548,0.0,0.707106781186548));
#2411=ORIENTED_EDGE('',*,*,#6239,.F.);
#2412=ORIENTED_EDGE('',*,*,#6240,.T.);
#2413=ORIENTED_EDGE('',*,*,#6241,.T.);
#2414=ORIENTED_EDGE('',*,*,#6242,.F.);
#2415=CARTESIAN_POINT('',(-2.085608385356,1.192426406871,2.085608385356));
#2416=DIRECTION('',(-0.0,-1.0,0.0));
#2417=DIRECTION('',(-0.707106781186548,0.0,0.707106781186548));
#2418=ORIENTED_EDGE('',*,*,#6243,.F.);
#2419=ORIENTED_EDGE('',*,*,#6244,.T.);
#2420=ORIENTED_EDGE('',*,*,#6245,.T.);
#2421=ORIENTED_EDGE('',*,*,#6246,.F.);
#2422=CARTESIAN_POINT('',(-2.085608385353,1.192426406871,-2.085608385353));
#2423=DIRECTION('',(-0.0,-1.0,-0.0));
#2424=DIRECTION('',(-0.707106781186548,0.0,-0.707106781186548));
#2425=ORIENTED_EDGE('',*,*,#6247,.F.);
#2426=ORIENTED_EDGE('',*,*,#6248,.T.);
#2427=ORIENTED_EDGE('',*,*,#6249,.T.);
#2428=ORIENTED_EDGE('',*,*,#6250,.F.);
#2429=CARTESIAN_POINT('',(2.085608385356,1.192426406871,-2.085608385356));
#2430=DIRECTION('',(-0.0,-1.0,-0.0));
#2431=DIRECTION('',(0.707106781186548,0.0,-0.707106781186548));
#2432=ORIENTED_EDGE('',*,*,#6251,.F.);
#2433=ORIENTED_EDGE('',*,*,#6252,.T.);
#2434=ORIENTED_EDGE('',*,*,#6253,.T.);
#2435=ORIENTED_EDGE('',*,*,#6254,.F.);
#2436=CARTESIAN_POINT('',(2.082190520711,1.192426406871,2.080783084798));
#2437=DIRECTION('',(-0.0,-1.0,0.0));
#2438=DIRECTION('',(0.70690314941462,0.0,0.70731035433372));
#2439=ORIENTED_EDGE('',*,*,#6255,.F.);
#2440=ORIENTED_EDGE('',*,*,#6256,.F.);
#2441=ORIENTED_EDGE('',*,*,#6257,.T.);
#2442=ORIENTED_EDGE('',*,*,#6258,.F.);
#2443=CARTESIAN_POINT('',(0.0,3.4,0.0));
#2444=DIRECTION('',(0.0,1.0,0.0));
#2445=DIRECTION('',(0.999912226502892,0.0,-0.0132491241230699));
#2446=ORIENTED_EDGE('',*,*,#6259,.F.);
#2447=ORIENTED_EDGE('',*,*,#6260,.F.);
#2448=ORIENTED_EDGE('',*,*,#6261,.T.);
#2449=ORIENTED_EDGE('',*,*,#6262,.F.);
#2450=CARTESIAN_POINT('',(0.0,3.4,0.0));
#2451=DIRECTION('',(0.0,1.0,0.0));
#2452=DIRECTION('',(-0.999912226502892,0.0,0.0132491241230699));
#2453=ORIENTED_EDGE('',*,*,#6263,.F.);
#2454=ORIENTED_EDGE('',*,*,#6264,.F.);
#2455=ORIENTED_EDGE('',*,*,#6265,.T.);
#2456=ORIENTED_EDGE('',*,*,#6266,.F.);
#2457=CARTESIAN_POINT('',(0.0,3.097548613724,0.0));
#2458=DIRECTION('',(0.0,1.0,0.0));
#2459=DIRECTION('',(-0.99996465379255,0.0,-0.00840780384790358));
#2460=ORIENTED_EDGE('',*,*,#6267,.F.);
#2461=ORIENTED_EDGE('',*,*,#6268,.F.);
#2462=ORIENTED_EDGE('',*,*,#6269,.T.);
#2463=ORIENTED_EDGE('',*,*,#6270,.T.);
#2464=CARTESIAN_POINT('',(0.0,3.097548613724,0.0));
#2465=DIRECTION('',(-0.0,1.0,0.0));
#2466=DIRECTION('',(0.99996465379255,0.0,0.00840780384790358));
#2467=ORIENTED_EDGE('',*,*,#6271,.F.);
#2468=ORIENTED_EDGE('',*,*,#6272,.T.);
#2469=ORIENTED_EDGE('',*,*,#6273,.F.);
#2470=ORIENTED_EDGE('',*,*,#6274,.T.);
#2471=CARTESIAN_POINT('',(5.355,-3.183528829076,2.935));
#2472=DIRECTION('',(0.0,0.0,-1.0));
#2473=DIRECTION('',(1.0,0.0,0.0));
#2474=ORIENTED_EDGE('',*,*,#6275,.F.);
#2475=ORIENTED_EDGE('',*,*,#6276,.T.);
#2476=ORIENTED_EDGE('',*,*,#6277,.F.);
#2477=ORIENTED_EDGE('',*,*,#6278,.T.);
#2478=CARTESIAN_POINT('',(5.266907387603,-4.109052051366,2.935));
#2479=DIRECTION('',(0.0,0.0,-1.0));
#2480=DIRECTION('',(1.0,0.0,0.0));
#2481=ORIENTED_EDGE('',*,*,#6279,.F.);
#2482=ORIENTED_EDGE('',*,*,#6280,.T.);
#2483=ORIENTED_EDGE('',*,*,#6281,.F.);
#2484=ORIENTED_EDGE('',*,*,#6282,.T.);
#2485=CARTESIAN_POINT('',(5.266907387603,-4.109052051366,2.935));
#2486=DIRECTION('',(0.0,0.0,-1.0));
#2487=DIRECTION('',(1.0,0.0,0.0));
#2488=ORIENTED_EDGE('',*,*,#6283,.F.);
#2489=ORIENTED_EDGE('',*,*,#6284,.T.);
#2490=ORIENTED_EDGE('',*,*,#6285,.F.);
#2491=ORIENTED_EDGE('',*,*,#6286,.T.);
#2492=CARTESIAN_POINT('',(5.352802519547,-3.17,2.935));
#2493=DIRECTION('',(0.0,0.0,-1.0));
#2494=DIRECTION('',(1.0,0.0,0.0));
#2495=ORIENTED_EDGE('',*,*,#6287,.T.);
#2496=ORIENTED_EDGE('',*,*,#6288,.F.);
#2497=ORIENTED_EDGE('',*,*,#6289,.T.);
#2498=ORIENTED_EDGE('',*,*,#6290,.T.);
#2499=CARTESIAN_POINT('',(0.0,0.2,0.0));
#2500=DIRECTION('',(-0.0,1.0,0.0));
#2501=DIRECTION('',(1.0,0.0,0.0));
#2502=ORIENTED_EDGE('',*,*,#6291,.T.);
#2503=ORIENTED_EDGE('',*,*,#6292,.T.);
#2504=ORIENTED_EDGE('',*,*,#6293,.F.);
#2505=ORIENTED_EDGE('',*,*,#6294,.T.);
#2506=ORIENTED_EDGE('',*,*,#6295,.T.);
#2507=ORIENTED_EDGE('',*,*,#6290,.F.);
#2508=CARTESIAN_POINT('',(4.796868192529,-0.1,0.37));
#2509=DIRECTION('',(0.0,0.0,-1.0));
#2510=DIRECTION('',(0.999847695156391,0.0174524064372798,0.0));
#2511=ORIENTED_EDGE('',*,*,#6296,.T.);
#2512=ORIENTED_EDGE('',*,*,#6297,.T.);
#2513=ORIENTED_EDGE('',*,*,#6287,.F.);
#2514=ORIENTED_EDGE('',*,*,#6295,.F.);
#2515=CARTESIAN_POINT('',(5.5,0.2,2.08));
#2516=DIRECTION('',(0.0,0.0,1.0));
#2517=DIRECTION('',(1.0,0.0,0.0));
#2518=ORIENTED_EDGE('',*,*,#6298,.T.);
#2519=ORIENTED_EDGE('',*,*,#6299,.T.);
#2520=ORIENTED_EDGE('',*,*,#6288,.T.);
#2521=ORIENTED_EDGE('',*,*,#6297,.F.);
#2522=ORIENTED_EDGE('',*,*,#6300,.T.);
#2523=ORIENTED_EDGE('',*,*,#6301,.T.);
#2524=ORIENTED_EDGE('',*,*,#6302,.T.);
#2525=ORIENTED_EDGE('',*,*,#6303,.F.);
#2526=ORIENTED_EDGE('',*,*,#6304,.T.);
#2527=ORIENTED_EDGE('',*,*,#6305,.T.);
#2528=CARTESIAN_POINT('',(5.5,0.59,4.152007563196));
#2529=DIRECTION('',(1.0,0.0,0.0));
#2530=DIRECTION('',(0.0,1.0,0.0));
#2531=ORIENTED_EDGE('',*,*,#6306,.T.);
#2532=ORIENTED_EDGE('',*,*,#6307,.T.);
#2533=ORIENTED_EDGE('',*,*,#6305,.F.);
#2534=ORIENTED_EDGE('',*,*,#6308,.F.);
#2535=CARTESIAN_POINT('',(5.5,0.59,3.3));
#2536=DIRECTION('',(0.0,0.0,1.0));
#2537=DIRECTION('',(1.0,0.0,0.0));
#2538=ORIENTED_EDGE('',*,*,#6309,.F.);
#2539=ORIENTED_EDGE('',*,*,#6308,.T.);
#2540=ORIENTED_EDGE('',*,*,#6304,.F.);
#2541=ORIENTED_EDGE('',*,*,#6310,.F.);
#2542=ORIENTED_EDGE('',*,*,#6311,.F.);
#2543=ORIENTED_EDGE('',*,*,#6312,.F.);
#2544=ORIENTED_EDGE('',*,*,#6313,.F.);
#2545=ORIENTED_EDGE('',*,*,#6314,.F.);
#2546=CARTESIAN_POINT('',(0.0,0.2,0.0));
#2547=DIRECTION('',(-0.0,1.0,0.0));
#2548=DIRECTION('',(1.0,0.0,0.0));
#2549=ORIENTED_EDGE('',*,*,#6315,.T.);
#2550=ORIENTED_EDGE('',*,*,#6316,.T.);
#2551=ORIENTED_EDGE('',*,*,#6317,.F.);
#2552=ORIENTED_EDGE('',*,*,#6314,.T.);
#2553=CARTESIAN_POINT('',(4.465180361561,0.2,6.0));
#2554=DIRECTION('',(0.707106781186548,0.0,0.707106781186548));
#2555=DIRECTION('',(0.0,-1.0,0.0));
#2556=ORIENTED_EDGE('',*,*,#6317,.T.);
#2557=ORIENTED_EDGE('',*,*,#6318,.F.);
#2558=ORIENTED_EDGE('',*,*,#6319,.F.);
#2559=ORIENTED_EDGE('',*,*,#6306,.F.);
#2560=ORIENTED_EDGE('',*,*,#6309,.T.);
#2561=CARTESIAN_POINT('',(6.0,0.2,4.465180361561));
#2562=DIRECTION('',(1.0,0.0,0.0));
#2563=DIRECTION('',(0.0,1.0,0.0));
#2564=ORIENTED_EDGE('',*,*,#6307,.F.);
#2565=ORIENTED_EDGE('',*,*,#6319,.T.);
#2566=ORIENTED_EDGE('',*,*,#6320,.T.);
#2567=ORIENTED_EDGE('',*,*,#6321,.T.);
#2568=ORIENTED_EDGE('',*,*,#6322,.T.);
#2569=ORIENTED_EDGE('',*,*,#6323,.F.);
#2570=ORIENTED_EDGE('',*,*,#6324,.F.);
#2571=CARTESIAN_POINT('',(6.0,0.0,3.3));
#2572=DIRECTION('',(0.0,0.087155742747664,0.996194698091745));
#2573=DIRECTION('',(1.0,-0.0,0.0));
#2574=ORIENTED_EDGE('',*,*,#6325,.F.);
#2575=ORIENTED_EDGE('',*,*,#6298,.F.);
#2576=ORIENTED_EDGE('',*,*,#6324,.T.);
#2577=ORIENTED_EDGE('',*,*,#6326,.T.);
#2578=ORIENTED_EDGE('',*,*,#6327,.T.);
#2579=ORIENTED_EDGE('',*,*,#6328,.T.);
#2580=ORIENTED_EDGE('',*,*,#6300,.F.);
#2581=ORIENTED_EDGE('',*,*,#6296,.F.);
#2582=ORIENTED_EDGE('',*,*,#6329,.T.);
#2583=ORIENTED_EDGE('',*,*,#6330,.T.);
#2584=ORIENTED_EDGE('',*,*,#6331,.F.);
#2585=CARTESIAN_POINT('',(6.0,0.0,1.7));
#2586=DIRECTION('',(-0.0,1.0,0.0));
#2587=DIRECTION('',(1.0,0.0,0.0));
#2588=ORIENTED_EDGE('',*,*,#6332,.F.);
#2589=ORIENTED_EDGE('',*,*,#6333,.F.);
#2590=ORIENTED_EDGE('',*,*,#6334,.F.);
#2591=ORIENTED_EDGE('',*,*,#6335,.F.);
#2592=ORIENTED_EDGE('',*,*,#6284,.F.);
#2593=ORIENTED_EDGE('',*,*,#6336,.F.);
#2594=ORIENTED_EDGE('',*,*,#6337,.F.);
#2595=ORIENTED_EDGE('',*,*,#6280,.F.);
#2596=ORIENTED_EDGE('',*,*,#6338,.F.);
#2597=ORIENTED_EDGE('',*,*,#6339,.F.);
#2598=ORIENTED_EDGE('',*,*,#6340,.F.);
#2599=ORIENTED_EDGE('',*,*,#6341,.F.);
#2600=ORIENTED_EDGE('',*,*,#6342,.F.);
#2601=ORIENTED_EDGE('',*,*,#6278,.F.);
#2602=ORIENTED_EDGE('',*,*,#6343,.F.);
#2603=ORIENTED_EDGE('',*,*,#6344,.F.);
#2604=ORIENTED_EDGE('',*,*,#6274,.F.);
#2605=ORIENTED_EDGE('',*,*,#6345,.F.);
#2606=ORIENTED_EDGE('',*,*,#6346,.F.);
#2607=ORIENTED_EDGE('',*,*,#6347,.F.);
#2608=ORIENTED_EDGE('',*,*,#6292,.F.);
#2609=ORIENTED_EDGE('',*,*,#6331,.T.);
#2610=CARTESIAN_POINT('',(-11.75,0.0,2.935));
#2611=DIRECTION('',(0.0,0.0,-1.0));
#2612=DIRECTION('',(0.0,-1.0,0.0));
#2613=ORIENTED_EDGE('',*,*,#6347,.T.);
#2614=ORIENTED_EDGE('',*,*,#6348,.T.);
#2615=ORIENTED_EDGE('',*,*,#6349,.T.);
#2616=ORIENTED_EDGE('',*,*,#6293,.T.);
#2617=CARTESIAN_POINT('',(5.133118177372,-2.174142180435,2.935));
#2618=DIRECTION('',(0.999847695156391,0.0174524064372798,0.0));
#2619=DIRECTION('',(0.0,0.0,-1.0));
#2620=ORIENTED_EDGE('',*,*,#6294,.F.);
#2621=ORIENTED_EDGE('',*,*,#6349,.F.);
#2622=ORIENTED_EDGE('',*,*,#6350,.F.);
#2623=ORIENTED_EDGE('',*,*,#6351,.F.);
#2624=ORIENTED_EDGE('',*,*,#6272,.F.);
#2625=ORIENTED_EDGE('',*,*,#6352,.F.);
#2626=ORIENTED_EDGE('',*,*,#6353,.F.);
#2627=ORIENTED_EDGE('',*,*,#6276,.F.);
#2628=ORIENTED_EDGE('',*,*,#6354,.F.);
#2629=ORIENTED_EDGE('',*,*,#6355,.T.);
#2630=ORIENTED_EDGE('',*,*,#6356,.T.);
#2631=ORIENTED_EDGE('',*,*,#6357,.T.);
#2632=ORIENTED_EDGE('',*,*,#6358,.F.);
#2633=ORIENTED_EDGE('',*,*,#6282,.F.);
#2634=ORIENTED_EDGE('',*,*,#6359,.F.);
#2635=ORIENTED_EDGE('',*,*,#6360,.F.);
#2636=ORIENTED_EDGE('',*,*,#6286,.F.);
#2637=ORIENTED_EDGE('',*,*,#6361,.F.);
#2638=ORIENTED_EDGE('',*,*,#6362,.F.);
#2639=ORIENTED_EDGE('',*,*,#6363,.F.);
#2640=ORIENTED_EDGE('',*,*,#6364,.F.);
#2641=ORIENTED_EDGE('',*,*,#6329,.F.);
#2642=CARTESIAN_POINT('',(-11.85,0.0,2.08));
#2643=DIRECTION('',(0.0,0.0,1.0));
#2644=DIRECTION('',(1.0,0.0,0.0));
#2645=ORIENTED_EDGE('',*,*,#6365,.F.);
#2646=ORIENTED_EDGE('',*,*,#6332,.T.);
#2647=ORIENTED_EDGE('',*,*,#6330,.F.);
#2648=ORIENTED_EDGE('',*,*,#6364,.T.);
#2649=CARTESIAN_POINT('',(4.801730273688,-0.1,2.031618034165));
#2650=DIRECTION('',(0.0,0.0,-1.0));
#2651=DIRECTION('',(0.999847695156391,0.0174524064372798,0.0));
#2652=ORIENTED_EDGE('',*,*,#6363,.T.);
#2653=ORIENTED_EDGE('',*,*,#6366,.T.);
#2654=ORIENTED_EDGE('',*,*,#6333,.T.);
#2655=ORIENTED_EDGE('',*,*,#6365,.T.);
#2656=CARTESIAN_POINT('',(4.9,0.0,2.935));
#2657=DIRECTION('',(-0.999847695156391,-0.0174524064372798,0.0));
#2658=DIRECTION('',(-0.0174524064372798,0.999847695156391,0.0));
#2659=ORIENTED_EDGE('',*,*,#6366,.F.);
#2660=ORIENTED_EDGE('',*,*,#6362,.T.);
#2661=ORIENTED_EDGE('',*,*,#6367,.F.);
#2662=ORIENTED_EDGE('',*,*,#6334,.T.);
#2663=CARTESIAN_POINT('',(5.233102946887,-2.172396939792,2.935));
#2664=DIRECTION('',(0.0,0.0,-1.0));
#2665=DIRECTION('',(1.0,0.0,0.0));
#2666=ORIENTED_EDGE('',*,*,#6367,.T.);
#2667=ORIENTED_EDGE('',*,*,#6361,.T.);
#2668=ORIENTED_EDGE('',*,*,#6285,.T.);
#2669=ORIENTED_EDGE('',*,*,#6335,.T.);
#2670=CARTESIAN_POINT('',(4.977505370244,-2.319966269471,2.935));
#2671=DIRECTION('',(-0.866025403784429,-0.500000000000017,0.0));
#2672=DIRECTION('',(-0.500000000000017,0.866025403784429,0.0));
#2673=ORIENTED_EDGE('',*,*,#6283,.T.);
#2674=ORIENTED_EDGE('',*,*,#6360,.T.);
#2675=ORIENTED_EDGE('',*,*,#6368,.F.);
#2676=ORIENTED_EDGE('',*,*,#6336,.T.);
#2677=CARTESIAN_POINT('',(5.352802519547,-3.17,2.935));
#2678=DIRECTION('',(0.0,0.0,-1.0));
#2679=DIRECTION('',(1.0,0.0,0.0));
#2680=ORIENTED_EDGE('',*,*,#6368,.T.);
#2681=ORIENTED_EDGE('',*,*,#6359,.T.);
#2682=ORIENTED_EDGE('',*,*,#6281,.T.);
#2683=ORIENTED_EDGE('',*,*,#6337,.T.);
#2684=CARTESIAN_POINT('',(5.439405059925,-3.22,2.935));
#2685=DIRECTION('',(-0.866025403784429,0.500000000000017,0.0));
#2686=DIRECTION('',(0.0,0.0,1.0));
#2687=ORIENTED_EDGE('',*,*,#6279,.T.);
#2688=ORIENTED_EDGE('',*,*,#6358,.T.);
#2689=ORIENTED_EDGE('',*,*,#6369,.F.);
#2690=ORIENTED_EDGE('',*,*,#6338,.T.);
#2691=CARTESIAN_POINT('',(5.266907387603,-4.109052051366,2.935));
#2692=DIRECTION('',(0.0,0.0,-1.0));
#2693=DIRECTION('',(1.0,0.0,0.0));
#2694=ORIENTED_EDGE('',*,*,#6339,.T.);
#2695=ORIENTED_EDGE('',*,*,#6369,.T.);
#2696=ORIENTED_EDGE('',*,*,#6357,.F.);
#2697=ORIENTED_EDGE('',*,*,#6370,.F.);
#2698=ORIENTED_EDGE('',*,*,#6371,.T.);
#2699=ORIENTED_EDGE('',*,*,#6372,.F.);
#2700=CARTESIAN_POINT('',(4.971813679292,-4.114202931205,2.935));
#2701=DIRECTION('',(-0.999847695156391,-0.0174524064372798,0.0));
#2702=DIRECTION('',(-0.0174524064372798,0.999847695156391,0.0));
#2703=ORIENTED_EDGE('',*,*,#6340,.T.);
#2704=ORIENTED_EDGE('',*,*,#6372,.T.);
#2705=ORIENTED_EDGE('',*,*,#6373,.F.);
#2706=ORIENTED_EDGE('',*,*,#6374,.T.);
#2707=CARTESIAN_POINT('',(6.787371351445,-4.86,2.6075));
#2708=DIRECTION('',(0.0,0.707106781186548,-0.707106781186548));
#2709=DIRECTION('',(-1.0,0.0,0.0));
#2710=ORIENTED_EDGE('',*,*,#6375,.F.);
#2711=ORIENTED_EDGE('',*,*,#6376,.F.);
#2712=ORIENTED_EDGE('',*,*,#6355,.F.);
#2713=ORIENTED_EDGE('',*,*,#6377,.T.);
#2714=ORIENTED_EDGE('',*,*,#6341,.T.);
#2715=ORIENTED_EDGE('',*,*,#6374,.F.);
#2716=CARTESIAN_POINT('',(5.18,-4.86,2.935));
#2717=DIRECTION('',(0.999847695156391,0.0174524064372798,0.0));
#2718=DIRECTION('',(0.0,0.0,-1.0));
#2719=ORIENTED_EDGE('',*,*,#6275,.T.);
#2720=ORIENTED_EDGE('',*,*,#6342,.T.);
#2721=ORIENTED_EDGE('',*,*,#6377,.F.);
#2722=ORIENTED_EDGE('',*,*,#6354,.T.);
#2723=CARTESIAN_POINT('',(5.266907387603,-4.109052051366,2.935));
#2724=DIRECTION('',(0.0,0.0,-1.0));
#2725=DIRECTION('',(1.0,0.0,0.0));
#2726=ORIENTED_EDGE('',*,*,#6277,.T.);
#2727=ORIENTED_EDGE('',*,*,#6353,.T.);
#2728=ORIENTED_EDGE('',*,*,#6378,.T.);
#2729=ORIENTED_EDGE('',*,*,#6343,.T.);
#2730=CARTESIAN_POINT('',(5.181118941123,-4.057667788694,2.935));
#2731=DIRECTION('',(0.857884464807059,-0.513842626727976,0.0));
#2732=DIRECTION('',(0.0,0.0,-1.0));
#2733=ORIENTED_EDGE('',*,*,#6271,.T.);
#2734=ORIENTED_EDGE('',*,*,#6344,.T.);
#2735=ORIENTED_EDGE('',*,*,#6378,.F.);
#2736=ORIENTED_EDGE('',*,*,#6352,.T.);
#2737=CARTESIAN_POINT('',(5.355,-3.183528829076,2.935));
#2738=DIRECTION('',(0.0,0.0,-1.0));
#2739=DIRECTION('',(1.0,0.0,0.0));
#2740=ORIENTED_EDGE('',*,*,#6273,.T.);
#2741=ORIENTED_EDGE('',*,*,#6351,.T.);
#2742=ORIENTED_EDGE('',*,*,#6379,.T.);
#2743=ORIENTED_EDGE('',*,*,#6345,.T.);
#2744=CARTESIAN_POINT('',(5.614807621135,-3.033528829076,2.935));
#2745=DIRECTION('',(0.866025403784429,0.500000000000017,0.0));
#2746=DIRECTION('',(0.0,0.0,-1.0));
#2747=ORIENTED_EDGE('',*,*,#6379,.F.);
#2748=ORIENTED_EDGE('',*,*,#6350,.T.);
#2749=ORIENTED_EDGE('',*,*,#6348,.F.);
#2750=ORIENTED_EDGE('',*,*,#6346,.T.);
#2751=CARTESIAN_POINT('',(5.233102946887,-2.172396939792,2.935));
#2752=DIRECTION('',(0.0,0.0,-1.0));
#2753=DIRECTION('',(1.0,0.0,0.0));
#2754=ORIENTED_EDGE('',*,*,#6356,.F.);
#2755=ORIENTED_EDGE('',*,*,#6376,.T.);
#2756=ORIENTED_EDGE('',*,*,#6380,.T.);
#2757=ORIENTED_EDGE('',*,*,#6370,.T.);
#2758=CARTESIAN_POINT('',(6.787371351445,-4.5325,2.08));
#2759=DIRECTION('',(0.0,0.707106781186598,0.707106781186498));
#2760=DIRECTION('',(1.0,0.0,-0.0));
#2761=ORIENTED_EDGE('',*,*,#6371,.F.);
#2762=ORIENTED_EDGE('',*,*,#6380,.F.);
#2763=ORIENTED_EDGE('',*,*,#6375,.T.);
#2764=ORIENTED_EDGE('',*,*,#6373,.T.);
#2765=CARTESIAN_POINT('',(4.984831615551,-4.86,2.935));
#2766=DIRECTION('',(0.0,-1.0,0.0));
#2767=DIRECTION('',(0.0,0.0,-1.0));
#2768=ORIENTED_EDGE('',*,*,#6381,.F.);
#2769=ORIENTED_EDGE('',*,*,#6382,.F.);
#2770=ORIENTED_EDGE('',*,*,#6383,.T.);
#2771=ORIENTED_EDGE('',*,*,#6301,.F.);
#2772=ORIENTED_EDGE('',*,*,#6328,.F.);
#2773=CARTESIAN_POINT('',(0.0,0.0,1.7));
#2774=DIRECTION('',(0.0,0.0,-1.0));
#2775=DIRECTION('',(0.0,-1.0,0.0));
#2776=ORIENTED_EDGE('',*,*,#6384,.F.);
#2777=ORIENTED_EDGE('',*,*,#6385,.F.);
#2778=ORIENTED_EDGE('',*,*,#6386,.F.);
#2779=ORIENTED_EDGE('',*,*,#6387,.F.);
#2780=ORIENTED_EDGE('',*,*,#6388,.F.);
#2781=ORIENTED_EDGE('',*,*,#6389,.T.);
#2782=ORIENTED_EDGE('',*,*,#6390,.F.);
#2783=ORIENTED_EDGE('',*,*,#6391,.F.);
#2784=ORIENTED_EDGE('',*,*,#6392,.F.);
#2785=ORIENTED_EDGE('',*,*,#6393,.F.);
#2786=ORIENTED_EDGE('',*,*,#6394,.F.);
#2787=ORIENTED_EDGE('',*,*,#6395,.T.);
#2788=ORIENTED_EDGE('',*,*,#6396,.F.);
#2789=ORIENTED_EDGE('',*,*,#6397,.F.);
#2790=ORIENTED_EDGE('',*,*,#6398,.F.);
#2791=ORIENTED_EDGE('',*,*,#6399,.F.);
#2792=ORIENTED_EDGE('',*,*,#6400,.F.);
#2793=ORIENTED_EDGE('',*,*,#6401,.T.);
#2794=ORIENTED_EDGE('',*,*,#6402,.F.);
#2795=ORIENTED_EDGE('',*,*,#6403,.F.);
#2796=ORIENTED_EDGE('',*,*,#6404,.F.);
#2797=ORIENTED_EDGE('',*,*,#6302,.F.);
#2798=ORIENTED_EDGE('',*,*,#6383,.F.);
#2799=ORIENTED_EDGE('',*,*,#6405,.T.);
#2800=ORIENTED_EDGE('',*,*,#6406,.T.);
#2801=ORIENTED_EDGE('',*,*,#6407,.F.);
#2802=ORIENTED_EDGE('',*,*,#6408,.F.);
#2803=ORIENTED_EDGE('',*,*,#6236,.F.);
#2804=ORIENTED_EDGE('',*,*,#6409,.F.);
#2805=ORIENTED_EDGE('',*,*,#6410,.F.);
#2806=ORIENTED_EDGE('',*,*,#6411,.F.);
#2807=ORIENTED_EDGE('',*,*,#6412,.T.);
#2808=ORIENTED_EDGE('',*,*,#6413,.F.);
#2809=ORIENTED_EDGE('',*,*,#6414,.F.);
#2810=ORIENTED_EDGE('',*,*,#6232,.F.);
#2811=ORIENTED_EDGE('',*,*,#6415,.F.);
#2812=ORIENTED_EDGE('',*,*,#6416,.F.);
#2813=ORIENTED_EDGE('',*,*,#6417,.F.);
#2814=ORIENTED_EDGE('',*,*,#6418,.T.);
#2815=ORIENTED_EDGE('',*,*,#6419,.F.);
#2816=ORIENTED_EDGE('',*,*,#6420,.F.);
#2817=ORIENTED_EDGE('',*,*,#6228,.F.);
#2818=ORIENTED_EDGE('',*,*,#6421,.F.);
#2819=ORIENTED_EDGE('',*,*,#6422,.F.);
#2820=ORIENTED_EDGE('',*,*,#6423,.F.);
#2821=ORIENTED_EDGE('',*,*,#6424,.T.);
#2822=ORIENTED_EDGE('',*,*,#6425,.F.);
#2823=ORIENTED_EDGE('',*,*,#6426,.F.);
#2824=ORIENTED_EDGE('',*,*,#6224,.F.);
#2825=ORIENTED_EDGE('',*,*,#6427,.F.);
#2826=ORIENTED_EDGE('',*,*,#6428,.F.);
#2827=ORIENTED_EDGE('',*,*,#6429,.F.);
#2828=CARTESIAN_POINT('',(0.0,1.12,0.0));
#2829=DIRECTION('',(-0.0,1.0,0.0));
#2830=DIRECTION('',(1.0,0.0,0.0));
#2831=ORIENTED_EDGE('',*,*,#6382,.T.);
#2832=ORIENTED_EDGE('',*,*,#6430,.F.);
#2833=ORIENTED_EDGE('',*,*,#6431,.T.);
#2834=ORIENTED_EDGE('',*,*,#6405,.F.);
#2835=CARTESIAN_POINT('',(4.935,0.97,14.60499493049));
#2836=DIRECTION('',(-0.0,0.0,1.0));
#2837=DIRECTION('',(1.0,0.0,0.0));
#2838=ORIENTED_EDGE('',*,*,#6432,.F.);
#2839=ORIENTED_EDGE('',*,*,#6384,.T.);
#2840=ORIENTED_EDGE('',*,*,#6431,.F.);
#2841=ORIENTED_EDGE('',*,*,#6433,.F.);
#2842=ORIENTED_EDGE('',*,*,#6434,.T.);
#2843=CARTESIAN_POINT('',(0.0,0.0,-1.7));
#2844=DIRECTION('',(0.0,0.0,-1.0));
#2845=DIRECTION('',(0.0,-1.0,0.0));
#2846=ORIENTED_EDGE('',*,*,#6435,.F.);
#2847=ORIENTED_EDGE('',*,*,#6436,.T.);
#2848=ORIENTED_EDGE('',*,*,#6437,.F.);
#2849=ORIENTED_EDGE('',*,*,#6434,.F.);
#2850=ORIENTED_EDGE('',*,*,#6438,.F.);
#2851=ORIENTED_EDGE('',*,*,#6439,.T.);
#2852=ORIENTED_EDGE('',*,*,#6440,.T.);
#2853=ORIENTED_EDGE('',*,*,#6441,.F.);
#2854=ORIENTED_EDGE('',*,*,#6442,.F.);
#2855=ORIENTED_EDGE('',*,*,#6443,.T.);
#2856=ORIENTED_EDGE('',*,*,#6444,.T.);
#2857=CARTESIAN_POINT('',(6.0,0.0,1.7));
#2858=DIRECTION('',(-0.0,1.0,0.0));
#2859=DIRECTION('',(1.0,0.0,0.0));
#2860=ORIENTED_EDGE('',*,*,#6445,.T.);
#2861=ORIENTED_EDGE('',*,*,#6446,.F.);
#2862=ORIENTED_EDGE('',*,*,#6447,.T.);
#2863=ORIENTED_EDGE('',*,*,#6444,.F.);
#2864=CARTESIAN_POINT('',(4.801730273688,-0.1,-2.031618034165));
#2865=DIRECTION('',(-0.0,0.0,1.0));
#2866=DIRECTION('',(0.999847695156391,0.0174524064372798,0.0));
#2867=ORIENTED_EDGE('',*,*,#6447,.F.);
#2868=ORIENTED_EDGE('',*,*,#6448,.F.);
#2869=ORIENTED_EDGE('',*,*,#6449,.F.);
#2870=ORIENTED_EDGE('',*,*,#6450,.F.);
#2871=ORIENTED_EDGE('',*,*,#6188,.F.);
#2872=ORIENTED_EDGE('',*,*,#6451,.F.);
#2873=ORIENTED_EDGE('',*,*,#6452,.F.);
#2874=ORIENTED_EDGE('',*,*,#6184,.F.);
#2875=ORIENTED_EDGE('',*,*,#6453,.F.);
#2876=ORIENTED_EDGE('',*,*,#6454,.F.);
#2877=ORIENTED_EDGE('',*,*,#6455,.T.);
#2878=ORIENTED_EDGE('',*,*,#6456,.F.);
#2879=ORIENTED_EDGE('',*,*,#6457,.F.);
#2880=ORIENTED_EDGE('',*,*,#6182,.F.);
#2881=ORIENTED_EDGE('',*,*,#6458,.F.);
#2882=ORIENTED_EDGE('',*,*,#6459,.F.);
#2883=ORIENTED_EDGE('',*,*,#6178,.F.);
#2884=ORIENTED_EDGE('',*,*,#6460,.F.);
#2885=ORIENTED_EDGE('',*,*,#6461,.F.);
#2886=ORIENTED_EDGE('',*,*,#6462,.F.);
#2887=ORIENTED_EDGE('',*,*,#6463,.F.);
#2888=ORIENTED_EDGE('',*,*,#6435,.T.);
#2889=CARTESIAN_POINT('',(11.85,0.0,-2.08));
#2890=DIRECTION('',(0.0,0.0,-1.0));
#2891=DIRECTION('',(0.0,-1.0,0.0));
#2892=ORIENTED_EDGE('',*,*,#6464,.T.);
#2893=ORIENTED_EDGE('',*,*,#6463,.T.);
#2894=ORIENTED_EDGE('',*,*,#6465,.F.);
#2895=ORIENTED_EDGE('',*,*,#6466,.T.);
#2896=ORIENTED_EDGE('',*,*,#6467,.T.);
#2897=ORIENTED_EDGE('',*,*,#6468,.F.);
#2898=CARTESIAN_POINT('',(4.796868192529,-0.1,-2.983381965835));
#2899=DIRECTION('',(0.0,0.0,-1.0));
#2900=DIRECTION('',(0.999847695156391,0.0174524064372798,0.0));
#2901=ORIENTED_EDGE('',*,*,#6469,.T.);
#2902=ORIENTED_EDGE('',*,*,#6470,.F.);
#2903=ORIENTED_EDGE('',*,*,#6471,.T.);
#2904=ORIENTED_EDGE('',*,*,#6468,.T.);
#2905=CARTESIAN_POINT('',(0.0,0.2,0.0));
#2906=DIRECTION('',(-0.0,1.0,0.0));
#2907=DIRECTION('',(1.0,0.0,0.0));
#2908=ORIENTED_EDGE('',*,*,#6471,.F.);
#2909=ORIENTED_EDGE('',*,*,#6472,.F.);
#2910=ORIENTED_EDGE('',*,*,#6436,.F.);
#2911=ORIENTED_EDGE('',*,*,#6464,.F.);
#2912=CARTESIAN_POINT('',(-1.0,0.2,-2.08));
#2913=DIRECTION('',(0.0,0.0,-1.0));
#2914=DIRECTION('',(0.0,-1.0,0.0));
#2915=ORIENTED_EDGE('',*,*,#6385,.T.);
#2916=ORIENTED_EDGE('',*,*,#6432,.T.);
#2917=ORIENTED_EDGE('',*,*,#6437,.T.);
#2918=ORIENTED_EDGE('',*,*,#6472,.T.);
#2919=ORIENTED_EDGE('',*,*,#6470,.T.);
#2920=ORIENTED_EDGE('',*,*,#6473,.F.);
#2921=ORIENTED_EDGE('',*,*,#6441,.T.);
#2922=ORIENTED_EDGE('',*,*,#6474,.F.);
#2923=ORIENTED_EDGE('',*,*,#6475,.T.);
#2924=ORIENTED_EDGE('',*,*,#6476,.T.);
#2925=CARTESIAN_POINT('',(5.5,0.59,4.152007563196));
#2926=DIRECTION('',(1.0,0.0,0.0));
#2927=DIRECTION('',(0.0,1.0,0.0));
#2928=ORIENTED_EDGE('',*,*,#6477,.T.);
#2929=ORIENTED_EDGE('',*,*,#6386,.T.);
#2930=ORIENTED_EDGE('',*,*,#6476,.F.);
#2931=ORIENTED_EDGE('',*,*,#6478,.T.);
#2932=CARTESIAN_POINT('',(5.5,0.59,-4.152007563196));
#2933=DIRECTION('',(0.707106781186548,0.0,-0.707106781186548));
#2934=DIRECTION('',(0.0,-1.0,0.0));
#2935=ORIENTED_EDGE('',*,*,#6479,.F.);
#2936=ORIENTED_EDGE('',*,*,#6480,.F.);
#2937=ORIENTED_EDGE('',*,*,#6481,.F.);
#2938=ORIENTED_EDGE('',*,*,#6478,.F.);
#2939=ORIENTED_EDGE('',*,*,#6475,.F.);
#2940=ORIENTED_EDGE('',*,*,#6482,.T.);
#2941=ORIENTED_EDGE('',*,*,#6483,.F.);
#2942=ORIENTED_EDGE('',*,*,#6484,.F.);
#2943=CARTESIAN_POINT('',(0.0,0.2,0.0));
#2944=DIRECTION('',(-0.0,1.0,0.0));
#2945=DIRECTION('',(1.0,0.0,0.0));
#2946=ORIENTED_EDGE('',*,*,#6485,.T.);
#2947=ORIENTED_EDGE('',*,*,#6486,.T.);
#2948=ORIENTED_EDGE('',*,*,#6487,.T.);
#2949=ORIENTED_EDGE('',*,*,#6484,.T.);
#2950=CARTESIAN_POINT('',(6.0,0.2,-4.465180361561));
#2951=DIRECTION('',(0.707106781186548,0.0,-0.707106781186548));
#2952=DIRECTION('',(0.0,-1.0,0.0));
#2953=ORIENTED_EDGE('',*,*,#6487,.F.);
#2954=ORIENTED_EDGE('',*,*,#6488,.F.);
#2955=ORIENTED_EDGE('',*,*,#6489,.F.);
#2956=ORIENTED_EDGE('',*,*,#6490,.T.);
#2957=ORIENTED_EDGE('',*,*,#6491,.F.);
#2958=ORIENTED_EDGE('',*,*,#6479,.T.);
#2959=CARTESIAN_POINT('',(4.465180361561,0.2,-6.0));
#2960=DIRECTION('',(0.0,0.0,-1.0));
#2961=DIRECTION('',(0.0,-1.0,0.0));
#2962=ORIENTED_EDGE('',*,*,#6491,.T.);
#2963=ORIENTED_EDGE('',*,*,#6492,.F.);
#2964=ORIENTED_EDGE('',*,*,#6493,.F.);
#2965=ORIENTED_EDGE('',*,*,#6494,.F.);
#2966=ORIENTED_EDGE('',*,*,#6388,.T.);
#2967=ORIENTED_EDGE('',*,*,#6495,.F.);
#2968=ORIENTED_EDGE('',*,*,#6480,.T.);
#2969=CARTESIAN_POINT('',(1.7,0.0,0.0));
#2970=DIRECTION('',(-1.0,0.0,0.0));
#2971=DIRECTION('',(0.0,0.0,1.0));
#2972=ORIENTED_EDGE('',*,*,#6387,.T.);
#2973=ORIENTED_EDGE('',*,*,#6477,.F.);
#2974=ORIENTED_EDGE('',*,*,#6481,.T.);
#2975=ORIENTED_EDGE('',*,*,#6495,.T.);
#2976=CARTESIAN_POINT('',(4.152007563196,0.59,-5.5));
#2977=DIRECTION('',(0.0,0.0,-1.0));
#2978=DIRECTION('',(0.0,-1.0,0.0));
#2979=ORIENTED_EDGE('',*,*,#6494,.T.);
#2980=ORIENTED_EDGE('',*,*,#6496,.F.);
#2981=ORIENTED_EDGE('',*,*,#6497,.T.);
#2982=ORIENTED_EDGE('',*,*,#6389,.F.);
#2983=CARTESIAN_POINT('',(14.60499493049,0.97,-4.935));
#2984=DIRECTION('',(1.0,-0.0,0.0));
#2985=DIRECTION('',(0.0,0.0,-1.0));
#2986=ORIENTED_EDGE('',*,*,#6498,.F.);
#2987=ORIENTED_EDGE('',*,*,#6390,.T.);
#2988=ORIENTED_EDGE('',*,*,#6497,.F.);
#2989=ORIENTED_EDGE('',*,*,#6499,.T.);
#2990=ORIENTED_EDGE('',*,*,#6500,.T.);
#2991=ORIENTED_EDGE('',*,*,#6501,.T.);
#2992=ORIENTED_EDGE('',*,*,#6502,.F.);
#2993=CARTESIAN_POINT('',(-1.7,0.0,0.0));
#2994=DIRECTION('',(-1.0,0.0,0.0));
#2995=DIRECTION('',(0.0,0.0,1.0));
#2996=ORIENTED_EDGE('',*,*,#6503,.F.);
#2997=ORIENTED_EDGE('',*,*,#6504,.T.);
#2998=ORIENTED_EDGE('',*,*,#6505,.F.);
#2999=ORIENTED_EDGE('',*,*,#6506,.F.);
#3000=ORIENTED_EDGE('',*,*,#6507,.F.);
#3001=ORIENTED_EDGE('',*,*,#6502,.T.);
#3002=ORIENTED_EDGE('',*,*,#6508,.F.);
#3003=ORIENTED_EDGE('',*,*,#6509,.F.);
#3004=CARTESIAN_POINT('',(0.0,0.2,0.0));
#3005=DIRECTION('',(-0.0,1.0,0.0));
#3006=DIRECTION('',(1.0,0.0,0.0));
#3007=ORIENTED_EDGE('',*,*,#6510,.T.);
#3008=ORIENTED_EDGE('',*,*,#6511,.T.);
#3009=ORIENTED_EDGE('',*,*,#6512,.F.);
#3010=ORIENTED_EDGE('',*,*,#6509,.T.);
#3011=CARTESIAN_POINT('',(-4.465180361561,0.2,-6.0));
#3012=DIRECTION('',(-0.707106781186548,0.0,-0.707106781186548));
#3013=DIRECTION('',(-0.707106781186548,0.0,0.707106781186548));
#3014=ORIENTED_EDGE('',*,*,#6512,.T.);
#3015=ORIENTED_EDGE('',*,*,#6513,.F.);
#3016=ORIENTED_EDGE('',*,*,#6514,.F.);
#3017=ORIENTED_EDGE('',*,*,#6515,.F.);
#3018=ORIENTED_EDGE('',*,*,#6503,.T.);
#3019=CARTESIAN_POINT('',(-6.0,0.2,-4.465180361561));
#3020=DIRECTION('',(-1.0,0.0,0.0));
#3021=DIRECTION('',(0.0,0.0,1.0));
#3022=ORIENTED_EDGE('',*,*,#6515,.T.);
#3023=ORIENTED_EDGE('',*,*,#6516,.T.);
#3024=ORIENTED_EDGE('',*,*,#6517,.F.);
#3025=ORIENTED_EDGE('',*,*,#6504,.F.);
#3026=CARTESIAN_POINT('',(-5.5,0.59,-3.3));
#3027=DIRECTION('',(0.0,0.0,-1.0));
#3028=DIRECTION('',(0.0,-1.0,0.0));
#3029=ORIENTED_EDGE('',*,*,#6518,.F.);
#3030=ORIENTED_EDGE('',*,*,#6519,.T.);
#3031=ORIENTED_EDGE('',*,*,#6520,.T.);
#3032=ORIENTED_EDGE('',*,*,#6521,.F.);
#3033=ORIENTED_EDGE('',*,*,#6522,.F.);
#3034=ORIENTED_EDGE('',*,*,#6523,.F.);
#3035=ORIENTED_EDGE('',*,*,#6393,.T.);
#3036=ORIENTED_EDGE('',*,*,#6524,.F.);
#3037=ORIENTED_EDGE('',*,*,#6505,.T.);
#3038=ORIENTED_EDGE('',*,*,#6517,.T.);
#3039=CARTESIAN_POINT('',(-5.5,0.59,-4.152007563196));
#3040=DIRECTION('',(-1.0,0.0,0.0));
#3041=DIRECTION('',(0.0,0.0,1.0));
#3042=ORIENTED_EDGE('',*,*,#6524,.T.);
#3043=ORIENTED_EDGE('',*,*,#6392,.T.);
#3044=ORIENTED_EDGE('',*,*,#6525,.T.);
#3045=ORIENTED_EDGE('',*,*,#6506,.T.);
#3046=CARTESIAN_POINT('',(-4.152007563196,0.59,-5.5));
#3047=DIRECTION('',(-0.707106781186548,0.0,-0.707106781186548));
#3048=DIRECTION('',(-0.707106781186548,0.0,0.707106781186548));
#3049=ORIENTED_EDGE('',*,*,#6391,.T.);
#3050=ORIENTED_EDGE('',*,*,#6498,.T.);
#3051=ORIENTED_EDGE('',*,*,#6507,.T.);
#3052=ORIENTED_EDGE('',*,*,#6525,.F.);
#3053=CARTESIAN_POINT('',(4.152007563196,0.59,-5.5));
#3054=DIRECTION('',(0.0,0.0,-1.0));
#3055=DIRECTION('',(0.0,-1.0,0.0));
#3056=ORIENTED_EDGE('',*,*,#6526,.F.);
#3057=ORIENTED_EDGE('',*,*,#6527,.F.);
#3058=ORIENTED_EDGE('',*,*,#6394,.T.);
#3059=ORIENTED_EDGE('',*,*,#6523,.T.);
#3060=ORIENTED_EDGE('',*,*,#6528,.F.);
#3061=CARTESIAN_POINT('',(0.0,0.0,-1.7));
#3062=DIRECTION('',(0.0,0.0,-1.0));
#3063=DIRECTION('',(0.0,-1.0,0.0));
#3064=ORIENTED_EDGE('',*,*,#6529,.T.);
#3065=ORIENTED_EDGE('',*,*,#6530,.T.);
#3066=ORIENTED_EDGE('',*,*,#6528,.T.);
#3067=ORIENTED_EDGE('',*,*,#6522,.T.);
#3068=ORIENTED_EDGE('',*,*,#6531,.F.);
#3069=ORIENTED_EDGE('',*,*,#6532,.T.);
#3070=ORIENTED_EDGE('',*,*,#6533,.T.);
#3071=ORIENTED_EDGE('',*,*,#6534,.F.);
#3072=ORIENTED_EDGE('',*,*,#6535,.F.);
#3073=ORIENTED_EDGE('',*,*,#6518,.T.);
#3074=ORIENTED_EDGE('',*,*,#6536,.T.);
#3075=CARTESIAN_POINT('',(6.0,0.0,1.7));
#3076=DIRECTION('',(-0.0,1.0,0.0));
#3077=DIRECTION('',(1.0,0.0,0.0));
#3078=ORIENTED_EDGE('',*,*,#6516,.F.);
#3079=ORIENTED_EDGE('',*,*,#6514,.T.);
#3080=ORIENTED_EDGE('',*,*,#6537,.T.);
#3081=ORIENTED_EDGE('',*,*,#6538,.T.);
#3082=ORIENTED_EDGE('',*,*,#6539,.F.);
#3083=ORIENTED_EDGE('',*,*,#6540,.T.);
#3084=ORIENTED_EDGE('',*,*,#6536,.F.);
#3085=CARTESIAN_POINT('',(6.0,-1.36,-3.418984582395));
#3086=DIRECTION('',(0.0,0.087155742747664,-0.996194698091745));
#3087=DIRECTION('',(-1.0,0.0,0.0));
#3088=ORIENTED_EDGE('',*,*,#6540,.F.);
#3089=ORIENTED_EDGE('',*,*,#6541,.T.);
#3090=ORIENTED_EDGE('',*,*,#6542,.T.);
#3091=ORIENTED_EDGE('',*,*,#6529,.F.);
#3092=CARTESIAN_POINT('',(-3.81,0.0,-3.37932305493));
#3093=DIRECTION('',(0.965925826289076,0.258819045102493,0.0));
#3094=DIRECTION('',(0.0,0.0,-1.0));
#3095=ORIENTED_EDGE('',*,*,#6543,.T.);
#3096=ORIENTED_EDGE('',*,*,#6530,.F.);
#3097=ORIENTED_EDGE('',*,*,#6542,.F.);
#3098=ORIENTED_EDGE('',*,*,#6544,.T.);
#3099=ORIENTED_EDGE('',*,*,#6545,.T.);
#3100=ORIENTED_EDGE('',*,*,#6546,.T.);
#3101=CARTESIAN_POINT('',(6.0,0.0,-1.7));
#3102=DIRECTION('',(0.0,0.087155742747664,0.996194698091745));
#3103=DIRECTION('',(1.0,-0.0,0.0));
#3104=ORIENTED_EDGE('',*,*,#6547,.F.);
#3105=ORIENTED_EDGE('',*,*,#6546,.F.);
#3106=ORIENTED_EDGE('',*,*,#6548,.T.);
#3107=ORIENTED_EDGE('',*,*,#6549,.T.);
#3108=CARTESIAN_POINT('',(0.0,-1.29,0.0));
#3109=DIRECTION('',(0.0,-1.0,0.0));
#3110=DIRECTION('',(0.0,0.0,-1.0));
#3111=ORIENTED_EDGE('',*,*,#6550,.T.);
#3112=ORIENTED_EDGE('',*,*,#6551,.T.);
#3113=ORIENTED_EDGE('',*,*,#6552,.T.);
#3114=ORIENTED_EDGE('',*,*,#6553,.T.);
#3115=ORIENTED_EDGE('',*,*,#6554,.T.);
#3116=ORIENTED_EDGE('',*,*,#6549,.F.);
#3117=CARTESIAN_POINT('',(6.0,-1.36,1.581015417605));
#3118=DIRECTION('',(0.0,0.087155742747664,-0.996194698091745));
#3119=DIRECTION('',(-1.0,0.0,0.0));
#3120=ORIENTED_EDGE('',*,*,#6554,.F.);
#3121=ORIENTED_EDGE('',*,*,#6555,.F.);
#3122=ORIENTED_EDGE('',*,*,#6556,.T.);
#3123=ORIENTED_EDGE('',*,*,#6526,.T.);
#3124=ORIENTED_EDGE('',*,*,#6543,.F.);
#3125=ORIENTED_EDGE('',*,*,#6547,.T.);
#3126=ORIENTED_EDGE('',*,*,#6557,.T.);
#3127=ORIENTED_EDGE('',*,*,#6558,.F.);
#3128=ORIENTED_EDGE('',*,*,#6559,.T.);
#3129=ORIENTED_EDGE('',*,*,#6560,.F.);
#3130=CARTESIAN_POINT('',(-5.085,1.12,-1.7));
#3131=DIRECTION('',(1.0,0.0,0.0));
#3132=DIRECTION('',(0.0,1.0,0.0));
#3133=ORIENTED_EDGE('',*,*,#6527,.T.);
#3134=ORIENTED_EDGE('',*,*,#6556,.F.);
#3135=ORIENTED_EDGE('',*,*,#6561,.T.);
#3136=ORIENTED_EDGE('',*,*,#6395,.F.);
#3137=CARTESIAN_POINT('',(-4.935,0.97,-14.6049948533));
#3138=DIRECTION('',(-0.0,0.0,-1.0));
#3139=DIRECTION('',(-1.0,0.0,0.0));
#3140=ORIENTED_EDGE('',*,*,#6562,.T.);
#3141=ORIENTED_EDGE('',*,*,#6396,.T.);
#3142=ORIENTED_EDGE('',*,*,#6561,.F.);
#3143=ORIENTED_EDGE('',*,*,#6555,.T.);
#3144=ORIENTED_EDGE('',*,*,#6563,.T.);
#3145=CARTESIAN_POINT('',(0.0,0.0,1.7));
#3146=DIRECTION('',(0.0,0.0,-1.0));
#3147=DIRECTION('',(0.0,-1.0,0.0));
#3148=ORIENTED_EDGE('',*,*,#6564,.F.);
#3149=ORIENTED_EDGE('',*,*,#6565,.T.);
#3150=ORIENTED_EDGE('',*,*,#6566,.T.);
#3151=ORIENTED_EDGE('',*,*,#6563,.F.);
#3152=ORIENTED_EDGE('',*,*,#6553,.F.);
#3153=ORIENTED_EDGE('',*,*,#6567,.T.);
#3154=ORIENTED_EDGE('',*,*,#6568,.T.);
#3155=ORIENTED_EDGE('',*,*,#6569,.T.);
#3156=ORIENTED_EDGE('',*,*,#6570,.F.);
#3157=ORIENTED_EDGE('',*,*,#6571,.T.);
#3158=ORIENTED_EDGE('',*,*,#6572,.T.);
#3159=CARTESIAN_POINT('',(6.0,0.0,1.7));
#3160=DIRECTION('',(-0.0,1.0,0.0));
#3161=DIRECTION('',(1.0,0.0,0.0));
#3162=ORIENTED_EDGE('',*,*,#6573,.T.);
#3163=ORIENTED_EDGE('',*,*,#6574,.F.);
#3164=ORIENTED_EDGE('',*,*,#6575,.T.);
#3165=ORIENTED_EDGE('',*,*,#6572,.F.);
#3166=CARTESIAN_POINT('',(-4.801730273688,-0.1,2.031618034165));
#3167=DIRECTION('',(0.0,0.0,-1.0));
#3168=DIRECTION('',(-0.999847695156391,0.0174524064372898,0.0));
#3169=ORIENTED_EDGE('',*,*,#6575,.F.);
#3170=ORIENTED_EDGE('',*,*,#6576,.F.);
#3171=ORIENTED_EDGE('',*,*,#6577,.F.);
#3172=ORIENTED_EDGE('',*,*,#6578,.F.);
#3173=ORIENTED_EDGE('',*,*,#6220,.F.);
#3174=ORIENTED_EDGE('',*,*,#6579,.F.);
#3175=ORIENTED_EDGE('',*,*,#6580,.F.);
#3176=ORIENTED_EDGE('',*,*,#6216,.F.);
#3177=ORIENTED_EDGE('',*,*,#6581,.F.);
#3178=ORIENTED_EDGE('',*,*,#6582,.T.);
#3179=ORIENTED_EDGE('',*,*,#6583,.T.);
#3180=ORIENTED_EDGE('',*,*,#6584,.T.);
#3181=ORIENTED_EDGE('',*,*,#6585,.F.);
#3182=ORIENTED_EDGE('',*,*,#6214,.F.);
#3183=ORIENTED_EDGE('',*,*,#6586,.F.);
#3184=ORIENTED_EDGE('',*,*,#6587,.F.);
#3185=ORIENTED_EDGE('',*,*,#6210,.F.);
#3186=ORIENTED_EDGE('',*,*,#6588,.F.);
#3187=ORIENTED_EDGE('',*,*,#6589,.F.);
#3188=ORIENTED_EDGE('',*,*,#6590,.F.);
#3189=ORIENTED_EDGE('',*,*,#6591,.F.);
#3190=ORIENTED_EDGE('',*,*,#6564,.T.);
#3191=CARTESIAN_POINT('',(-11.85,0.0,2.08));
#3192=DIRECTION('',(0.0,0.0,1.0));
#3193=DIRECTION('',(1.0,0.0,0.0));
#3194=ORIENTED_EDGE('',*,*,#6592,.T.);
#3195=ORIENTED_EDGE('',*,*,#6591,.T.);
#3196=ORIENTED_EDGE('',*,*,#6593,.F.);
#3197=ORIENTED_EDGE('',*,*,#6594,.T.);
#3198=ORIENTED_EDGE('',*,*,#6595,.T.);
#3199=ORIENTED_EDGE('',*,*,#6596,.F.);
#3200=CARTESIAN_POINT('',(-4.796868192529,-0.1,0.37));
#3201=DIRECTION('',(0.0,0.0,-1.0));
#3202=DIRECTION('',(-0.999847695156391,0.0174524064372798,0.0));
#3203=ORIENTED_EDGE('',*,*,#6597,.T.);
#3204=ORIENTED_EDGE('',*,*,#6598,.F.);
#3205=ORIENTED_EDGE('',*,*,#6599,.T.);
#3206=ORIENTED_EDGE('',*,*,#6596,.T.);
#3207=CARTESIAN_POINT('',(0.0,0.2,0.0));
#3208=DIRECTION('',(-0.0,1.0,0.0));
#3209=DIRECTION('',(1.0,0.0,0.0));
#3210=ORIENTED_EDGE('',*,*,#6599,.F.);
#3211=ORIENTED_EDGE('',*,*,#6600,.F.);
#3212=ORIENTED_EDGE('',*,*,#6565,.F.);
#3213=ORIENTED_EDGE('',*,*,#6592,.F.);
#3214=CARTESIAN_POINT('',(1.0,0.2,2.08));
#3215=DIRECTION('',(0.0,0.0,1.0));
#3216=DIRECTION('',(1.0,0.0,0.0));
#3217=ORIENTED_EDGE('',*,*,#6397,.T.);
#3218=ORIENTED_EDGE('',*,*,#6562,.F.);
#3219=ORIENTED_EDGE('',*,*,#6566,.F.);
#3220=ORIENTED_EDGE('',*,*,#6600,.T.);
#3221=ORIENTED_EDGE('',*,*,#6598,.T.);
#3222=ORIENTED_EDGE('',*,*,#6601,.F.);
#3223=ORIENTED_EDGE('',*,*,#6569,.F.);
#3224=ORIENTED_EDGE('',*,*,#6602,.F.);
#3225=ORIENTED_EDGE('',*,*,#6603,.T.);
#3226=ORIENTED_EDGE('',*,*,#6604,.F.);
#3227=CARTESIAN_POINT('',(-5.5,0.59,-4.152007563196));
#3228=DIRECTION('',(-1.0,0.0,0.0));
#3229=DIRECTION('',(0.0,0.0,1.0));
#3230=ORIENTED_EDGE('',*,*,#6605,.T.);
#3231=ORIENTED_EDGE('',*,*,#6398,.T.);
#3232=ORIENTED_EDGE('',*,*,#6604,.T.);
#3233=ORIENTED_EDGE('',*,*,#6606,.T.);
#3234=CARTESIAN_POINT('',(-5.5,0.59,4.152007563196));
#3235=DIRECTION('',(-0.707106781186548,0.0,0.707106781186548));
#3236=DIRECTION('',(0.0,1.0,0.0));
#3237=ORIENTED_EDGE('',*,*,#6607,.F.);
#3238=ORIENTED_EDGE('',*,*,#6608,.T.);
#3239=ORIENTED_EDGE('',*,*,#6609,.F.);
#3240=ORIENTED_EDGE('',*,*,#6606,.F.);
#3241=ORIENTED_EDGE('',*,*,#6603,.F.);
#3242=ORIENTED_EDGE('',*,*,#6610,.T.);
#3243=ORIENTED_EDGE('',*,*,#6611,.F.);
#3244=ORIENTED_EDGE('',*,*,#6612,.F.);
#3245=CARTESIAN_POINT('',(0.0,0.2,0.0));
#3246=DIRECTION('',(-0.0,1.0,0.0));
#3247=DIRECTION('',(1.0,0.0,0.0));
#3248=ORIENTED_EDGE('',*,*,#6613,.T.);
#3249=ORIENTED_EDGE('',*,*,#6614,.T.);
#3250=ORIENTED_EDGE('',*,*,#6615,.F.);
#3251=ORIENTED_EDGE('',*,*,#6612,.T.);
#3252=CARTESIAN_POINT('',(-6.0,0.2,4.465180361561));
#3253=DIRECTION('',(-0.707106781186548,0.0,0.707106781186548));
#3254=DIRECTION('',(0.0,1.0,0.0));
#3255=ORIENTED_EDGE('',*,*,#6615,.T.);
#3256=ORIENTED_EDGE('',*,*,#6616,.F.);
#3257=ORIENTED_EDGE('',*,*,#6617,.F.);
#3258=ORIENTED_EDGE('',*,*,#6618,.F.);
#3259=ORIENTED_EDGE('',*,*,#6619,.T.);
#3260=ORIENTED_EDGE('',*,*,#6607,.T.);
#3261=CARTESIAN_POINT('',(-4.465180361561,0.2,6.0));
#3262=DIRECTION('',(0.0,0.0,1.0));
#3263=DIRECTION('',(1.0,0.0,0.0));
#3264=ORIENTED_EDGE('',*,*,#6619,.F.);
#3265=ORIENTED_EDGE('',*,*,#6620,.F.);
#3266=ORIENTED_EDGE('',*,*,#6621,.F.);
#3267=ORIENTED_EDGE('',*,*,#6622,.F.);
#3268=ORIENTED_EDGE('',*,*,#6400,.T.);
#3269=ORIENTED_EDGE('',*,*,#6623,.F.);
#3270=ORIENTED_EDGE('',*,*,#6608,.F.);
#3271=CARTESIAN_POINT('',(-1.7,0.0,0.0));
#3272=DIRECTION('',(-1.0,0.0,0.0));
#3273=DIRECTION('',(0.0,0.0,1.0));
#3274=ORIENTED_EDGE('',*,*,#6399,.T.);
#3275=ORIENTED_EDGE('',*,*,#6605,.F.);
#3276=ORIENTED_EDGE('',*,*,#6609,.T.);
#3277=ORIENTED_EDGE('',*,*,#6623,.T.);
#3278=CARTESIAN_POINT('',(-4.152007563196,0.59,5.5));
#3279=DIRECTION('',(0.0,0.0,1.0));
#3280=DIRECTION('',(1.0,0.0,0.0));
#3281=ORIENTED_EDGE('',*,*,#6622,.T.);
#3282=ORIENTED_EDGE('',*,*,#6624,.F.);
#3283=ORIENTED_EDGE('',*,*,#6625,.T.);
#3284=ORIENTED_EDGE('',*,*,#6401,.F.);
#3285=CARTESIAN_POINT('',(-14.6049948533,0.97,4.935));
#3286=DIRECTION('',(-1.0,0.0,0.0));
#3287=DIRECTION('',(0.0,0.0,1.0));
#3288=ORIENTED_EDGE('',*,*,#6626,.F.);
#3289=ORIENTED_EDGE('',*,*,#6402,.T.);
#3290=ORIENTED_EDGE('',*,*,#6625,.F.);
#3291=ORIENTED_EDGE('',*,*,#6627,.F.);
#3292=ORIENTED_EDGE('',*,*,#6628,.T.);
#3293=ORIENTED_EDGE('',*,*,#6629,.F.);
#3294=ORIENTED_EDGE('',*,*,#6312,.T.);
#3295=CARTESIAN_POINT('',(1.7,0.0,0.0));
#3296=DIRECTION('',(-1.0,0.0,0.0));
#3297=DIRECTION('',(0.0,0.0,1.0));
#3298=ORIENTED_EDGE('',*,*,#6629,.T.);
#3299=ORIENTED_EDGE('',*,*,#6630,.F.);
#3300=ORIENTED_EDGE('',*,*,#6631,.F.);
#3301=ORIENTED_EDGE('',*,*,#6632,.F.);
#3302=ORIENTED_EDGE('',*,*,#6315,.F.);
#3303=ORIENTED_EDGE('',*,*,#6313,.T.);
#3304=CARTESIAN_POINT('',(-4.465180361561,0.2,6.0));
#3305=DIRECTION('',(0.0,0.0,1.0));
#3306=DIRECTION('',(1.0,0.0,0.0));
#3307=ORIENTED_EDGE('',*,*,#6320,.F.);
#3308=ORIENTED_EDGE('',*,*,#6318,.T.);
#3309=ORIENTED_EDGE('',*,*,#6316,.F.);
#3310=ORIENTED_EDGE('',*,*,#6632,.T.);
#3311=ORIENTED_EDGE('',*,*,#6633,.F.);
#3312=ORIENTED_EDGE('',*,*,#6634,.T.);
#3313=ORIENTED_EDGE('',*,*,#6635,.F.);
#3314=ORIENTED_EDGE('',*,*,#6636,.T.);
#3315=CARTESIAN_POINT('',(0.0,-1.36,0.0));
#3316=DIRECTION('',(-0.0,1.0,0.0));
#3317=DIRECTION('',(1.0,0.0,0.0));
#3318=ORIENTED_EDGE('',*,*,#6637,.F.);
#3319=ORIENTED_EDGE('',*,*,#6638,.T.);
#3320=ORIENTED_EDGE('',*,*,#6321,.F.);
#3321=ORIENTED_EDGE('',*,*,#6636,.F.);
#3322=CARTESIAN_POINT('',(5.0,-1.36,2.73));
#3323=DIRECTION('',(1.0,0.0,0.0));
#3324=DIRECTION('',(0.0,1.0,0.0));
#3325=ORIENTED_EDGE('',*,*,#6551,.F.);
#3326=ORIENTED_EDGE('',*,*,#6639,.F.);
#3327=ORIENTED_EDGE('',*,*,#6544,.F.);
#3328=ORIENTED_EDGE('',*,*,#6541,.F.);
#3329=ORIENTED_EDGE('',*,*,#6539,.T.);
#3330=ORIENTED_EDGE('',*,*,#6640,.F.);
#3331=ORIENTED_EDGE('',*,*,#6641,.F.);
#3332=ORIENTED_EDGE('',*,*,#6642,.F.);
#3333=ORIENTED_EDGE('',*,*,#6643,.T.);
#3334=ORIENTED_EDGE('',*,*,#6644,.F.);
#3335=ORIENTED_EDGE('',*,*,#6645,.F.);
#3336=ORIENTED_EDGE('',*,*,#6646,.F.);
#3337=ORIENTED_EDGE('',*,*,#6647,.F.);
#3338=ORIENTED_EDGE('',*,*,#6648,.F.);
#3339=ORIENTED_EDGE('',*,*,#6649,.T.);
#3340=ORIENTED_EDGE('',*,*,#6650,.T.);
#3341=ORIENTED_EDGE('',*,*,#6651,.F.);
#3342=ORIENTED_EDGE('',*,*,#6652,.F.);
#3343=ORIENTED_EDGE('',*,*,#6653,.F.);
#3344=ORIENTED_EDGE('',*,*,#6654,.T.);
#3345=ORIENTED_EDGE('',*,*,#6322,.F.);
#3346=ORIENTED_EDGE('',*,*,#6638,.F.);
#3347=ORIENTED_EDGE('',*,*,#6655,.F.);
#3348=ORIENTED_EDGE('',*,*,#6656,.F.);
#3349=ORIENTED_EDGE('',*,*,#6657,.T.);
#3350=ORIENTED_EDGE('',*,*,#6658,.F.);
#3351=ORIENTED_EDGE('',*,*,#6659,.F.);
#3352=ORIENTED_EDGE('',*,*,#6660,.F.);
#3353=ORIENTED_EDGE('',*,*,#6661,.F.);
#3354=ORIENTED_EDGE('',*,*,#6662,.F.);
#3355=ORIENTED_EDGE('',*,*,#6663,.F.);
#3356=ORIENTED_EDGE('',*,*,#6664,.F.);
#3357=CARTESIAN_POINT('',(-3.579563694509,-0.86,1.602887583486));
#3358=DIRECTION('',(-0.0,1.0,0.0));
#3359=DIRECTION('',(1.0,0.0,0.0));
#3360=ORIENTED_EDGE('',*,*,#6552,.F.);
#3361=ORIENTED_EDGE('',*,*,#6664,.T.);
#3362=ORIENTED_EDGE('',*,*,#6665,.T.);
#3363=ORIENTED_EDGE('',*,*,#6567,.F.);
#3364=CARTESIAN_POINT('',(-3.81,0.0,1.62067694507));
#3365=DIRECTION('',(0.965925826289076,0.258819045102493,0.0));
#3366=DIRECTION('',(0.0,0.0,-1.0));
#3367=ORIENTED_EDGE('',*,*,#6665,.F.);
#3368=ORIENTED_EDGE('',*,*,#6663,.T.);
#3369=ORIENTED_EDGE('',*,*,#6666,.T.);
#3370=ORIENTED_EDGE('',*,*,#6667,.T.);
#3371=ORIENTED_EDGE('',*,*,#6668,.T.);
#3372=ORIENTED_EDGE('',*,*,#6669,.F.);
#3373=ORIENTED_EDGE('',*,*,#6568,.F.);
#3374=CARTESIAN_POINT('',(6.0,0.0,3.3));
#3375=DIRECTION('',(0.0,0.087155742747664,0.996194698091745));
#3376=DIRECTION('',(1.0,-0.0,0.0));
#3377=ORIENTED_EDGE('',*,*,#6602,.T.);
#3378=ORIENTED_EDGE('',*,*,#6669,.T.);
#3379=ORIENTED_EDGE('',*,*,#6670,.T.);
#3380=ORIENTED_EDGE('',*,*,#6610,.F.);
#3381=CARTESIAN_POINT('',(-6.5,0.59,3.3));
#3382=DIRECTION('',(0.0,0.0,1.0));
#3383=DIRECTION('',(1.0,0.0,0.0));
#3384=ORIENTED_EDGE('',*,*,#6670,.F.);
#3385=ORIENTED_EDGE('',*,*,#6668,.F.);
#3386=ORIENTED_EDGE('',*,*,#6671,.F.);
#3387=ORIENTED_EDGE('',*,*,#6613,.F.);
#3388=ORIENTED_EDGE('',*,*,#6611,.T.);
#3389=CARTESIAN_POINT('',(-6.0,0.2,-4.465180361561));
#3390=DIRECTION('',(-1.0,0.0,0.0));
#3391=DIRECTION('',(0.0,0.0,1.0));
#3392=ORIENTED_EDGE('',*,*,#6672,.F.);
#3393=ORIENTED_EDGE('',*,*,#6616,.T.);
#3394=ORIENTED_EDGE('',*,*,#6614,.F.);
#3395=ORIENTED_EDGE('',*,*,#6671,.T.);
#3396=ORIENTED_EDGE('',*,*,#6667,.F.);
#3397=ORIENTED_EDGE('',*,*,#6673,.T.);
#3398=ORIENTED_EDGE('',*,*,#6674,.F.);
#3399=ORIENTED_EDGE('',*,*,#6675,.T.);
#3400=CARTESIAN_POINT('',(0.0,-1.36,0.0));
#3401=DIRECTION('',(-0.0,1.0,0.0));
#3402=DIRECTION('',(1.0,0.0,0.0));
#3403=ORIENTED_EDGE('',*,*,#6676,.F.);
#3404=ORIENTED_EDGE('',*,*,#6660,.T.);
#3405=ORIENTED_EDGE('',*,*,#6677,.F.);
#3406=ORIENTED_EDGE('',*,*,#6675,.F.);
#3407=CARTESIAN_POINT('',(-2.625,-1.36,5.0));
#3408=DIRECTION('',(0.0,0.0,1.0));
#3409=DIRECTION('',(1.0,0.0,0.0));
#3410=ORIENTED_EDGE('',*,*,#6659,.T.);
#3411=ORIENTED_EDGE('',*,*,#6678,.T.);
#3412=ORIENTED_EDGE('',*,*,#6679,.T.);
#3413=ORIENTED_EDGE('',*,*,#6617,.T.);
#3414=ORIENTED_EDGE('',*,*,#6672,.T.);
#3415=ORIENTED_EDGE('',*,*,#6677,.T.);
#3416=CARTESIAN_POINT('',(-3.26,-1.36,6.0));
#3417=DIRECTION('',(0.997199309888457,-0.0747899482416268,0.0));
#3418=DIRECTION('',(0.0,0.0,-1.0));
#3419=ORIENTED_EDGE('',*,*,#6679,.F.);
#3420=ORIENTED_EDGE('',*,*,#6680,.F.);
#3421=ORIENTED_EDGE('',*,*,#6620,.T.);
#3422=ORIENTED_EDGE('',*,*,#6618,.T.);
#3423=CARTESIAN_POINT('',(-3.185,-0.36,6.0));
#3424=DIRECTION('',(0.0,-1.0,0.0));
#3425=DIRECTION('',(0.0,0.0,-1.0));
#3426=ORIENTED_EDGE('',*,*,#6681,.F.);
#3427=ORIENTED_EDGE('',*,*,#6682,.T.);
#3428=ORIENTED_EDGE('',*,*,#6627,.T.);
#3429=ORIENTED_EDGE('',*,*,#6624,.T.);
#3430=ORIENTED_EDGE('',*,*,#6621,.T.);
#3431=ORIENTED_EDGE('',*,*,#6680,.T.);
#3432=ORIENTED_EDGE('',*,*,#6678,.F.);
#3433=ORIENTED_EDGE('',*,*,#6658,.T.);
#3434=ORIENTED_EDGE('',*,*,#6683,.F.);
#3435=ORIENTED_EDGE('',*,*,#6684,.F.);
#3436=ORIENTED_EDGE('',*,*,#6685,.T.);
#3437=ORIENTED_EDGE('',*,*,#6686,.F.);
#3438=CARTESIAN_POINT('',(-1.7,1.12,5.085));
#3439=DIRECTION('',(0.0,0.0,-1.0));
#3440=DIRECTION('',(0.0,-1.0,0.0));
#3441=ORIENTED_EDGE('',*,*,#6628,.F.);
#3442=ORIENTED_EDGE('',*,*,#6682,.F.);
#3443=ORIENTED_EDGE('',*,*,#6687,.T.);
#3444=ORIENTED_EDGE('',*,*,#6630,.T.);
#3445=CARTESIAN_POINT('',(-3.185,-0.36,6.0));
#3446=DIRECTION('',(0.0,-1.0,0.0));
#3447=DIRECTION('',(0.0,0.0,-1.0));
#3448=ORIENTED_EDGE('',*,*,#6633,.T.);
#3449=ORIENTED_EDGE('',*,*,#6631,.T.);
#3450=ORIENTED_EDGE('',*,*,#6687,.F.);
#3451=ORIENTED_EDGE('',*,*,#6681,.T.);
#3452=ORIENTED_EDGE('',*,*,#6657,.F.);
#3453=ORIENTED_EDGE('',*,*,#6688,.T.);
#3454=CARTESIAN_POINT('',(3.185,-0.36,6.0));
#3455=DIRECTION('',(-0.997199309888457,-0.0747899482416268,0.0));
#3456=DIRECTION('',(-0.0747899482416268,0.997199309888457,0.0));
#3457=ORIENTED_EDGE('',*,*,#6688,.F.);
#3458=ORIENTED_EDGE('',*,*,#6656,.T.);
#3459=ORIENTED_EDGE('',*,*,#6689,.T.);
#3460=ORIENTED_EDGE('',*,*,#6634,.F.);
#3461=CARTESIAN_POINT('',(4.050966799188,-1.36,5.0));
#3462=DIRECTION('',(0.0,0.0,1.0));
#3463=DIRECTION('',(1.0,0.0,0.0));
#3464=ORIENTED_EDGE('',*,*,#6689,.F.);
#3465=ORIENTED_EDGE('',*,*,#6655,.T.);
#3466=ORIENTED_EDGE('',*,*,#6637,.T.);
#3467=ORIENTED_EDGE('',*,*,#6635,.T.);
#3468=CARTESIAN_POINT('',(5.0,-1.36,4.050966799188));
#3469=DIRECTION('',(0.707106781186548,0.0,0.707106781186548));
#3470=DIRECTION('',(0.0,-1.0,0.0));
#3471=ORIENTED_EDGE('',*,*,#6690,.T.);
#3472=ORIENTED_EDGE('',*,*,#6691,.F.);
#3473=ORIENTED_EDGE('',*,*,#6692,.F.);
#3474=ORIENTED_EDGE('',*,*,#6686,.T.);
#3475=ORIENTED_EDGE('',*,*,#6693,.F.);
#3476=ORIENTED_EDGE('',*,*,#6694,.T.);
#3477=ORIENTED_EDGE('',*,*,#6695,.T.);
#3478=CARTESIAN_POINT('',(-0.7,0.2,5.6));
#3479=DIRECTION('',(-1.0,0.0,0.0));
#3480=DIRECTION('',(0.0,0.0,1.0));
#3481=ORIENTED_EDGE('',*,*,#6696,.T.);
#3482=ORIENTED_EDGE('',*,*,#6697,.T.);
#3483=ORIENTED_EDGE('',*,*,#6698,.T.);
#3484=ORIENTED_EDGE('',*,*,#6699,.F.);
#3485=ORIENTED_EDGE('',*,*,#6700,.T.);
#3486=ORIENTED_EDGE('',*,*,#6695,.F.);
#3487=ORIENTED_EDGE('',*,*,#6701,.T.);
#3488=ORIENTED_EDGE('',*,*,#6702,.T.);
#3489=CARTESIAN_POINT('',(0.0,-0.35,0.0));
#3490=DIRECTION('',(-0.0,1.0,0.0));
#3491=DIRECTION('',(1.0,0.0,0.0));
#3492=ORIENTED_EDGE('',*,*,#6703,.T.);
#3493=ORIENTED_EDGE('',*,*,#6704,.T.);
#3494=ORIENTED_EDGE('',*,*,#6705,.T.);
#3495=ORIENTED_EDGE('',*,*,#6706,.F.);
#3496=ORIENTED_EDGE('',*,*,#6707,.F.);
#3497=ORIENTED_EDGE('',*,*,#6708,.F.);
#3498=ORIENTED_EDGE('',*,*,#6709,.T.);
#3499=ORIENTED_EDGE('',*,*,#6710,.T.);
#3500=ORIENTED_EDGE('',*,*,#6711,.T.);
#3501=ORIENTED_EDGE('',*,*,#6699,.T.);
#3502=ORIENTED_EDGE('',*,*,#6712,.F.);
#3503=ORIENTED_EDGE('',*,*,#6713,.T.);
#3504=CARTESIAN_POINT('',(-1.558102525489,1.21,5.135));
#3505=DIRECTION('',(0.0,0.087155742747664,0.996194698091745));
#3506=DIRECTION('',(1.0,-0.0,0.0));
#3507=ORIENTED_EDGE('',*,*,#6714,.T.);
#3508=ORIENTED_EDGE('',*,*,#6715,.F.);
#3509=ORIENTED_EDGE('',*,*,#6716,.F.);
#3510=ORIENTED_EDGE('',*,*,#6717,.F.);
#3511=ORIENTED_EDGE('',*,*,#6718,.F.);
#3512=ORIENTED_EDGE('',*,*,#6719,.F.);
#3513=ORIENTED_EDGE('',*,*,#6720,.F.);
#3514=ORIENTED_EDGE('',*,*,#6721,.F.);
#3515=ORIENTED_EDGE('',*,*,#6713,.F.);
#3516=CARTESIAN_POINT('',(0.875,-0.35,6.0));
#3517=DIRECTION('',(-1.0,0.0,0.0));
#3518=DIRECTION('',(0.0,0.0,1.0));
#3519=ORIENTED_EDGE('',*,*,#6721,.T.);
#3520=ORIENTED_EDGE('',*,*,#6722,.F.);
#3521=ORIENTED_EDGE('',*,*,#6723,.T.);
#3522=ORIENTED_EDGE('',*,*,#6724,.F.);
#3523=CARTESIAN_POINT('',(0.875,1.554093010682,3.675));
#3524=DIRECTION('',(1.0,0.0,0.0));
#3525=DIRECTION('',(0.0,-1.0,0.0));
#3526=ORIENTED_EDGE('',*,*,#6703,.F.);
#3527=ORIENTED_EDGE('',*,*,#6724,.T.);
#3528=ORIENTED_EDGE('',*,*,#6709,.F.);
#3529=ORIENTED_EDGE('',*,*,#6725,.F.);
#3530=ORIENTED_EDGE('',*,*,#6726,.T.);
#3531=ORIENTED_EDGE('',*,*,#6727,.F.);
#3532=ORIENTED_EDGE('',*,*,#6728,.F.);
#3533=ORIENTED_EDGE('',*,*,#6729,.F.);
#3534=ORIENTED_EDGE('',*,*,#6730,.F.);
#3535=ORIENTED_EDGE('',*,*,#6731,.F.);
#3536=ORIENTED_EDGE('',*,*,#6732,.F.);
#3537=ORIENTED_EDGE('',*,*,#6733,.F.);
#3538=ORIENTED_EDGE('',*,*,#6734,.F.);
#3539=ORIENTED_EDGE('',*,*,#6735,.F.);
#3540=ORIENTED_EDGE('',*,*,#6736,.F.);
#3541=ORIENTED_EDGE('',*,*,#6737,.T.);
#3542=ORIENTED_EDGE('',*,*,#6738,.T.);
#3543=ORIENTED_EDGE('',*,*,#6739,.T.);
#3544=ORIENTED_EDGE('',*,*,#6740,.T.);
#3545=ORIENTED_EDGE('',*,*,#6741,.F.);
#3546=ORIENTED_EDGE('',*,*,#6742,.T.);
#3547=ORIENTED_EDGE('',*,*,#6743,.F.);
#3548=ORIENTED_EDGE('',*,*,#6744,.F.);
#3549=ORIENTED_EDGE('',*,*,#6745,.F.);
#3550=ORIENTED_EDGE('',*,*,#6746,.F.);
#3551=ORIENTED_EDGE('',*,*,#6747,.F.);
#3552=ORIENTED_EDGE('',*,*,#6748,.F.);
#3553=ORIENTED_EDGE('',*,*,#6749,.F.);
#3554=ORIENTED_EDGE('',*,*,#6750,.F.);
#3555=ORIENTED_EDGE('',*,*,#6751,.F.);
#3556=ORIENTED_EDGE('',*,*,#6752,.F.);
#3557=ORIENTED_EDGE('',*,*,#6753,.T.);
#3558=ORIENTED_EDGE('',*,*,#6754,.F.);
#3559=ORIENTED_EDGE('',*,*,#6755,.F.);
#3560=ORIENTED_EDGE('',*,*,#6756,.T.);
#3561=ORIENTED_EDGE('',*,*,#6757,.F.);
#3562=ORIENTED_EDGE('',*,*,#6758,.F.);
#3563=ORIENTED_EDGE('',*,*,#6759,.F.);
#3564=ORIENTED_EDGE('',*,*,#6760,.T.);
#3565=ORIENTED_EDGE('',*,*,#6761,.F.);
#3566=ORIENTED_EDGE('',*,*,#6762,.F.);
#3567=ORIENTED_EDGE('',*,*,#6763,.F.);
#3568=ORIENTED_EDGE('',*,*,#6764,.F.);
#3569=ORIENTED_EDGE('',*,*,#6765,.F.);
#3570=ORIENTED_EDGE('',*,*,#6766,.F.);
#3571=ORIENTED_EDGE('',*,*,#6767,.F.);
#3572=ORIENTED_EDGE('',*,*,#6768,.F.);
#3573=ORIENTED_EDGE('',*,*,#6769,.F.);
#3574=ORIENTED_EDGE('',*,*,#6770,.F.);
#3575=ORIENTED_EDGE('',*,*,#6771,.T.);
#3576=ORIENTED_EDGE('',*,*,#6772,.T.);
#3577=ORIENTED_EDGE('',*,*,#6773,.T.);
#3578=ORIENTED_EDGE('',*,*,#6774,.T.);
#3579=ORIENTED_EDGE('',*,*,#6775,.T.);
#3580=ORIENTED_EDGE('',*,*,#6776,.T.);
#3581=ORIENTED_EDGE('',*,*,#6777,.F.);
#3582=ORIENTED_EDGE('',*,*,#6778,.F.);
#3583=ORIENTED_EDGE('',*,*,#6779,.F.);
#3584=ORIENTED_EDGE('',*,*,#6780,.F.);
#3585=ORIENTED_EDGE('',*,*,#6781,.F.);
#3586=ORIENTED_EDGE('',*,*,#6782,.F.);
#3587=ORIENTED_EDGE('',*,*,#6783,.F.);
#3588=ORIENTED_EDGE('',*,*,#6784,.F.);
#3589=ORIENTED_EDGE('',*,*,#6785,.F.);
#3590=ORIENTED_EDGE('',*,*,#6786,.F.);
#3591=ORIENTED_EDGE('',*,*,#6787,.T.);
#3592=ORIENTED_EDGE('',*,*,#6788,.F.);
#3593=ORIENTED_EDGE('',*,*,#6789,.F.);
#3594=ORIENTED_EDGE('',*,*,#6790,.F.);
#3595=ORIENTED_EDGE('',*,*,#6791,.F.);
#3596=ORIENTED_EDGE('',*,*,#6792,.F.);
#3597=ORIENTED_EDGE('',*,*,#6248,.F.);
#3598=ORIENTED_EDGE('',*,*,#6793,.F.);
#3599=ORIENTED_EDGE('',*,*,#6794,.F.);
#3600=ORIENTED_EDGE('',*,*,#6795,.F.);
#3601=ORIENTED_EDGE('',*,*,#6796,.F.);
#3602=ORIENTED_EDGE('',*,*,#6797,.F.);
#3603=ORIENTED_EDGE('',*,*,#6798,.F.);
#3604=ORIENTED_EDGE('',*,*,#6244,.F.);
#3605=ORIENTED_EDGE('',*,*,#6799,.F.);
#3606=ORIENTED_EDGE('',*,*,#6800,.F.);
#3607=ORIENTED_EDGE('',*,*,#6801,.F.);
#3608=ORIENTED_EDGE('',*,*,#6802,.F.);
#3609=ORIENTED_EDGE('',*,*,#6803,.F.);
#3610=ORIENTED_EDGE('',*,*,#6804,.F.);
#3611=ORIENTED_EDGE('',*,*,#6240,.F.);
#3612=ORIENTED_EDGE('',*,*,#6805,.F.);
#3613=ORIENTED_EDGE('',*,*,#6806,.F.);
#3614=ORIENTED_EDGE('',*,*,#6807,.F.);
#3615=ORIENTED_EDGE('',*,*,#6808,.F.);
#3616=ORIENTED_EDGE('',*,*,#6809,.F.);
#3617=ORIENTED_EDGE('',*,*,#6810,.F.);
#3618=ORIENTED_EDGE('',*,*,#6252,.F.);
#3619=ORIENTED_EDGE('',*,*,#6811,.F.);
#3620=CARTESIAN_POINT('',(-1.6,1.21,-4.935));
#3621=DIRECTION('',(0.0,-1.0,0.0));
#3622=DIRECTION('',(0.0,0.0,-1.0));
#3623=ORIENTED_EDGE('',*,*,#6787,.F.);
#3624=ORIENTED_EDGE('',*,*,#6812,.F.);
#3625=ORIENTED_EDGE('',*,*,#6813,.T.);
#3626=ORIENTED_EDGE('',*,*,#6814,.T.);
#3627=ORIENTED_EDGE('',*,*,#6815,.T.);
#3628=ORIENTED_EDGE('',*,*,#6704,.F.);
#3629=CARTESIAN_POINT('',(1.6,1.21,6.209877530003));
#3630=DIRECTION('',(0.999657324975557,-0.0261769483078689,0.0));
#3631=DIRECTION('',(0.0,0.0,-1.0));
#3632=ORIENTED_EDGE('',*,*,#6815,.F.);
#3633=ORIENTED_EDGE('',*,*,#6816,.T.);
#3634=ORIENTED_EDGE('',*,*,#6817,.F.);
#3635=ORIENTED_EDGE('',*,*,#6818,.F.);
#3636=ORIENTED_EDGE('',*,*,#6819,.T.);
#3637=ORIENTED_EDGE('',*,*,#6705,.F.);
#3638=CARTESIAN_POINT('',(1.050075352773,-0.69,5.134100650298));
#3639=DIRECTION('',(0.0,-0.0,-1.0));
#3640=DIRECTION('',(0.0,-1.0,0.0));
#3641=ORIENTED_EDGE('',*,*,#6819,.F.);
#3642=ORIENTED_EDGE('',*,*,#6820,.T.);
#3643=ORIENTED_EDGE('',*,*,#6821,.F.);
#3644=ORIENTED_EDGE('',*,*,#6706,.T.);
#3645=CARTESIAN_POINT('',(-7.2,-0.7,5.178079396251));
#3646=DIRECTION('',(0.0,-0.526213923651875,-0.85035222499556));
#3647=DIRECTION('',(0.0,-0.85035222499556,0.526213923651875));
#3648=ORIENTED_EDGE('',*,*,#6821,.T.);
#3649=ORIENTED_EDGE('',*,*,#6822,.F.);
#3650=ORIENTED_EDGE('',*,*,#6823,.F.);
#3651=ORIENTED_EDGE('',*,*,#6824,.T.);
#3652=ORIENTED_EDGE('',*,*,#6825,.F.);
#3653=ORIENTED_EDGE('',*,*,#6707,.T.);
#3654=CARTESIAN_POINT('',(-1.050075352773,-0.69,6.03524905128));
#3655=DIRECTION('',(-0.0,0.0,1.0));
#3656=DIRECTION('',(0.0,-1.0,0.0));
#3657=ORIENTED_EDGE('',*,*,#6825,.T.);
#3658=ORIENTED_EDGE('',*,*,#6826,.F.);
#3659=ORIENTED_EDGE('',*,*,#6827,.T.);
#3660=ORIENTED_EDGE('',*,*,#6828,.F.);
#3661=ORIENTED_EDGE('',*,*,#6725,.T.);
#3662=ORIENTED_EDGE('',*,*,#6708,.T.);
#3663=CARTESIAN_POINT('',(-1.6,1.21,4.925122469997));
#3664=DIRECTION('',(-0.999657324975557,-0.0261769483078689,0.0));
#3665=DIRECTION('',(-0.0261769483078689,0.999657324975557,0.0));
#3666=ORIENTED_EDGE('',*,*,#6829,.F.);
#3667=ORIENTED_EDGE('',*,*,#6726,.F.);
#3668=ORIENTED_EDGE('',*,*,#6828,.T.);
#3669=ORIENTED_EDGE('',*,*,#6830,.T.);
#3670=CARTESIAN_POINT('',(4.271999991735,0.31,5.55));
#3671=DIRECTION('',(0.0,0.0261769483078689,0.999657324975557));
#3672=DIRECTION('',(1.0,-0.0,0.0));
#3673=ORIENTED_EDGE('',*,*,#6831,.F.);
#3674=ORIENTED_EDGE('',*,*,#6832,.F.);
#3675=ORIENTED_EDGE('',*,*,#6833,.F.);
#3676=ORIENTED_EDGE('',*,*,#6834,.F.);
#3677=ORIENTED_EDGE('',*,*,#6835,.F.);
#3678=ORIENTED_EDGE('',*,*,#6836,.F.);
#3679=ORIENTED_EDGE('',*,*,#6837,.F.);
#3680=ORIENTED_EDGE('',*,*,#6838,.F.);
#3681=ORIENTED_EDGE('',*,*,#6839,.F.);
#3682=ORIENTED_EDGE('',*,*,#6840,.F.);
#3683=ORIENTED_EDGE('',*,*,#6830,.F.);
#3684=ORIENTED_EDGE('',*,*,#6827,.F.);
#3685=ORIENTED_EDGE('',*,*,#6841,.T.);
#3686=ORIENTED_EDGE('',*,*,#6842,.F.);
#3687=ORIENTED_EDGE('',*,*,#6843,.T.);
#3688=ORIENTED_EDGE('',*,*,#6844,.F.);
#3689=CARTESIAN_POINT('',(0.0,0.31,0.0));
#3690=DIRECTION('',(0.0,-1.0,0.0));
#3691=DIRECTION('',(0.0,0.0,-1.0));
#3692=ORIENTED_EDGE('',*,*,#6737,.F.);
#3693=ORIENTED_EDGE('',*,*,#6845,.F.);
#3694=ORIENTED_EDGE('',*,*,#6844,.T.);
#3695=ORIENTED_EDGE('',*,*,#6846,.T.);
#3696=ORIENTED_EDGE('',*,*,#6847,.T.);
#3697=ORIENTED_EDGE('',*,*,#6848,.F.);
#3698=CARTESIAN_POINT('',(-4.925122469997,1.21,1.6));
#3699=DIRECTION('',(0.0,0.0261769483078689,-0.999657324975557));
#3700=DIRECTION('',(-1.0,0.0,0.0));
#3701=ORIENTED_EDGE('',*,*,#6849,.F.);
#3702=ORIENTED_EDGE('',*,*,#6740,.F.);
#3703=ORIENTED_EDGE('',*,*,#6850,.T.);
#3704=ORIENTED_EDGE('',*,*,#6851,.T.);
#3705=ORIENTED_EDGE('',*,*,#6852,.F.);
#3706=ORIENTED_EDGE('',*,*,#6853,.F.);
#3707=ORIENTED_EDGE('',*,*,#6854,.T.);
#3708=ORIENTED_EDGE('',*,*,#6738,.F.);
#3709=ORIENTED_EDGE('',*,*,#6848,.T.);
#3710=ORIENTED_EDGE('',*,*,#6855,.T.);
#3711=ORIENTED_EDGE('',*,*,#6856,.T.);
#3712=ORIENTED_EDGE('',*,*,#6857,.F.);
#3713=CARTESIAN_POINT('',(-5.135,1.21,-1.558102525489));
#3714=DIRECTION('',(-0.996194698091745,0.087155742747664,0.0));
#3715=DIRECTION('',(0.0,0.0,1.0));
#3716=ORIENTED_EDGE('',*,*,#6858,.T.);
#3717=ORIENTED_EDGE('',*,*,#6859,.F.);
#3718=ORIENTED_EDGE('',*,*,#6860,.F.);
#3719=ORIENTED_EDGE('',*,*,#6861,.T.);
#3720=ORIENTED_EDGE('',*,*,#6862,.F.);
#3721=ORIENTED_EDGE('',*,*,#6857,.T.);
#3722=CARTESIAN_POINT('',(-6.03524905128,-0.69,-1.050075352773));
#3723=DIRECTION('',(-1.0,-0.0,0.0));
#3724=DIRECTION('',(0.0,-1.0,0.0));
#3725=ORIENTED_EDGE('',*,*,#6862,.T.);
#3726=ORIENTED_EDGE('',*,*,#6863,.F.);
#3727=ORIENTED_EDGE('',*,*,#6864,.T.);
#3728=ORIENTED_EDGE('',*,*,#6865,.F.);
#3729=ORIENTED_EDGE('',*,*,#6741,.T.);
#3730=ORIENTED_EDGE('',*,*,#6849,.T.);
#3731=CARTESIAN_POINT('',(-6.209877530003,1.21,-1.6));
#3732=DIRECTION('',(0.0,0.0261769483078689,0.999657324975557));
#3733=DIRECTION('',(1.0,-0.0,0.0));
#3734=ORIENTED_EDGE('',*,*,#6866,.T.);
#3735=ORIENTED_EDGE('',*,*,#6742,.F.);
#3736=ORIENTED_EDGE('',*,*,#6865,.T.);
#3737=ORIENTED_EDGE('',*,*,#6867,.T.);
#3738=CARTESIAN_POINT('',(-5.55,0.31,4.271999991735));
#3739=DIRECTION('',(-0.999657324975557,0.0261769483078689,0.0));
#3740=DIRECTION('',(0.0,0.0,1.0));
#3741=ORIENTED_EDGE('',*,*,#6868,.F.);
#3742=ORIENTED_EDGE('',*,*,#6869,.F.);
#3743=ORIENTED_EDGE('',*,*,#6870,.F.);
#3744=ORIENTED_EDGE('',*,*,#6871,.T.);
#3745=ORIENTED_EDGE('',*,*,#6872,.F.);
#3746=ORIENTED_EDGE('',*,*,#6873,.F.);
#3747=ORIENTED_EDGE('',*,*,#6874,.F.);
#3748=ORIENTED_EDGE('',*,*,#6875,.T.);
#3749=ORIENTED_EDGE('',*,*,#6876,.F.);
#3750=ORIENTED_EDGE('',*,*,#6877,.F.);
#3751=ORIENTED_EDGE('',*,*,#6867,.F.);
#3752=ORIENTED_EDGE('',*,*,#6864,.F.);
#3753=ORIENTED_EDGE('',*,*,#6878,.T.);
#3754=ORIENTED_EDGE('',*,*,#6879,.F.);
#3755=ORIENTED_EDGE('',*,*,#6880,.T.);
#3756=ORIENTED_EDGE('',*,*,#6881,.F.);
#3757=CARTESIAN_POINT('',(0.0,0.31,0.0));
#3758=DIRECTION('',(-0.0,1.0,0.0));
#3759=DIRECTION('',(1.0,0.0,0.0));
#3760=ORIENTED_EDGE('',*,*,#6882,.T.);
#3761=ORIENTED_EDGE('',*,*,#6881,.T.);
#3762=ORIENTED_EDGE('',*,*,#6883,.T.);
#3763=ORIENTED_EDGE('',*,*,#6884,.F.);
#3764=CARTESIAN_POINT('',(-1.771264044772,0.11,-21.69531810287));
#3765=DIRECTION('',(0.0,0.0,-1.0));
#3766=DIRECTION('',(0.999657324975557,0.0261769483078689,0.0));
#3767=ORIENTED_EDGE('',*,*,#6885,.T.);
#3768=ORIENTED_EDGE('',*,*,#6886,.T.);
#3769=ORIENTED_EDGE('',*,*,#6887,.F.);
#3770=ORIENTED_EDGE('',*,*,#6753,.F.);
#3771=ORIENTED_EDGE('',*,*,#6888,.F.);
#3772=ORIENTED_EDGE('',*,*,#6884,.T.);
#3773=CARTESIAN_POINT('',(-1.6,1.21,4.925122469997));
#3774=DIRECTION('',(-0.999657324975557,-0.0261769483078689,0.0));
#3775=DIRECTION('',(-0.0261769483078689,0.999657324975557,0.0));
#3776=ORIENTED_EDGE('',*,*,#6752,.T.);
#3777=ORIENTED_EDGE('',*,*,#6889,.F.);
#3778=ORIENTED_EDGE('',*,*,#6868,.T.);
#3779=ORIENTED_EDGE('',*,*,#6882,.F.);
#3780=ORIENTED_EDGE('',*,*,#6888,.T.);
#3781=CARTESIAN_POINT('',(-4.271999991735,0.31,-5.55));
#3782=DIRECTION('',(0.0,0.0261769483078689,-0.999657324975557));
#3783=DIRECTION('',(-1.0,0.0,0.0));
#3784=ORIENTED_EDGE('',*,*,#6869,.T.);
#3785=ORIENTED_EDGE('',*,*,#6889,.T.);
#3786=ORIENTED_EDGE('',*,*,#6751,.T.);
#3787=ORIENTED_EDGE('',*,*,#6890,.F.);
#3788=CARTESIAN_POINT('',(-2.921363391231,1.231230947864,-6.326265582891));
#3789=DIRECTION('',(-0.00576776062332497,0.999646972603094,0.0259357495141453));
#3790=DIRECTION('',(0.000841975367318603,-0.0259313169748701,0.999663372279604));
#3791=ORIENTED_EDGE('',*,*,#6750,.T.);
#3792=ORIENTED_EDGE('',*,*,#6891,.F.);
#3793=ORIENTED_EDGE('',*,*,#6870,.T.);
#3794=ORIENTED_EDGE('',*,*,#6890,.T.);
#3795=CARTESIAN_POINT('',(-3.65,0.76,-4.17));
#3796=DIRECTION('',(-0.0,-1.0,0.0));
#3797=DIRECTION('',(1.0,0.0,0.0));
#3798=ORIENTED_EDGE('',*,*,#6749,.T.);
#3799=ORIENTED_EDGE('',*,*,#6892,.T.);
#3800=ORIENTED_EDGE('',*,*,#6871,.F.);
#3801=ORIENTED_EDGE('',*,*,#6891,.T.);
#3802=CARTESIAN_POINT('',(-5.19586958236,0.31,-5.67));
#3803=DIRECTION('',(0.0,0.0261769483078689,-0.999657324975557));
#3804=DIRECTION('',(-1.0,0.0,0.0));
#3805=ORIENTED_EDGE('',*,*,#6872,.T.);
#3806=ORIENTED_EDGE('',*,*,#6892,.F.);
#3807=ORIENTED_EDGE('',*,*,#6748,.T.);
#3808=ORIENTED_EDGE('',*,*,#6893,.F.);
#3809=CARTESIAN_POINT('',(-3.985992052357,0.76,-4.57));
#3810=DIRECTION('',(-0.0,-1.0,0.0));
#3811=DIRECTION('',(1.0,0.0,0.0));
#3812=ORIENTED_EDGE('',*,*,#6894,.T.);
#3813=ORIENTED_EDGE('',*,*,#6873,.T.);
#3814=ORIENTED_EDGE('',*,*,#6893,.T.);
#3815=ORIENTED_EDGE('',*,*,#6747,.T.);
#3816=CARTESIAN_POINT('',(-5.723238623319,0.31,-4.211611652352));
#3817=DIRECTION('',(0.707106781186548,0.0,0.707106781186548));
#3818=DIRECTION('',(0.0,-1.0,0.0));
#3819=ORIENTED_EDGE('',*,*,#6746,.T.);
#3820=ORIENTED_EDGE('',*,*,#6895,.F.);
#3821=ORIENTED_EDGE('',*,*,#6874,.T.);
#3822=ORIENTED_EDGE('',*,*,#6894,.F.);
#3823=CARTESIAN_POINT('',(-4.57,0.76,-3.985992052357));
#3824=DIRECTION('',(-0.0,-1.0,0.0));
#3825=DIRECTION('',(1.0,0.0,0.0));
#3826=ORIENTED_EDGE('',*,*,#6745,.T.);
#3827=ORIENTED_EDGE('',*,*,#6896,.T.);
#3828=ORIENTED_EDGE('',*,*,#6875,.F.);
#3829=ORIENTED_EDGE('',*,*,#6895,.T.);
#3830=CARTESIAN_POINT('',(-5.67,0.31,-2.440122469997));
#3831=DIRECTION('',(-0.999657324975557,0.0261769483078689,0.0));
#3832=DIRECTION('',(0.0,0.0,1.0));
#3833=ORIENTED_EDGE('',*,*,#6876,.T.);
#3834=ORIENTED_EDGE('',*,*,#6896,.F.);
#3835=ORIENTED_EDGE('',*,*,#6744,.T.);
#3836=ORIENTED_EDGE('',*,*,#6897,.F.);
#3837=CARTESIAN_POINT('',(-4.17,0.76,-3.65));
#3838=DIRECTION('',(-0.0,-1.0,0.0));
#3839=DIRECTION('',(1.0,0.0,0.0));
#3840=ORIENTED_EDGE('',*,*,#6877,.T.);
#3841=ORIENTED_EDGE('',*,*,#6897,.T.);
#3842=ORIENTED_EDGE('',*,*,#6743,.T.);
#3843=ORIENTED_EDGE('',*,*,#6866,.F.);
#3844=CARTESIAN_POINT('',(-6.326265582891,1.231230947864,-2.921363391231));
#3845=DIRECTION('',(0.0259357495141481,0.999646972603094,-0.00576776062332439));
#3846=DIRECTION('',(0.947219432419497,-0.0264189462149799,-0.319495518165399));
#3847=ORIENTED_EDGE('',*,*,#6898,.F.);
#3848=ORIENTED_EDGE('',*,*,#6899,.T.);
#3849=ORIENTED_EDGE('',*,*,#6900,.T.);
#3850=ORIENTED_EDGE('',*,*,#6754,.T.);
#3851=ORIENTED_EDGE('',*,*,#6887,.T.);
#3852=ORIENTED_EDGE('',*,*,#6901,.F.);
#3853=ORIENTED_EDGE('',*,*,#6902,.F.);
#3854=ORIENTED_EDGE('',*,*,#6903,.F.);
#3855=ORIENTED_EDGE('',*,*,#6904,.F.);
#3856=ORIENTED_EDGE('',*,*,#6758,.T.);
#3857=ORIENTED_EDGE('',*,*,#6905,.T.);
#3858=ORIENTED_EDGE('',*,*,#6906,.F.);
#3859=ORIENTED_EDGE('',*,*,#6907,.F.);
#3860=ORIENTED_EDGE('',*,*,#6908,.T.);
#3861=CARTESIAN_POINT('',(-1.6,-1.19,-5.344972792462));
#3862=DIRECTION('',(0.0,0.087155742747664,-0.996194698091745));
#3863=DIRECTION('',(-1.0,0.0,0.0));
#3864=ORIENTED_EDGE('',*,*,#6908,.F.);
#3865=ORIENTED_EDGE('',*,*,#6909,.T.);
#3866=ORIENTED_EDGE('',*,*,#6910,.T.);
#3867=ORIENTED_EDGE('',*,*,#6911,.T.);
#3868=ORIENTED_EDGE('',*,*,#6912,.T.);
#3869=ORIENTED_EDGE('',*,*,#6913,.T.);
#3870=ORIENTED_EDGE('',*,*,#6914,.T.);
#3871=ORIENTED_EDGE('',*,*,#6915,.F.);
#3872=CARTESIAN_POINT('',(0.0,-0.35,0.0));
#3873=DIRECTION('',(-0.0,1.0,0.0));
#3874=DIRECTION('',(1.0,0.0,0.0));
#3875=ORIENTED_EDGE('',*,*,#6916,.T.);
#3876=ORIENTED_EDGE('',*,*,#6917,.F.);
#3877=ORIENTED_EDGE('',*,*,#6898,.T.);
#3878=ORIENTED_EDGE('',*,*,#6911,.F.);
#3879=CARTESIAN_POINT('',(-0.7747142296147,-0.25,21.73529823701));
#3880=DIRECTION('',(-0.0,0.0,1.0));
#3881=DIRECTION('',(0.0,-1.0,0.0));
#3882=ORIENTED_EDGE('',*,*,#6918,.T.);
#3883=ORIENTED_EDGE('',*,*,#6919,.F.);
#3884=ORIENTED_EDGE('',*,*,#6899,.F.);
#3885=ORIENTED_EDGE('',*,*,#6917,.T.);
#3886=CARTESIAN_POINT('',(-0.975,0.31,-6.0));
#3887=DIRECTION('',(0.984807753012213,0.173648177666902,0.0));
#3888=DIRECTION('',(0.0,0.0,-1.0));
#3889=ORIENTED_EDGE('',*,*,#6920,.T.);
#3890=ORIENTED_EDGE('',*,*,#6921,.F.);
#3891=ORIENTED_EDGE('',*,*,#6922,.F.);
#3892=ORIENTED_EDGE('',*,*,#6923,.F.);
#3893=ORIENTED_EDGE('',*,*,#6900,.F.);
#3894=ORIENTED_EDGE('',*,*,#6919,.T.);
#3895=CARTESIAN_POINT('',(-0.975,-0.35,-6.0));
#3896=DIRECTION('',(1.0,0.0,0.0));
#3897=DIRECTION('',(0.0,1.0,0.0));
#3898=ORIENTED_EDGE('',*,*,#6924,.T.);
#3899=ORIENTED_EDGE('',*,*,#6755,.T.);
#3900=ORIENTED_EDGE('',*,*,#6923,.T.);
#3901=ORIENTED_EDGE('',*,*,#6925,.F.);
#3902=ORIENTED_EDGE('',*,*,#6926,.T.);
#3903=ORIENTED_EDGE('',*,*,#6757,.T.);
#3904=ORIENTED_EDGE('',*,*,#6927,.F.);
#3905=ORIENTED_EDGE('',*,*,#6928,.T.);
#3906=CARTESIAN_POINT('',(-0.975,-0.35,-5.135));
#3907=DIRECTION('',(0.0,0.0,-1.0));
#3908=DIRECTION('',(0.0,-1.0,0.0));
#3909=ORIENTED_EDGE('',*,*,#6929,.T.);
#3910=ORIENTED_EDGE('',*,*,#6928,.F.);
#3911=ORIENTED_EDGE('',*,*,#6930,.T.);
#3912=ORIENTED_EDGE('',*,*,#6756,.F.);
#3913=CARTESIAN_POINT('',(0.875,1.554093010682,-3.675));
#3914=DIRECTION('',(-1.0,-0.0,0.0));
#3915=DIRECTION('',(0.0,-1.0,0.0));
#3916=ORIENTED_EDGE('',*,*,#6930,.F.);
#3917=ORIENTED_EDGE('',*,*,#6927,.T.);
#3918=CARTESIAN_POINT('',(0.875,-0.35,-6.0));
#3919=DIRECTION('',(1.0,0.0,0.0));
#3920=DIRECTION('',(0.0,1.0,0.0));
#3921=ORIENTED_EDGE('',*,*,#6929,.F.);
#3922=ORIENTED_EDGE('',*,*,#6924,.F.);
#3923=CARTESIAN_POINT('',(-0.875,-0.35,-5.135));
#3924=DIRECTION('',(-1.0,0.0,0.0));
#3925=DIRECTION('',(0.0,0.0,1.0));
#3926=ORIENTED_EDGE('',*,*,#6905,.F.);
#3927=ORIENTED_EDGE('',*,*,#6926,.F.);
#3928=ORIENTED_EDGE('',*,*,#6931,.T.);
#3929=ORIENTED_EDGE('',*,*,#6932,.F.);
#3930=ORIENTED_EDGE('',*,*,#6933,.T.);
#3931=ORIENTED_EDGE('',*,*,#6934,.F.);
#3932=CARTESIAN_POINT('',(0.975,-0.35,-5.135));
#3933=DIRECTION('',(-1.0,0.0,0.0));
#3934=DIRECTION('',(0.0,0.0,1.0));
#3935=ORIENTED_EDGE('',*,*,#6906,.T.);
#3936=ORIENTED_EDGE('',*,*,#6934,.T.);
#3937=ORIENTED_EDGE('',*,*,#6935,.F.);
#3938=ORIENTED_EDGE('',*,*,#6936,.T.);
#3939=CARTESIAN_POINT('',(0.975,0.31,-6.0));
#3940=DIRECTION('',(0.984807753012213,-0.173648177666902,0.0));
#3941=DIRECTION('',(0.0,0.0,-1.0));
#3942=ORIENTED_EDGE('',*,*,#6907,.T.);
#3943=ORIENTED_EDGE('',*,*,#6936,.F.);
#3944=ORIENTED_EDGE('',*,*,#6937,.T.);
#3945=ORIENTED_EDGE('',*,*,#6909,.F.);
#3946=CARTESIAN_POINT('',(0.7747142296147,-0.25,-21.69531810287));
#3947=DIRECTION('',(0.0,-0.0,-1.0));
#3948=DIRECTION('',(0.0,-1.0,0.0));
#3949=ORIENTED_EDGE('',*,*,#6918,.F.);
#3950=ORIENTED_EDGE('',*,*,#6916,.F.);
#3951=ORIENTED_EDGE('',*,*,#6910,.F.);
#3952=ORIENTED_EDGE('',*,*,#6937,.F.);
#3953=ORIENTED_EDGE('',*,*,#6935,.T.);
#3954=ORIENTED_EDGE('',*,*,#6938,.T.);
#3955=ORIENTED_EDGE('',*,*,#6939,.T.);
#3956=ORIENTED_EDGE('',*,*,#6940,.F.);
#3957=ORIENTED_EDGE('',*,*,#6941,.T.);
#3958=ORIENTED_EDGE('',*,*,#6942,.F.);
#3959=ORIENTED_EDGE('',*,*,#6885,.F.);
#3960=ORIENTED_EDGE('',*,*,#6883,.F.);
#3961=ORIENTED_EDGE('',*,*,#6943,.T.);
#3962=CARTESIAN_POINT('',(1.78631020059,-1.19,-5.85));
#3963=DIRECTION('',(0.0,0.0994934181893899,0.995038220239299));
#3964=DIRECTION('',(1.0,-0.0,0.0));
#3965=ORIENTED_EDGE('',*,*,#6880,.F.);
#3966=ORIENTED_EDGE('',*,*,#6944,.F.);
#3967=ORIENTED_EDGE('',*,*,#6945,.T.);
#3968=ORIENTED_EDGE('',*,*,#6920,.F.);
#3969=ORIENTED_EDGE('',*,*,#6943,.F.);
#3970=CARTESIAN_POINT('',(4.465180361561,0.71,-6.0));
#3971=DIRECTION('',(0.0,0.0,-1.0));
#3972=DIRECTION('',(0.0,-1.0,0.0));
#3973=ORIENTED_EDGE('',*,*,#6921,.T.);
#3974=ORIENTED_EDGE('',*,*,#6945,.F.);
#3975=ORIENTED_EDGE('',*,*,#6946,.T.);
#3976=ORIENTED_EDGE('',*,*,#6947,.T.);
#3977=CARTESIAN_POINT('',(-0.975,2.49,-5.7));
#3978=DIRECTION('',(0.0,-0.707106781186548,0.707106781186548));
#3979=DIRECTION('',(-1.0,0.0,0.0));
#3980=ORIENTED_EDGE('',*,*,#6948,.F.);
#3981=ORIENTED_EDGE('',*,*,#6949,.T.);
#3982=ORIENTED_EDGE('',*,*,#6950,.F.);
#3983=ORIENTED_EDGE('',*,*,#6951,.F.);
#3984=ORIENTED_EDGE('',*,*,#6952,.F.);
#3985=ORIENTED_EDGE('',*,*,#6931,.F.);
#3986=ORIENTED_EDGE('',*,*,#6925,.T.);
#3987=ORIENTED_EDGE('',*,*,#6922,.T.);
#3988=ORIENTED_EDGE('',*,*,#6947,.F.);
#3989=ORIENTED_EDGE('',*,*,#6953,.F.);
#3990=ORIENTED_EDGE('',*,*,#6954,.F.);
#3991=ORIENTED_EDGE('',*,*,#6955,.F.);
#3992=ORIENTED_EDGE('',*,*,#6956,.F.);
#3993=ORIENTED_EDGE('',*,*,#6957,.T.);
#3994=ORIENTED_EDGE('',*,*,#6958,.F.);
#3995=ORIENTED_EDGE('',*,*,#6959,.F.);
#3996=ORIENTED_EDGE('',*,*,#6960,.F.);
#3997=ORIENTED_EDGE('',*,*,#6961,.F.);
#3998=ORIENTED_EDGE('',*,*,#6962,.T.);
#3999=ORIENTED_EDGE('',*,*,#6719,.T.);
#4000=ORIENTED_EDGE('',*,*,#6963,.F.);
#4001=ORIENTED_EDGE('',*,*,#6964,.F.);
#4002=ORIENTED_EDGE('',*,*,#6965,.F.);
#4003=ORIENTED_EDGE('',*,*,#6966,.F.);
#4004=ORIENTED_EDGE('',*,*,#6967,.T.);
#4005=ORIENTED_EDGE('',*,*,#6968,.F.);
#4006=CARTESIAN_POINT('',(0.0,2.49,0.0));
#4007=DIRECTION('',(-0.0,1.0,0.0));
#4008=DIRECTION('',(1.0,0.0,0.0));
#4009=ORIENTED_EDGE('',*,*,#6969,.F.);
#4010=ORIENTED_EDGE('',*,*,#6970,.F.);
#4011=ORIENTED_EDGE('',*,*,#6966,.T.);
#4012=ORIENTED_EDGE('',*,*,#6971,.F.);
#4013=ORIENTED_EDGE('',*,*,#6972,.T.);
#4014=ORIENTED_EDGE('',*,*,#6973,.F.);
#4015=ORIENTED_EDGE('',*,*,#6974,.T.);
#4016=ORIENTED_EDGE('',*,*,#6975,.F.);
#4017=CARTESIAN_POINT('',(6.0,-0.35,0.875));
#4018=DIRECTION('',(0.0,0.0,1.0));
#4019=DIRECTION('',(1.0,0.0,0.0));
#4020=ORIENTED_EDGE('',*,*,#6976,.F.);
#4021=ORIENTED_EDGE('',*,*,#6977,.T.);
#4022=ORIENTED_EDGE('',*,*,#6772,.F.);
#4023=ORIENTED_EDGE('',*,*,#6978,.T.);
#4024=ORIENTED_EDGE('',*,*,#6979,.T.);
#4025=ORIENTED_EDGE('',*,*,#6980,.F.);
#4026=ORIENTED_EDGE('',*,*,#6981,.F.);
#4027=ORIENTED_EDGE('',*,*,#6982,.F.);
#4028=ORIENTED_EDGE('',*,*,#6774,.F.);
#4029=ORIENTED_EDGE('',*,*,#6975,.T.);
#4030=ORIENTED_EDGE('',*,*,#6983,.T.);
#4031=ORIENTED_EDGE('',*,*,#6984,.F.);
#4032=CARTESIAN_POINT('',(5.135,1.21,1.558102525489));
#4033=DIRECTION('',(0.996194698091745,0.087155742747664,0.0));
#4034=DIRECTION('',(0.0,0.0,-1.0));
#4035=ORIENTED_EDGE('',*,*,#6985,.T.);
#4036=ORIENTED_EDGE('',*,*,#6986,.F.);
#4037=ORIENTED_EDGE('',*,*,#6987,.T.);
#4038=ORIENTED_EDGE('',*,*,#6984,.T.);
#4039=ORIENTED_EDGE('',*,*,#6988,.T.);
#4040=ORIENTED_EDGE('',*,*,#6989,.T.);
#4041=ORIENTED_EDGE('',*,*,#6990,.T.);
#4042=ORIENTED_EDGE('',*,*,#6991,.F.);
#4043=CARTESIAN_POINT('',(0.0,-0.35,0.0));
#4044=DIRECTION('',(0.0,-1.0,0.0));
#4045=DIRECTION('',(0.0,0.0,-1.0));
#4046=ORIENTED_EDGE('',*,*,#6987,.F.);
#4047=ORIENTED_EDGE('',*,*,#6992,.T.);
#4048=ORIENTED_EDGE('',*,*,#6993,.F.);
#4049=ORIENTED_EDGE('',*,*,#6976,.T.);
#4050=CARTESIAN_POINT('',(5.141527952985,-0.25,-0.775));
#4051=DIRECTION('',(-1.0,-0.0,0.0));
#4052=DIRECTION('',(0.0,-1.0,0.0));
#4053=ORIENTED_EDGE('',*,*,#6993,.T.);
#4054=ORIENTED_EDGE('',*,*,#6994,.F.);
#4055=ORIENTED_EDGE('',*,*,#6995,.T.);
#4056=ORIENTED_EDGE('',*,*,#6996,.F.);
#4057=ORIENTED_EDGE('',*,*,#6949,.F.);
#4058=ORIENTED_EDGE('',*,*,#6997,.F.);
#4059=ORIENTED_EDGE('',*,*,#6998,.F.);
#4060=ORIENTED_EDGE('',*,*,#6977,.F.);
#4061=CARTESIAN_POINT('',(5.135,-0.35,-0.875));
#4062=DIRECTION('',(0.0,0.0,-1.0));
#4063=DIRECTION('',(0.0,-1.0,0.0));
#4064=ORIENTED_EDGE('',*,*,#6773,.F.);
#4065=ORIENTED_EDGE('',*,*,#6998,.T.);
#4066=ORIENTED_EDGE('',*,*,#6999,.F.);
#4067=ORIENTED_EDGE('',*,*,#6969,.T.);
#4068=CARTESIAN_POINT('',(3.675,1.554093010682,0.875));
#4069=DIRECTION('',(0.0,-0.0,-1.0));
#4070=DIRECTION('',(0.0,-1.0,0.0));
#4071=ORIENTED_EDGE('',*,*,#6997,.T.);
#4072=ORIENTED_EDGE('',*,*,#6948,.T.);
#4073=ORIENTED_EDGE('',*,*,#6970,.T.);
#4074=ORIENTED_EDGE('',*,*,#6999,.T.);
#4075=CARTESIAN_POINT('',(5.135,-0.35,0.875));
#4076=DIRECTION('',(-1.0,0.0,0.0));
#4077=DIRECTION('',(0.0,0.0,1.0));
#4078=ORIENTED_EDGE('',*,*,#6996,.T.);
#4079=ORIENTED_EDGE('',*,*,#7000,.F.);
#4080=ORIENTED_EDGE('',*,*,#7001,.T.);
#4081=ORIENTED_EDGE('',*,*,#6950,.T.);
#4082=CARTESIAN_POINT('',(5.7,2.49,-0.875));
#4083=DIRECTION('',(-0.707106781186548,-0.707106781186548,0.0));
#4084=DIRECTION('',(-0.707106781186548,0.707106781186548,0.0));
#4085=ORIENTED_EDGE('',*,*,#7001,.F.);
#4086=ORIENTED_EDGE('',*,*,#7002,.F.);
#4087=ORIENTED_EDGE('',*,*,#7003,.T.);
#4088=ORIENTED_EDGE('',*,*,#6951,.T.);
#4089=CARTESIAN_POINT('',(5.787867965644,2.49,-4.253048327205));
#4090=DIRECTION('',(-0.500000000000017,-0.707106781186524,0.500000000000017));
#4091=DIRECTION('',(-0.816496580927708,0.577350269189652,-2.77555756156298E-17));
#4092=ORIENTED_EDGE('',*,*,#7003,.F.);
#4093=ORIENTED_EDGE('',*,*,#7004,.F.);
#4094=ORIENTED_EDGE('',*,*,#6932,.T.);
#4095=ORIENTED_EDGE('',*,*,#6952,.T.);
#4096=CARTESIAN_POINT('',(4.465180361561,2.49,-5.7));
#4097=DIRECTION('',(0.0,-0.707106781186548,0.707106781186548));
#4098=DIRECTION('',(-1.0,0.0,0.0));
#4099=ORIENTED_EDGE('',*,*,#6933,.F.);
#4100=ORIENTED_EDGE('',*,*,#7004,.T.);
#4101=ORIENTED_EDGE('',*,*,#7005,.F.);
#4102=ORIENTED_EDGE('',*,*,#7006,.F.);
#4103=ORIENTED_EDGE('',*,*,#6938,.F.);
#4104=CARTESIAN_POINT('',(4.465180361561,0.71,-6.0));
#4105=DIRECTION('',(0.0,0.0,-1.0));
#4106=DIRECTION('',(0.0,-1.0,0.0));
#4107=ORIENTED_EDGE('',*,*,#7006,.T.);
#4108=ORIENTED_EDGE('',*,*,#7007,.F.);
#4109=ORIENTED_EDGE('',*,*,#7008,.T.);
#4110=ORIENTED_EDGE('',*,*,#7009,.F.);
#4111=ORIENTED_EDGE('',*,*,#7010,.F.);
#4112=ORIENTED_EDGE('',*,*,#7011,.F.);
#4113=ORIENTED_EDGE('',*,*,#7012,.F.);
#4114=ORIENTED_EDGE('',*,*,#7013,.F.);
#4115=ORIENTED_EDGE('',*,*,#7014,.F.);
#4116=ORIENTED_EDGE('',*,*,#7015,.F.);
#4117=ORIENTED_EDGE('',*,*,#7016,.F.);
#4118=ORIENTED_EDGE('',*,*,#7017,.F.);
#4119=ORIENTED_EDGE('',*,*,#7018,.F.);
#4120=ORIENTED_EDGE('',*,*,#7019,.F.);
#4121=ORIENTED_EDGE('',*,*,#7020,.F.);
#4122=ORIENTED_EDGE('',*,*,#7021,.F.);
#4123=CARTESIAN_POINT('',(0.0,0.31,0.0));
#4124=DIRECTION('',(0.0,-1.0,0.0));
#4125=DIRECTION('',(0.0,0.0,-1.0));
#4126=ORIENTED_EDGE('',*,*,#7022,.F.);
#4127=ORIENTED_EDGE('',*,*,#6759,.T.);
#4128=ORIENTED_EDGE('',*,*,#6904,.T.);
#4129=ORIENTED_EDGE('',*,*,#7023,.T.);
#4130=ORIENTED_EDGE('',*,*,#6939,.F.);
#4131=ORIENTED_EDGE('',*,*,#7021,.T.);
#4132=CARTESIAN_POINT('',(1.6,1.21,6.209877530003));
#4133=DIRECTION('',(0.999657324975557,-0.0261769483078689,0.0));
#4134=DIRECTION('',(0.0,0.0,-1.0));
#4135=ORIENTED_EDGE('',*,*,#6903,.T.);
#4136=ORIENTED_EDGE('',*,*,#7024,.T.);
#4137=ORIENTED_EDGE('',*,*,#7025,.F.);
#4138=ORIENTED_EDGE('',*,*,#7026,.F.);
#4139=ORIENTED_EDGE('',*,*,#6940,.T.);
#4140=ORIENTED_EDGE('',*,*,#7023,.F.);
#4141=CARTESIAN_POINT('',(1.050075352773,-0.69,-6.035204060678));
#4142=DIRECTION('',(0.0,-0.0,-1.0));
#4143=DIRECTION('',(0.0,-1.0,0.0));
#4144=ORIENTED_EDGE('',*,*,#7026,.T.);
#4145=ORIENTED_EDGE('',*,*,#7027,.T.);
#4146=ORIENTED_EDGE('',*,*,#7028,.T.);
#4147=ORIENTED_EDGE('',*,*,#6941,.F.);
#4148=CARTESIAN_POINT('',(0.0,-1.19,0.0));
#4149=DIRECTION('',(-0.0,1.0,0.0));
#4150=DIRECTION('',(1.0,0.0,0.0));
#4151=ORIENTED_EDGE('',*,*,#7029,.F.);
#4152=ORIENTED_EDGE('',*,*,#7030,.T.);
#4153=ORIENTED_EDGE('',*,*,#6901,.T.);
#4154=ORIENTED_EDGE('',*,*,#6886,.F.);
#4155=ORIENTED_EDGE('',*,*,#6942,.T.);
#4156=ORIENTED_EDGE('',*,*,#7028,.F.);
#4157=CARTESIAN_POINT('',(-1.050075352773,-0.69,-5.179136242949));
#4158=DIRECTION('',(-0.0,0.0,1.0));
#4159=DIRECTION('',(0.0,-1.0,0.0));
#4160=ORIENTED_EDGE('',*,*,#7024,.F.);
#4161=ORIENTED_EDGE('',*,*,#6902,.T.);
#4162=ORIENTED_EDGE('',*,*,#7030,.F.);
#4163=ORIENTED_EDGE('',*,*,#7031,.T.);
#4164=CARTESIAN_POINT('',(-7.2,-0.7,-5.178079396251));
#4165=DIRECTION('',(0.0,0.526213923651875,-0.85035222499556));
#4166=DIRECTION('',(-1.0,0.0,0.0));
#4167=ORIENTED_EDGE('',*,*,#7025,.T.);
#4168=ORIENTED_EDGE('',*,*,#7031,.F.);
#4169=ORIENTED_EDGE('',*,*,#7029,.T.);
#4170=ORIENTED_EDGE('',*,*,#7027,.F.);
#4171=CARTESIAN_POINT('',(2.10441621482,-0.89,-5.648449948284));
#4172=DIRECTION('',(1.0,0.0,0.0));
#4173=DIRECTION('',(0.0,-1.0,0.0));
#4174=ORIENTED_EDGE('',*,*,#7032,.F.);
#4175=ORIENTED_EDGE('',*,*,#6760,.F.);
#4176=ORIENTED_EDGE('',*,*,#7022,.T.);
#4177=ORIENTED_EDGE('',*,*,#7020,.T.);
#4178=CARTESIAN_POINT('',(-4.271999991735,0.31,-5.55));
#4179=DIRECTION('',(0.0,0.0261769483078689,-0.999657324975557));
#4180=DIRECTION('',(-1.0,0.0,0.0));
#4181=ORIENTED_EDGE('',*,*,#6761,.T.);
#4182=ORIENTED_EDGE('',*,*,#7032,.T.);
#4183=ORIENTED_EDGE('',*,*,#7019,.T.);
#4184=ORIENTED_EDGE('',*,*,#7033,.F.);
#4185=CARTESIAN_POINT('',(2.916168913098,0.3309431804259,-6.349623466922));
#4186=DIRECTION('',(-0.00576776062332497,-0.999646972603094,-0.0259357495141493));
#4187=DIRECTION('',(-0.000841975333345823,-0.0259313169750707,0.999663372279627));
#4188=ORIENTED_EDGE('',*,*,#7018,.T.);
#4189=ORIENTED_EDGE('',*,*,#7034,.F.);
#4190=ORIENTED_EDGE('',*,*,#6762,.T.);
#4191=ORIENTED_EDGE('',*,*,#7033,.T.);
#4192=CARTESIAN_POINT('',(3.65,0.76,-4.17));
#4193=DIRECTION('',(-0.0,-1.0,0.0));
#4194=DIRECTION('',(1.0,0.0,0.0));
#4195=ORIENTED_EDGE('',*,*,#6763,.T.);
#4196=ORIENTED_EDGE('',*,*,#7034,.T.);
#4197=ORIENTED_EDGE('',*,*,#7017,.T.);
#4198=ORIENTED_EDGE('',*,*,#7035,.T.);
#4199=CARTESIAN_POINT('',(2.440122469997,0.31,-5.67));
#4200=DIRECTION('',(0.0,0.0261769483078689,-0.999657324975557));
#4201=DIRECTION('',(-1.0,0.0,0.0));
#4202=ORIENTED_EDGE('',*,*,#6764,.T.);
#4203=ORIENTED_EDGE('',*,*,#7035,.F.);
#4204=ORIENTED_EDGE('',*,*,#7016,.T.);
#4205=ORIENTED_EDGE('',*,*,#7036,.F.);
#4206=CARTESIAN_POINT('',(3.985992052357,0.76,-4.57));
#4207=DIRECTION('',(-0.0,-1.0,0.0));
#4208=DIRECTION('',(1.0,0.0,0.0));
#4209=ORIENTED_EDGE('',*,*,#6765,.T.);
#4210=ORIENTED_EDGE('',*,*,#7036,.T.);
#4211=ORIENTED_EDGE('',*,*,#7015,.T.);
#4212=ORIENTED_EDGE('',*,*,#7037,.T.);
#4213=CARTESIAN_POINT('',(3.908296905792,0.31,-6.203330065175));
#4214=DIRECTION('',(0.706864473353021,0.0261769483078708,-0.706864473353021));
#4215=DIRECTION('',(-4.90485758503787E-18,-0.99931500198837,-0.0370071182474962));
#4216=ORIENTED_EDGE('',*,*,#6766,.T.);
#4217=ORIENTED_EDGE('',*,*,#7037,.F.);
#4218=ORIENTED_EDGE('',*,*,#7014,.T.);
#4219=ORIENTED_EDGE('',*,*,#7038,.F.);
#4220=CARTESIAN_POINT('',(4.57,0.76,-3.985992052357));
#4221=DIRECTION('',(-0.0,-1.0,0.0));
#4222=DIRECTION('',(1.0,0.0,0.0));
#4223=ORIENTED_EDGE('',*,*,#6767,.T.);
#4224=ORIENTED_EDGE('',*,*,#7038,.T.);
#4225=ORIENTED_EDGE('',*,*,#7013,.T.);
#4226=ORIENTED_EDGE('',*,*,#7039,.T.);
#4227=CARTESIAN_POINT('',(5.67,0.31,-5.19586958236));
#4228=DIRECTION('',(0.999657324975557,0.0261769483078689,0.0));
#4229=DIRECTION('',(0.0,0.0,-1.0));
#4230=ORIENTED_EDGE('',*,*,#6768,.T.);
#4231=ORIENTED_EDGE('',*,*,#7039,.F.);
#4232=ORIENTED_EDGE('',*,*,#7012,.T.);
#4233=ORIENTED_EDGE('',*,*,#7040,.F.);
#4234=CARTESIAN_POINT('',(4.17,0.76,-3.65));
#4235=DIRECTION('',(-0.0,-1.0,0.0));
#4236=DIRECTION('',(1.0,0.0,0.0));
#4237=ORIENTED_EDGE('',*,*,#6769,.T.);
#4238=ORIENTED_EDGE('',*,*,#7040,.T.);
#4239=ORIENTED_EDGE('',*,*,#7011,.T.);
#4240=ORIENTED_EDGE('',*,*,#7041,.F.);
#4241=CARTESIAN_POINT('',(6.349623466922,0.3309431804259,-2.916168913098));
#4242=DIRECTION('',(0.0259357495141493,-0.999646972603094,0.00576776062332479));
#4243=DIRECTION('',(-0.947219432421588,-0.0264189462149997,-0.319495518159196));
#4244=ORIENTED_EDGE('',*,*,#6770,.T.);
#4245=ORIENTED_EDGE('',*,*,#7041,.T.);
#4246=ORIENTED_EDGE('',*,*,#7010,.T.);
#4247=ORIENTED_EDGE('',*,*,#7042,.T.);
#4248=CARTESIAN_POINT('',(5.55,0.31,-4.271999991735));
#4249=DIRECTION('',(0.999657324975557,0.0261769483078689,0.0));
#4250=DIRECTION('',(0.0,0.0,-1.0));
#4251=ORIENTED_EDGE('',*,*,#6978,.F.);
#4252=ORIENTED_EDGE('',*,*,#6771,.F.);
#4253=ORIENTED_EDGE('',*,*,#7042,.F.);
#4254=ORIENTED_EDGE('',*,*,#7009,.T.);
#4255=ORIENTED_EDGE('',*,*,#7043,.T.);
#4256=ORIENTED_EDGE('',*,*,#7044,.T.);
#4257=CARTESIAN_POINT('',(-6.209877530003,1.21,-1.6));
#4258=DIRECTION('',(0.0,0.0261769483078689,0.999657324975557));
#4259=DIRECTION('',(1.0,-0.0,0.0));
#4260=ORIENTED_EDGE('',*,*,#7044,.F.);
#4261=ORIENTED_EDGE('',*,*,#7045,.T.);
#4262=ORIENTED_EDGE('',*,*,#7046,.F.);
#4263=ORIENTED_EDGE('',*,*,#7047,.F.);
#4264=ORIENTED_EDGE('',*,*,#7048,.T.);
#4265=ORIENTED_EDGE('',*,*,#6979,.F.);
#4266=CARTESIAN_POINT('',(5.134100650298,-0.69,-1.050075352773));
#4267=DIRECTION('',(-1.0,-0.0,0.0));
#4268=DIRECTION('',(0.0,-1.0,0.0));
#4269=ORIENTED_EDGE('',*,*,#7048,.F.);
#4270=ORIENTED_EDGE('',*,*,#7049,.T.);
#4271=ORIENTED_EDGE('',*,*,#7050,.F.);
#4272=ORIENTED_EDGE('',*,*,#6980,.T.);
#4273=CARTESIAN_POINT('',(5.178079396251,-0.7,7.2));
#4274=DIRECTION('',(-0.85035222499556,-0.526213923651875,0.0));
#4275=DIRECTION('',(-0.526213923651875,0.85035222499556,0.0));
#4276=ORIENTED_EDGE('',*,*,#7050,.T.);
#4277=ORIENTED_EDGE('',*,*,#7051,.F.);
#4278=ORIENTED_EDGE('',*,*,#7052,.F.);
#4279=ORIENTED_EDGE('',*,*,#7053,.T.);
#4280=ORIENTED_EDGE('',*,*,#7054,.F.);
#4281=ORIENTED_EDGE('',*,*,#6981,.T.);
#4282=CARTESIAN_POINT('',(6.03524905128,-0.69,1.050075352773));
#4283=DIRECTION('',(1.0,0.0,0.0));
#4284=DIRECTION('',(0.0,-1.0,0.0));
#4285=ORIENTED_EDGE('',*,*,#7055,.F.);
#4286=ORIENTED_EDGE('',*,*,#7056,.T.);
#4287=ORIENTED_EDGE('',*,*,#7057,.F.);
#4288=ORIENTED_EDGE('',*,*,#6775,.F.);
#4289=ORIENTED_EDGE('',*,*,#6982,.T.);
#4290=ORIENTED_EDGE('',*,*,#7054,.T.);
#4291=CARTESIAN_POINT('',(-4.925122469997,1.21,1.6));
#4292=DIRECTION('',(0.0,0.0261769483078689,-0.999657324975557));
#4293=DIRECTION('',(-1.0,0.0,0.0));
#4294=ORIENTED_EDGE('',*,*,#7058,.T.);
#4295=ORIENTED_EDGE('',*,*,#6776,.F.);
#4296=ORIENTED_EDGE('',*,*,#7057,.T.);
#4297=ORIENTED_EDGE('',*,*,#7059,.F.);
#4298=CARTESIAN_POINT('',(5.55,0.31,-4.271999991735));
#4299=DIRECTION('',(0.999657324975557,0.0261769483078689,0.0));
#4300=DIRECTION('',(0.0,0.0,-1.0));
#4301=ORIENTED_EDGE('',*,*,#7060,.T.);
#4302=ORIENTED_EDGE('',*,*,#7061,.F.);
#4303=ORIENTED_EDGE('',*,*,#7062,.T.);
#4304=ORIENTED_EDGE('',*,*,#6813,.F.);
#4305=ORIENTED_EDGE('',*,*,#7063,.T.);
#4306=ORIENTED_EDGE('',*,*,#7064,.F.);
#4307=ORIENTED_EDGE('',*,*,#7065,.F.);
#4308=ORIENTED_EDGE('',*,*,#7066,.T.);
#4309=ORIENTED_EDGE('',*,*,#7067,.F.);
#4310=ORIENTED_EDGE('',*,*,#7068,.F.);
#4311=ORIENTED_EDGE('',*,*,#7069,.F.);
#4312=ORIENTED_EDGE('',*,*,#7070,.T.);
#4313=ORIENTED_EDGE('',*,*,#7071,.F.);
#4314=ORIENTED_EDGE('',*,*,#7072,.F.);
#4315=ORIENTED_EDGE('',*,*,#7059,.T.);
#4316=ORIENTED_EDGE('',*,*,#7056,.F.);
#4317=CARTESIAN_POINT('',(0.0,0.31,0.0));
#4318=DIRECTION('',(-0.0,1.0,0.0));
#4319=DIRECTION('',(1.0,0.0,0.0));
#4320=ORIENTED_EDGE('',*,*,#7072,.T.);
#4321=ORIENTED_EDGE('',*,*,#7073,.T.);
#4322=ORIENTED_EDGE('',*,*,#6777,.T.);
#4323=ORIENTED_EDGE('',*,*,#7058,.F.);
#4324=CARTESIAN_POINT('',(6.326265582891,1.231230947864,2.921363391231));
#4325=DIRECTION('',(-0.0259357495141481,0.999646972603094,0.00576776062332439));
#4326=DIRECTION('',(-0.947219432419497,-0.0264189462149799,0.319495518165399));
#4327=ORIENTED_EDGE('',*,*,#7071,.T.);
#4328=ORIENTED_EDGE('',*,*,#7074,.F.);
#4329=ORIENTED_EDGE('',*,*,#6778,.T.);
#4330=ORIENTED_EDGE('',*,*,#7073,.F.);
#4331=CARTESIAN_POINT('',(4.17,0.76,3.65));
#4332=DIRECTION('',(-0.0,-1.0,0.0));
#4333=DIRECTION('',(1.0,0.0,0.0));
#4334=ORIENTED_EDGE('',*,*,#6779,.T.);
#4335=ORIENTED_EDGE('',*,*,#7074,.T.);
#4336=ORIENTED_EDGE('',*,*,#7070,.F.);
#4337=ORIENTED_EDGE('',*,*,#7075,.T.);
#4338=CARTESIAN_POINT('',(5.67,0.31,2.440122469997));
#4339=DIRECTION('',(0.999657324975557,0.0261769483078689,0.0));
#4340=DIRECTION('',(0.0,0.0,-1.0));
#4341=ORIENTED_EDGE('',*,*,#7075,.F.);
#4342=ORIENTED_EDGE('',*,*,#7069,.T.);
#4343=ORIENTED_EDGE('',*,*,#7076,.F.);
#4344=ORIENTED_EDGE('',*,*,#6780,.T.);
#4345=CARTESIAN_POINT('',(4.57,0.76,3.985992052357));
#4346=DIRECTION('',(-0.0,-1.0,0.0));
#4347=DIRECTION('',(1.0,0.0,0.0));
#4348=ORIENTED_EDGE('',*,*,#7076,.T.);
#4349=ORIENTED_EDGE('',*,*,#7068,.T.);
#4350=ORIENTED_EDGE('',*,*,#7077,.T.);
#4351=ORIENTED_EDGE('',*,*,#6781,.T.);
#4352=CARTESIAN_POINT('',(6.578751229189,0.31,3.356099046482));
#4353=DIRECTION('',(-0.706864473353021,-0.0261769483078708,-0.706864473353021));
#4354=DIRECTION('',(-0.707106781186548,0.0,0.707106781186548));
#4355=ORIENTED_EDGE('',*,*,#7077,.F.);
#4356=ORIENTED_EDGE('',*,*,#7067,.T.);
#4357=ORIENTED_EDGE('',*,*,#7078,.F.);
#4358=ORIENTED_EDGE('',*,*,#6782,.T.);
#4359=CARTESIAN_POINT('',(3.985992052357,0.76,4.57));
#4360=DIRECTION('',(-0.0,-1.0,0.0));
#4361=DIRECTION('',(1.0,0.0,0.0));
#4362=ORIENTED_EDGE('',*,*,#6783,.T.);
#4363=ORIENTED_EDGE('',*,*,#7078,.T.);
#4364=ORIENTED_EDGE('',*,*,#7066,.F.);
#4365=ORIENTED_EDGE('',*,*,#7079,.T.);
#4366=CARTESIAN_POINT('',(5.19586958236,0.31,5.67));
#4367=DIRECTION('',(0.0,0.0261769483078689,0.999657324975557));
#4368=DIRECTION('',(1.0,-0.0,0.0));
#4369=ORIENTED_EDGE('',*,*,#6784,.T.);
#4370=ORIENTED_EDGE('',*,*,#7079,.F.);
#4371=ORIENTED_EDGE('',*,*,#7065,.T.);
#4372=ORIENTED_EDGE('',*,*,#7080,.T.);
#4373=CARTESIAN_POINT('',(3.65,0.76,4.17));
#4374=DIRECTION('',(-0.0,-1.0,0.0));
#4375=DIRECTION('',(1.0,0.0,0.0));
#4376=ORIENTED_EDGE('',*,*,#7064,.T.);
#4377=ORIENTED_EDGE('',*,*,#7081,.T.);
#4378=ORIENTED_EDGE('',*,*,#6785,.T.);
#4379=ORIENTED_EDGE('',*,*,#7080,.F.);
#4380=CARTESIAN_POINT('',(2.921363391231,1.231230947864,6.326265582891));
#4381=DIRECTION('',(0.00576776062332497,0.999646972603094,-0.0259357495141453));
#4382=DIRECTION('',(-0.000841975367318403,-0.0259313169748701,-0.999663372279604));
#4383=ORIENTED_EDGE('',*,*,#6786,.T.);
#4384=ORIENTED_EDGE('',*,*,#7081,.F.);
#4385=ORIENTED_EDGE('',*,*,#7063,.F.);
#4386=ORIENTED_EDGE('',*,*,#6812,.T.);
#4387=CARTESIAN_POINT('',(4.271999991735,0.31,5.55));
#4388=DIRECTION('',(0.0,0.0261769483078689,0.999657324975557));
#4389=DIRECTION('',(1.0,-0.0,0.0));
#4390=ORIENTED_EDGE('',*,*,#7062,.F.);
#4391=ORIENTED_EDGE('',*,*,#7082,.F.);
#4392=ORIENTED_EDGE('',*,*,#7083,.T.);
#4393=ORIENTED_EDGE('',*,*,#6717,.T.);
#4394=ORIENTED_EDGE('',*,*,#7084,.F.);
#4395=ORIENTED_EDGE('',*,*,#7085,.T.);
#4396=ORIENTED_EDGE('',*,*,#7086,.F.);
#4397=CARTESIAN_POINT('',(-4.465180361561,0.71,6.0));
#4398=DIRECTION('',(0.0,0.0,1.0));
#4399=DIRECTION('',(1.0,0.0,0.0));
#4400=ORIENTED_EDGE('',*,*,#6826,.T.);
#4401=ORIENTED_EDGE('',*,*,#6824,.F.);
#4402=ORIENTED_EDGE('',*,*,#7087,.T.);
#4403=ORIENTED_EDGE('',*,*,#6816,.F.);
#4404=ORIENTED_EDGE('',*,*,#6814,.F.);
#4405=ORIENTED_EDGE('',*,*,#7086,.T.);
#4406=ORIENTED_EDGE('',*,*,#7088,.T.);
#4407=ORIENTED_EDGE('',*,*,#7089,.F.);
#4408=ORIENTED_EDGE('',*,*,#6715,.T.);
#4409=ORIENTED_EDGE('',*,*,#7090,.F.);
#4410=ORIENTED_EDGE('',*,*,#6697,.F.);
#4411=ORIENTED_EDGE('',*,*,#7091,.F.);
#4412=ORIENTED_EDGE('',*,*,#7092,.T.);
#4413=ORIENTED_EDGE('',*,*,#7093,.T.);
#4414=CARTESIAN_POINT('',(-1.78631020059,-1.19,5.85));
#4415=DIRECTION('',(0.0,0.0994934181893899,-0.995038220239299));
#4416=DIRECTION('',(-1.0,0.0,0.0));
#4417=ORIENTED_EDGE('',*,*,#7094,.F.);
#4418=ORIENTED_EDGE('',*,*,#7095,.T.);
#4419=ORIENTED_EDGE('',*,*,#7096,.F.);
#4420=ORIENTED_EDGE('',*,*,#6841,.F.);
#4421=ORIENTED_EDGE('',*,*,#7093,.F.);
#4422=CARTESIAN_POINT('',(-4.465180361561,0.71,6.0));
#4423=DIRECTION('',(0.0,0.0,1.0));
#4424=DIRECTION('',(1.0,0.0,0.0));
#4425=ORIENTED_EDGE('',*,*,#7097,.T.);
#4426=ORIENTED_EDGE('',*,*,#7098,.F.);
#4427=ORIENTED_EDGE('',*,*,#6842,.T.);
#4428=ORIENTED_EDGE('',*,*,#7096,.T.);
#4429=CARTESIAN_POINT('',(-6.0,0.71,4.465180361561));
#4430=DIRECTION('',(-0.707106781186548,0.0,0.707106781186548));
#4431=DIRECTION('',(0.0,1.0,0.0));
#4432=ORIENTED_EDGE('',*,*,#6843,.F.);
#4433=ORIENTED_EDGE('',*,*,#7098,.T.);
#4434=ORIENTED_EDGE('',*,*,#7099,.T.);
#4435=ORIENTED_EDGE('',*,*,#7100,.F.);
#4436=ORIENTED_EDGE('',*,*,#7101,.T.);
#4437=CARTESIAN_POINT('',(-6.0,0.71,-4.465180361561));
#4438=DIRECTION('',(-1.0,0.0,0.0));
#4439=DIRECTION('',(0.0,0.0,1.0));
#4440=ORIENTED_EDGE('',*,*,#7102,.T.);
#4441=ORIENTED_EDGE('',*,*,#7103,.F.);
#4442=ORIENTED_EDGE('',*,*,#7104,.T.);
#4443=ORIENTED_EDGE('',*,*,#7105,.F.);
#4444=ORIENTED_EDGE('',*,*,#7106,.T.);
#4445=ORIENTED_EDGE('',*,*,#7107,.F.);
#4446=ORIENTED_EDGE('',*,*,#6863,.T.);
#4447=ORIENTED_EDGE('',*,*,#6861,.F.);
#4448=ORIENTED_EDGE('',*,*,#7108,.F.);
#4449=ORIENTED_EDGE('',*,*,#7109,.F.);
#4450=ORIENTED_EDGE('',*,*,#6846,.F.);
#4451=ORIENTED_EDGE('',*,*,#7101,.F.);
#4452=CARTESIAN_POINT('',(-5.85,-1.19,1.78631020059));
#4453=DIRECTION('',(-0.995038220239299,-0.0994934181893899,0.0));
#4454=DIRECTION('',(-0.0994934181893899,0.995038220239299,0.0));
#4455=ORIENTED_EDGE('',*,*,#6847,.F.);
#4456=ORIENTED_EDGE('',*,*,#7109,.T.);
#4457=ORIENTED_EDGE('',*,*,#7110,.F.);
#4458=ORIENTED_EDGE('',*,*,#7111,.F.);
#4459=ORIENTED_EDGE('',*,*,#7112,.T.);
#4460=ORIENTED_EDGE('',*,*,#6855,.F.);
#4461=CARTESIAN_POINT('',(-5.134100650298,-0.69,1.050075352773));
#4462=DIRECTION('',(1.0,0.0,0.0));
#4463=DIRECTION('',(0.0,-1.0,0.0));
#4464=ORIENTED_EDGE('',*,*,#7112,.F.);
#4465=ORIENTED_EDGE('',*,*,#7113,.T.);
#4466=ORIENTED_EDGE('',*,*,#6858,.F.);
#4467=ORIENTED_EDGE('',*,*,#6856,.F.);
#4468=CARTESIAN_POINT('',(-5.178079396251,-0.7,7.2));
#4469=DIRECTION('',(-0.85035222499556,0.526213923651875,0.0));
#4470=DIRECTION('',(0.0,0.0,1.0));
#4471=ORIENTED_EDGE('',*,*,#6859,.T.);
#4472=ORIENTED_EDGE('',*,*,#7113,.F.);
#4473=ORIENTED_EDGE('',*,*,#7111,.T.);
#4474=ORIENTED_EDGE('',*,*,#7114,.F.);
#4475=CARTESIAN_POINT('',(-5.648449948284,-0.89,-2.104388702353));
#4476=DIRECTION('',(0.0,-0.0,-1.0));
#4477=DIRECTION('',(0.0,-1.0,0.0));
#4478=ORIENTED_EDGE('',*,*,#6860,.T.);
#4479=ORIENTED_EDGE('',*,*,#7114,.T.);
#4480=ORIENTED_EDGE('',*,*,#7110,.T.);
#4481=ORIENTED_EDGE('',*,*,#7108,.T.);
#4482=CARTESIAN_POINT('',(0.0,-1.19,0.0));
#4483=DIRECTION('',(0.0,-1.0,0.0));
#4484=DIRECTION('',(0.0,0.0,-1.0));
#4485=ORIENTED_EDGE('',*,*,#7115,.F.);
#4486=ORIENTED_EDGE('',*,*,#7116,.T.);
#4487=ORIENTED_EDGE('',*,*,#7117,.T.);
#4488=ORIENTED_EDGE('',*,*,#6878,.F.);
#4489=ORIENTED_EDGE('',*,*,#7107,.T.);
#4490=CARTESIAN_POINT('',(-6.0,0.71,-4.465180361561));
#4491=DIRECTION('',(-1.0,0.0,0.0));
#4492=DIRECTION('',(0.0,0.0,1.0));
#4493=ORIENTED_EDGE('',*,*,#7118,.T.);
#4494=ORIENTED_EDGE('',*,*,#6944,.T.);
#4495=ORIENTED_EDGE('',*,*,#6879,.T.);
#4496=ORIENTED_EDGE('',*,*,#7117,.F.);
#4497=CARTESIAN_POINT('',(-4.465180361561,0.71,-6.0));
#4498=DIRECTION('',(-0.707106781186548,0.0,-0.707106781186548));
#4499=DIRECTION('',(-0.707106781186548,0.0,0.707106781186548));
#4500=ORIENTED_EDGE('',*,*,#6946,.F.);
#4501=ORIENTED_EDGE('',*,*,#7118,.F.);
#4502=ORIENTED_EDGE('',*,*,#7119,.T.);
#4503=ORIENTED_EDGE('',*,*,#6953,.T.);
#4504=CARTESIAN_POINT('',(-4.253048327205,2.49,-5.787867965644));
#4505=DIRECTION('',(0.500000000000017,-0.707106781186524,0.500000000000017));
#4506=DIRECTION('',(2.77555756156298E-17,-0.577350269189652,-0.816496580927708));
#4507=ORIENTED_EDGE('',*,*,#7119,.F.);
#4508=ORIENTED_EDGE('',*,*,#7116,.F.);
#4509=ORIENTED_EDGE('',*,*,#7120,.T.);
#4510=ORIENTED_EDGE('',*,*,#6954,.T.);
#4511=CARTESIAN_POINT('',(-5.7,2.49,-4.465180361561));
#4512=DIRECTION('',(0.707106781186548,-0.707106781186548,0.0));
#4513=DIRECTION('',(0.0,0.0,-1.0));
#4514=ORIENTED_EDGE('',*,*,#7121,.F.);
#4515=ORIENTED_EDGE('',*,*,#7122,.F.);
#4516=ORIENTED_EDGE('',*,*,#6955,.T.);
#4517=ORIENTED_EDGE('',*,*,#7120,.F.);
#4518=ORIENTED_EDGE('',*,*,#7115,.T.);
#4519=ORIENTED_EDGE('',*,*,#7106,.F.);
#4520=ORIENTED_EDGE('',*,*,#7123,.T.);
#4521=ORIENTED_EDGE('',*,*,#6850,.F.);
#4522=CARTESIAN_POINT('',(-6.0,-0.35,-0.875));
#4523=DIRECTION('',(0.0,0.0,-1.0));
#4524=DIRECTION('',(0.0,-1.0,0.0));
#4525=ORIENTED_EDGE('',*,*,#7123,.F.);
#4526=ORIENTED_EDGE('',*,*,#7105,.T.);
#4527=ORIENTED_EDGE('',*,*,#7124,.F.);
#4528=ORIENTED_EDGE('',*,*,#6851,.F.);
#4529=CARTESIAN_POINT('',(-5.922400148516,-0.25,-0.775));
#4530=DIRECTION('',(-1.0,-0.0,0.0));
#4531=DIRECTION('',(0.0,-1.0,0.0));
#4532=ORIENTED_EDGE('',*,*,#7124,.T.);
#4533=ORIENTED_EDGE('',*,*,#7104,.F.);
#4534=ORIENTED_EDGE('',*,*,#7125,.T.);
#4535=ORIENTED_EDGE('',*,*,#6852,.T.);
#4536=ORIENTED_EDGE('',*,*,#7126,.T.);
#4537=ORIENTED_EDGE('',*,*,#7127,.F.);
#4538=ORIENTED_EDGE('',*,*,#7128,.T.);
#4539=ORIENTED_EDGE('',*,*,#7129,.T.);
#4540=CARTESIAN_POINT('',(0.0,-0.35,0.0));
#4541=DIRECTION('',(0.0,-1.0,0.0));
#4542=DIRECTION('',(0.0,0.0,-1.0));
#4543=ORIENTED_EDGE('',*,*,#7125,.F.);
#4544=ORIENTED_EDGE('',*,*,#7103,.T.);
#4545=ORIENTED_EDGE('',*,*,#7130,.F.);
#4546=ORIENTED_EDGE('',*,*,#6853,.T.);
#4547=CARTESIAN_POINT('',(-5.141527952985,-0.25,0.775));
#4548=DIRECTION('',(1.0,0.0,0.0));
#4549=DIRECTION('',(0.0,-1.0,0.0));
#4550=ORIENTED_EDGE('',*,*,#7130,.T.);
#4551=ORIENTED_EDGE('',*,*,#7102,.F.);
#4552=ORIENTED_EDGE('',*,*,#7100,.T.);
#4553=ORIENTED_EDGE('',*,*,#7131,.F.);
#4554=ORIENTED_EDGE('',*,*,#6957,.F.);
#4555=ORIENTED_EDGE('',*,*,#7132,.F.);
#4556=ORIENTED_EDGE('',*,*,#7133,.F.);
#4557=ORIENTED_EDGE('',*,*,#6854,.F.);
#4558=CARTESIAN_POINT('',(-5.135,-0.35,0.875));
#4559=DIRECTION('',(0.0,0.0,1.0));
#4560=DIRECTION('',(1.0,0.0,0.0));
#4561=ORIENTED_EDGE('',*,*,#7133,.T.);
#4562=ORIENTED_EDGE('',*,*,#7134,.F.);
#4563=ORIENTED_EDGE('',*,*,#7121,.T.);
#4564=ORIENTED_EDGE('',*,*,#6739,.F.);
#4565=CARTESIAN_POINT('',(-3.675,1.554093010682,0.875));
#4566=DIRECTION('',(-0.0,0.0,1.0));
#4567=DIRECTION('',(0.0,-1.0,0.0));
#4568=ORIENTED_EDGE('',*,*,#7132,.T.);
#4569=ORIENTED_EDGE('',*,*,#6956,.T.);
#4570=ORIENTED_EDGE('',*,*,#7122,.T.);
#4571=ORIENTED_EDGE('',*,*,#7134,.T.);
#4572=CARTESIAN_POINT('',(-5.135,-0.35,-0.875));
#4573=DIRECTION('',(1.0,0.0,0.0));
#4574=DIRECTION('',(0.0,1.0,0.0));
#4575=ORIENTED_EDGE('',*,*,#7131,.T.);
#4576=ORIENTED_EDGE('',*,*,#7099,.F.);
#4577=ORIENTED_EDGE('',*,*,#7135,.T.);
#4578=ORIENTED_EDGE('',*,*,#6958,.T.);
#4579=CARTESIAN_POINT('',(-5.7,2.49,0.875));
#4580=DIRECTION('',(0.707106781186548,-0.707106781186548,0.0));
#4581=DIRECTION('',(0.0,0.0,-1.0));
#4582=ORIENTED_EDGE('',*,*,#7135,.F.);
#4583=ORIENTED_EDGE('',*,*,#7097,.F.);
#4584=ORIENTED_EDGE('',*,*,#7136,.T.);
#4585=ORIENTED_EDGE('',*,*,#6959,.T.);
#4586=CARTESIAN_POINT('',(-5.787867965644,2.49,4.253048327205));
#4587=DIRECTION('',(0.500000000000017,-0.707106781186524,-0.500000000000017));
#4588=DIRECTION('',(-2.77555756156298E-17,0.577350269189652,-0.816496580927708));
#4589=ORIENTED_EDGE('',*,*,#7136,.F.);
#4590=ORIENTED_EDGE('',*,*,#7095,.F.);
#4591=ORIENTED_EDGE('',*,*,#7137,.T.);
#4592=ORIENTED_EDGE('',*,*,#6960,.T.);
#4593=CARTESIAN_POINT('',(-4.465180361561,2.49,5.7));
#4594=DIRECTION('',(0.0,-0.707106781186548,-0.707106781186548));
#4595=DIRECTION('',(0.0,-0.707106781186548,0.707106781186548));
#4596=ORIENTED_EDGE('',*,*,#6723,.F.);
#4597=ORIENTED_EDGE('',*,*,#7138,.F.);
#4598=ORIENTED_EDGE('',*,*,#6961,.T.);
#4599=ORIENTED_EDGE('',*,*,#7137,.F.);
#4600=ORIENTED_EDGE('',*,*,#7094,.T.);
#4601=ORIENTED_EDGE('',*,*,#7092,.F.);
#4602=ORIENTED_EDGE('',*,*,#7139,.T.);
#4603=ORIENTED_EDGE('',*,*,#6710,.F.);
#4604=CARTESIAN_POINT('',(-0.875,-0.35,5.135));
#4605=DIRECTION('',(1.0,0.0,0.0));
#4606=DIRECTION('',(0.0,1.0,0.0));
#4607=ORIENTED_EDGE('',*,*,#7139,.F.);
#4608=ORIENTED_EDGE('',*,*,#7091,.T.);
#4609=ORIENTED_EDGE('',*,*,#6696,.F.);
#4610=ORIENTED_EDGE('',*,*,#6711,.F.);
#4611=CARTESIAN_POINT('',(-0.775,-0.25,5.922400148516));
#4612=DIRECTION('',(-0.0,0.0,1.0));
#4613=DIRECTION('',(0.0,-1.0,0.0));
#4614=ORIENTED_EDGE('',*,*,#6720,.T.);
#4615=ORIENTED_EDGE('',*,*,#6962,.F.);
#4616=ORIENTED_EDGE('',*,*,#7138,.T.);
#4617=ORIENTED_EDGE('',*,*,#6722,.T.);
#4618=CARTESIAN_POINT('',(0.875,-0.35,5.135));
#4619=DIRECTION('',(0.0,0.0,1.0));
#4620=DIRECTION('',(1.0,0.0,0.0));
#4621=ORIENTED_EDGE('',*,*,#7140,.F.);
#4622=ORIENTED_EDGE('',*,*,#7141,.T.);
#4623=ORIENTED_EDGE('',*,*,#6558,.T.);
#4624=ORIENTED_EDGE('',*,*,#7142,.F.);
#4625=ORIENTED_EDGE('',*,*,#7143,.F.);
#4626=ORIENTED_EDGE('',*,*,#7129,.F.);
#4627=CARTESIAN_POINT('',(-5.085,0.2,0.7));
#4628=DIRECTION('',(0.0,0.0,1.0));
#4629=DIRECTION('',(1.0,0.0,0.0));
#4630=ORIENTED_EDGE('',*,*,#7143,.T.);
#4631=ORIENTED_EDGE('',*,*,#7144,.T.);
#4632=ORIENTED_EDGE('',*,*,#7145,.F.);
#4633=ORIENTED_EDGE('',*,*,#7126,.F.);
#4634=CARTESIAN_POINT('',(-5.7,-0.06763819204712,-0.7));
#4635=DIRECTION('',(-1.0,0.0,0.0));
#4636=DIRECTION('',(0.0,0.0,1.0));
#4637=ORIENTED_EDGE('',*,*,#7145,.T.);
#4638=ORIENTED_EDGE('',*,*,#7146,.F.);
#4639=ORIENTED_EDGE('',*,*,#6560,.T.);
#4640=ORIENTED_EDGE('',*,*,#7147,.F.);
#4641=ORIENTED_EDGE('',*,*,#7148,.T.);
#4642=ORIENTED_EDGE('',*,*,#7127,.T.);
#4643=CARTESIAN_POINT('',(-5.6,0.2,-0.7));
#4644=DIRECTION('',(0.0,0.0,-1.0));
#4645=DIRECTION('',(0.0,-1.0,0.0));
#4646=ORIENTED_EDGE('',*,*,#7148,.F.);
#4647=ORIENTED_EDGE('',*,*,#7149,.T.);
#4648=ORIENTED_EDGE('',*,*,#7140,.T.);
#4649=ORIENTED_EDGE('',*,*,#7128,.F.);
#4650=CARTESIAN_POINT('',(-5.4,-0.35,0.7));
#4651=DIRECTION('',(-1.0,0.0,0.0));
#4652=DIRECTION('',(0.0,0.0,1.0));
#4653=ORIENTED_EDGE('',*,*,#7147,.T.);
#4654=ORIENTED_EDGE('',*,*,#6559,.F.);
#4655=ORIENTED_EDGE('',*,*,#7141,.F.);
#4656=ORIENTED_EDGE('',*,*,#7149,.F.);
#4657=CARTESIAN_POINT('',(0.0,-0.25,0.0));
#4658=DIRECTION('',(0.0,-1.0,0.0));
#4659=DIRECTION('',(0.0,0.0,-1.0));
#4660=ORIENTED_EDGE('',*,*,#6557,.F.);
#4661=ORIENTED_EDGE('',*,*,#7146,.T.);
#4662=ORIENTED_EDGE('',*,*,#7144,.F.);
#4663=ORIENTED_EDGE('',*,*,#7142,.T.);
#4664=CARTESIAN_POINT('',(-5.6,0.07,0.7));
#4665=DIRECTION('',(-0.809016994374918,0.587785252292513,0.0));
#4666=DIRECTION('',(0.0,0.0,1.0));
#4667=ORIENTED_EDGE('',*,*,#6698,.F.);
#4668=ORIENTED_EDGE('',*,*,#7090,.T.);
#4669=ORIENTED_EDGE('',*,*,#6714,.F.);
#4670=ORIENTED_EDGE('',*,*,#6712,.T.);
#4671=CARTESIAN_POINT('',(0.775,-0.25,5.141527952985));
#4672=DIRECTION('',(0.0,-0.0,-1.0));
#4673=DIRECTION('',(0.0,-1.0,0.0));
#4674=ORIENTED_EDGE('',*,*,#6716,.T.);
#4675=ORIENTED_EDGE('',*,*,#7089,.T.);
#4676=ORIENTED_EDGE('',*,*,#7150,.F.);
#4677=ORIENTED_EDGE('',*,*,#7084,.T.);
#4678=CARTESIAN_POINT('',(0.0,0.71,0.0));
#4679=DIRECTION('',(-0.0,1.0,0.0));
#4680=DIRECTION('',(1.0,0.0,0.0));
#4681=ORIENTED_EDGE('',*,*,#7150,.T.);
#4682=ORIENTED_EDGE('',*,*,#7088,.F.);
#4683=ORIENTED_EDGE('',*,*,#7085,.F.);
#4684=CARTESIAN_POINT('',(0.975,0.31,6.0));
#4685=DIRECTION('',(-1.0,0.0,0.0));
#4686=DIRECTION('',(0.0,0.0,1.0));
#4687=ORIENTED_EDGE('',*,*,#6823,.T.);
#4688=ORIENTED_EDGE('',*,*,#7151,.T.);
#4689=ORIENTED_EDGE('',*,*,#6817,.T.);
#4690=ORIENTED_EDGE('',*,*,#7087,.F.);
#4691=CARTESIAN_POINT('',(0.0,-1.19,0.0));
#4692=DIRECTION('',(-0.0,1.0,0.0));
#4693=DIRECTION('',(1.0,0.0,0.0));
#4694=ORIENTED_EDGE('',*,*,#6822,.T.);
#4695=ORIENTED_EDGE('',*,*,#6820,.F.);
#4696=ORIENTED_EDGE('',*,*,#6818,.T.);
#4697=ORIENTED_EDGE('',*,*,#7151,.F.);
#4698=CARTESIAN_POINT('',(-2.10441621482,-0.89,5.648449948284));
#4699=DIRECTION('',(-1.0,-0.0,0.0));
#4700=DIRECTION('',(0.0,-1.0,0.0));
#4701=ORIENTED_EDGE('',*,*,#6718,.T.);
#4702=ORIENTED_EDGE('',*,*,#7083,.F.);
#4703=ORIENTED_EDGE('',*,*,#7152,.T.);
#4704=ORIENTED_EDGE('',*,*,#6963,.T.);
#4705=CARTESIAN_POINT('',(0.875,2.49,5.7));
#4706=DIRECTION('',(0.0,-0.707106781186548,-0.707106781186548));
#4707=DIRECTION('',(0.0,-0.707106781186548,0.707106781186548));
#4708=ORIENTED_EDGE('',*,*,#7152,.F.);
#4709=ORIENTED_EDGE('',*,*,#7153,.F.);
#4710=ORIENTED_EDGE('',*,*,#7154,.T.);
#4711=ORIENTED_EDGE('',*,*,#6964,.T.);
#4712=CARTESIAN_POINT('',(4.253048327205,2.49,5.787867965644));
#4713=DIRECTION('',(-0.500000000000017,-0.707106781186524,-0.500000000000017));
#4714=DIRECTION('',(2.77555756156298E-17,0.577350269189652,-0.816496580927708));
#4715=ORIENTED_EDGE('',*,*,#7154,.F.);
#4716=ORIENTED_EDGE('',*,*,#7155,.F.);
#4717=ORIENTED_EDGE('',*,*,#6971,.T.);
#4718=ORIENTED_EDGE('',*,*,#6965,.T.);
#4719=CARTESIAN_POINT('',(5.7,2.49,4.465180361561));
#4720=DIRECTION('',(-0.707106781186548,-0.707106781186548,0.0));
#4721=DIRECTION('',(-0.707106781186548,0.707106781186548,0.0));
#4722=ORIENTED_EDGE('',*,*,#6972,.F.);
#4723=ORIENTED_EDGE('',*,*,#7155,.T.);
#4724=ORIENTED_EDGE('',*,*,#7156,.T.);
#4725=ORIENTED_EDGE('',*,*,#7060,.F.);
#4726=ORIENTED_EDGE('',*,*,#7157,.T.);
#4727=CARTESIAN_POINT('',(6.0,0.71,4.465180361561));
#4728=DIRECTION('',(1.0,0.0,0.0));
#4729=DIRECTION('',(0.0,1.0,0.0));
#4730=ORIENTED_EDGE('',*,*,#6994,.T.);
#4731=ORIENTED_EDGE('',*,*,#6992,.F.);
#4732=ORIENTED_EDGE('',*,*,#6986,.T.);
#4733=ORIENTED_EDGE('',*,*,#7158,.F.);
#4734=ORIENTED_EDGE('',*,*,#6973,.T.);
#4735=ORIENTED_EDGE('',*,*,#7157,.F.);
#4736=ORIENTED_EDGE('',*,*,#7055,.T.);
#4737=ORIENTED_EDGE('',*,*,#7053,.F.);
#4738=ORIENTED_EDGE('',*,*,#7159,.F.);
#4739=ORIENTED_EDGE('',*,*,#7045,.F.);
#4740=ORIENTED_EDGE('',*,*,#7043,.F.);
#4741=ORIENTED_EDGE('',*,*,#7160,.F.);
#4742=CARTESIAN_POINT('',(5.85,-1.19,-1.78631020059));
#4743=DIRECTION('',(0.995038220239299,-0.0994934181893899,0.0));
#4744=DIRECTION('',(0.0,0.0,-1.0));
#4745=ORIENTED_EDGE('',*,*,#7008,.F.);
#4746=ORIENTED_EDGE('',*,*,#7161,.T.);
#4747=ORIENTED_EDGE('',*,*,#7000,.T.);
#4748=ORIENTED_EDGE('',*,*,#6995,.F.);
#4749=ORIENTED_EDGE('',*,*,#7160,.T.);
#4750=CARTESIAN_POINT('',(6.0,0.71,4.465180361561));
#4751=DIRECTION('',(1.0,0.0,0.0));
#4752=DIRECTION('',(0.0,1.0,0.0));
#4753=ORIENTED_EDGE('',*,*,#7002,.T.);
#4754=ORIENTED_EDGE('',*,*,#7161,.F.);
#4755=ORIENTED_EDGE('',*,*,#7007,.T.);
#4756=ORIENTED_EDGE('',*,*,#7005,.T.);
#4757=CARTESIAN_POINT('',(6.0,0.71,-4.465180361561));
#4758=DIRECTION('',(0.707106781186548,0.0,-0.707106781186548));
#4759=DIRECTION('',(0.0,-1.0,0.0));
#4760=ORIENTED_EDGE('',*,*,#7052,.T.);
#4761=ORIENTED_EDGE('',*,*,#7162,.T.);
#4762=ORIENTED_EDGE('',*,*,#7046,.T.);
#4763=ORIENTED_EDGE('',*,*,#7159,.T.);
#4764=CARTESIAN_POINT('',(0.0,-1.19,0.0));
#4765=DIRECTION('',(0.0,-1.0,0.0));
#4766=DIRECTION('',(0.0,0.0,-1.0));
#4767=ORIENTED_EDGE('',*,*,#7051,.T.);
#4768=ORIENTED_EDGE('',*,*,#7049,.F.);
#4769=ORIENTED_EDGE('',*,*,#7047,.T.);
#4770=ORIENTED_EDGE('',*,*,#7162,.F.);
#4771=CARTESIAN_POINT('',(5.648449948284,-0.89,2.104388702353));
#4772=DIRECTION('',(-0.0,0.0,1.0));
#4773=DIRECTION('',(0.0,-1.0,0.0));
#4774=ORIENTED_EDGE('',*,*,#6974,.F.);
#4775=ORIENTED_EDGE('',*,*,#7158,.T.);
#4776=ORIENTED_EDGE('',*,*,#6985,.F.);
#4777=ORIENTED_EDGE('',*,*,#6983,.F.);
#4778=CARTESIAN_POINT('',(5.922400148516,-0.25,0.775));
#4779=DIRECTION('',(1.0,0.0,0.0));
#4780=DIRECTION('',(0.0,-1.0,0.0));
#4781=ORIENTED_EDGE('',*,*,#7153,.T.);
#4782=ORIENTED_EDGE('',*,*,#7082,.T.);
#4783=ORIENTED_EDGE('',*,*,#7061,.T.);
#4784=ORIENTED_EDGE('',*,*,#7156,.F.);
#4785=CARTESIAN_POINT('',(4.465180361561,0.71,6.0));
#4786=DIRECTION('',(0.707106781186548,0.0,0.707106781186548));
#4787=DIRECTION('',(0.0,-1.0,0.0));
#4788=ORIENTED_EDGE('',*,*,#7163,.T.);
#4789=ORIENTED_EDGE('',*,*,#7164,.F.);
#4790=ORIENTED_EDGE('',*,*,#7165,.T.);
#4791=ORIENTED_EDGE('',*,*,#7166,.F.);
#4792=ORIENTED_EDGE('',*,*,#7167,.T.);
#4793=ORIENTED_EDGE('',*,*,#6991,.T.);
#4794=CARTESIAN_POINT('',(-5.085,0.2,0.7));
#4795=DIRECTION('',(0.0,0.0,1.0));
#4796=DIRECTION('',(1.0,0.0,0.0));
#4797=ORIENTED_EDGE('',*,*,#7167,.F.);
#4798=ORIENTED_EDGE('',*,*,#7168,.T.);
#4799=ORIENTED_EDGE('',*,*,#7169,.T.);
#4800=ORIENTED_EDGE('',*,*,#6988,.F.);
#4801=CARTESIAN_POINT('',(5.4,-0.35,-0.7));
#4802=DIRECTION('',(1.0,0.0,0.0));
#4803=DIRECTION('',(0.0,1.0,0.0));
#4804=ORIENTED_EDGE('',*,*,#7169,.F.);
#4805=ORIENTED_EDGE('',*,*,#7170,.T.);
#4806=ORIENTED_EDGE('',*,*,#7171,.T.);
#4807=ORIENTED_EDGE('',*,*,#7172,.F.);
#4808=ORIENTED_EDGE('',*,*,#7173,.F.);
#4809=ORIENTED_EDGE('',*,*,#6989,.F.);
#4810=CARTESIAN_POINT('',(-5.6,0.2,-0.7));
#4811=DIRECTION('',(0.0,0.0,-1.0));
#4812=DIRECTION('',(0.0,-1.0,0.0));
#4813=ORIENTED_EDGE('',*,*,#7173,.T.);
#4814=ORIENTED_EDGE('',*,*,#7174,.T.);
#4815=ORIENTED_EDGE('',*,*,#7163,.F.);
#4816=ORIENTED_EDGE('',*,*,#6990,.F.);
#4817=CARTESIAN_POINT('',(5.7,-0.06763819204712,0.7));
#4818=DIRECTION('',(1.0,0.0,0.0));
#4819=DIRECTION('',(0.0,1.0,0.0));
#4820=ORIENTED_EDGE('',*,*,#7175,.T.);
#4821=ORIENTED_EDGE('',*,*,#7164,.T.);
#4822=ORIENTED_EDGE('',*,*,#7174,.F.);
#4823=ORIENTED_EDGE('',*,*,#7172,.T.);
#4824=CARTESIAN_POINT('',(5.085,0.7788366890427,0.7));
#4825=DIRECTION('',(0.809016994374918,0.587785252292513,0.0));
#4826=DIRECTION('',(0.0,0.0,-1.0));
#4827=ORIENTED_EDGE('',*,*,#7176,.F.);
#4828=ORIENTED_EDGE('',*,*,#6433,.T.);
#4829=ORIENTED_EDGE('',*,*,#6430,.T.);
#4830=ORIENTED_EDGE('',*,*,#6381,.T.);
#4831=ORIENTED_EDGE('',*,*,#7177,.F.);
#4832=ORIENTED_EDGE('',*,*,#7178,.F.);
#4833=ORIENTED_EDGE('',*,*,#7175,.F.);
#4834=ORIENTED_EDGE('',*,*,#7171,.F.);
#4835=ORIENTED_EDGE('',*,*,#7179,.T.);
#4836=ORIENTED_EDGE('',*,*,#7165,.F.);
#4837=CARTESIAN_POINT('',(5.085,-0.35,-1.7));
#4838=DIRECTION('',(-1.0,0.0,0.0));
#4839=DIRECTION('',(0.0,0.0,1.0));
#4840=ORIENTED_EDGE('',*,*,#7180,.T.);
#4841=ORIENTED_EDGE('',*,*,#7181,.F.);
#4842=ORIENTED_EDGE('',*,*,#7178,.T.);
#4843=ORIENTED_EDGE('',*,*,#7182,.T.);
#4844=CARTESIAN_POINT('',(0.0,-1.29,0.0));
#4845=DIRECTION('',(0.0,-1.0,0.0));
#4846=DIRECTION('',(0.0,0.0,-1.0));
#4847=ORIENTED_EDGE('',*,*,#7177,.T.);
#4848=ORIENTED_EDGE('',*,*,#6327,.F.);
#4849=ORIENTED_EDGE('',*,*,#7183,.T.);
#4850=ORIENTED_EDGE('',*,*,#6653,.T.);
#4851=ORIENTED_EDGE('',*,*,#7184,.T.);
#4852=ORIENTED_EDGE('',*,*,#7182,.F.);
#4853=CARTESIAN_POINT('',(6.0,-1.36,1.581015417605));
#4854=DIRECTION('',(0.0,0.087155742747664,-0.996194698091745));
#4855=DIRECTION('',(-1.0,0.0,0.0));
#4856=ORIENTED_EDGE('',*,*,#7184,.F.);
#4857=ORIENTED_EDGE('',*,*,#6652,.T.);
#4858=ORIENTED_EDGE('',*,*,#7185,.F.);
#4859=ORIENTED_EDGE('',*,*,#7180,.F.);
#4860=CARTESIAN_POINT('',(3.55,-1.36,-2.0));
#4861=DIRECTION('',(1.0,0.0,0.0));
#4862=DIRECTION('',(0.0,1.0,0.0));
#4863=ORIENTED_EDGE('',*,*,#7185,.T.);
#4864=ORIENTED_EDGE('',*,*,#6651,.T.);
#4865=ORIENTED_EDGE('',*,*,#7186,.F.);
#4866=ORIENTED_EDGE('',*,*,#6438,.T.);
#4867=ORIENTED_EDGE('',*,*,#7176,.T.);
#4868=ORIENTED_EDGE('',*,*,#7181,.T.);
#4869=CARTESIAN_POINT('',(6.0,0.0,-1.7));
#4870=DIRECTION('',(0.0,0.087155742747664,0.996194698091745));
#4871=DIRECTION('',(1.0,-0.0,0.0));
#4872=ORIENTED_EDGE('',*,*,#7186,.T.);
#4873=ORIENTED_EDGE('',*,*,#6650,.F.);
#4874=ORIENTED_EDGE('',*,*,#7187,.F.);
#4875=ORIENTED_EDGE('',*,*,#6439,.F.);
#4876=CARTESIAN_POINT('',(3.445589098294,-1.36,-3.37932305493));
#4877=DIRECTION('',(-0.965925826289076,0.258819045102493,0.0));
#4878=DIRECTION('',(0.0,0.0,1.0));
#4879=ORIENTED_EDGE('',*,*,#7187,.T.);
#4880=ORIENTED_EDGE('',*,*,#6649,.F.);
#4881=ORIENTED_EDGE('',*,*,#7188,.T.);
#4882=ORIENTED_EDGE('',*,*,#7189,.T.);
#4883=ORIENTED_EDGE('',*,*,#7190,.T.);
#4884=ORIENTED_EDGE('',*,*,#7191,.F.);
#4885=ORIENTED_EDGE('',*,*,#6440,.F.);
#4886=CARTESIAN_POINT('',(6.0,-1.36,-3.418984582395));
#4887=DIRECTION('',(0.0,0.087155742747664,-0.996194698091745));
#4888=DIRECTION('',(-1.0,0.0,0.0));
#4889=ORIENTED_EDGE('',*,*,#6474,.T.);
#4890=ORIENTED_EDGE('',*,*,#7191,.T.);
#4891=ORIENTED_EDGE('',*,*,#7192,.T.);
#4892=ORIENTED_EDGE('',*,*,#6482,.F.);
#4893=CARTESIAN_POINT('',(6.5,0.59,-3.3));
#4894=DIRECTION('',(0.0,0.0,-1.0));
#4895=DIRECTION('',(0.0,-1.0,0.0));
#4896=ORIENTED_EDGE('',*,*,#7192,.F.);
#4897=ORIENTED_EDGE('',*,*,#7190,.F.);
#4898=ORIENTED_EDGE('',*,*,#7193,.F.);
#4899=ORIENTED_EDGE('',*,*,#6485,.F.);
#4900=ORIENTED_EDGE('',*,*,#6483,.T.);
#4901=CARTESIAN_POINT('',(6.0,0.2,4.465180361561));
#4902=DIRECTION('',(1.0,0.0,0.0));
#4903=DIRECTION('',(0.0,1.0,0.0));
#4904=ORIENTED_EDGE('',*,*,#7194,.T.);
#4905=ORIENTED_EDGE('',*,*,#7195,.F.);
#4906=ORIENTED_EDGE('',*,*,#6488,.T.);
#4907=ORIENTED_EDGE('',*,*,#6486,.F.);
#4908=ORIENTED_EDGE('',*,*,#7193,.T.);
#4909=ORIENTED_EDGE('',*,*,#7189,.F.);
#4910=ORIENTED_EDGE('',*,*,#7196,.T.);
#4911=ORIENTED_EDGE('',*,*,#7197,.F.);
#4912=CARTESIAN_POINT('',(0.0,-1.36,0.0));
#4913=DIRECTION('',(-0.0,1.0,0.0));
#4914=DIRECTION('',(1.0,0.0,0.0));
#4915=ORIENTED_EDGE('',*,*,#7198,.F.);
#4916=ORIENTED_EDGE('',*,*,#6647,.T.);
#4917=ORIENTED_EDGE('',*,*,#7199,.T.);
#4918=ORIENTED_EDGE('',*,*,#7197,.T.);
#4919=CARTESIAN_POINT('',(4.050966799188,-1.36,-5.0));
#4920=DIRECTION('',(0.707106781186548,0.0,-0.707106781186548));
#4921=DIRECTION('',(0.0,-1.0,0.0));
#4922=ORIENTED_EDGE('',*,*,#7199,.F.);
#4923=ORIENTED_EDGE('',*,*,#6646,.T.);
#4924=ORIENTED_EDGE('',*,*,#7200,.F.);
#4925=ORIENTED_EDGE('',*,*,#7194,.F.);
#4926=CARTESIAN_POINT('',(2.625,-1.36,-5.0));
#4927=DIRECTION('',(0.0,0.0,-1.0));
#4928=DIRECTION('',(0.0,-1.0,0.0));
#4929=ORIENTED_EDGE('',*,*,#6645,.T.);
#4930=ORIENTED_EDGE('',*,*,#7201,.T.);
#4931=ORIENTED_EDGE('',*,*,#7202,.T.);
#4932=ORIENTED_EDGE('',*,*,#6489,.T.);
#4933=ORIENTED_EDGE('',*,*,#7195,.T.);
#4934=ORIENTED_EDGE('',*,*,#7200,.T.);
#4935=CARTESIAN_POINT('',(3.185,-0.36,-6.0));
#4936=DIRECTION('',(0.997199309888457,0.0747899482416268,0.0));
#4937=DIRECTION('',(0.0,0.0,-1.0));
#4938=ORIENTED_EDGE('',*,*,#7202,.F.);
#4939=ORIENTED_EDGE('',*,*,#7203,.T.);
#4940=ORIENTED_EDGE('',*,*,#6492,.T.);
#4941=ORIENTED_EDGE('',*,*,#6490,.F.);
#4942=CARTESIAN_POINT('',(-3.185,-0.36,-6.0));
#4943=DIRECTION('',(-0.0,1.0,0.0));
#4944=DIRECTION('',(1.0,0.0,0.0));
#4945=ORIENTED_EDGE('',*,*,#7204,.F.);
#4946=ORIENTED_EDGE('',*,*,#7205,.F.);
#4947=ORIENTED_EDGE('',*,*,#6499,.F.);
#4948=ORIENTED_EDGE('',*,*,#6496,.T.);
#4949=ORIENTED_EDGE('',*,*,#6493,.T.);
#4950=ORIENTED_EDGE('',*,*,#7203,.F.);
#4951=ORIENTED_EDGE('',*,*,#7201,.F.);
#4952=ORIENTED_EDGE('',*,*,#6644,.T.);
#4953=ORIENTED_EDGE('',*,*,#7206,.T.);
#4954=ORIENTED_EDGE('',*,*,#7207,.F.);
#4955=ORIENTED_EDGE('',*,*,#7208,.T.);
#4956=ORIENTED_EDGE('',*,*,#7209,.F.);
#4957=CARTESIAN_POINT('',(-1.7,-0.35,-5.085));
#4958=DIRECTION('',(0.0,0.0,1.0));
#4959=DIRECTION('',(1.0,0.0,0.0));
#4960=ORIENTED_EDGE('',*,*,#6500,.F.);
#4961=ORIENTED_EDGE('',*,*,#7205,.T.);
#4962=ORIENTED_EDGE('',*,*,#7210,.T.);
#4963=ORIENTED_EDGE('',*,*,#7211,.F.);
#4964=CARTESIAN_POINT('',(-3.185,-0.36,-6.0));
#4965=DIRECTION('',(-0.0,1.0,0.0));
#4966=DIRECTION('',(1.0,0.0,0.0));
#4967=ORIENTED_EDGE('',*,*,#6501,.F.);
#4968=ORIENTED_EDGE('',*,*,#7211,.T.);
#4969=ORIENTED_EDGE('',*,*,#7212,.F.);
#4970=ORIENTED_EDGE('',*,*,#7213,.F.);
#4971=ORIENTED_EDGE('',*,*,#6510,.F.);
#4972=ORIENTED_EDGE('',*,*,#6508,.T.);
#4973=CARTESIAN_POINT('',(4.465180361561,0.2,-6.0));
#4974=DIRECTION('',(0.0,0.0,-1.0));
#4975=DIRECTION('',(0.0,-1.0,0.0));
#4976=ORIENTED_EDGE('',*,*,#6537,.F.);
#4977=ORIENTED_EDGE('',*,*,#6513,.T.);
#4978=ORIENTED_EDGE('',*,*,#6511,.F.);
#4979=ORIENTED_EDGE('',*,*,#7213,.T.);
#4980=ORIENTED_EDGE('',*,*,#7214,.F.);
#4981=ORIENTED_EDGE('',*,*,#7215,.T.);
#4982=ORIENTED_EDGE('',*,*,#7216,.F.);
#4983=ORIENTED_EDGE('',*,*,#7217,.T.);
#4984=CARTESIAN_POINT('',(0.0,-1.36,0.0));
#4985=DIRECTION('',(-0.0,1.0,0.0));
#4986=DIRECTION('',(1.0,0.0,0.0));
#4987=ORIENTED_EDGE('',*,*,#7218,.F.);
#4988=ORIENTED_EDGE('',*,*,#6640,.T.);
#4989=ORIENTED_EDGE('',*,*,#6538,.F.);
#4990=ORIENTED_EDGE('',*,*,#7217,.F.);
#4991=CARTESIAN_POINT('',(-5.0,-1.36,-2.73));
#4992=DIRECTION('',(-1.0,0.0,0.0));
#4993=DIRECTION('',(0.0,0.0,1.0));
#4994=ORIENTED_EDGE('',*,*,#7219,.F.);
#4995=ORIENTED_EDGE('',*,*,#6641,.T.);
#4996=ORIENTED_EDGE('',*,*,#7218,.T.);
#4997=ORIENTED_EDGE('',*,*,#7216,.T.);
#4998=CARTESIAN_POINT('',(-5.0,-1.36,-4.050966799188));
#4999=DIRECTION('',(-0.707106781186548,0.0,-0.707106781186548));
#5000=DIRECTION('',(-0.707106781186548,0.0,0.707106781186548));
#5001=ORIENTED_EDGE('',*,*,#7220,.F.);
#5002=ORIENTED_EDGE('',*,*,#6642,.T.);
#5003=ORIENTED_EDGE('',*,*,#7219,.T.);
#5004=ORIENTED_EDGE('',*,*,#7215,.F.);
#5005=CARTESIAN_POINT('',(-4.050966799188,-1.36,-5.0));
#5006=DIRECTION('',(0.0,0.0,-1.0));
#5007=DIRECTION('',(0.0,-1.0,0.0));
#5008=ORIENTED_EDGE('',*,*,#7214,.T.);
#5009=ORIENTED_EDGE('',*,*,#7212,.T.);
#5010=ORIENTED_EDGE('',*,*,#7210,.F.);
#5011=ORIENTED_EDGE('',*,*,#7204,.T.);
#5012=ORIENTED_EDGE('',*,*,#6643,.F.);
#5013=ORIENTED_EDGE('',*,*,#7220,.T.);
#5014=CARTESIAN_POINT('',(-3.26,-1.36,-6.0));
#5015=DIRECTION('',(-0.997199309888457,0.0747899482416268,0.0));
#5016=DIRECTION('',(0.0,0.0,1.0));
#5017=ORIENTED_EDGE('',*,*,#7221,.T.);
#5018=ORIENTED_EDGE('',*,*,#7222,.F.);
#5019=ORIENTED_EDGE('',*,*,#7223,.F.);
#5020=ORIENTED_EDGE('',*,*,#7209,.T.);
#5021=ORIENTED_EDGE('',*,*,#7224,.T.);
#5022=ORIENTED_EDGE('',*,*,#7225,.T.);
#5023=ORIENTED_EDGE('',*,*,#6915,.T.);
#5024=CARTESIAN_POINT('',(0.7,0.2,5.085));
#5025=DIRECTION('',(1.0,0.0,0.0));
#5026=DIRECTION('',(0.0,1.0,0.0));
#5027=ORIENTED_EDGE('',*,*,#7225,.F.);
#5028=ORIENTED_EDGE('',*,*,#7226,.T.);
#5029=ORIENTED_EDGE('',*,*,#7227,.T.);
#5030=ORIENTED_EDGE('',*,*,#6912,.F.);
#5031=CARTESIAN_POINT('',(-0.7,-0.35,-5.4));
#5032=DIRECTION('',(0.0,0.0,-1.0));
#5033=DIRECTION('',(0.0,-1.0,0.0));
#5034=ORIENTED_EDGE('',*,*,#7227,.F.);
#5035=ORIENTED_EDGE('',*,*,#7228,.F.);
#5036=ORIENTED_EDGE('',*,*,#7207,.T.);
#5037=ORIENTED_EDGE('',*,*,#7229,.F.);
#5038=ORIENTED_EDGE('',*,*,#7230,.F.);
#5039=ORIENTED_EDGE('',*,*,#7231,.F.);
#5040=ORIENTED_EDGE('',*,*,#6913,.F.);
#5041=CARTESIAN_POINT('',(-0.7,0.2,5.6));
#5042=DIRECTION('',(-1.0,0.0,0.0));
#5043=DIRECTION('',(0.0,0.0,1.0));
#5044=ORIENTED_EDGE('',*,*,#7231,.T.);
#5045=ORIENTED_EDGE('',*,*,#7232,.T.);
#5046=ORIENTED_EDGE('',*,*,#7221,.F.);
#5047=ORIENTED_EDGE('',*,*,#6914,.F.);
#5048=CARTESIAN_POINT('',(0.7,-0.06763819204712,-5.7));
#5049=DIRECTION('',(0.0,0.0,-1.0));
#5050=DIRECTION('',(0.0,-1.0,0.0));
#5051=ORIENTED_EDGE('',*,*,#7232,.F.);
#5052=ORIENTED_EDGE('',*,*,#7230,.T.);
#5053=ORIENTED_EDGE('',*,*,#7233,.F.);
#5054=ORIENTED_EDGE('',*,*,#7222,.T.);
#5055=CARTESIAN_POINT('',(0.7,0.07,-5.6));
#5056=DIRECTION('',(0.0,0.587785252292513,-0.809016994374918));
#5057=DIRECTION('',(-1.0,0.0,0.0));
#5058=ORIENTED_EDGE('',*,*,#7229,.T.);
#5059=ORIENTED_EDGE('',*,*,#7206,.F.);
#5060=ORIENTED_EDGE('',*,*,#7223,.T.);
#5061=ORIENTED_EDGE('',*,*,#7233,.T.);
#5062=CARTESIAN_POINT('',(-0.7,0.06,-5.6));
#5063=DIRECTION('',(0.0,0.587785252292513,-0.809016994374918));
#5064=DIRECTION('',(-1.0,0.0,0.0));
#5065=ORIENTED_EDGE('',*,*,#7224,.F.);
#5066=ORIENTED_EDGE('',*,*,#7208,.F.);
#5067=ORIENTED_EDGE('',*,*,#7228,.T.);
#5068=ORIENTED_EDGE('',*,*,#7226,.F.);
#5069=CARTESIAN_POINT('',(0.0,-0.25,0.0));
#5070=DIRECTION('',(0.0,-1.0,0.0));
#5071=DIRECTION('',(0.0,0.0,-1.0));
#5072=ORIENTED_EDGE('',*,*,#7188,.F.);
#5073=ORIENTED_EDGE('',*,*,#6648,.T.);
#5074=ORIENTED_EDGE('',*,*,#7198,.T.);
#5075=ORIENTED_EDGE('',*,*,#7196,.F.);
#5076=CARTESIAN_POINT('',(5.0,-1.36,-4.050966799188));
#5077=DIRECTION('',(1.0,0.0,0.0));
#5078=DIRECTION('',(0.0,1.0,0.0));
#5079=ORIENTED_EDGE('',*,*,#6323,.T.);
#5080=ORIENTED_EDGE('',*,*,#6654,.F.);
#5081=ORIENTED_EDGE('',*,*,#7183,.F.);
#5082=ORIENTED_EDGE('',*,*,#6326,.F.);
#5083=CARTESIAN_POINT('',(3.445589098294,-1.36,1.62067694507));
#5084=DIRECTION('',(-0.965925826289076,0.258819045102493,0.0));
#5085=DIRECTION('',(0.0,0.0,1.0));
#5086=ORIENTED_EDGE('',*,*,#7170,.F.);
#5087=ORIENTED_EDGE('',*,*,#7168,.F.);
#5088=ORIENTED_EDGE('',*,*,#7166,.T.);
#5089=ORIENTED_EDGE('',*,*,#7179,.F.);
#5090=CARTESIAN_POINT('',(0.0,-0.25,0.0));
#5091=DIRECTION('',(0.0,-1.0,0.0));
#5092=DIRECTION('',(0.0,0.0,-1.0));
#5093=ORIENTED_EDGE('',*,*,#6968,.T.);
#5094=ORIENTED_EDGE('',*,*,#7234,.F.);
#5095=ORIENTED_EDGE('',*,*,#7235,.T.);
#5096=ORIENTED_EDGE('',*,*,#6266,.T.);
#5097=ORIENTED_EDGE('',*,*,#7236,.F.);
#5098=CARTESIAN_POINT('',(0.0,-16.38,0.0));
#5099=DIRECTION('',(0.0,1.0,0.0));
#5100=DIRECTION('',(1.0,0.0,0.0));
#5101=ORIENTED_EDGE('',*,*,#6967,.F.);
#5102=ORIENTED_EDGE('',*,*,#7236,.T.);
#5103=ORIENTED_EDGE('',*,*,#7237,.F.);
#5104=ORIENTED_EDGE('',*,*,#6270,.F.);
#5105=ORIENTED_EDGE('',*,*,#7234,.T.);
#5106=CARTESIAN_POINT('',(0.0,-16.38,0.0));
#5107=DIRECTION('',(-0.0970873786407755,0.995275861713054,0.0));
#5108=DIRECTION('',(0.995275861713054,0.0970873786407755,0.0));
#5109=ORIENTED_EDGE('',*,*,#6267,.T.);
#5110=ORIENTED_EDGE('',*,*,#7237,.T.);
#5111=ORIENTED_EDGE('',*,*,#6265,.F.);
#5112=ORIENTED_EDGE('',*,*,#7238,.F.);
#5113=CARTESIAN_POINT('',(0.0,3.097548613724,0.0));
#5114=DIRECTION('',(-0.0,1.0,0.0));
#5115=DIRECTION('',(0.99996465379255,0.0,0.00840780384790358));
#5116=ORIENTED_EDGE('',*,*,#6263,.T.);
#5117=ORIENTED_EDGE('',*,*,#7235,.F.);
#5118=ORIENTED_EDGE('',*,*,#6269,.F.);
#5119=ORIENTED_EDGE('',*,*,#7239,.F.);
#5120=CARTESIAN_POINT('',(0.0,3.097548613724,0.0));
#5121=DIRECTION('',(0.0,1.0,0.0));
#5122=DIRECTION('',(-0.99996465379255,0.0,-0.00840780384790358));
#5123=ORIENTED_EDGE('',*,*,#6264,.T.);
#5124=ORIENTED_EDGE('',*,*,#7239,.T.);
#5125=ORIENTED_EDGE('',*,*,#7240,.T.);
#5126=ORIENTED_EDGE('',*,*,#7241,.T.);
#5127=ORIENTED_EDGE('',*,*,#6258,.T.);
#5128=ORIENTED_EDGE('',*,*,#7242,.F.);
#5129=CARTESIAN_POINT('',(0.0,2.929039657978,0.0));
#5130=DIRECTION('',(0.0,-1.0,0.0));
#5131=DIRECTION('',(1.0,0.0,0.0));
#5132=ORIENTED_EDGE('',*,*,#7243,.T.);
#5133=ORIENTED_EDGE('',*,*,#6262,.T.);
#5134=ORIENTED_EDGE('',*,*,#7240,.F.);
#5135=ORIENTED_EDGE('',*,*,#6268,.T.);
#5136=ORIENTED_EDGE('',*,*,#7238,.T.);
#5137=ORIENTED_EDGE('',*,*,#7242,.T.);
#5138=CARTESIAN_POINT('',(0.0,2.929039657978,0.0));
#5139=DIRECTION('',(0.0,-1.0,0.0));
#5140=DIRECTION('',(1.0,0.0,0.0));
#5141=ORIENTED_EDGE('',*,*,#6259,.T.);
#5142=ORIENTED_EDGE('',*,*,#7243,.F.);
#5143=ORIENTED_EDGE('',*,*,#6257,.F.);
#5144=ORIENTED_EDGE('',*,*,#7244,.T.);
#5145=CARTESIAN_POINT('',(0.0,3.4,0.0));
#5146=DIRECTION('',(0.0,1.0,0.0));
#5147=DIRECTION('',(-0.999912226502892,0.0,0.0132491241230699));
#5148=ORIENTED_EDGE('',*,*,#6255,.T.);
#5149=ORIENTED_EDGE('',*,*,#7241,.F.);
#5150=ORIENTED_EDGE('',*,*,#6261,.F.);
#5151=ORIENTED_EDGE('',*,*,#7245,.T.);
#5152=CARTESIAN_POINT('',(0.0,3.4,0.0));
#5153=DIRECTION('',(0.0,1.0,0.0));
#5154=DIRECTION('',(0.999912226502892,0.0,-0.0132491241230699));
#5155=ORIENTED_EDGE('',*,*,#6260,.T.);
#5156=ORIENTED_EDGE('',*,*,#7244,.F.);
#5157=ORIENTED_EDGE('',*,*,#6256,.T.);
#5158=ORIENTED_EDGE('',*,*,#7245,.F.);
#5159=CARTESIAN_POINT('',(0.0,3.6,0.0));
#5160=DIRECTION('',(-0.0,1.0,0.0));
#5161=DIRECTION('',(1.0,0.0,0.0));
#5162=ORIENTED_EDGE('',*,*,#6736,.T.);
#5163=ORIENTED_EDGE('',*,*,#7246,.T.);
#5164=ORIENTED_EDGE('',*,*,#6831,.T.);
#5165=ORIENTED_EDGE('',*,*,#6845,.T.);
#5166=CARTESIAN_POINT('',(-5.55,0.31,4.271999991735));
#5167=DIRECTION('',(-0.999657324975557,0.0261769483078689,0.0));
#5168=DIRECTION('',(0.0,0.0,1.0));
#5169=ORIENTED_EDGE('',*,*,#6735,.T.);
#5170=ORIENTED_EDGE('',*,*,#7247,.T.);
#5171=ORIENTED_EDGE('',*,*,#6832,.T.);
#5172=ORIENTED_EDGE('',*,*,#7246,.F.);
#5173=CARTESIAN_POINT('',(-6.349623466922,0.3309431804259,2.916168913098));
#5174=DIRECTION('',(-0.0259357495141493,-0.999646972603094,-0.00576776062332479));
#5175=DIRECTION('',(0.947219432421588,-0.0264189462149997,0.319495518159196));
#5176=ORIENTED_EDGE('',*,*,#6734,.T.);
#5177=ORIENTED_EDGE('',*,*,#7248,.F.);
#5178=ORIENTED_EDGE('',*,*,#6833,.T.);
#5179=ORIENTED_EDGE('',*,*,#7247,.F.);
#5180=CARTESIAN_POINT('',(-4.17,0.76,3.65));
#5181=DIRECTION('',(-0.0,-1.0,0.0));
#5182=DIRECTION('',(1.0,0.0,0.0));
#5183=ORIENTED_EDGE('',*,*,#6733,.T.);
#5184=ORIENTED_EDGE('',*,*,#7249,.T.);
#5185=ORIENTED_EDGE('',*,*,#6834,.T.);
#5186=ORIENTED_EDGE('',*,*,#7248,.T.);
#5187=CARTESIAN_POINT('',(-5.67,0.31,5.19586958236));
#5188=DIRECTION('',(-0.999657324975557,0.0261769483078689,0.0));
#5189=DIRECTION('',(0.0,0.0,1.0));
#5190=ORIENTED_EDGE('',*,*,#6732,.T.);
#5191=ORIENTED_EDGE('',*,*,#7250,.F.);
#5192=ORIENTED_EDGE('',*,*,#6835,.T.);
#5193=ORIENTED_EDGE('',*,*,#7249,.F.);
#5194=CARTESIAN_POINT('',(-4.57,0.76,3.985992052357));
#5195=DIRECTION('',(-0.0,-1.0,0.0));
#5196=DIRECTION('',(1.0,0.0,0.0));
#5197=ORIENTED_EDGE('',*,*,#6731,.T.);
#5198=ORIENTED_EDGE('',*,*,#7251,.T.);
#5199=ORIENTED_EDGE('',*,*,#6836,.T.);
#5200=ORIENTED_EDGE('',*,*,#7250,.T.);
#5201=CARTESIAN_POINT('',(-3.908296905792,0.31,6.203330065175));
#5202=DIRECTION('',(-0.706864473353021,0.0261769483078708,0.706864473353021));
#5203=DIRECTION('',(0.0370071182474962,0.99931500198837,4.90485758503787E-18));
#5204=ORIENTED_EDGE('',*,*,#6730,.T.);
#5205=ORIENTED_EDGE('',*,*,#7252,.F.);
#5206=ORIENTED_EDGE('',*,*,#6837,.T.);
#5207=ORIENTED_EDGE('',*,*,#7251,.F.);
#5208=CARTESIAN_POINT('',(-3.985992052357,0.76,4.57));
#5209=DIRECTION('',(-0.0,-1.0,0.0));
#5210=DIRECTION('',(1.0,0.0,0.0));
#5211=ORIENTED_EDGE('',*,*,#6729,.T.);
#5212=ORIENTED_EDGE('',*,*,#7253,.T.);
#5213=ORIENTED_EDGE('',*,*,#6838,.T.);
#5214=ORIENTED_EDGE('',*,*,#7252,.T.);
#5215=CARTESIAN_POINT('',(-2.440122469997,0.31,5.67));
#5216=DIRECTION('',(0.0,0.0261769483078689,0.999657324975557));
#5217=DIRECTION('',(1.0,-0.0,0.0));
#5218=ORIENTED_EDGE('',*,*,#6839,.T.);
#5219=ORIENTED_EDGE('',*,*,#7253,.F.);
#5220=ORIENTED_EDGE('',*,*,#6728,.T.);
#5221=ORIENTED_EDGE('',*,*,#7254,.T.);
#5222=CARTESIAN_POINT('',(-3.65,0.76,4.17));
#5223=DIRECTION('',(-0.0,-1.0,0.0));
#5224=DIRECTION('',(1.0,0.0,0.0));
#5225=ORIENTED_EDGE('',*,*,#6727,.T.);
#5226=ORIENTED_EDGE('',*,*,#6829,.T.);
#5227=ORIENTED_EDGE('',*,*,#6840,.T.);
#5228=ORIENTED_EDGE('',*,*,#7254,.F.);
#5229=CARTESIAN_POINT('',(-2.916168913098,0.3309431804259,6.349623466922));
#5230=DIRECTION('',(0.00576776062332497,-0.999646972603094,0.0259357495141493));
#5231=DIRECTION('',(0.000841975333345823,-0.0259313169750707,-0.999663372279627));
#5232=ORIENTED_EDGE('',*,*,#6251,.T.);
#5233=ORIENTED_EDGE('',*,*,#6226,.F.);
#5234=ORIENTED_EDGE('',*,*,#7255,.F.);
#5235=ORIENTED_EDGE('',*,*,#6811,.T.);
#5236=CARTESIAN_POINT('',(2.082190520711,1.192426406871,2.080783084798));
#5237=DIRECTION('',(-0.0,-1.0,0.0));
#5238=DIRECTION('',(0.70690314941462,0.0,0.70731035433372));
#5239=ORIENTED_EDGE('',*,*,#7255,.T.);
#5240=ORIENTED_EDGE('',*,*,#7256,.F.);
#5241=ORIENTED_EDGE('',*,*,#7257,.F.);
#5242=ORIENTED_EDGE('',*,*,#6788,.T.);
#5243=CARTESIAN_POINT('',(5.143118958656,1.192426406871,3.552447729244));
#5244=DIRECTION('',(-0.0,-1.0,0.0));
#5245=DIRECTION('',(0.901245015836108,0.0,0.433309844603804));
#5246=ORIENTED_EDGE('',*,*,#7257,.T.);
#5247=ORIENTED_EDGE('',*,*,#7258,.F.);
#5248=ORIENTED_EDGE('',*,*,#7259,.T.);
#5249=ORIENTED_EDGE('',*,*,#6789,.T.);
#5250=CARTESIAN_POINT('',(11.59687754325,1.192426406871,0.0));
#5251=DIRECTION('',(0.0,1.0,-0.0));
#5252=DIRECTION('',(-0.876050748326518,0.0,0.48221891953401));
#5253=ORIENTED_EDGE('',*,*,#7259,.F.);
#5254=ORIENTED_EDGE('',*,*,#7260,.F.);
#5255=ORIENTED_EDGE('',*,*,#7261,.T.);
#5256=ORIENTED_EDGE('',*,*,#6790,.T.);
#5257=CARTESIAN_POINT('',(4.682426406871,1.302426406871,2.234348737389));
#5258=DIRECTION('',(0.707106781186548,0.707106781186548,0.0));
#5259=DIRECTION('',(0.0,0.0,-1.0));
#5260=ORIENTED_EDGE('',*,*,#7261,.F.);
#5261=ORIENTED_EDGE('',*,*,#7262,.F.);
#5262=ORIENTED_EDGE('',*,*,#7263,.F.);
#5263=ORIENTED_EDGE('',*,*,#6791,.T.);
#5264=CARTESIAN_POINT('',(11.59687754325,1.192426406871,0.0));
#5265=DIRECTION('',(0.0,1.0,-0.0));
#5266=DIRECTION('',(-0.95209992258278,0.0,-0.305787078565894));
#5267=ORIENTED_EDGE('',*,*,#7263,.T.);
#5268=ORIENTED_EDGE('',*,*,#7264,.F.);
#5269=ORIENTED_EDGE('',*,*,#6249,.F.);
#5270=ORIENTED_EDGE('',*,*,#6792,.T.);
#5271=CARTESIAN_POINT('',(5.142728444405,1.192426406871,-3.551738186735));
#5272=DIRECTION('',(-0.0,-1.0,0.0));
#5273=DIRECTION('',(0.876103757793396,0.0,0.482122604303398));
#5274=ORIENTED_EDGE('',*,*,#6247,.T.);
#5275=ORIENTED_EDGE('',*,*,#6230,.F.);
#5276=ORIENTED_EDGE('',*,*,#7265,.F.);
#5277=ORIENTED_EDGE('',*,*,#6793,.T.);
#5278=CARTESIAN_POINT('',(2.085608385356,1.192426406871,-2.085608385356));
#5279=DIRECTION('',(-0.0,-1.0,-0.0));
#5280=DIRECTION('',(0.707106781186548,0.0,-0.707106781186548));
#5281=ORIENTED_EDGE('',*,*,#7265,.T.);
#5282=ORIENTED_EDGE('',*,*,#7266,.F.);
#5283=ORIENTED_EDGE('',*,*,#7267,.F.);
#5284=ORIENTED_EDGE('',*,*,#6794,.T.);
#5285=CARTESIAN_POINT('',(3.551738186735,1.192426406871,-5.142728444405));
#5286=DIRECTION('',(-0.0,-1.0,-0.0));
#5287=DIRECTION('',(0.432422334922717,0.0,-0.901671184113136));
#5288=ORIENTED_EDGE('',*,*,#7267,.T.);
#5289=ORIENTED_EDGE('',*,*,#7268,.F.);
#5290=ORIENTED_EDGE('',*,*,#7269,.T.);
#5291=ORIENTED_EDGE('',*,*,#6795,.T.);
#5292=CARTESIAN_POINT('',(0.0,1.192426406871,-11.59687754325));
#5293=DIRECTION('',(-0.0,1.0,-0.0));
#5294=DIRECTION('',(0.482122604303398,0.0,0.876103757793396));
#5295=ORIENTED_EDGE('',*,*,#7269,.F.);
#5296=ORIENTED_EDGE('',*,*,#7270,.F.);
#5297=ORIENTED_EDGE('',*,*,#7271,.T.);
#5298=ORIENTED_EDGE('',*,*,#6796,.T.);
#5299=CARTESIAN_POINT('',(2.23434873739,1.302426406871,-4.682426406871));
#5300=DIRECTION('',(0.0,0.707106781186548,-0.707106781186548));
#5301=DIRECTION('',(-1.0,0.0,0.0));
#5302=ORIENTED_EDGE('',*,*,#7271,.F.);
#5303=ORIENTED_EDGE('',*,*,#7272,.F.);
#5304=ORIENTED_EDGE('',*,*,#7273,.F.);
#5305=ORIENTED_EDGE('',*,*,#6797,.T.);
#5306=CARTESIAN_POINT('',(0.0,1.192426406871,-11.59687754325));
#5307=DIRECTION('',(0.0,1.0,-0.0));
#5308=DIRECTION('',(-0.305787078566104,0.0,0.952099922582712));
#5309=ORIENTED_EDGE('',*,*,#7273,.T.);
#5310=ORIENTED_EDGE('',*,*,#7274,.F.);
#5311=ORIENTED_EDGE('',*,*,#6245,.F.);
#5312=ORIENTED_EDGE('',*,*,#6798,.T.);
#5313=CARTESIAN_POINT('',(-3.551738186735,1.192426406871,-5.142728444405));
#5314=DIRECTION('',(-0.0,-1.0,-0.0));
#5315=DIRECTION('',(0.482122604303398,0.0,-0.876103757793396));
#5316=ORIENTED_EDGE('',*,*,#6243,.T.);
#5317=ORIENTED_EDGE('',*,*,#6234,.F.);
#5318=ORIENTED_EDGE('',*,*,#7275,.F.);
#5319=ORIENTED_EDGE('',*,*,#6799,.T.);
#5320=CARTESIAN_POINT('',(-2.085608385353,1.192426406871,-2.085608385353));
#5321=DIRECTION('',(-0.0,-1.0,-0.0));
#5322=DIRECTION('',(-0.707106781186548,0.0,-0.707106781186548));
#5323=ORIENTED_EDGE('',*,*,#7275,.T.);
#5324=ORIENTED_EDGE('',*,*,#7276,.F.);
#5325=ORIENTED_EDGE('',*,*,#7277,.F.);
#5326=ORIENTED_EDGE('',*,*,#6800,.T.);
#5327=CARTESIAN_POINT('',(-5.142728444405,1.192426406871,-3.551738186735));
#5328=DIRECTION('',(-0.0,-1.0,-0.0));
#5329=DIRECTION('',(-0.901671184112904,0.0,-0.432422334923202));
#5330=ORIENTED_EDGE('',*,*,#7277,.T.);
#5331=ORIENTED_EDGE('',*,*,#7278,.F.);
#5332=ORIENTED_EDGE('',*,*,#7279,.T.);
#5333=ORIENTED_EDGE('',*,*,#6801,.T.);
#5334=CARTESIAN_POINT('',(-11.59687754325,1.192426406871,0.0));
#5335=DIRECTION('',(-0.0,1.0,-0.0));
#5336=DIRECTION('',(0.876103757793396,0.0,-0.482122604303398));
#5337=ORIENTED_EDGE('',*,*,#7279,.F.);
#5338=ORIENTED_EDGE('',*,*,#7280,.F.);
#5339=ORIENTED_EDGE('',*,*,#7281,.T.);
#5340=ORIENTED_EDGE('',*,*,#6802,.T.);
#5341=CARTESIAN_POINT('',(-4.682426406871,1.302426406871,-2.234348737389));
#5342=DIRECTION('',(-0.707106781186548,0.707106781186548,0.0));
#5343=DIRECTION('',(0.0,0.0,1.0));
#5344=ORIENTED_EDGE('',*,*,#7281,.F.);
#5345=ORIENTED_EDGE('',*,*,#7282,.F.);
#5346=ORIENTED_EDGE('',*,*,#7283,.F.);
#5347=ORIENTED_EDGE('',*,*,#6803,.T.);
#5348=CARTESIAN_POINT('',(-11.59687754325,1.192426406871,0.0));
#5349=DIRECTION('',(-0.0,1.0,-0.0));
#5350=DIRECTION('',(0.952099922582751,0.0,0.305787078565984));
#5351=ORIENTED_EDGE('',*,*,#7283,.T.);
#5352=ORIENTED_EDGE('',*,*,#7284,.F.);
#5353=ORIENTED_EDGE('',*,*,#6241,.F.);
#5354=ORIENTED_EDGE('',*,*,#6804,.T.);
#5355=CARTESIAN_POINT('',(-5.142728444405,1.192426406871,3.551738186735));
#5356=DIRECTION('',(-0.0,-1.0,-0.0));
#5357=DIRECTION('',(-0.876103757793396,0.0,-0.482122604303398));
#5358=ORIENTED_EDGE('',*,*,#6239,.T.);
#5359=ORIENTED_EDGE('',*,*,#6238,.F.);
#5360=ORIENTED_EDGE('',*,*,#7285,.F.);
#5361=ORIENTED_EDGE('',*,*,#6805,.T.);
#5362=CARTESIAN_POINT('',(-2.085608385356,1.192426406871,2.085608385356));
#5363=DIRECTION('',(-0.0,-1.0,0.0));
#5364=DIRECTION('',(-0.707106781186548,0.0,0.707106781186548));
#5365=ORIENTED_EDGE('',*,*,#7285,.T.);
#5366=ORIENTED_EDGE('',*,*,#7286,.F.);
#5367=ORIENTED_EDGE('',*,*,#7287,.F.);
#5368=ORIENTED_EDGE('',*,*,#6806,.T.);
#5369=CARTESIAN_POINT('',(-3.551738186735,1.192426406871,5.142728444405));
#5370=DIRECTION('',(-0.0,-1.0,0.0));
#5371=DIRECTION('',(-0.432422334922717,0.0,0.901671184113136));
#5372=ORIENTED_EDGE('',*,*,#7287,.T.);
#5373=ORIENTED_EDGE('',*,*,#7288,.F.);
#5374=ORIENTED_EDGE('',*,*,#7289,.T.);
#5375=ORIENTED_EDGE('',*,*,#6807,.T.);
#5376=CARTESIAN_POINT('',(0.0,1.192426406871,11.59687754325));
#5377=DIRECTION('',(0.0,1.0,-0.0));
#5378=DIRECTION('',(-0.482122604303475,0.0,-0.876103757793354));
#5379=ORIENTED_EDGE('',*,*,#7289,.F.);
#5380=ORIENTED_EDGE('',*,*,#7290,.F.);
#5381=ORIENTED_EDGE('',*,*,#7291,.T.);
#5382=ORIENTED_EDGE('',*,*,#6808,.T.);
#5383=CARTESIAN_POINT('',(-2.23434873739,1.302426406871,4.682426406871));
#5384=DIRECTION('',(0.0,0.707106781186548,0.707106781186548));
#5385=DIRECTION('',(1.0,0.0,-0.0));
#5386=ORIENTED_EDGE('',*,*,#7291,.F.);
#5387=ORIENTED_EDGE('',*,*,#7292,.F.);
#5388=ORIENTED_EDGE('',*,*,#7293,.F.);
#5389=ORIENTED_EDGE('',*,*,#6809,.T.);
#5390=CARTESIAN_POINT('',(0.0,1.192426406871,11.59687754325));
#5391=DIRECTION('',(-0.0,1.0,-0.0));
#5392=DIRECTION('',(0.305787078566104,0.0,-0.952099922582713));
#5393=ORIENTED_EDGE('',*,*,#7293,.T.);
#5394=ORIENTED_EDGE('',*,*,#7294,.F.);
#5395=ORIENTED_EDGE('',*,*,#6253,.F.);
#5396=ORIENTED_EDGE('',*,*,#6810,.T.);
#5397=CARTESIAN_POINT('',(3.551738186735,1.192426406871,5.142728444405));
#5398=DIRECTION('',(-0.0,-1.0,0.0));
#5399=DIRECTION('',(-0.482122604303475,0.0,0.876103757793354));
#5400=ORIENTED_EDGE('',*,*,#7295,.F.);
#5401=ORIENTED_EDGE('',*,*,#7294,.T.);
#5402=ORIENTED_EDGE('',*,*,#7296,.T.);
#5403=ORIENTED_EDGE('',*,*,#6428,.T.);
#5404=CARTESIAN_POINT('',(3.551738186735,0.12,5.142728444405));
#5405=DIRECTION('',(0.0,-1.0,0.0));
#5406=DIRECTION('',(0.482122604303475,0.0,-0.876103757793354));
#5407=ORIENTED_EDGE('',*,*,#7296,.F.);
#5408=ORIENTED_EDGE('',*,*,#7292,.T.);
#5409=ORIENTED_EDGE('',*,*,#7297,.F.);
#5410=ORIENTED_EDGE('',*,*,#6429,.T.);
#5411=CARTESIAN_POINT('',(0.0,2.12,11.59687754325));
#5412=DIRECTION('',(0.0,1.0,-0.0));
#5413=DIRECTION('',(-0.305787078566104,0.0,0.952099922582713));
#5414=ORIENTED_EDGE('',*,*,#7297,.T.);
#5415=ORIENTED_EDGE('',*,*,#7290,.T.);
#5416=ORIENTED_EDGE('',*,*,#7298,.T.);
#5417=ORIENTED_EDGE('',*,*,#6406,.F.);
#5418=CARTESIAN_POINT('',(-2.23434873739,1.174852813742,4.81));
#5419=DIRECTION('',(0.0,0.0,1.0));
#5420=DIRECTION('',(1.0,0.0,0.0));
#5421=ORIENTED_EDGE('',*,*,#6407,.T.);
#5422=ORIENTED_EDGE('',*,*,#7298,.F.);
#5423=ORIENTED_EDGE('',*,*,#7288,.T.);
#5424=ORIENTED_EDGE('',*,*,#7299,.T.);
#5425=CARTESIAN_POINT('',(0.0,2.12,11.59687754325));
#5426=DIRECTION('',(0.0,1.0,-0.0));
#5427=DIRECTION('',(0.482122604303475,0.0,0.876103757793354));
#5428=ORIENTED_EDGE('',*,*,#7299,.F.);
#5429=ORIENTED_EDGE('',*,*,#7286,.T.);
#5430=ORIENTED_EDGE('',*,*,#6237,.T.);
#5431=ORIENTED_EDGE('',*,*,#6408,.T.);
#5432=CARTESIAN_POINT('',(-3.551738186735,0.12,5.142728444405));
#5433=DIRECTION('',(0.0,-1.0,0.0));
#5434=DIRECTION('',(0.432422334922717,0.0,-0.901671184113136));
#5435=ORIENTED_EDGE('',*,*,#6235,.T.);
#5436=ORIENTED_EDGE('',*,*,#6242,.T.);
#5437=ORIENTED_EDGE('',*,*,#7300,.T.);
#5438=ORIENTED_EDGE('',*,*,#6409,.T.);
#5439=CARTESIAN_POINT('',(-2.085608385356,1.12,2.085608385356));
#5440=DIRECTION('',(-0.0,-1.0,0.0));
#5441=DIRECTION('',(-0.707106781186548,0.0,0.707106781186548));
#5442=ORIENTED_EDGE('',*,*,#7300,.F.);
#5443=ORIENTED_EDGE('',*,*,#7284,.T.);
#5444=ORIENTED_EDGE('',*,*,#7301,.T.);
#5445=ORIENTED_EDGE('',*,*,#6410,.T.);
#5446=CARTESIAN_POINT('',(-5.142728444405,0.12,3.551738186735));
#5447=DIRECTION('',(0.0,-1.0,0.0));
#5448=DIRECTION('',(0.876103757793396,0.0,0.482122604303398));
#5449=ORIENTED_EDGE('',*,*,#7301,.F.);
#5450=ORIENTED_EDGE('',*,*,#7282,.T.);
#5451=ORIENTED_EDGE('',*,*,#7302,.F.);
#5452=ORIENTED_EDGE('',*,*,#6411,.T.);
#5453=CARTESIAN_POINT('',(-11.59687754325,2.12,0.0));
#5454=DIRECTION('',(0.0,1.0,0.0));
#5455=DIRECTION('',(-0.952099922582751,0.0,-0.305787078565984));
#5456=ORIENTED_EDGE('',*,*,#7302,.T.);
#5457=ORIENTED_EDGE('',*,*,#7280,.T.);
#5458=ORIENTED_EDGE('',*,*,#7303,.T.);
#5459=ORIENTED_EDGE('',*,*,#6412,.F.);
#5460=CARTESIAN_POINT('',(-4.81,1.174852813742,-2.234348737389));
#5461=DIRECTION('',(-1.0,0.0,0.0));
#5462=DIRECTION('',(0.0,0.0,1.0));
#5463=ORIENTED_EDGE('',*,*,#6413,.T.);
#5464=ORIENTED_EDGE('',*,*,#7303,.F.);
#5465=ORIENTED_EDGE('',*,*,#7278,.T.);
#5466=ORIENTED_EDGE('',*,*,#7304,.T.);
#5467=CARTESIAN_POINT('',(-11.59687754325,2.12,0.0));
#5468=DIRECTION('',(0.0,1.0,-0.0));
#5469=DIRECTION('',(-0.876103757793396,0.0,0.482122604303398));
#5470=ORIENTED_EDGE('',*,*,#7304,.F.);
#5471=ORIENTED_EDGE('',*,*,#7276,.T.);
#5472=ORIENTED_EDGE('',*,*,#6233,.T.);
#5473=ORIENTED_EDGE('',*,*,#6414,.T.);
#5474=CARTESIAN_POINT('',(-5.142728444405,0.12,-3.551738186735));
#5475=DIRECTION('',(0.0,-1.0,0.0));
#5476=DIRECTION('',(0.901671184112904,0.0,0.432422334923202));
#5477=ORIENTED_EDGE('',*,*,#6231,.T.);
#5478=ORIENTED_EDGE('',*,*,#6246,.T.);
#5479=ORIENTED_EDGE('',*,*,#7305,.T.);
#5480=ORIENTED_EDGE('',*,*,#6415,.T.);
#5481=CARTESIAN_POINT('',(-2.085608385353,1.12,-2.085608385353));
#5482=DIRECTION('',(-0.0,-1.0,0.0));
#5483=DIRECTION('',(-0.707106781186548,0.0,-0.707106781186548));
#5484=ORIENTED_EDGE('',*,*,#7305,.F.);
#5485=ORIENTED_EDGE('',*,*,#7274,.T.);
#5486=ORIENTED_EDGE('',*,*,#7306,.T.);
#5487=ORIENTED_EDGE('',*,*,#6416,.T.);
#5488=CARTESIAN_POINT('',(-3.551738186735,0.12,-5.142728444405));
#5489=DIRECTION('',(-0.0,-1.0,0.0));
#5490=DIRECTION('',(-0.482122604303398,0.0,0.876103757793396));
#5491=ORIENTED_EDGE('',*,*,#7306,.F.);
#5492=ORIENTED_EDGE('',*,*,#7272,.T.);
#5493=ORIENTED_EDGE('',*,*,#7307,.F.);
#5494=ORIENTED_EDGE('',*,*,#6417,.T.);
#5495=CARTESIAN_POINT('',(0.0,2.12,-11.59687754325));
#5496=DIRECTION('',(0.0,1.0,0.0));
#5497=DIRECTION('',(0.305787078566104,0.0,-0.952099922582712));
#5498=ORIENTED_EDGE('',*,*,#7307,.T.);
#5499=ORIENTED_EDGE('',*,*,#7270,.T.);
#5500=ORIENTED_EDGE('',*,*,#7308,.T.);
#5501=ORIENTED_EDGE('',*,*,#6418,.F.);
#5502=CARTESIAN_POINT('',(2.23434873739,1.174852813742,-4.81));
#5503=DIRECTION('',(0.0,0.0,-1.0));
#5504=DIRECTION('',(0.0,-1.0,0.0));
#5505=ORIENTED_EDGE('',*,*,#6419,.T.);
#5506=ORIENTED_EDGE('',*,*,#7308,.F.);
#5507=ORIENTED_EDGE('',*,*,#7268,.T.);
#5508=ORIENTED_EDGE('',*,*,#7309,.T.);
#5509=CARTESIAN_POINT('',(0.0,2.12,-11.59687754325));
#5510=DIRECTION('',(0.0,1.0,0.0));
#5511=DIRECTION('',(-0.482122604303398,0.0,-0.876103757793396));
#5512=ORIENTED_EDGE('',*,*,#7309,.F.);
#5513=ORIENTED_EDGE('',*,*,#7266,.T.);
#5514=ORIENTED_EDGE('',*,*,#6229,.T.);
#5515=ORIENTED_EDGE('',*,*,#6420,.T.);
#5516=CARTESIAN_POINT('',(3.551738186735,0.12,-5.142728444405));
#5517=DIRECTION('',(-0.0,-1.0,0.0));
#5518=DIRECTION('',(-0.432422334922717,0.0,0.901671184113136));
#5519=ORIENTED_EDGE('',*,*,#6227,.T.);
#5520=ORIENTED_EDGE('',*,*,#6250,.T.);
#5521=ORIENTED_EDGE('',*,*,#7310,.T.);
#5522=ORIENTED_EDGE('',*,*,#6421,.T.);
#5523=CARTESIAN_POINT('',(2.085608385356,1.12,-2.085608385356));
#5524=DIRECTION('',(0.0,-1.0,0.0));
#5525=DIRECTION('',(0.707106781186548,0.0,-0.707106781186548));
#5526=ORIENTED_EDGE('',*,*,#7310,.F.);
#5527=ORIENTED_EDGE('',*,*,#7264,.T.);
#5528=ORIENTED_EDGE('',*,*,#7311,.T.);
#5529=ORIENTED_EDGE('',*,*,#6422,.T.);
#5530=CARTESIAN_POINT('',(5.142728444405,0.12,-3.551738186735));
#5531=DIRECTION('',(-0.0,-1.0,0.0));
#5532=DIRECTION('',(-0.876103757793396,0.0,-0.482122604303398));
#5533=ORIENTED_EDGE('',*,*,#7311,.F.);
#5534=ORIENTED_EDGE('',*,*,#7262,.T.);
#5535=ORIENTED_EDGE('',*,*,#7312,.F.);
#5536=ORIENTED_EDGE('',*,*,#6423,.T.);
#5537=CARTESIAN_POINT('',(11.59687754325,2.12,0.0));
#5538=DIRECTION('',(0.0,1.0,-0.0));
#5539=DIRECTION('',(0.95209992258278,0.0,0.305787078565894));
#5540=ORIENTED_EDGE('',*,*,#7312,.T.);
#5541=ORIENTED_EDGE('',*,*,#7260,.T.);
#5542=ORIENTED_EDGE('',*,*,#7313,.T.);
#5543=ORIENTED_EDGE('',*,*,#6424,.F.);
#5544=CARTESIAN_POINT('',(4.81,1.174852813742,2.234348737389));
#5545=DIRECTION('',(1.0,0.0,0.0));
#5546=DIRECTION('',(0.0,1.0,0.0));
#5547=ORIENTED_EDGE('',*,*,#7313,.F.);
#5548=ORIENTED_EDGE('',*,*,#7258,.T.);
#5549=ORIENTED_EDGE('',*,*,#7314,.T.);
#5550=ORIENTED_EDGE('',*,*,#6425,.T.);
#5551=CARTESIAN_POINT('',(11.59687754325,2.12,0.0));
#5552=DIRECTION('',(0.0,1.0,0.0));
#5553=DIRECTION('',(0.876050748326518,0.0,-0.48221891953401));
#5554=ORIENTED_EDGE('',*,*,#7314,.F.);
#5555=ORIENTED_EDGE('',*,*,#7256,.T.);
#5556=ORIENTED_EDGE('',*,*,#6225,.T.);
#5557=ORIENTED_EDGE('',*,*,#6426,.T.);
#5558=CARTESIAN_POINT('',(5.143118958656,0.12,3.552447729244));
#5559=DIRECTION('',(-0.0,-1.0,0.0));
#5560=DIRECTION('',(-0.901245015836108,0.0,-0.433309844603804));
#5561=ORIENTED_EDGE('',*,*,#6223,.T.);
#5562=ORIENTED_EDGE('',*,*,#6254,.T.);
#5563=ORIENTED_EDGE('',*,*,#7295,.T.);
#5564=ORIENTED_EDGE('',*,*,#6427,.T.);
#5565=CARTESIAN_POINT('',(2.082190520711,1.12,2.080783084798));
#5566=DIRECTION('',(0.0,-1.0,0.0));
#5567=DIRECTION('',(0.70690314941462,0.0,0.70731035433372));
#5568=ORIENTED_EDGE('',*,*,#7315,.F.);
#5569=ORIENTED_EDGE('',*,*,#7316,.T.);
#5570=ORIENTED_EDGE('',*,*,#6684,.T.);
#5571=ORIENTED_EDGE('',*,*,#7317,.F.);
#5572=ORIENTED_EDGE('',*,*,#7318,.F.);
#5573=ORIENTED_EDGE('',*,*,#7319,.F.);
#5574=ORIENTED_EDGE('',*,*,#6702,.F.);
#5575=CARTESIAN_POINT('',(0.7,0.2,5.085));
#5576=DIRECTION('',(1.0,0.0,0.0));
#5577=DIRECTION('',(0.0,1.0,0.0));
#5578=ORIENTED_EDGE('',*,*,#7319,.T.);
#5579=ORIENTED_EDGE('',*,*,#7320,.T.);
#5580=ORIENTED_EDGE('',*,*,#6690,.F.);
#5581=ORIENTED_EDGE('',*,*,#6700,.F.);
#5582=CARTESIAN_POINT('',(-0.7,-0.06763819204712,5.7));
#5583=DIRECTION('',(0.0,0.0,1.0));
#5584=DIRECTION('',(1.0,0.0,0.0));
#5585=ORIENTED_EDGE('',*,*,#7320,.F.);
#5586=ORIENTED_EDGE('',*,*,#7318,.T.);
#5587=ORIENTED_EDGE('',*,*,#7321,.T.);
#5588=ORIENTED_EDGE('',*,*,#6691,.T.);
#5589=CARTESIAN_POINT('',(-0.7,0.07,5.6));
#5590=DIRECTION('',(0.0,0.587785252292513,0.809016994374918));
#5591=DIRECTION('',(1.0,-0.0,0.0));
#5592=ORIENTED_EDGE('',*,*,#7317,.T.);
#5593=ORIENTED_EDGE('',*,*,#6683,.T.);
#5594=ORIENTED_EDGE('',*,*,#6692,.T.);
#5595=ORIENTED_EDGE('',*,*,#7321,.F.);
#5596=CARTESIAN_POINT('',(-0.7,0.7688366890427,5.085));
#5597=DIRECTION('',(0.0,0.587785252292513,0.809016994374918));
#5598=DIRECTION('',(1.0,-0.0,0.0));
#5599=ORIENTED_EDGE('',*,*,#7316,.F.);
#5600=ORIENTED_EDGE('',*,*,#7322,.F.);
#5601=ORIENTED_EDGE('',*,*,#6693,.T.);
#5602=ORIENTED_EDGE('',*,*,#6685,.F.);
#5603=CARTESIAN_POINT('',(0.0,-0.25,0.0));
#5604=DIRECTION('',(0.0,-1.0,0.0));
#5605=DIRECTION('',(0.0,0.0,-1.0));
#5606=ORIENTED_EDGE('',*,*,#6694,.F.);
#5607=ORIENTED_EDGE('',*,*,#7322,.T.);
#5608=ORIENTED_EDGE('',*,*,#7315,.T.);
#5609=ORIENTED_EDGE('',*,*,#6701,.F.);
#5610=CARTESIAN_POINT('',(0.7,-0.35,5.4));
#5611=DIRECTION('',(0.0,0.0,1.0));
#5612=DIRECTION('',(1.0,0.0,0.0));
#5613=ORIENTED_EDGE('',*,*,#7323,.F.);
#5614=ORIENTED_EDGE('',*,*,#6661,.T.);
#5615=ORIENTED_EDGE('',*,*,#6676,.T.);
#5616=ORIENTED_EDGE('',*,*,#6674,.T.);
#5617=CARTESIAN_POINT('',(-4.050966799188,-1.36,5.0));
#5618=DIRECTION('',(-0.707106781186548,0.0,0.707106781186548));
#5619=DIRECTION('',(0.0,1.0,0.0));
#5620=ORIENTED_EDGE('',*,*,#6666,.F.);
#5621=ORIENTED_EDGE('',*,*,#6662,.T.);
#5622=ORIENTED_EDGE('',*,*,#7323,.T.);
#5623=ORIENTED_EDGE('',*,*,#6673,.F.);
#5624=CARTESIAN_POINT('',(-5.0,-1.36,4.050966799188));
#5625=DIRECTION('',(-1.0,0.0,0.0));
#5626=DIRECTION('',(0.0,0.0,1.0));
#5627=ORIENTED_EDGE('',*,*,#6545,.F.);
#5628=ORIENTED_EDGE('',*,*,#6639,.T.);
#5629=ORIENTED_EDGE('',*,*,#6550,.F.);
#5630=ORIENTED_EDGE('',*,*,#6548,.F.);
#5631=CARTESIAN_POINT('',(-3.55,-1.36,2.0));
#5632=DIRECTION('',(-1.0,0.0,0.0));
#5633=DIRECTION('',(0.0,0.0,1.0));
#5634=ORIENTED_EDGE('',*,*,#6403,.T.);
#5635=ORIENTED_EDGE('',*,*,#6626,.T.);
#5636=ORIENTED_EDGE('',*,*,#6311,.T.);
#5637=ORIENTED_EDGE('',*,*,#7324,.F.);
#5638=CARTESIAN_POINT('',(-4.152007563196,0.59,5.5));
#5639=DIRECTION('',(0.0,0.0,1.0));
#5640=DIRECTION('',(1.0,0.0,0.0));
#5641=ORIENTED_EDGE('',*,*,#6303,.T.);
#5642=ORIENTED_EDGE('',*,*,#6404,.T.);
#5643=ORIENTED_EDGE('',*,*,#7324,.T.);
#5644=ORIENTED_EDGE('',*,*,#6310,.T.);
#5645=CARTESIAN_POINT('',(4.152007563196,0.59,5.5));
#5646=DIRECTION('',(0.707106781186548,0.0,0.707106781186548));
#5647=DIRECTION('',(0.0,-1.0,0.0));
#5648=ORIENTED_EDGE('',*,*,#6570,.T.);
#5649=ORIENTED_EDGE('',*,*,#6601,.T.);
#5650=ORIENTED_EDGE('',*,*,#6597,.F.);
#5651=ORIENTED_EDGE('',*,*,#6595,.F.);
#5652=CARTESIAN_POINT('',(-5.5,0.2,2.935));
#5653=DIRECTION('',(0.0,0.0,-1.0));
#5654=DIRECTION('',(0.0,-1.0,0.0));
#5655=ORIENTED_EDGE('',*,*,#6594,.F.);
#5656=ORIENTED_EDGE('',*,*,#7325,.F.);
#5657=ORIENTED_EDGE('',*,*,#7326,.F.);
#5658=ORIENTED_EDGE('',*,*,#7327,.F.);
#5659=ORIENTED_EDGE('',*,*,#6208,.F.);
#5660=ORIENTED_EDGE('',*,*,#7328,.F.);
#5661=ORIENTED_EDGE('',*,*,#7329,.F.);
#5662=ORIENTED_EDGE('',*,*,#6212,.F.);
#5663=ORIENTED_EDGE('',*,*,#7330,.F.);
#5664=ORIENTED_EDGE('',*,*,#7331,.F.);
#5665=ORIENTED_EDGE('',*,*,#7332,.F.);
#5666=ORIENTED_EDGE('',*,*,#7333,.F.);
#5667=ORIENTED_EDGE('',*,*,#7334,.F.);
#5668=ORIENTED_EDGE('',*,*,#6218,.F.);
#5669=ORIENTED_EDGE('',*,*,#7335,.F.);
#5670=ORIENTED_EDGE('',*,*,#7336,.F.);
#5671=ORIENTED_EDGE('',*,*,#6222,.F.);
#5672=ORIENTED_EDGE('',*,*,#7337,.F.);
#5673=ORIENTED_EDGE('',*,*,#7338,.F.);
#5674=ORIENTED_EDGE('',*,*,#7339,.F.);
#5675=ORIENTED_EDGE('',*,*,#6573,.F.);
#5676=ORIENTED_EDGE('',*,*,#6571,.F.);
#5677=CARTESIAN_POINT('',(-11.75,0.0,2.935));
#5678=DIRECTION('',(0.0,0.0,-1.0));
#5679=DIRECTION('',(0.0,-1.0,0.0));
#5680=ORIENTED_EDGE('',*,*,#7339,.T.);
#5681=ORIENTED_EDGE('',*,*,#7340,.T.);
#5682=ORIENTED_EDGE('',*,*,#6576,.T.);
#5683=ORIENTED_EDGE('',*,*,#6574,.T.);
#5684=CARTESIAN_POINT('',(-4.938009238576,-2.17754781963,2.935));
#5685=DIRECTION('',(0.999847695156391,-0.0174524064372798,0.0));
#5686=DIRECTION('',(0.0,0.0,-1.0));
#5687=ORIENTED_EDGE('',*,*,#7341,.F.);
#5688=ORIENTED_EDGE('',*,*,#6577,.T.);
#5689=ORIENTED_EDGE('',*,*,#7340,.F.);
#5690=ORIENTED_EDGE('',*,*,#7338,.T.);
#5691=CARTESIAN_POINT('',(-5.233102946887,-2.172396939792,2.935));
#5692=DIRECTION('',(0.0,0.0,-1.0));
#5693=DIRECTION('',(1.0,0.0,0.0));
#5694=ORIENTED_EDGE('',*,*,#6221,.T.);
#5695=ORIENTED_EDGE('',*,*,#6578,.T.);
#5696=ORIENTED_EDGE('',*,*,#7341,.T.);
#5697=ORIENTED_EDGE('',*,*,#7337,.T.);
#5698=CARTESIAN_POINT('',(-5.439405059925,-3.12,2.935));
#5699=DIRECTION('',(0.866025403784429,-0.500000000000017,0.0));
#5700=DIRECTION('',(0.0,0.0,-1.0));
#5701=ORIENTED_EDGE('',*,*,#6219,.T.);
#5702=ORIENTED_EDGE('',*,*,#7336,.T.);
#5703=ORIENTED_EDGE('',*,*,#7342,.F.);
#5704=ORIENTED_EDGE('',*,*,#6579,.T.);
#5705=CARTESIAN_POINT('',(-5.352802519547,-3.17,2.935));
#5706=DIRECTION('',(0.0,0.0,-1.0));
#5707=DIRECTION('',(1.0,0.0,0.0));
#5708=ORIENTED_EDGE('',*,*,#6217,.T.);
#5709=ORIENTED_EDGE('',*,*,#6580,.T.);
#5710=ORIENTED_EDGE('',*,*,#7342,.T.);
#5711=ORIENTED_EDGE('',*,*,#7335,.T.);
#5712=CARTESIAN_POINT('',(-5.01130981096,-3.961482721687,2.935));
#5713=DIRECTION('',(0.866025403784429,0.500000000000017,0.0));
#5714=DIRECTION('',(0.0,0.0,-1.0));
#5715=ORIENTED_EDGE('',*,*,#6215,.T.);
#5716=ORIENTED_EDGE('',*,*,#7334,.T.);
#5717=ORIENTED_EDGE('',*,*,#7343,.F.);
#5718=ORIENTED_EDGE('',*,*,#6581,.T.);
#5719=CARTESIAN_POINT('',(-5.266907387603,-4.109052051366,2.935));
#5720=DIRECTION('',(0.0,0.0,-1.0));
#5721=DIRECTION('',(1.0,0.0,0.0));
#5722=ORIENTED_EDGE('',*,*,#7344,.F.);
#5723=ORIENTED_EDGE('',*,*,#7345,.F.);
#5724=ORIENTED_EDGE('',*,*,#6582,.F.);
#5725=ORIENTED_EDGE('',*,*,#7343,.T.);
#5726=ORIENTED_EDGE('',*,*,#7333,.T.);
#5727=ORIENTED_EDGE('',*,*,#7346,.F.);
#5728=CARTESIAN_POINT('',(-4.984831615551,-4.86,2.935));
#5729=DIRECTION('',(0.999847695156391,-0.0174524064372798,0.0));
#5730=DIRECTION('',(0.0,0.0,-1.0));
#5731=ORIENTED_EDGE('',*,*,#7332,.T.);
#5732=ORIENTED_EDGE('',*,*,#7347,.T.);
#5733=ORIENTED_EDGE('',*,*,#7348,.F.);
#5734=ORIENTED_EDGE('',*,*,#7346,.T.);
#5735=CARTESIAN_POINT('',(6.787371351445,-4.86,2.6075));
#5736=DIRECTION('',(0.0,0.707106781186548,-0.707106781186548));
#5737=DIRECTION('',(-1.0,0.0,0.0));
#5738=ORIENTED_EDGE('',*,*,#7349,.F.);
#5739=ORIENTED_EDGE('',*,*,#7350,.F.);
#5740=ORIENTED_EDGE('',*,*,#7344,.T.);
#5741=ORIENTED_EDGE('',*,*,#7348,.T.);
#5742=CARTESIAN_POINT('',(-5.18,-4.86,2.935));
#5743=DIRECTION('',(0.0,-1.0,0.0));
#5744=DIRECTION('',(0.0,0.0,-1.0));
#5745=ORIENTED_EDGE('',*,*,#6583,.F.);
#5746=ORIENTED_EDGE('',*,*,#7345,.T.);
#5747=ORIENTED_EDGE('',*,*,#7350,.T.);
#5748=ORIENTED_EDGE('',*,*,#7351,.T.);
#5749=CARTESIAN_POINT('',(6.787371351445,-4.5325,2.08));
#5750=DIRECTION('',(0.0,0.707106781186598,0.707106781186498));
#5751=DIRECTION('',(1.0,0.0,-0.0));
#5752=ORIENTED_EDGE('',*,*,#7331,.T.);
#5753=ORIENTED_EDGE('',*,*,#7352,.T.);
#5754=ORIENTED_EDGE('',*,*,#6584,.F.);
#5755=ORIENTED_EDGE('',*,*,#7351,.F.);
#5756=ORIENTED_EDGE('',*,*,#7349,.T.);
#5757=ORIENTED_EDGE('',*,*,#7347,.F.);
#5758=CARTESIAN_POINT('',(-5.166922618088,-4.11079729201,2.935));
#5759=DIRECTION('',(-0.999847695156391,0.0174524064372898,0.0));
#5760=DIRECTION('',(0.0,0.0,1.0));
#5761=ORIENTED_EDGE('',*,*,#6211,.T.);
#5762=ORIENTED_EDGE('',*,*,#6585,.T.);
#5763=ORIENTED_EDGE('',*,*,#7352,.F.);
#5764=ORIENTED_EDGE('',*,*,#7330,.T.);
#5765=CARTESIAN_POINT('',(-5.266907387603,-4.109052051366,2.935));
#5766=DIRECTION('',(0.0,0.0,-1.0));
#5767=DIRECTION('',(1.0,0.0,0.0));
#5768=ORIENTED_EDGE('',*,*,#7353,.T.);
#5769=ORIENTED_EDGE('',*,*,#6586,.T.);
#5770=ORIENTED_EDGE('',*,*,#6213,.T.);
#5771=ORIENTED_EDGE('',*,*,#7329,.T.);
#5772=CARTESIAN_POINT('',(-5.612365339442,-3.337681617095,2.935));
#5773=DIRECTION('',(-0.857884464807059,-0.513842626727976,0.0));
#5774=DIRECTION('',(-0.513842626727976,0.857884464807059,0.0));
#5775=ORIENTED_EDGE('',*,*,#6207,.T.);
#5776=ORIENTED_EDGE('',*,*,#6587,.T.);
#5777=ORIENTED_EDGE('',*,*,#7353,.F.);
#5778=ORIENTED_EDGE('',*,*,#7328,.T.);
#5779=CARTESIAN_POINT('',(-5.355,-3.183528829076,2.935));
#5780=DIRECTION('',(0.0,0.0,-1.0));
#5781=DIRECTION('',(1.0,0.0,0.0));
#5782=ORIENTED_EDGE('',*,*,#7354,.T.);
#5783=ORIENTED_EDGE('',*,*,#6588,.T.);
#5784=ORIENTED_EDGE('',*,*,#6209,.T.);
#5785=ORIENTED_EDGE('',*,*,#7327,.T.);
#5786=CARTESIAN_POINT('',(-5.146500406509,-2.222396939792,2.935));
#5787=DIRECTION('',(-0.866025403784429,0.500000000000017,0.0));
#5788=DIRECTION('',(0.0,0.0,1.0));
#5789=ORIENTED_EDGE('',*,*,#7355,.F.);
#5790=ORIENTED_EDGE('',*,*,#6589,.T.);
#5791=ORIENTED_EDGE('',*,*,#7354,.F.);
#5792=ORIENTED_EDGE('',*,*,#7326,.T.);
#5793=CARTESIAN_POINT('',(-5.233102946887,-2.172396939792,2.935));
#5794=DIRECTION('',(0.0,0.0,-1.0));
#5795=DIRECTION('',(1.0,0.0,0.0));
#5796=ORIENTED_EDGE('',*,*,#6590,.T.);
#5797=ORIENTED_EDGE('',*,*,#7355,.T.);
#5798=ORIENTED_EDGE('',*,*,#7325,.T.);
#5799=ORIENTED_EDGE('',*,*,#6593,.T.);
#5800=CARTESIAN_POINT('',(-5.095168384449,0.0,2.935));
#5801=DIRECTION('',(-0.999847695156391,0.0174524064372798,0.0));
#5802=DIRECTION('',(0.0,0.0,1.0));
#5803=ORIENTED_EDGE('',*,*,#7356,.F.);
#5804=ORIENTED_EDGE('',*,*,#6519,.F.);
#5805=ORIENTED_EDGE('',*,*,#6535,.T.);
#5806=ORIENTED_EDGE('',*,*,#7357,.F.);
#5807=CARTESIAN_POINT('',(-4.24566017178,0.2,-2.935));
#5808=DIRECTION('',(0.0,0.0,1.0));
#5809=DIRECTION('',(1.0,0.0,0.0));
#5810=ORIENTED_EDGE('',*,*,#7357,.T.);
#5811=ORIENTED_EDGE('',*,*,#7358,.T.);
#5812=ORIENTED_EDGE('',*,*,#7359,.F.);
#5813=ORIENTED_EDGE('',*,*,#7360,.T.);
#5814=ORIENTED_EDGE('',*,*,#7361,.T.);
#5815=ORIENTED_EDGE('',*,*,#7362,.F.);
#5816=CARTESIAN_POINT('',(-4.796868192529,-0.1,-2.983381965835));
#5817=DIRECTION('',(0.0,0.0,-1.0));
#5818=DIRECTION('',(-0.999847695156391,0.0174524064372798,0.0));
#5819=ORIENTED_EDGE('',*,*,#7363,.T.);
#5820=ORIENTED_EDGE('',*,*,#6520,.F.);
#5821=ORIENTED_EDGE('',*,*,#7356,.T.);
#5822=ORIENTED_EDGE('',*,*,#7362,.T.);
#5823=CARTESIAN_POINT('',(0.0,0.2,0.0));
#5824=DIRECTION('',(-0.0,1.0,0.0));
#5825=DIRECTION('',(1.0,0.0,0.0));
#5826=ORIENTED_EDGE('',*,*,#6531,.T.);
#5827=ORIENTED_EDGE('',*,*,#6521,.T.);
#5828=ORIENTED_EDGE('',*,*,#7363,.F.);
#5829=ORIENTED_EDGE('',*,*,#7361,.F.);
#5830=CARTESIAN_POINT('',(-5.5,0.2,-2.08));
#5831=DIRECTION('',(0.0,0.0,-1.0));
#5832=DIRECTION('',(0.0,-1.0,0.0));
#5833=ORIENTED_EDGE('',*,*,#7360,.F.);
#5834=ORIENTED_EDGE('',*,*,#7364,.F.);
#5835=ORIENTED_EDGE('',*,*,#7365,.F.);
#5836=ORIENTED_EDGE('',*,*,#7366,.F.);
#5837=ORIENTED_EDGE('',*,*,#6204,.F.);
#5838=ORIENTED_EDGE('',*,*,#7367,.F.);
#5839=ORIENTED_EDGE('',*,*,#7368,.F.);
#5840=ORIENTED_EDGE('',*,*,#6200,.F.);
#5841=ORIENTED_EDGE('',*,*,#7369,.F.);
#5842=ORIENTED_EDGE('',*,*,#7370,.F.);
#5843=ORIENTED_EDGE('',*,*,#7371,.T.);
#5844=ORIENTED_EDGE('',*,*,#7372,.F.);
#5845=ORIENTED_EDGE('',*,*,#7373,.F.);
#5846=ORIENTED_EDGE('',*,*,#6198,.F.);
#5847=ORIENTED_EDGE('',*,*,#7374,.F.);
#5848=ORIENTED_EDGE('',*,*,#7375,.F.);
#5849=ORIENTED_EDGE('',*,*,#6194,.F.);
#5850=ORIENTED_EDGE('',*,*,#7376,.F.);
#5851=ORIENTED_EDGE('',*,*,#7377,.F.);
#5852=ORIENTED_EDGE('',*,*,#7378,.F.);
#5853=ORIENTED_EDGE('',*,*,#7379,.F.);
#5854=ORIENTED_EDGE('',*,*,#6532,.F.);
#5855=CARTESIAN_POINT('',(11.85,0.0,-2.08));
#5856=DIRECTION('',(0.0,0.0,-1.0));
#5857=DIRECTION('',(0.0,-1.0,0.0));
#5858=ORIENTED_EDGE('',*,*,#7379,.T.);
#5859=ORIENTED_EDGE('',*,*,#7380,.F.);
#5860=ORIENTED_EDGE('',*,*,#7381,.T.);
#5861=ORIENTED_EDGE('',*,*,#6533,.F.);
#5862=CARTESIAN_POINT('',(-4.801730273688,-0.1,-2.031618034165));
#5863=DIRECTION('',(0.0,0.0,1.0));
#5864=DIRECTION('',(-0.999847695156391,0.0174524064372898,0.0));
#5865=ORIENTED_EDGE('',*,*,#7381,.F.);
#5866=ORIENTED_EDGE('',*,*,#7382,.F.);
#5867=ORIENTED_EDGE('',*,*,#7383,.F.);
#5868=ORIENTED_EDGE('',*,*,#7384,.F.);
#5869=ORIENTED_EDGE('',*,*,#6192,.F.);
#5870=ORIENTED_EDGE('',*,*,#7385,.F.);
#5871=ORIENTED_EDGE('',*,*,#7386,.F.);
#5872=ORIENTED_EDGE('',*,*,#6196,.F.);
#5873=ORIENTED_EDGE('',*,*,#7387,.F.);
#5874=ORIENTED_EDGE('',*,*,#7388,.T.);
#5875=ORIENTED_EDGE('',*,*,#7389,.T.);
#5876=ORIENTED_EDGE('',*,*,#7390,.T.);
#5877=ORIENTED_EDGE('',*,*,#7391,.F.);
#5878=ORIENTED_EDGE('',*,*,#6202,.F.);
#5879=ORIENTED_EDGE('',*,*,#7392,.F.);
#5880=ORIENTED_EDGE('',*,*,#7393,.F.);
#5881=ORIENTED_EDGE('',*,*,#6206,.F.);
#5882=ORIENTED_EDGE('',*,*,#7394,.F.);
#5883=ORIENTED_EDGE('',*,*,#7395,.F.);
#5884=ORIENTED_EDGE('',*,*,#7396,.F.);
#5885=ORIENTED_EDGE('',*,*,#7358,.F.);
#5886=ORIENTED_EDGE('',*,*,#6534,.T.);
#5887=CARTESIAN_POINT('',(-11.75,0.0,-2.935));
#5888=DIRECTION('',(0.0,0.0,-1.0));
#5889=DIRECTION('',(0.0,-1.0,0.0));
#5890=ORIENTED_EDGE('',*,*,#7396,.T.);
#5891=ORIENTED_EDGE('',*,*,#7397,.T.);
#5892=ORIENTED_EDGE('',*,*,#7364,.T.);
#5893=ORIENTED_EDGE('',*,*,#7359,.T.);
#5894=CARTESIAN_POINT('',(-5.095168384449,0.0,2.935));
#5895=DIRECTION('',(-0.999847695156391,0.0174524064372798,0.0));
#5896=DIRECTION('',(0.0,0.0,1.0));
#5897=ORIENTED_EDGE('',*,*,#7398,.F.);
#5898=ORIENTED_EDGE('',*,*,#7365,.T.);
#5899=ORIENTED_EDGE('',*,*,#7397,.F.);
#5900=ORIENTED_EDGE('',*,*,#7395,.T.);
#5901=CARTESIAN_POINT('',(-5.233102946887,-2.172396939792,-2.935));
#5902=DIRECTION('',(0.0,0.0,-1.0));
#5903=DIRECTION('',(1.0,0.0,0.0));
#5904=ORIENTED_EDGE('',*,*,#6205,.T.);
#5905=ORIENTED_EDGE('',*,*,#7366,.T.);
#5906=ORIENTED_EDGE('',*,*,#7398,.T.);
#5907=ORIENTED_EDGE('',*,*,#7394,.T.);
#5908=CARTESIAN_POINT('',(-5.146500406509,-2.222396939792,-2.935));
#5909=DIRECTION('',(0.866025403784429,-0.500000000000017,0.0));
#5910=DIRECTION('',(0.0,0.0,-1.0));
#5911=ORIENTED_EDGE('',*,*,#6203,.T.);
#5912=ORIENTED_EDGE('',*,*,#7393,.T.);
#5913=ORIENTED_EDGE('',*,*,#7399,.F.);
#5914=ORIENTED_EDGE('',*,*,#7367,.T.);
#5915=CARTESIAN_POINT('',(-5.355,-3.183528829076,-2.935));
#5916=DIRECTION('',(0.0,0.0,-1.0));
#5917=DIRECTION('',(1.0,0.0,0.0));
#5918=ORIENTED_EDGE('',*,*,#6201,.T.);
#5919=ORIENTED_EDGE('',*,*,#7368,.T.);
#5920=ORIENTED_EDGE('',*,*,#7399,.T.);
#5921=ORIENTED_EDGE('',*,*,#7392,.T.);
#5922=CARTESIAN_POINT('',(-5.612365339442,-3.337681617095,-2.935));
#5923=DIRECTION('',(0.857884464807059,0.513842626727976,0.0));
#5924=DIRECTION('',(0.0,0.0,-1.0));
#5925=ORIENTED_EDGE('',*,*,#6199,.T.);
#5926=ORIENTED_EDGE('',*,*,#7391,.T.);
#5927=ORIENTED_EDGE('',*,*,#7400,.F.);
#5928=ORIENTED_EDGE('',*,*,#7369,.T.);
#5929=CARTESIAN_POINT('',(-5.266907387603,-4.109052051366,-2.935));
#5930=DIRECTION('',(0.0,0.0,-1.0));
#5931=DIRECTION('',(1.0,0.0,0.0));
#5932=ORIENTED_EDGE('',*,*,#7401,.F.);
#5933=ORIENTED_EDGE('',*,*,#7402,.F.);
#5934=ORIENTED_EDGE('',*,*,#7370,.T.);
#5935=ORIENTED_EDGE('',*,*,#7400,.T.);
#5936=ORIENTED_EDGE('',*,*,#7390,.F.);
#5937=ORIENTED_EDGE('',*,*,#7403,.F.);
#5938=CARTESIAN_POINT('',(-5.166922618088,-4.11079729201,-2.935));
#5939=DIRECTION('',(0.999847695156391,-0.0174524064372898,0.0));
#5940=DIRECTION('',(0.0,0.0,-1.0));
#5941=ORIENTED_EDGE('',*,*,#7389,.F.);
#5942=ORIENTED_EDGE('',*,*,#7404,.T.);
#5943=ORIENTED_EDGE('',*,*,#7405,.T.);
#5944=ORIENTED_EDGE('',*,*,#7403,.T.);
#5945=CARTESIAN_POINT('',(6.787371351445,-4.5325,-2.935));
#5946=DIRECTION('',(0.0,0.707106781186548,0.707106781186548));
#5947=DIRECTION('',(1.0,0.0,-0.0));
#5948=ORIENTED_EDGE('',*,*,#7406,.F.);
#5949=ORIENTED_EDGE('',*,*,#7407,.T.);
#5950=ORIENTED_EDGE('',*,*,#7401,.T.);
#5951=ORIENTED_EDGE('',*,*,#7405,.F.);
#5952=CARTESIAN_POINT('',(-5.18,-4.86,-2.935));
#5953=DIRECTION('',(-0.0,1.0,0.0));
#5954=DIRECTION('',(1.0,0.0,0.0));
#5955=ORIENTED_EDGE('',*,*,#7371,.F.);
#5956=ORIENTED_EDGE('',*,*,#7402,.T.);
#5957=ORIENTED_EDGE('',*,*,#7407,.F.);
#5958=ORIENTED_EDGE('',*,*,#7408,.T.);
#5959=CARTESIAN_POINT('',(6.787371351445,-4.86,-2.4075));
#5960=DIRECTION('',(0.0,0.707106781186598,-0.707106781186498));
#5961=DIRECTION('',(-1.0,0.0,0.0));
#5962=ORIENTED_EDGE('',*,*,#7388,.F.);
#5963=ORIENTED_EDGE('',*,*,#7409,.T.);
#5964=ORIENTED_EDGE('',*,*,#7372,.T.);
#5965=ORIENTED_EDGE('',*,*,#7408,.F.);
#5966=ORIENTED_EDGE('',*,*,#7406,.T.);
#5967=ORIENTED_EDGE('',*,*,#7404,.F.);
#5968=CARTESIAN_POINT('',(-4.984831615551,-4.86,-2.935));
#5969=DIRECTION('',(-0.999847695156391,0.0174524064372798,0.0));
#5970=DIRECTION('',(0.0,0.0,1.0));
#5971=ORIENTED_EDGE('',*,*,#6195,.T.);
#5972=ORIENTED_EDGE('',*,*,#7373,.T.);
#5973=ORIENTED_EDGE('',*,*,#7409,.F.);
#5974=ORIENTED_EDGE('',*,*,#7387,.T.);
#5975=CARTESIAN_POINT('',(-5.266907387603,-4.109052051366,-2.935));
#5976=DIRECTION('',(0.0,0.0,-1.0));
#5977=DIRECTION('',(1.0,0.0,0.0));
#5978=ORIENTED_EDGE('',*,*,#7410,.T.);
#5979=ORIENTED_EDGE('',*,*,#7374,.T.);
#5980=ORIENTED_EDGE('',*,*,#6197,.T.);
#5981=ORIENTED_EDGE('',*,*,#7386,.T.);
#5982=CARTESIAN_POINT('',(-5.01130981096,-3.961482721687,-2.935));
#5983=DIRECTION('',(-0.866025403784429,-0.500000000000017,0.0));
#5984=DIRECTION('',(-0.500000000000017,0.866025403784429,0.0));
#5985=ORIENTED_EDGE('',*,*,#6191,.T.);
#5986=ORIENTED_EDGE('',*,*,#7375,.T.);
#5987=ORIENTED_EDGE('',*,*,#7410,.F.);
#5988=ORIENTED_EDGE('',*,*,#7385,.T.);
#5989=CARTESIAN_POINT('',(-5.352802519547,-3.17,-2.935));
#5990=DIRECTION('',(0.0,0.0,-1.0));
#5991=DIRECTION('',(1.0,0.0,0.0));
#5992=ORIENTED_EDGE('',*,*,#7411,.T.);
#5993=ORIENTED_EDGE('',*,*,#7376,.T.);
#5994=ORIENTED_EDGE('',*,*,#6193,.T.);
#5995=ORIENTED_EDGE('',*,*,#7384,.T.);
#5996=CARTESIAN_POINT('',(-5.439405059925,-3.12,-2.935));
#5997=DIRECTION('',(-0.866025403784429,0.500000000000017,0.0));
#5998=DIRECTION('',(0.0,0.0,1.0));
#5999=ORIENTED_EDGE('',*,*,#7412,.F.);
#6000=ORIENTED_EDGE('',*,*,#7377,.T.);
#6001=ORIENTED_EDGE('',*,*,#7411,.F.);
#6002=ORIENTED_EDGE('',*,*,#7383,.T.);
#6003=CARTESIAN_POINT('',(-5.233102946887,-2.172396939792,-2.935));
#6004=DIRECTION('',(0.0,0.0,-1.0));
#6005=DIRECTION('',(1.0,0.0,0.0));
#6006=ORIENTED_EDGE('',*,*,#7378,.T.);
#6007=ORIENTED_EDGE('',*,*,#7412,.T.);
#6008=ORIENTED_EDGE('',*,*,#7382,.T.);
#6009=ORIENTED_EDGE('',*,*,#7380,.T.);
#6010=CARTESIAN_POINT('',(-4.938009238576,-2.17754781963,-2.935));
#6011=DIRECTION('',(-0.999847695156391,0.0174524064372798,0.0));
#6012=DIRECTION('',(0.0,0.0,1.0));
#6013=ORIENTED_EDGE('',*,*,#6442,.T.);
#6014=ORIENTED_EDGE('',*,*,#6473,.T.);
#6015=ORIENTED_EDGE('',*,*,#6469,.F.);
#6016=ORIENTED_EDGE('',*,*,#6467,.F.);
#6017=CARTESIAN_POINT('',(5.5,0.2,-2.935));
#6018=DIRECTION('',(0.0,0.0,1.0));
#6019=DIRECTION('',(1.0,0.0,0.0));
#6020=ORIENTED_EDGE('',*,*,#6466,.F.);
#6021=ORIENTED_EDGE('',*,*,#7413,.F.);
#6022=ORIENTED_EDGE('',*,*,#7414,.F.);
#6023=ORIENTED_EDGE('',*,*,#7415,.F.);
#6024=ORIENTED_EDGE('',*,*,#6176,.F.);
#6025=ORIENTED_EDGE('',*,*,#7416,.F.);
#6026=ORIENTED_EDGE('',*,*,#7417,.F.);
#6027=ORIENTED_EDGE('',*,*,#6180,.F.);
#6028=ORIENTED_EDGE('',*,*,#7418,.F.);
#6029=ORIENTED_EDGE('',*,*,#7419,.T.);
#6030=ORIENTED_EDGE('',*,*,#7420,.T.);
#6031=ORIENTED_EDGE('',*,*,#7421,.T.);
#6032=ORIENTED_EDGE('',*,*,#7422,.F.);
#6033=ORIENTED_EDGE('',*,*,#6186,.F.);
#6034=ORIENTED_EDGE('',*,*,#7423,.F.);
#6035=ORIENTED_EDGE('',*,*,#7424,.F.);
#6036=ORIENTED_EDGE('',*,*,#6190,.F.);
#6037=ORIENTED_EDGE('',*,*,#7425,.F.);
#6038=ORIENTED_EDGE('',*,*,#7426,.F.);
#6039=ORIENTED_EDGE('',*,*,#7427,.F.);
#6040=ORIENTED_EDGE('',*,*,#6445,.F.);
#6041=ORIENTED_EDGE('',*,*,#6443,.F.);
#6042=CARTESIAN_POINT('',(-11.75,0.0,-2.935));
#6043=DIRECTION('',(0.0,0.0,-1.0));
#6044=DIRECTION('',(0.0,-1.0,0.0));
#6045=ORIENTED_EDGE('',*,*,#7427,.T.);
#6046=ORIENTED_EDGE('',*,*,#7428,.T.);
#6047=ORIENTED_EDGE('',*,*,#6448,.T.);
#6048=ORIENTED_EDGE('',*,*,#6446,.T.);
#6049=CARTESIAN_POINT('',(4.9,0.0,-2.935));
#6050=DIRECTION('',(0.999847695156391,0.0174524064372798,0.0));
#6051=DIRECTION('',(0.0,0.0,-1.0));
#6052=ORIENTED_EDGE('',*,*,#7429,.F.);
#6053=ORIENTED_EDGE('',*,*,#6449,.T.);
#6054=ORIENTED_EDGE('',*,*,#7428,.F.);
#6055=ORIENTED_EDGE('',*,*,#7426,.T.);
#6056=CARTESIAN_POINT('',(5.233102946887,-2.172396939792,-2.935));
#6057=DIRECTION('',(0.0,0.0,-1.0));
#6058=DIRECTION('',(1.0,0.0,0.0));
#6059=ORIENTED_EDGE('',*,*,#6189,.T.);
#6060=ORIENTED_EDGE('',*,*,#6450,.T.);
#6061=ORIENTED_EDGE('',*,*,#7429,.T.);
#6062=ORIENTED_EDGE('',*,*,#7425,.T.);
#6063=CARTESIAN_POINT('',(4.977505370244,-2.319966269471,-2.935));
#6064=DIRECTION('',(0.866025403784429,0.500000000000017,0.0));
#6065=DIRECTION('',(0.0,0.0,-1.0));
#6066=ORIENTED_EDGE('',*,*,#6187,.T.);
#6067=ORIENTED_EDGE('',*,*,#7424,.T.);
#6068=ORIENTED_EDGE('',*,*,#7430,.F.);
#6069=ORIENTED_EDGE('',*,*,#6451,.T.);
#6070=CARTESIAN_POINT('',(5.352802519547,-3.17,-2.935));
#6071=DIRECTION('',(0.0,0.0,-1.0));
#6072=DIRECTION('',(1.0,0.0,0.0));
#6073=ORIENTED_EDGE('',*,*,#6185,.T.);
#6074=ORIENTED_EDGE('',*,*,#6452,.T.);
#6075=ORIENTED_EDGE('',*,*,#7430,.T.);
#6076=ORIENTED_EDGE('',*,*,#7423,.T.);
#6077=CARTESIAN_POINT('',(5.439405059925,-3.22,-2.935));
#6078=DIRECTION('',(0.866025403784429,-0.500000000000017,0.0));
#6079=DIRECTION('',(0.0,0.0,-1.0));
#6080=ORIENTED_EDGE('',*,*,#6183,.T.);
#6081=ORIENTED_EDGE('',*,*,#7422,.T.);
#6082=ORIENTED_EDGE('',*,*,#7431,.F.);
#6083=ORIENTED_EDGE('',*,*,#6453,.T.);
#6084=CARTESIAN_POINT('',(5.266907387603,-4.109052051366,-2.935));
#6085=DIRECTION('',(0.0,0.0,-1.0));
#6086=DIRECTION('',(1.0,0.0,0.0));
#6087=ORIENTED_EDGE('',*,*,#7432,.F.);
#6088=ORIENTED_EDGE('',*,*,#7433,.F.);
#6089=ORIENTED_EDGE('',*,*,#6454,.T.);
#6090=ORIENTED_EDGE('',*,*,#7431,.T.);
#6091=ORIENTED_EDGE('',*,*,#7421,.F.);
#6092=ORIENTED_EDGE('',*,*,#7434,.F.);
#6093=CARTESIAN_POINT('',(4.971813679292,-4.114202931205,-2.935));
#6094=DIRECTION('',(0.999847695156391,0.0174524064372798,0.0));
#6095=DIRECTION('',(0.0,0.0,-1.0));
#6096=ORIENTED_EDGE('',*,*,#7420,.F.);
#6097=ORIENTED_EDGE('',*,*,#7435,.T.);
#6098=ORIENTED_EDGE('',*,*,#7436,.T.);
#6099=ORIENTED_EDGE('',*,*,#7434,.T.);
#6100=CARTESIAN_POINT('',(6.787371351445,-4.5325,-2.935));
#6101=DIRECTION('',(0.0,0.707106781186548,0.707106781186548));
#6102=DIRECTION('',(1.0,0.0,-0.0));
#6103=ORIENTED_EDGE('',*,*,#7437,.F.);
#6104=ORIENTED_EDGE('',*,*,#7438,.T.);
#6105=ORIENTED_EDGE('',*,*,#7432,.T.);
#6106=ORIENTED_EDGE('',*,*,#7436,.F.);
#6107=CARTESIAN_POINT('',(4.984831615551,-4.86,-2.935));
#6108=DIRECTION('',(-0.0,1.0,0.0));
#6109=DIRECTION('',(1.0,0.0,0.0));
#6110=ORIENTED_EDGE('',*,*,#6455,.F.);
#6111=ORIENTED_EDGE('',*,*,#7433,.T.);
#6112=ORIENTED_EDGE('',*,*,#7438,.F.);
#6113=ORIENTED_EDGE('',*,*,#7439,.T.);
#6114=CARTESIAN_POINT('',(6.787371351445,-4.86,-2.4075));
#6115=DIRECTION('',(0.0,0.707106781186598,-0.707106781186498));
#6116=DIRECTION('',(-1.0,0.0,0.0));
#6117=ORIENTED_EDGE('',*,*,#7419,.F.);
#6118=ORIENTED_EDGE('',*,*,#7440,.T.);
#6119=ORIENTED_EDGE('',*,*,#6456,.T.);
#6120=ORIENTED_EDGE('',*,*,#7439,.F.);
#6121=ORIENTED_EDGE('',*,*,#7437,.T.);
#6122=ORIENTED_EDGE('',*,*,#7435,.F.);
#6123=CARTESIAN_POINT('',(5.18,-4.86,-2.935));
#6124=DIRECTION('',(-0.999847695156391,-0.0174524064372798,0.0));
#6125=DIRECTION('',(-0.0174524064372798,0.999847695156391,0.0));
#6126=ORIENTED_EDGE('',*,*,#6179,.T.);
#6127=ORIENTED_EDGE('',*,*,#6457,.T.);
#6128=ORIENTED_EDGE('',*,*,#7440,.F.);
#6129=ORIENTED_EDGE('',*,*,#7418,.T.);
#6130=CARTESIAN_POINT('',(5.266907387603,-4.109052051366,-2.935));
#6131=DIRECTION('',(0.0,0.0,-1.0));
#6132=DIRECTION('',(1.0,0.0,0.0));
#6133=ORIENTED_EDGE('',*,*,#7441,.T.);
#6134=ORIENTED_EDGE('',*,*,#6458,.T.);
#6135=ORIENTED_EDGE('',*,*,#6181,.T.);
#6136=ORIENTED_EDGE('',*,*,#7417,.T.);
#6137=CARTESIAN_POINT('',(5.181118941123,-4.057667788694,-2.935));
#6138=DIRECTION('',(-0.857884464807059,0.513842626727976,0.0));
#6139=DIRECTION('',(0.0,0.0,1.0));
#6140=ORIENTED_EDGE('',*,*,#6175,.T.);
#6141=ORIENTED_EDGE('',*,*,#6459,.T.);
#6142=ORIENTED_EDGE('',*,*,#7441,.F.);
#6143=ORIENTED_EDGE('',*,*,#7416,.T.);
#6144=CARTESIAN_POINT('',(5.355,-3.183528829076,-2.935));
#6145=DIRECTION('',(0.0,0.0,-1.0));
#6146=DIRECTION('',(1.0,0.0,0.0));
#6147=ORIENTED_EDGE('',*,*,#7442,.T.);
#6148=ORIENTED_EDGE('',*,*,#6460,.T.);
#6149=ORIENTED_EDGE('',*,*,#6177,.T.);
#6150=ORIENTED_EDGE('',*,*,#7415,.T.);
#6151=CARTESIAN_POINT('',(5.614807621135,-3.033528829076,-2.935));
#6152=DIRECTION('',(-0.866025403784429,-0.500000000000017,0.0));
#6153=DIRECTION('',(-0.500000000000017,0.866025403784429,0.0));
#6154=ORIENTED_EDGE('',*,*,#7443,.F.);
#6155=ORIENTED_EDGE('',*,*,#6461,.T.);
#6156=ORIENTED_EDGE('',*,*,#7442,.F.);
#6157=ORIENTED_EDGE('',*,*,#7414,.T.);
#6158=CARTESIAN_POINT('',(5.233102946887,-2.172396939792,-2.935));
#6159=DIRECTION('',(0.0,0.0,-1.0));
#6160=DIRECTION('',(1.0,0.0,0.0));
#6161=ORIENTED_EDGE('',*,*,#6462,.T.);
#6162=ORIENTED_EDGE('',*,*,#7443,.T.);
#6163=ORIENTED_EDGE('',*,*,#7413,.T.);
#6164=ORIENTED_EDGE('',*,*,#6465,.T.);
#6165=CARTESIAN_POINT('',(5.133118177372,-2.174142180435,2.935));
#6166=DIRECTION('',(0.999847695156391,0.0174524064372798,0.0));
#6167=DIRECTION('',(0.0,0.0,-1.0));
#6168=ORIENTED_EDGE('',*,*,#6289,.F.);
#6169=ORIENTED_EDGE('',*,*,#6299,.F.);
#6170=ORIENTED_EDGE('',*,*,#6325,.T.);
#6171=ORIENTED_EDGE('',*,*,#6291,.F.);
#6172=CARTESIAN_POINT('',(4.24566017178,0.2,2.935));
#6173=DIRECTION('',(0.0,0.0,-1.0));
#6174=DIRECTION('',(0.0,-1.0,0.0));
#6175=EDGE_CURVE('',#7444,#7445,#7446,.T.);
#6176=EDGE_CURVE('',#7444,#7447,#7448,.T.);
#6177=EDGE_CURVE('',#7449,#7447,#7450,.T.);
#6178=EDGE_CURVE('',#7449,#7445,#7451,.T.);
#6179=EDGE_CURVE('',#7452,#7453,#7454,.T.);
#6180=EDGE_CURVE('',#7452,#7455,#7456,.T.);
#6181=EDGE_CURVE('',#7457,#7455,#7458,.T.);
#6182=EDGE_CURVE('',#7457,#7453,#7459,.T.);
#6183=EDGE_CURVE('',#7460,#7461,#7462,.T.);
#6184=EDGE_CURVE('',#7460,#7463,#7464,.T.);
#6185=EDGE_CURVE('',#7465,#7463,#7466,.T.);
#6186=EDGE_CURVE('',#7465,#7461,#7467,.T.);
#6187=EDGE_CURVE('',#7468,#7469,#7470,.T.);
#6188=EDGE_CURVE('',#7468,#7471,#7472,.T.);
#6189=EDGE_CURVE('',#7473,#7471,#7474,.T.);
#6190=EDGE_CURVE('',#7473,#7469,#7475,.T.);
#6191=EDGE_CURVE('',#7476,#7477,#7478,.T.);
#6192=EDGE_CURVE('',#7476,#7479,#7480,.T.);
#6193=EDGE_CURVE('',#7481,#7479,#7482,.T.);
#6194=EDGE_CURVE('',#7481,#7477,#7483,.T.);
#6195=EDGE_CURVE('',#7484,#7485,#7486,.T.);
#6196=EDGE_CURVE('',#7484,#7487,#7488,.T.);
#6197=EDGE_CURVE('',#7489,#7487,#7490,.T.);
#6198=EDGE_CURVE('',#7489,#7485,#7491,.T.);
#6199=EDGE_CURVE('',#7492,#7493,#7494,.T.);
#6200=EDGE_CURVE('',#7492,#7495,#7496,.T.);
#6201=EDGE_CURVE('',#7497,#7495,#7498,.T.);
#6202=EDGE_CURVE('',#7497,#7493,#7499,.T.);
#6203=EDGE_CURVE('',#7500,#7501,#7502,.T.);
#6204=EDGE_CURVE('',#7500,#7503,#7504,.T.);
#6205=EDGE_CURVE('',#7505,#7503,#7506,.T.);
#6206=EDGE_CURVE('',#7505,#7501,#7507,.T.);
#6207=EDGE_CURVE('',#7508,#7509,#7510,.T.);
#6208=EDGE_CURVE('',#7508,#7511,#7512,.T.);
#6209=EDGE_CURVE('',#7513,#7511,#7514,.T.);
#6210=EDGE_CURVE('',#7513,#7509,#7515,.T.);
#6211=EDGE_CURVE('',#7516,#7517,#7518,.T.);
#6212=EDGE_CURVE('',#7516,#7519,#7520,.T.);
#6213=EDGE_CURVE('',#7521,#7519,#7522,.T.);
#6214=EDGE_CURVE('',#7521,#7517,#7523,.T.);
#6215=EDGE_CURVE('',#7524,#7525,#7526,.T.);
#6216=EDGE_CURVE('',#7524,#7527,#7528,.T.);
#6217=EDGE_CURVE('',#7529,#7527,#7530,.T.);
#6218=EDGE_CURVE('',#7529,#7525,#7531,.T.);
#6219=EDGE_CURVE('',#7532,#7533,#7534,.T.);
#6220=EDGE_CURVE('',#7532,#7535,#7536,.T.);
#6221=EDGE_CURVE('',#7537,#7535,#7538,.T.);
#6222=EDGE_CURVE('',#7537,#7533,#7539,.T.);
#6223=EDGE_CURVE('',#7540,#7541,#7542,.T.);
#6224=EDGE_CURVE('',#7540,#7543,#7544,.T.);
#6225=EDGE_CURVE('',#7545,#7543,#7546,.T.);
#6226=EDGE_CURVE('',#7545,#7541,#7547,.T.);
#6227=EDGE_CURVE('',#7548,#7549,#7550,.T.);
#6228=EDGE_CURVE('',#7548,#7551,#7552,.T.);
#6229=EDGE_CURVE('',#7553,#7551,#7554,.T.);
#6230=EDGE_CURVE('',#7553,#7549,#7555,.T.);
#6231=EDGE_CURVE('',#7556,#7557,#7558,.T.);
#6232=EDGE_CURVE('',#7556,#7559,#7560,.T.);
#6233=EDGE_CURVE('',#7561,#7559,#7562,.T.);
#6234=EDGE_CURVE('',#7561,#7557,#7563,.T.);
#6235=EDGE_CURVE('',#7564,#7565,#7566,.T.);
#6236=EDGE_CURVE('',#7564,#7567,#7568,.T.);
#6237=EDGE_CURVE('',#7569,#7567,#7570,.T.);
#6238=EDGE_CURVE('',#7569,#7565,#7571,.T.);
#6239=EDGE_CURVE('',#7572,#7565,#7573,.T.);
#6240=EDGE_CURVE('',#7572,#7574,#7575,.T.);
#6241=EDGE_CURVE('',#7574,#7576,#7577,.T.);
#6242=EDGE_CURVE('',#7565,#7576,#7578,.T.);
#6243=EDGE_CURVE('',#7579,#7557,#7580,.T.);
#6244=EDGE_CURVE('',#7579,#7581,#7582,.T.);
#6245=EDGE_CURVE('',#7581,#7583,#7584,.T.);
#6246=EDGE_CURVE('',#7557,#7583,#7585,.T.);
#6247=EDGE_CURVE('',#7586,#7549,#7587,.T.);
#6248=EDGE_CURVE('',#7586,#7588,#7589,.T.);
#6249=EDGE_CURVE('',#7588,#7590,#7591,.T.);
#6250=EDGE_CURVE('',#7549,#7590,#7592,.T.);
#6251=EDGE_CURVE('',#7593,#7541,#7594,.T.);
#6252=EDGE_CURVE('',#7593,#7595,#7596,.T.);
#6253=EDGE_CURVE('',#7595,#7597,#7598,.T.);
#6254=EDGE_CURVE('',#7541,#7597,#7599,.T.);
#6255=EDGE_CURVE('',#7600,#7601,#7602,.T.);
#6256=EDGE_CURVE('',#7603,#7600,#7604,.T.);
#6257=EDGE_CURVE('',#7603,#7605,#7606,.T.);
#6258=EDGE_CURVE('',#7601,#7605,#7607,.T.);
#6259=EDGE_CURVE('',#7608,#7609,#7610,.T.);
#6260=EDGE_CURVE('',#7611,#7608,#7612,.T.);
#6261=EDGE_CURVE('',#7611,#7613,#7614,.T.);
#6262=EDGE_CURVE('',#7609,#7613,#7615,.T.);
#6263=EDGE_CURVE('',#7616,#7617,#7618,.T.);
#6264=EDGE_CURVE('',#7619,#7616,#7620,.T.);
#6265=EDGE_CURVE('',#7619,#7621,#7622,.T.);
#6266=EDGE_CURVE('',#7617,#7621,#7623,.T.);
#6267=EDGE_CURVE('',#7624,#7625,#7626,.T.);
#6268=EDGE_CURVE('',#7627,#7624,#7628,.T.);
#6269=EDGE_CURVE('',#7627,#7629,#7630,.T.);
#6270=EDGE_CURVE('',#7629,#7625,#7631,.T.);
#6271=EDGE_CURVE('',#7632,#7633,#7634,.T.);
#6272=EDGE_CURVE('',#7632,#7635,#7636,.T.);
#6273=EDGE_CURVE('',#7637,#7635,#7638,.T.);
#6274=EDGE_CURVE('',#7637,#7633,#7639,.T.);
#6275=EDGE_CURVE('',#7640,#7641,#7642,.T.);
#6276=EDGE_CURVE('',#7640,#7643,#7644,.T.);
#6277=EDGE_CURVE('',#7645,#7643,#7646,.T.);
#6278=EDGE_CURVE('',#7645,#7641,#7647,.T.);
#6279=EDGE_CURVE('',#7648,#7649,#7650,.T.);
#6280=EDGE_CURVE('',#7648,#7651,#7652,.T.);
#6281=EDGE_CURVE('',#7653,#7651,#7654,.T.);
#6282=EDGE_CURVE('',#7653,#7649,#7655,.T.);
#6283=EDGE_CURVE('',#7656,#7657,#7658,.T.);
#6284=EDGE_CURVE('',#7656,#7659,#7660,.T.);
#6285=EDGE_CURVE('',#7661,#7659,#7662,.T.);
#6286=EDGE_CURVE('',#7661,#7657,#7663,.T.);
#6287=EDGE_CURVE('',#7664,#7665,#7666,.T.);
#6288=EDGE_CURVE('',#7667,#7665,#7668,.T.);
#6289=EDGE_CURVE('',#7667,#7669,#7670,.T.);
#6290=EDGE_CURVE('',#7669,#7664,#7671,.T.);
#6291=EDGE_CURVE('',#7669,#7672,#7673,.T.);
#6292=EDGE_CURVE('',#7672,#7674,#7675,.T.);
#6293=EDGE_CURVE('',#7676,#7674,#7677,.T.);
#6294=EDGE_CURVE('',#7676,#7678,#7679,.T.);
#6295=EDGE_CURVE('',#7678,#7664,#7680,.T.);
#6296=EDGE_CURVE('',#7678,#7681,#7682,.T.);
#6297=EDGE_CURVE('',#7681,#7665,#7683,.T.);
#6298=EDGE_CURVE('',#7684,#7685,#7686,.T.);
#6299=EDGE_CURVE('',#7685,#7667,#7687,.T.);
#6300=EDGE_CURVE('',#7681,#7688,#7689,.T.);
#6301=EDGE_CURVE('',#7688,#7690,#7691,.T.);
#6302=EDGE_CURVE('',#7690,#7692,#7693,.T.);
#6303=EDGE_CURVE('',#7694,#7692,#7695,.T.);
#6304=EDGE_CURVE('',#7694,#7696,#7697,.T.);
#6305=EDGE_CURVE('',#7696,#7684,#7698,.T.);
#6306=EDGE_CURVE('',#7699,#7700,#7701,.T.);
#6307=EDGE_CURVE('',#7700,#7684,#7702,.T.);
#6308=EDGE_CURVE('',#7699,#7696,#7703,.T.);
#6309=EDGE_CURVE('',#7699,#7704,#7705,.T.);
#6310=EDGE_CURVE('',#7706,#7694,#7707,.T.);
#6311=EDGE_CURVE('',#7708,#7706,#7709,.T.);
#6312=EDGE_CURVE('',#7710,#7708,#7711,.T.);
#6313=EDGE_CURVE('',#7712,#7710,#7713,.T.);
#6314=EDGE_CURVE('',#7704,#7712,#7714,.T.);
#6315=EDGE_CURVE('',#7712,#7715,#7716,.T.);
#6316=EDGE_CURVE('',#7715,#7717,#7718,.T.);
#6317=EDGE_CURVE('',#7704,#7717,#7719,.T.);
#6318=EDGE_CURVE('',#7720,#7717,#7721,.T.);
#6319=EDGE_CURVE('',#7700,#7720,#7722,.T.);
#6320=EDGE_CURVE('',#7720,#7723,#7724,.T.);
#6321=EDGE_CURVE('',#7723,#7725,#7726,.T.);
#6322=EDGE_CURVE('',#7725,#7727,#7728,.T.);
#6323=EDGE_CURVE('',#7729,#7727,#7730,.T.);
#6324=EDGE_CURVE('',#7684,#7729,#7731,.T.);
#6325=EDGE_CURVE('',#7685,#7672,#7732,.T.);
#6326=EDGE_CURVE('',#7729,#7733,#7734,.T.);
#6327=EDGE_CURVE('',#7733,#7735,#7736,.T.);
#6328=EDGE_CURVE('',#7735,#7688,#7737,.T.);
#6329=EDGE_CURVE('',#7678,#7738,#7739,.T.);
#6330=EDGE_CURVE('',#7738,#7740,#7741,.T.);
#6331=EDGE_CURVE('',#7672,#7740,#7742,.T.);
#6332=EDGE_CURVE('',#7743,#7740,#7744,.T.);
#6333=EDGE_CURVE('',#7745,#7743,#7746,.T.);
#6334=EDGE_CURVE('',#7747,#7745,#7748,.T.);
#6335=EDGE_CURVE('',#7659,#7747,#7749,.T.);
#6336=EDGE_CURVE('',#7750,#7656,#7751,.T.);
#6337=EDGE_CURVE('',#7651,#7750,#7752,.T.);
#6338=EDGE_CURVE('',#7753,#7648,#7754,.T.);
#6339=EDGE_CURVE('',#7755,#7753,#7756,.T.);
#6340=EDGE_CURVE('',#7757,#7755,#7758,.T.);
#6341=EDGE_CURVE('',#7759,#7757,#7760,.T.);
#6342=EDGE_CURVE('',#7641,#7759,#7761,.T.);
#6343=EDGE_CURVE('',#7762,#7645,#7763,.T.);
#6344=EDGE_CURVE('',#7633,#7762,#7764,.T.);
#6345=EDGE_CURVE('',#7765,#7637,#7766,.T.);
#6346=EDGE_CURVE('',#7767,#7765,#7768,.T.);
#6347=EDGE_CURVE('',#7674,#7767,#7769,.T.);
#6348=EDGE_CURVE('',#7767,#7770,#7771,.T.);
#6349=EDGE_CURVE('',#7770,#7676,#7772,.T.);
#6350=EDGE_CURVE('',#7773,#7770,#7774,.T.);
#6351=EDGE_CURVE('',#7635,#7773,#7775,.T.);
#6352=EDGE_CURVE('',#7776,#7632,#7777,.T.);
#6353=EDGE_CURVE('',#7643,#7776,#7778,.T.);
#6354=EDGE_CURVE('',#7779,#7640,#7780,.T.);
#6355=EDGE_CURVE('',#7779,#7781,#7782,.T.);
#6356=EDGE_CURVE('',#7781,#7783,#7784,.T.);
#6357=EDGE_CURVE('',#7783,#7785,#7786,.T.);
#6358=EDGE_CURVE('',#7649,#7785,#7787,.T.);
#6359=EDGE_CURVE('',#7788,#7653,#7789,.T.);
#6360=EDGE_CURVE('',#7657,#7788,#7790,.T.);
#6361=EDGE_CURVE('',#7791,#7661,#7792,.T.);
#6362=EDGE_CURVE('',#7793,#7791,#7794,.T.);
#6363=EDGE_CURVE('',#7795,#7793,#7796,.T.);
#6364=EDGE_CURVE('',#7738,#7795,#7797,.T.);
#6365=EDGE_CURVE('',#7743,#7795,#7798,.T.);
#6366=EDGE_CURVE('',#7793,#7745,#7799,.T.);
#6367=EDGE_CURVE('',#7747,#7791,#7800,.T.);
#6368=EDGE_CURVE('',#7750,#7788,#7801,.T.);
#6369=EDGE_CURVE('',#7753,#7785,#7802,.T.);
#6370=EDGE_CURVE('',#7803,#7783,#7804,.T.);
#6371=EDGE_CURVE('',#7803,#7805,#7806,.T.);
#6372=EDGE_CURVE('',#7755,#7805,#7807,.T.);
#6373=EDGE_CURVE('',#7808,#7805,#7809,.T.);
#6374=EDGE_CURVE('',#7808,#7757,#7810,.T.);
#6375=EDGE_CURVE('',#7811,#7808,#7812,.T.);
#6376=EDGE_CURVE('',#7781,#7811,#7813,.T.);
#6377=EDGE_CURVE('',#7779,#7759,#7814,.T.);
#6378=EDGE_CURVE('',#7776,#7762,#7815,.T.);
#6379=EDGE_CURVE('',#7773,#7765,#7816,.T.);
#6380=EDGE_CURVE('',#7811,#7803,#7817,.T.);
#6381=EDGE_CURVE('',#7818,#7735,#7819,.T.);
#6382=EDGE_CURVE('',#7820,#7818,#7821,.T.);
#6383=EDGE_CURVE('',#7820,#7690,#7822,.T.);
#6384=EDGE_CURVE('',#7823,#7824,#7825,.T.);
#6385=EDGE_CURVE('',#7826,#7823,#7827,.T.);
#6386=EDGE_CURVE('',#7828,#7826,#7829,.T.);
#6387=EDGE_CURVE('',#7830,#7828,#7831,.T.);
#6388=EDGE_CURVE('',#7832,#7830,#7833,.T.);
#6389=EDGE_CURVE('',#7832,#7834,#7835,.T.);
#6390=EDGE_CURVE('',#7836,#7834,#7837,.T.);
#6391=EDGE_CURVE('',#7838,#7836,#7839,.T.);
#6392=EDGE_CURVE('',#7840,#7838,#7841,.T.);
#6393=EDGE_CURVE('',#7842,#7840,#7843,.T.);
#6394=EDGE_CURVE('',#7844,#7842,#7845,.T.);
#6395=EDGE_CURVE('',#7844,#7846,#7847,.T.);
#6396=EDGE_CURVE('',#7848,#7846,#7849,.T.);
#6397=EDGE_CURVE('',#7850,#7848,#7851,.T.);
#6398=EDGE_CURVE('',#7852,#7850,#7853,.T.);
#6399=EDGE_CURVE('',#7854,#7852,#7855,.T.);
#6400=EDGE_CURVE('',#7856,#7854,#7857,.T.);
#6401=EDGE_CURVE('',#7856,#7858,#7859,.T.);
#6402=EDGE_CURVE('',#7860,#7858,#7861,.T.);
#6403=EDGE_CURVE('',#7862,#7860,#7863,.T.);
#6404=EDGE_CURVE('',#7692,#7862,#7864,.T.);
#6405=EDGE_CURVE('',#7820,#7824,#7865,.T.);
#6406=EDGE_CURVE('',#7866,#7867,#7868,.T.);
#6407=EDGE_CURVE('',#7869,#7867,#7870,.T.);
#6408=EDGE_CURVE('',#7567,#7869,#7871,.T.);
#6409=EDGE_CURVE('',#7872,#7564,#7873,.T.);
#6410=EDGE_CURVE('',#7874,#7872,#7875,.T.);
#6411=EDGE_CURVE('',#7876,#7874,#7877,.T.);
#6412=EDGE_CURVE('',#7876,#7878,#7879,.T.);
#6413=EDGE_CURVE('',#7880,#7878,#7881,.T.);
#6414=EDGE_CURVE('',#7559,#7880,#7882,.T.);
#6415=EDGE_CURVE('',#7883,#7556,#7884,.T.);
#6416=EDGE_CURVE('',#7885,#7883,#7886,.T.);
#6417=EDGE_CURVE('',#7887,#7885,#7888,.T.);
#6418=EDGE_CURVE('',#7887,#7889,#7890,.T.);
#6419=EDGE_CURVE('',#7891,#7889,#7892,.T.);
#6420=EDGE_CURVE('',#7551,#7891,#7893,.T.);
#6421=EDGE_CURVE('',#7894,#7548,#7895,.T.);
#6422=EDGE_CURVE('',#7896,#7894,#7897,.T.);
#6423=EDGE_CURVE('',#7898,#7896,#7899,.T.);
#6424=EDGE_CURVE('',#7898,#7900,#7901,.T.);
#6425=EDGE_CURVE('',#7902,#7900,#7903,.T.);
#6426=EDGE_CURVE('',#7543,#7902,#7904,.T.);
#6427=EDGE_CURVE('',#7905,#7540,#7906,.T.);
#6428=EDGE_CURVE('',#7907,#7905,#7908,.T.);
#6429=EDGE_CURVE('',#7866,#7907,#7909,.T.);
#6430=EDGE_CURVE('',#7910,#7818,#7911,.T.);
#6431=EDGE_CURVE('',#7910,#7824,#7912,.T.);
#6432=EDGE_CURVE('',#7823,#7913,#7914,.T.);
#6433=EDGE_CURVE('',#7915,#7910,#7916,.T.);
#6434=EDGE_CURVE('',#7915,#7913,#7917,.T.);
#6435=EDGE_CURVE('',#7918,#7919,#7920,.T.);
#6436=EDGE_CURVE('',#7918,#7921,#7922,.T.);
#6437=EDGE_CURVE('',#7913,#7921,#7923,.T.);
#6438=EDGE_CURVE('',#7924,#7915,#7925,.T.);
#6439=EDGE_CURVE('',#7924,#7926,#7927,.T.);
#6440=EDGE_CURVE('',#7926,#7928,#7929,.T.);
#6441=EDGE_CURVE('',#7930,#7928,#7931,.T.);
#6442=EDGE_CURVE('',#7932,#7930,#7933,.T.);
#6443=EDGE_CURVE('',#7932,#7934,#7935,.T.);
#6444=EDGE_CURVE('',#7934,#7919,#7936,.T.);
#6445=EDGE_CURVE('',#7934,#7937,#7938,.T.);
#6446=EDGE_CURVE('',#7939,#7937,#7940,.T.);
#6447=EDGE_CURVE('',#7939,#7919,#7941,.T.);
#6448=EDGE_CURVE('',#7942,#7939,#7943,.T.);
#6449=EDGE_CURVE('',#7944,#7942,#7945,.T.);
#6450=EDGE_CURVE('',#7471,#7944,#7946,.T.);
#6451=EDGE_CURVE('',#7947,#7468,#7948,.T.);
#6452=EDGE_CURVE('',#7463,#7947,#7949,.T.);
#6453=EDGE_CURVE('',#7950,#7460,#7951,.T.);
#6454=EDGE_CURVE('',#7952,#7950,#7953,.T.);
#6455=EDGE_CURVE('',#7952,#7954,#7955,.T.);
#6456=EDGE_CURVE('',#7956,#7954,#7957,.T.);
#6457=EDGE_CURVE('',#7453,#7956,#7958,.T.);
#6458=EDGE_CURVE('',#7959,#7457,#7960,.T.);
#6459=EDGE_CURVE('',#7445,#7959,#7961,.T.);
#6460=EDGE_CURVE('',#7962,#7449,#7963,.T.);
#6461=EDGE_CURVE('',#7964,#7962,#7965,.T.);
#6462=EDGE_CURVE('',#7966,#7964,#7967,.T.);
#6463=EDGE_CURVE('',#7918,#7966,#7968,.T.);
#6464=EDGE_CURVE('',#7969,#7918,#7970,.T.);
#6465=EDGE_CURVE('',#7971,#7966,#7972,.T.);
#6466=EDGE_CURVE('',#7971,#7932,#7973,.T.);
#6467=EDGE_CURVE('',#7932,#7974,#7975,.T.);
#6468=EDGE_CURVE('',#7969,#7974,#7976,.T.);
#6469=EDGE_CURVE('',#7974,#7977,#7978,.T.);
#6470=EDGE_CURVE('',#7979,#7977,#7980,.T.);
#6471=EDGE_CURVE('',#7979,#7969,#7981,.T.);
#6472=EDGE_CURVE('',#7921,#7979,#7982,.T.);
#6473=EDGE_CURVE('',#7930,#7977,#7983,.T.);
#6474=EDGE_CURVE('',#7984,#7928,#7985,.T.);
#6475=EDGE_CURVE('',#7984,#7986,#7987,.T.);
#6476=EDGE_CURVE('',#7986,#7826,#7988,.T.);
#6477=EDGE_CURVE('',#7989,#7828,#7990,.T.);
#6478=EDGE_CURVE('',#7986,#7989,#7991,.T.);
#6479=EDGE_CURVE('',#7992,#7993,#7994,.T.);
#6480=EDGE_CURVE('',#7995,#7992,#7996,.T.);
#6481=EDGE_CURVE('',#7989,#7995,#7997,.T.);
#6482=EDGE_CURVE('',#7984,#7998,#7999,.T.);
#6483=EDGE_CURVE('',#8000,#7998,#8001,.T.);
#6484=EDGE_CURVE('',#7993,#8000,#8002,.T.);
#6485=EDGE_CURVE('',#8000,#8003,#8004,.T.);
#6486=EDGE_CURVE('',#8003,#8005,#8006,.T.);
#6487=EDGE_CURVE('',#8005,#7993,#8007,.T.);
#6488=EDGE_CURVE('',#8008,#8005,#8009,.T.);
#6489=EDGE_CURVE('',#8010,#8008,#8011,.T.);
#6490=EDGE_CURVE('',#8010,#8012,#8013,.T.);
#6491=EDGE_CURVE('',#7992,#8012,#8014,.T.);
#6492=EDGE_CURVE('',#8015,#8012,#8016,.T.);
#6493=EDGE_CURVE('',#8017,#8015,#8018,.T.);
#6494=EDGE_CURVE('',#7832,#8017,#8019,.T.);
#6495=EDGE_CURVE('',#7995,#7830,#8020,.T.);
#6496=EDGE_CURVE('',#8021,#8017,#8022,.T.);
#6497=EDGE_CURVE('',#8021,#7834,#8023,.T.);
#6498=EDGE_CURVE('',#7836,#8024,#8025,.T.);
#6499=EDGE_CURVE('',#8021,#8026,#8027,.T.);
#6500=EDGE_CURVE('',#8026,#8028,#8029,.T.);
#6501=EDGE_CURVE('',#8028,#8030,#8031,.T.);
#6502=EDGE_CURVE('',#8024,#8030,#8032,.T.);
#6503=EDGE_CURVE('',#8033,#8034,#8035,.T.);
#6504=EDGE_CURVE('',#8033,#8036,#8037,.T.);
#6505=EDGE_CURVE('',#8038,#8036,#8039,.T.);
#6506=EDGE_CURVE('',#8040,#8038,#8041,.T.);
#6507=EDGE_CURVE('',#8024,#8040,#8042,.T.);
#6508=EDGE_CURVE('',#8043,#8030,#8044,.T.);
#6509=EDGE_CURVE('',#8034,#8043,#8045,.T.);
#6510=EDGE_CURVE('',#8043,#8046,#8047,.T.);
#6511=EDGE_CURVE('',#8046,#8048,#8049,.T.);
#6512=EDGE_CURVE('',#8034,#8048,#8050,.T.);
#6513=EDGE_CURVE('',#8051,#8048,#8052,.T.);
#6514=EDGE_CURVE('',#8053,#8051,#8054,.T.);
#6515=EDGE_CURVE('',#8033,#8053,#8055,.T.);
#6516=EDGE_CURVE('',#8053,#8056,#8057,.T.);
#6517=EDGE_CURVE('',#8036,#8056,#8058,.T.);
#6518=EDGE_CURVE('',#8059,#8056,#8060,.T.);
#6519=EDGE_CURVE('',#8059,#8061,#8062,.T.);
#6520=EDGE_CURVE('',#8061,#8063,#8064,.T.);
#6521=EDGE_CURVE('',#8065,#8063,#8066,.T.);
#6522=EDGE_CURVE('',#8067,#8065,#8068,.T.);
#6523=EDGE_CURVE('',#7842,#8067,#8069,.T.);
#6524=EDGE_CURVE('',#8038,#7840,#8070,.T.);
#6525=EDGE_CURVE('',#7838,#8040,#8071,.T.);
#6526=EDGE_CURVE('',#8072,#8073,#8074,.T.);
#6527=EDGE_CURVE('',#7844,#8072,#8075,.T.);
#6528=EDGE_CURVE('',#8073,#8067,#8076,.T.);
#6529=EDGE_CURVE('',#8077,#8078,#8079,.T.);
#6530=EDGE_CURVE('',#8078,#8073,#8080,.T.);
#6531=EDGE_CURVE('',#8081,#8065,#8082,.T.);
#6532=EDGE_CURVE('',#8081,#8083,#8084,.T.);
#6533=EDGE_CURVE('',#8083,#8085,#8086,.T.);
#6534=EDGE_CURVE('',#8087,#8085,#8088,.T.);
#6535=EDGE_CURVE('',#8059,#8087,#8089,.T.);
#6536=EDGE_CURVE('',#8056,#8077,#8090,.T.);
#6537=EDGE_CURVE('',#8051,#8091,#8092,.T.);
#6538=EDGE_CURVE('',#8091,#8093,#8094,.T.);
#6539=EDGE_CURVE('',#8095,#8093,#8096,.T.);
#6540=EDGE_CURVE('',#8095,#8077,#8097,.T.);
#6541=EDGE_CURVE('',#8095,#8098,#8099,.T.);
#6542=EDGE_CURVE('',#8098,#8078,#8100,.T.);
#6543=EDGE_CURVE('',#8101,#8073,#8102,.T.);
#6544=EDGE_CURVE('',#8098,#8103,#8104,.T.);
#6545=EDGE_CURVE('',#8103,#8105,#8106,.T.);
#6546=EDGE_CURVE('',#8105,#8101,#8107,.T.);
#6547=EDGE_CURVE('',#8101,#8108,#8109,.T.);
#6548=EDGE_CURVE('',#8105,#8110,#8111,.T.);
#6549=EDGE_CURVE('',#8110,#8108,#8112,.T.);
#6550=EDGE_CURVE('',#8110,#8113,#8114,.T.);
#6551=EDGE_CURVE('',#8113,#8115,#8116,.T.);
#6552=EDGE_CURVE('',#8115,#8117,#8118,.T.);
#6553=EDGE_CURVE('',#8117,#8119,#8120,.T.);
#6554=EDGE_CURVE('',#8119,#8108,#8121,.T.);
#6555=EDGE_CURVE('',#8122,#8119,#8123,.T.);
#6556=EDGE_CURVE('',#8122,#8072,#8124,.T.);
#6557=EDGE_CURVE('',#8125,#8126,#8127,.T.);
#6558=EDGE_CURVE('',#8128,#8126,#8129,.T.);
#6559=EDGE_CURVE('',#8128,#8130,#8131,.T.);
#6560=EDGE_CURVE('',#8125,#8130,#8132,.T.);
#6561=EDGE_CURVE('',#8122,#7846,#8133,.T.);
#6562=EDGE_CURVE('',#8134,#7848,#8135,.T.);
#6563=EDGE_CURVE('',#8119,#8134,#8136,.T.);
#6564=EDGE_CURVE('',#8137,#8138,#8139,.T.);
#6565=EDGE_CURVE('',#8137,#8140,#8141,.T.);
#6566=EDGE_CURVE('',#8140,#8134,#8142,.T.);
#6567=EDGE_CURVE('',#8117,#8143,#8144,.T.);
#6568=EDGE_CURVE('',#8143,#8145,#8146,.T.);
#6569=EDGE_CURVE('',#8145,#8147,#8148,.T.);
#6570=EDGE_CURVE('',#8149,#8147,#8150,.T.);
#6571=EDGE_CURVE('',#8149,#8151,#8152,.T.);
#6572=EDGE_CURVE('',#8151,#8138,#8153,.T.);
#6573=EDGE_CURVE('',#8151,#8154,#8155,.T.);
#6574=EDGE_CURVE('',#8156,#8154,#8157,.T.);
#6575=EDGE_CURVE('',#8156,#8138,#8158,.T.);
#6576=EDGE_CURVE('',#8159,#8156,#8160,.T.);
#6577=EDGE_CURVE('',#8161,#8159,#8162,.T.);
#6578=EDGE_CURVE('',#7535,#8161,#8163,.T.);
#6579=EDGE_CURVE('',#8164,#7532,#8165,.T.);
#6580=EDGE_CURVE('',#7527,#8164,#8166,.T.);
#6581=EDGE_CURVE('',#8167,#7524,#8168,.T.);
#6582=EDGE_CURVE('',#8167,#8169,#8170,.T.);
#6583=EDGE_CURVE('',#8169,#8171,#8172,.T.);
#6584=EDGE_CURVE('',#8171,#8173,#8174,.T.);
#6585=EDGE_CURVE('',#7517,#8173,#8175,.T.);
#6586=EDGE_CURVE('',#8176,#7521,#8177,.T.);
#6587=EDGE_CURVE('',#7509,#8176,#8178,.T.);
#6588=EDGE_CURVE('',#8179,#7513,#8180,.T.);
#6589=EDGE_CURVE('',#8181,#8179,#8182,.T.);
#6590=EDGE_CURVE('',#8183,#8181,#8184,.T.);
#6591=EDGE_CURVE('',#8137,#8183,#8185,.T.);
#6592=EDGE_CURVE('',#8186,#8137,#8187,.T.);
#6593=EDGE_CURVE('',#8188,#8183,#8189,.T.);
#6594=EDGE_CURVE('',#8188,#8149,#8190,.T.);
#6595=EDGE_CURVE('',#8149,#8191,#8192,.T.);
#6596=EDGE_CURVE('',#8186,#8191,#8193,.T.);
#6597=EDGE_CURVE('',#8191,#8194,#8195,.T.);
#6598=EDGE_CURVE('',#8196,#8194,#8197,.T.);
#6599=EDGE_CURVE('',#8196,#8186,#8198,.T.);
#6600=EDGE_CURVE('',#8140,#8196,#8199,.T.);
#6601=EDGE_CURVE('',#8147,#8194,#8200,.T.);
#6602=EDGE_CURVE('',#8201,#8145,#8202,.T.);
#6603=EDGE_CURVE('',#8201,#8203,#8204,.T.);
#6604=EDGE_CURVE('',#7850,#8203,#8205,.T.);
#6605=EDGE_CURVE('',#8206,#7852,#8207,.T.);
#6606=EDGE_CURVE('',#8203,#8206,#8208,.T.);
#6607=EDGE_CURVE('',#8209,#8210,#8211,.T.);
#6608=EDGE_CURVE('',#8209,#8212,#8213,.T.);
#6609=EDGE_CURVE('',#8206,#8212,#8214,.T.);
#6610=EDGE_CURVE('',#8201,#8215,#8216,.T.);
#6611=EDGE_CURVE('',#8217,#8215,#8218,.T.);
#6612=EDGE_CURVE('',#8210,#8217,#8219,.T.);
#6613=EDGE_CURVE('',#8217,#8220,#8221,.T.);
#6614=EDGE_CURVE('',#8220,#8222,#8223,.T.);
#6615=EDGE_CURVE('',#8210,#8222,#8224,.T.);
#6616=EDGE_CURVE('',#8225,#8222,#8226,.T.);
#6617=EDGE_CURVE('',#8227,#8225,#8228,.T.);
#6618=EDGE_CURVE('',#8229,#8227,#8230,.T.);
#6619=EDGE_CURVE('',#8229,#8209,#8231,.T.);
#6620=EDGE_CURVE('',#8232,#8229,#8233,.T.);
#6621=EDGE_CURVE('',#8234,#8232,#8235,.T.);
#6622=EDGE_CURVE('',#7856,#8234,#8236,.T.);
#6623=EDGE_CURVE('',#8212,#7854,#8237,.T.);
#6624=EDGE_CURVE('',#8238,#8234,#8239,.T.);
#6625=EDGE_CURVE('',#8238,#7858,#8240,.T.);
#6626=EDGE_CURVE('',#7860,#7708,#8241,.T.);
#6627=EDGE_CURVE('',#8242,#8238,#8243,.T.);
#6628=EDGE_CURVE('',#8242,#8244,#8245,.T.);
#6629=EDGE_CURVE('',#7710,#8244,#8246,.T.);
#6630=EDGE_CURVE('',#8247,#8244,#8248,.T.);
#6631=EDGE_CURVE('',#8249,#8247,#8250,.T.);
#6632=EDGE_CURVE('',#7715,#8249,#8251,.T.);
#6633=EDGE_CURVE('',#8252,#8249,#8253,.T.);
#6634=EDGE_CURVE('',#8252,#8254,#8255,.T.);
#6635=EDGE_CURVE('',#8256,#8254,#8257,.T.);
#6636=EDGE_CURVE('',#8256,#7723,#8258,.T.);
#6637=EDGE_CURVE('',#8259,#8256,#8260,.T.);
#6638=EDGE_CURVE('',#8259,#7725,#8261,.T.);
#6639=EDGE_CURVE('',#8103,#8113,#8262,.T.);
#6640=EDGE_CURVE('',#8263,#8093,#8264,.T.);
#6641=EDGE_CURVE('',#8265,#8263,#8266,.T.);
#6642=EDGE_CURVE('',#8267,#8265,#8268,.T.);
#6643=EDGE_CURVE('',#8267,#8269,#8270,.T.);
#6644=EDGE_CURVE('',#8271,#8269,#8272,.T.);
#6645=EDGE_CURVE('',#8273,#8271,#8274,.T.);
#6646=EDGE_CURVE('',#8275,#8273,#8276,.T.);
#6647=EDGE_CURVE('',#8277,#8275,#8278,.T.);
#6648=EDGE_CURVE('',#8279,#8277,#8280,.T.);
#6649=EDGE_CURVE('',#8279,#8281,#8282,.T.);
#6650=EDGE_CURVE('',#8281,#8283,#8284,.T.);
#6651=EDGE_CURVE('',#8285,#8283,#8286,.T.);
#6652=EDGE_CURVE('',#8287,#8285,#8288,.T.);
#6653=EDGE_CURVE('',#8289,#8287,#8290,.T.);
#6654=EDGE_CURVE('',#8289,#7727,#8291,.T.);
#6655=EDGE_CURVE('',#8292,#8259,#8293,.T.);
#6656=EDGE_CURVE('',#8294,#8292,#8295,.T.);
#6657=EDGE_CURVE('',#8294,#8296,#8297,.T.);
#6658=EDGE_CURVE('',#8298,#8296,#8299,.T.);
#6659=EDGE_CURVE('',#8300,#8298,#8301,.T.);
#6660=EDGE_CURVE('',#8302,#8300,#8303,.T.);
#6661=EDGE_CURVE('',#8304,#8302,#8305,.T.);
#6662=EDGE_CURVE('',#8306,#8304,#8307,.T.);
#6663=EDGE_CURVE('',#8308,#8306,#8309,.T.);
#6664=EDGE_CURVE('',#8115,#8308,#8310,.T.);
#6665=EDGE_CURVE('',#8308,#8143,#8311,.T.);
#6666=EDGE_CURVE('',#8306,#8312,#8313,.T.);
#6667=EDGE_CURVE('',#8312,#8314,#8315,.T.);
#6668=EDGE_CURVE('',#8314,#8316,#8317,.T.);
#6669=EDGE_CURVE('',#8145,#8316,#8318,.T.);
#6670=EDGE_CURVE('',#8316,#8215,#8319,.T.);
#6671=EDGE_CURVE('',#8220,#8314,#8320,.T.);
#6672=EDGE_CURVE('',#8225,#8321,#8322,.T.);
#6673=EDGE_CURVE('',#8312,#8323,#8324,.T.);
#6674=EDGE_CURVE('',#8325,#8323,#8326,.T.);
#6675=EDGE_CURVE('',#8325,#8321,#8327,.T.);
#6676=EDGE_CURVE('',#8302,#8325,#8328,.T.);
#6677=EDGE_CURVE('',#8321,#8300,#8329,.T.);
#6678=EDGE_CURVE('',#8298,#8330,#8331,.T.);
#6679=EDGE_CURVE('',#8330,#8227,#8332,.T.);
#6680=EDGE_CURVE('',#8232,#8330,#8333,.T.);
#6681=EDGE_CURVE('',#8334,#8296,#8335,.T.);
#6682=EDGE_CURVE('',#8334,#8242,#8336,.T.);
#6683=EDGE_CURVE('',#8337,#8338,#8339,.T.);
#6684=EDGE_CURVE('',#8340,#8337,#8341,.T.);
#6685=EDGE_CURVE('',#8340,#8342,#8343,.T.);
#6686=EDGE_CURVE('',#8338,#8342,#8344,.T.);
#6687=EDGE_CURVE('',#8334,#8247,#8345,.T.);
#6688=EDGE_CURVE('',#8294,#8252,#8346,.T.);
#6689=EDGE_CURVE('',#8292,#8254,#8347,.T.);
#6690=EDGE_CURVE('',#8348,#8349,#8350,.T.);
#6691=EDGE_CURVE('',#8351,#8349,#8352,.T.);
#6692=EDGE_CURVE('',#8338,#8351,#8353,.T.);
#6693=EDGE_CURVE('',#8354,#8342,#8355,.T.);
#6694=EDGE_CURVE('',#8354,#8356,#8357,.T.);
#6695=EDGE_CURVE('',#8356,#8348,#8358,.T.);
#6696=EDGE_CURVE('',#8359,#8360,#8361,.T.);
#6697=EDGE_CURVE('',#8360,#8362,#8363,.T.);
#6698=EDGE_CURVE('',#8362,#8364,#8365,.T.);
#6699=EDGE_CURVE('',#8359,#8364,#8366,.T.);
#6700=EDGE_CURVE('',#8367,#8348,#8368,.T.);
#6701=EDGE_CURVE('',#8356,#8369,#8370,.T.);
#6702=EDGE_CURVE('',#8369,#8367,#8371,.T.);
#6703=EDGE_CURVE('',#8372,#8373,#8374,.T.);
#6704=EDGE_CURVE('',#8373,#8375,#8376,.T.);
#6705=EDGE_CURVE('',#8375,#8377,#8378,.T.);
#6706=EDGE_CURVE('',#8379,#8377,#8380,.T.);
#6707=EDGE_CURVE('',#8381,#8379,#8382,.T.);
#6708=EDGE_CURVE('',#8383,#8381,#8384,.T.);
#6709=EDGE_CURVE('',#8383,#8385,#8386,.T.);
#6710=EDGE_CURVE('',#8385,#8387,#8388,.T.);
#6711=EDGE_CURVE('',#8387,#8359,#8389,.T.);
#6712=EDGE_CURVE('',#8390,#8364,#8391,.T.);
#6713=EDGE_CURVE('',#8390,#8372,#8392,.T.);
#6714=EDGE_CURVE('',#8390,#8393,#8394,.T.);
#6715=EDGE_CURVE('',#8395,#8393,#8396,.T.);
#6716=EDGE_CURVE('',#8397,#8395,#8398,.T.);
#6717=EDGE_CURVE('',#8399,#8397,#8400,.T.);
#6718=EDGE_CURVE('',#8401,#8399,#8402,.T.);
#6719=EDGE_CURVE('',#8403,#8401,#8404,.T.);
#6720=EDGE_CURVE('',#8405,#8403,#8406,.T.);
#6721=EDGE_CURVE('',#8372,#8405,#8407,.T.);
#6722=EDGE_CURVE('',#8408,#8405,#8409,.T.);
#6723=EDGE_CURVE('',#8408,#8385,#8410,.T.);
#6724=EDGE_CURVE('',#8372,#8385,#8411,.T.);
#6725=EDGE_CURVE('',#8412,#8383,#8413,.T.);
#6726=EDGE_CURVE('',#8412,#8414,#8415,.T.);
#6727=EDGE_CURVE('',#8416,#8414,#8417,.T.);
#6728=EDGE_CURVE('',#8418,#8416,#8419,.T.);
#6729=EDGE_CURVE('',#8420,#8418,#8421,.T.);
#6730=EDGE_CURVE('',#8422,#8420,#8423,.T.);
#6731=EDGE_CURVE('',#8424,#8422,#8425,.T.);
#6732=EDGE_CURVE('',#8426,#8424,#8427,.T.);
#6733=EDGE_CURVE('',#8428,#8426,#8429,.T.);
#6734=EDGE_CURVE('',#8430,#8428,#8431,.T.);
#6735=EDGE_CURVE('',#8432,#8430,#8433,.T.);
#6736=EDGE_CURVE('',#8434,#8432,#8435,.T.);
#6737=EDGE_CURVE('',#8434,#8436,#8437,.T.);
#6738=EDGE_CURVE('',#8436,#8438,#8439,.T.);
#6739=EDGE_CURVE('',#8438,#8440,#8441,.T.);
#6740=EDGE_CURVE('',#8440,#8442,#8443,.T.);
#6741=EDGE_CURVE('',#8444,#8442,#8445,.T.);
#6742=EDGE_CURVE('',#8444,#8446,#8447,.T.);
#6743=EDGE_CURVE('',#8448,#8446,#8449,.T.);
#6744=EDGE_CURVE('',#8450,#8448,#8451,.T.);
#6745=EDGE_CURVE('',#8452,#8450,#8453,.T.);
#6746=EDGE_CURVE('',#8454,#8452,#8455,.T.);
#6747=EDGE_CURVE('',#8456,#8454,#8457,.T.);
#6748=EDGE_CURVE('',#8458,#8456,#8459,.T.);
#6749=EDGE_CURVE('',#8460,#8458,#8461,.T.);
#6750=EDGE_CURVE('',#8462,#8460,#8463,.T.);
#6751=EDGE_CURVE('',#8464,#8462,#8465,.T.);
#6752=EDGE_CURVE('',#8466,#8464,#8467,.T.);
#6753=EDGE_CURVE('',#8466,#8468,#8469,.T.);
#6754=EDGE_CURVE('',#8470,#8468,#8471,.T.);
#6755=EDGE_CURVE('',#8472,#8470,#8473,.T.);
#6756=EDGE_CURVE('',#8472,#8474,#8475,.T.);
#6757=EDGE_CURVE('',#8476,#8474,#8477,.T.);
#6758=EDGE_CURVE('',#8478,#8476,#8479,.T.);
#6759=EDGE_CURVE('',#8480,#8478,#8481,.T.);
#6760=EDGE_CURVE('',#8480,#8482,#8483,.T.);
#6761=EDGE_CURVE('',#8484,#8482,#8485,.T.);
#6762=EDGE_CURVE('',#8486,#8484,#8487,.T.);
#6763=EDGE_CURVE('',#8488,#8486,#8489,.T.);
#6764=EDGE_CURVE('',#8490,#8488,#8491,.T.);
#6765=EDGE_CURVE('',#8492,#8490,#8493,.T.);
#6766=EDGE_CURVE('',#8494,#8492,#8495,.T.);
#6767=EDGE_CURVE('',#8496,#8494,#8497,.T.);
#6768=EDGE_CURVE('',#8498,#8496,#8499,.T.);
#6769=EDGE_CURVE('',#8500,#8498,#8501,.T.);
#6770=EDGE_CURVE('',#8502,#8500,#8503,.T.);
#6771=EDGE_CURVE('',#8502,#8504,#8505,.T.);
#6772=EDGE_CURVE('',#8504,#8506,#8507,.T.);
#6773=EDGE_CURVE('',#8506,#8508,#8509,.T.);
#6774=EDGE_CURVE('',#8508,#8510,#8511,.T.);
#6775=EDGE_CURVE('',#8510,#8512,#8513,.T.);
#6776=EDGE_CURVE('',#8512,#8514,#8515,.T.);
#6777=EDGE_CURVE('',#8516,#8514,#8517,.T.);
#6778=EDGE_CURVE('',#8518,#8516,#8519,.T.);
#6779=EDGE_CURVE('',#8520,#8518,#8521,.T.);
#6780=EDGE_CURVE('',#8522,#8520,#8523,.T.);
#6781=EDGE_CURVE('',#8524,#8522,#8525,.T.);
#6782=EDGE_CURVE('',#8526,#8524,#8527,.T.);
#6783=EDGE_CURVE('',#8528,#8526,#8529,.T.);
#6784=EDGE_CURVE('',#8530,#8528,#8531,.T.);
#6785=EDGE_CURVE('',#8532,#8530,#8533,.T.);
#6786=EDGE_CURVE('',#8534,#8532,#8535,.T.);
#6787=EDGE_CURVE('',#8534,#8373,#8536,.T.);
#6788=EDGE_CURVE('',#8537,#8538,#8539,.T.);
#6789=EDGE_CURVE('',#8540,#8537,#8541,.T.);
#6790=EDGE_CURVE('',#8542,#8540,#8543,.T.);
#6791=EDGE_CURVE('',#8544,#8542,#8545,.T.);
#6792=EDGE_CURVE('',#7588,#8544,#8546,.T.);
#6793=EDGE_CURVE('',#8547,#7586,#8548,.T.);
#6794=EDGE_CURVE('',#8549,#8547,#8550,.T.);
#6795=EDGE_CURVE('',#8551,#8549,#8552,.T.);
#6796=EDGE_CURVE('',#8553,#8551,#8554,.T.);
#6797=EDGE_CURVE('',#8555,#8553,#8556,.T.);
#6798=EDGE_CURVE('',#7581,#8555,#8557,.T.);
#6799=EDGE_CURVE('',#8558,#7579,#8559,.T.);
#6800=EDGE_CURVE('',#8560,#8558,#8561,.T.);
#6801=EDGE_CURVE('',#8562,#8560,#8563,.T.);
#6802=EDGE_CURVE('',#8564,#8562,#8565,.T.);
#6803=EDGE_CURVE('',#8566,#8564,#8567,.T.);
#6804=EDGE_CURVE('',#7574,#8566,#8568,.T.);
#6805=EDGE_CURVE('',#8569,#7572,#8570,.T.);
#6806=EDGE_CURVE('',#8571,#8569,#8572,.T.);
#6807=EDGE_CURVE('',#8573,#8571,#8574,.T.);
#6808=EDGE_CURVE('',#8575,#8573,#8576,.T.);
#6809=EDGE_CURVE('',#8577,#8575,#8578,.T.);
#6810=EDGE_CURVE('',#7595,#8577,#8579,.T.);
#6811=EDGE_CURVE('',#8538,#7593,#8580,.T.);
#6812=EDGE_CURVE('',#8581,#8534,#8582,.T.);
#6813=EDGE_CURVE('',#8581,#8583,#8584,.T.);
#6814=EDGE_CURVE('',#8583,#8585,#8586,.T.);
#6815=EDGE_CURVE('',#8585,#8375,#8587,.T.);
#6816=EDGE_CURVE('',#8585,#8588,#8589,.T.);
#6817=EDGE_CURVE('',#8590,#8588,#8591,.T.);
#6818=EDGE_CURVE('',#8592,#8590,#8593,.T.);
#6819=EDGE_CURVE('',#8592,#8377,#8594,.T.);
#6820=EDGE_CURVE('',#8592,#8595,#8596,.T.);
#6821=EDGE_CURVE('',#8379,#8595,#8597,.T.);
#6822=EDGE_CURVE('',#8598,#8595,#8599,.T.);
#6823=EDGE_CURVE('',#8600,#8598,#8601,.T.);
#6824=EDGE_CURVE('',#8600,#8602,#8603,.T.);
#6825=EDGE_CURVE('',#8381,#8602,#8604,.T.);
#6826=EDGE_CURVE('',#8605,#8602,#8606,.T.);
#6827=EDGE_CURVE('',#8605,#8607,#8608,.T.);
#6828=EDGE_CURVE('',#8412,#8607,#8609,.T.);
#6829=EDGE_CURVE('',#8414,#8610,#8611,.T.);
#6830=EDGE_CURVE('',#8607,#8610,#8612,.T.);
#6831=EDGE_CURVE('',#8613,#8614,#8615,.T.);
#6832=EDGE_CURVE('',#8616,#8613,#8617,.T.);
#6833=EDGE_CURVE('',#8618,#8616,#8619,.T.);
#6834=EDGE_CURVE('',#8620,#8618,#8621,.T.);
#6835=EDGE_CURVE('',#8622,#8620,#8623,.T.);
#6836=EDGE_CURVE('',#8624,#8622,#8625,.T.);
#6837=EDGE_CURVE('',#8626,#8624,#8627,.T.);
#6838=EDGE_CURVE('',#8628,#8626,#8629,.T.);
#6839=EDGE_CURVE('',#8630,#8628,#8631,.T.);
#6840=EDGE_CURVE('',#8610,#8630,#8632,.T.);
#6841=EDGE_CURVE('',#8605,#8633,#8634,.T.);
#6842=EDGE_CURVE('',#8635,#8633,#8636,.T.);
#6843=EDGE_CURVE('',#8635,#8637,#8638,.T.);
#6844=EDGE_CURVE('',#8614,#8637,#8639,.T.);
#6845=EDGE_CURVE('',#8614,#8434,#8640,.T.);
#6846=EDGE_CURVE('',#8637,#8641,#8642,.T.);
#6847=EDGE_CURVE('',#8641,#8643,#8644,.T.);
#6848=EDGE_CURVE('',#8436,#8643,#8645,.T.);
#6849=EDGE_CURVE('',#8442,#8646,#8647,.T.);
#6850=EDGE_CURVE('',#8440,#8648,#8649,.T.);
#6851=EDGE_CURVE('',#8648,#8650,#8651,.T.);
#6852=EDGE_CURVE('',#8652,#8650,#8653,.T.);
#6853=EDGE_CURVE('',#8654,#8652,#8655,.T.);
#6854=EDGE_CURVE('',#8654,#8438,#8656,.T.);
#6855=EDGE_CURVE('',#8643,#8657,#8658,.T.);
#6856=EDGE_CURVE('',#8657,#8659,#8660,.T.);
#6857=EDGE_CURVE('',#8646,#8659,#8661,.T.);
#6858=EDGE_CURVE('',#8659,#8662,#8663,.T.);
#6859=EDGE_CURVE('',#8664,#8662,#8665,.T.);
#6860=EDGE_CURVE('',#8666,#8664,#8667,.T.);
#6861=EDGE_CURVE('',#8666,#8668,#8669,.T.);
#6862=EDGE_CURVE('',#8646,#8668,#8670,.T.);
#6863=EDGE_CURVE('',#8671,#8668,#8672,.T.);
#6864=EDGE_CURVE('',#8671,#8673,#8674,.T.);
#6865=EDGE_CURVE('',#8444,#8673,#8675,.T.);
#6866=EDGE_CURVE('',#8676,#8446,#8677,.T.);
#6867=EDGE_CURVE('',#8673,#8676,#8678,.T.);
#6868=EDGE_CURVE('',#8679,#8680,#8681,.T.);
#6869=EDGE_CURVE('',#8682,#8679,#8683,.T.);
#6870=EDGE_CURVE('',#8684,#8682,#8685,.T.);
#6871=EDGE_CURVE('',#8684,#8686,#8687,.T.);
#6872=EDGE_CURVE('',#8688,#8686,#8689,.T.);
#6873=EDGE_CURVE('',#8690,#8688,#8691,.T.);
#6874=EDGE_CURVE('',#8692,#8690,#8693,.T.);
#6875=EDGE_CURVE('',#8692,#8694,#8695,.T.);
#6876=EDGE_CURVE('',#8696,#8694,#8697,.T.);
#6877=EDGE_CURVE('',#8676,#8696,#8698,.T.);
#6878=EDGE_CURVE('',#8671,#8699,#8700,.T.);
#6879=EDGE_CURVE('',#8701,#8699,#8702,.T.);
#6880=EDGE_CURVE('',#8701,#8703,#8704,.T.);
#6881=EDGE_CURVE('',#8680,#8703,#8705,.T.);
#6882=EDGE_CURVE('',#8706,#8680,#8707,.T.);
#6883=EDGE_CURVE('',#8703,#8708,#8709,.T.);
#6884=EDGE_CURVE('',#8706,#8708,#8710,.T.);
#6885=EDGE_CURVE('',#8708,#8711,#8712,.T.);
#6886=EDGE_CURVE('',#8711,#8713,#8714,.T.);
#6887=EDGE_CURVE('',#8468,#8713,#8715,.T.);
#6888=EDGE_CURVE('',#8706,#8466,#8716,.T.);
#6889=EDGE_CURVE('',#8679,#8464,#8717,.T.);
#6890=EDGE_CURVE('',#8682,#8462,#8718,.T.);
#6891=EDGE_CURVE('',#8684,#8460,#8719,.T.);
#6892=EDGE_CURVE('',#8458,#8686,#8720,.T.);
#6893=EDGE_CURVE('',#8688,#8456,#8721,.T.);
#6894=EDGE_CURVE('',#8454,#8690,#8722,.T.);
#6895=EDGE_CURVE('',#8692,#8452,#8723,.T.);
#6896=EDGE_CURVE('',#8450,#8694,#8724,.T.);
#6897=EDGE_CURVE('',#8696,#8448,#8725,.T.);
#6898=EDGE_CURVE('',#8726,#8727,#8728,.T.);
#6899=EDGE_CURVE('',#8726,#8729,#8730,.T.);
#6900=EDGE_CURVE('',#8729,#8470,#8731,.T.);
#6901=EDGE_CURVE('',#8732,#8713,#8733,.T.);
#6902=EDGE_CURVE('',#8734,#8732,#8735,.T.);
#6903=EDGE_CURVE('',#8736,#8734,#8737,.T.);
#6904=EDGE_CURVE('',#8478,#8736,#8738,.T.);
#6905=EDGE_CURVE('',#8476,#8739,#8740,.T.);
#6906=EDGE_CURVE('',#8741,#8739,#8742,.T.);
#6907=EDGE_CURVE('',#8743,#8741,#8744,.T.);
#6908=EDGE_CURVE('',#8743,#8727,#8745,.T.);
#6909=EDGE_CURVE('',#8743,#8746,#8747,.T.);
#6910=EDGE_CURVE('',#8746,#8748,#8749,.T.);
#6911=EDGE_CURVE('',#8748,#8727,#8750,.T.);
#6912=EDGE_CURVE('',#8751,#8752,#8753,.T.);
#6913=EDGE_CURVE('',#8752,#8754,#8755,.T.);
#6914=EDGE_CURVE('',#8754,#8756,#8757,.T.);
#6915=EDGE_CURVE('',#8751,#8756,#8758,.T.);
#6916=EDGE_CURVE('',#8748,#8759,#8760,.T.);
#6917=EDGE_CURVE('',#8726,#8759,#8761,.T.);
#6918=EDGE_CURVE('',#8759,#8762,#8763,.T.);
#6919=EDGE_CURVE('',#8729,#8762,#8764,.T.);
#6920=EDGE_CURVE('',#8762,#8765,#8766,.T.);
#6921=EDGE_CURVE('',#8767,#8765,#8768,.T.);
#6922=EDGE_CURVE('',#8769,#8767,#8770,.T.);
#6923=EDGE_CURVE('',#8470,#8769,#8771,.T.);
#6924=EDGE_CURVE('',#8772,#8472,#8773,.T.);
#6925=EDGE_CURVE('',#8774,#8769,#8775,.T.);
#6926=EDGE_CURVE('',#8774,#8476,#8776,.T.);
#6927=EDGE_CURVE('',#8777,#8474,#8778,.T.);
#6928=EDGE_CURVE('',#8777,#8772,#8779,.T.);
#6929=EDGE_CURVE('',#8472,#8772,#8780,.T.);
#6930=EDGE_CURVE('',#8777,#8474,#8781,.T.);
#6931=EDGE_CURVE('',#8774,#8782,#8783,.T.);
#6932=EDGE_CURVE('',#8784,#8782,#8785,.T.);
#6933=EDGE_CURVE('',#8784,#8786,#8787,.T.);
#6934=EDGE_CURVE('',#8739,#8786,#8788,.T.);
#6935=EDGE_CURVE('',#8789,#8786,#8790,.T.);
#6936=EDGE_CURVE('',#8789,#8741,#8791,.T.);
#6937=EDGE_CURVE('',#8789,#8746,#8792,.T.);
#6938=EDGE_CURVE('',#8786,#8793,#8794,.T.);
#6939=EDGE_CURVE('',#8793,#8795,#8796,.T.);
#6940=EDGE_CURVE('',#8797,#8795,#8798,.T.);
#6941=EDGE_CURVE('',#8797,#8799,#8800,.T.);
#6942=EDGE_CURVE('',#8711,#8799,#8801,.T.);
#6943=EDGE_CURVE('',#8703,#8762,#8802,.T.);
#6944=EDGE_CURVE('',#8803,#8701,#8804,.T.);
#6945=EDGE_CURVE('',#8803,#8765,#8805,.T.);
#6946=EDGE_CURVE('',#8803,#8806,#8807,.T.);
#6947=EDGE_CURVE('',#8806,#8767,#8808,.T.);
#6948=EDGE_CURVE('',#8809,#8810,#8811,.T.);
#6949=EDGE_CURVE('',#8809,#8812,#8813,.T.);
#6950=EDGE_CURVE('',#8814,#8812,#8815,.T.);
#6951=EDGE_CURVE('',#8816,#8814,#8817,.T.);
#6952=EDGE_CURVE('',#8782,#8816,#8818,.T.);
#6953=EDGE_CURVE('',#8819,#8806,#8820,.T.);
#6954=EDGE_CURVE('',#8821,#8819,#8822,.T.);
#6955=EDGE_CURVE('',#8823,#8821,#8824,.T.);
#6956=EDGE_CURVE('',#8825,#8823,#8826,.T.);
#6957=EDGE_CURVE('',#8825,#8827,#8828,.T.);
#6958=EDGE_CURVE('',#8829,#8827,#8830,.T.);
#6959=EDGE_CURVE('',#8831,#8829,#8832,.T.);
#6960=EDGE_CURVE('',#8833,#8831,#8834,.T.);
#6961=EDGE_CURVE('',#8835,#8833,#8836,.T.);
#6962=EDGE_CURVE('',#8835,#8403,#8837,.T.);
#6963=EDGE_CURVE('',#8838,#8401,#8839,.T.);
#6964=EDGE_CURVE('',#8840,#8838,#8841,.T.);
#6965=EDGE_CURVE('',#8842,#8840,#8843,.T.);
#6966=EDGE_CURVE('',#8810,#8842,#8844,.T.);
#6967=EDGE_CURVE('',#8845,#8846,#8847,.T.);
#6968=EDGE_CURVE('',#8845,#8846,#8848,.T.);
#6969=EDGE_CURVE('',#8849,#8508,#8850,.T.);
#6970=EDGE_CURVE('',#8810,#8849,#8851,.T.);
#6971=EDGE_CURVE('',#8852,#8842,#8853,.T.);
#6972=EDGE_CURVE('',#8852,#8854,#8855,.T.);
#6973=EDGE_CURVE('',#8856,#8854,#8857,.T.);
#6974=EDGE_CURVE('',#8856,#8858,#8859,.T.);
#6975=EDGE_CURVE('',#8508,#8858,#8860,.T.);
#6976=EDGE_CURVE('',#8861,#8862,#8863,.T.);
#6977=EDGE_CURVE('',#8861,#8506,#8864,.T.);
#6978=EDGE_CURVE('',#8504,#8865,#8866,.T.);
#6979=EDGE_CURVE('',#8865,#8867,#8868,.T.);
#6980=EDGE_CURVE('',#8869,#8867,#8870,.T.);
#6981=EDGE_CURVE('',#8871,#8869,#8872,.T.);
#6982=EDGE_CURVE('',#8510,#8871,#8873,.T.);
#6983=EDGE_CURVE('',#8858,#8874,#8875,.T.);
#6984=EDGE_CURVE('',#8862,#8874,#8876,.T.);
#6985=EDGE_CURVE('',#8874,#8877,#8878,.T.);
#6986=EDGE_CURVE('',#8879,#8877,#8880,.T.);
#6987=EDGE_CURVE('',#8879,#8862,#8881,.T.);
#6988=EDGE_CURVE('',#8882,#8883,#8884,.T.);
#6989=EDGE_CURVE('',#8883,#8885,#8886,.T.);
#6990=EDGE_CURVE('',#8885,#8887,#8888,.T.);
#6991=EDGE_CURVE('',#8882,#8887,#8889,.T.);
#6992=EDGE_CURVE('',#8879,#8890,#8891,.T.);
#6993=EDGE_CURVE('',#8861,#8890,#8892,.T.);
#6994=EDGE_CURVE('',#8893,#8890,#8894,.T.);
#6995=EDGE_CURVE('',#8893,#8895,#8896,.T.);
#6996=EDGE_CURVE('',#8812,#8895,#8897,.T.);
#6997=EDGE_CURVE('',#8898,#8809,#8899,.T.);
#6998=EDGE_CURVE('',#8506,#8898,#8900,.T.);
#6999=EDGE_CURVE('',#8849,#8898,#8901,.T.);
#7000=EDGE_CURVE('',#8902,#8895,#8903,.T.);
#7001=EDGE_CURVE('',#8902,#8814,#8904,.T.);
#7002=EDGE_CURVE('',#8905,#8902,#8906,.T.);
#7003=EDGE_CURVE('',#8905,#8816,#8907,.T.);
#7004=EDGE_CURVE('',#8784,#8905,#8908,.T.);
#7005=EDGE_CURVE('',#8909,#8905,#8910,.T.);
#7006=EDGE_CURVE('',#8793,#8909,#8911,.T.);
#7007=EDGE_CURVE('',#8912,#8909,#8913,.T.);
#7008=EDGE_CURVE('',#8912,#8914,#8915,.T.);
#7009=EDGE_CURVE('',#8916,#8914,#8917,.T.);
#7010=EDGE_CURVE('',#8918,#8916,#8919,.T.);
#7011=EDGE_CURVE('',#8920,#8918,#8921,.T.);
#7012=EDGE_CURVE('',#8922,#8920,#8923,.T.);
#7013=EDGE_CURVE('',#8924,#8922,#8925,.T.);
#7014=EDGE_CURVE('',#8926,#8924,#8927,.T.);
#7015=EDGE_CURVE('',#8928,#8926,#8929,.T.);
#7016=EDGE_CURVE('',#8930,#8928,#8931,.T.);
#7017=EDGE_CURVE('',#8932,#8930,#8933,.T.);
#7018=EDGE_CURVE('',#8934,#8932,#8935,.T.);
#7019=EDGE_CURVE('',#8936,#8934,#8937,.T.);
#7020=EDGE_CURVE('',#8938,#8936,#8939,.T.);
#7021=EDGE_CURVE('',#8793,#8938,#8940,.T.);
#7022=EDGE_CURVE('',#8480,#8938,#8941,.T.);
#7023=EDGE_CURVE('',#8736,#8795,#8942,.T.);
#7024=EDGE_CURVE('',#8734,#8943,#8944,.T.);
#7025=EDGE_CURVE('',#8945,#8943,#8946,.T.);
#7026=EDGE_CURVE('',#8797,#8945,#8947,.T.);
#7027=EDGE_CURVE('',#8945,#8948,#8949,.T.);
#7028=EDGE_CURVE('',#8948,#8799,#8950,.T.);
#7029=EDGE_CURVE('',#8951,#8948,#8952,.T.);
#7030=EDGE_CURVE('',#8951,#8732,#8953,.T.);
#7031=EDGE_CURVE('',#8951,#8943,#8954,.T.);
#7032=EDGE_CURVE('',#8482,#8936,#8955,.T.);
#7033=EDGE_CURVE('',#8484,#8934,#8956,.T.);
#7034=EDGE_CURVE('',#8486,#8932,#8957,.T.);
#7035=EDGE_CURVE('',#8930,#8488,#8958,.T.);
#7036=EDGE_CURVE('',#8490,#8928,#8959,.T.);
#7037=EDGE_CURVE('',#8926,#8492,#8960,.T.);
#7038=EDGE_CURVE('',#8494,#8924,#8961,.T.);
#7039=EDGE_CURVE('',#8922,#8496,#8962,.T.);
#7040=EDGE_CURVE('',#8498,#8920,#8963,.T.);
#7041=EDGE_CURVE('',#8500,#8918,#8964,.T.);
#7042=EDGE_CURVE('',#8916,#8502,#8965,.T.);
#7043=EDGE_CURVE('',#8914,#8966,#8967,.T.);
#7044=EDGE_CURVE('',#8966,#8865,#8968,.T.);
#7045=EDGE_CURVE('',#8966,#8969,#8970,.T.);
#7046=EDGE_CURVE('',#8971,#8969,#8972,.T.);
#7047=EDGE_CURVE('',#8973,#8971,#8974,.T.);
#7048=EDGE_CURVE('',#8973,#8867,#8975,.T.);
#7049=EDGE_CURVE('',#8973,#8976,#8977,.T.);
#7050=EDGE_CURVE('',#8869,#8976,#8978,.T.);
#7051=EDGE_CURVE('',#8979,#8976,#8980,.T.);
#7052=EDGE_CURVE('',#8981,#8979,#8982,.T.);
#7053=EDGE_CURVE('',#8981,#8983,#8984,.T.);
#7054=EDGE_CURVE('',#8871,#8983,#8985,.T.);
#7055=EDGE_CURVE('',#8986,#8983,#8987,.T.);
#7056=EDGE_CURVE('',#8986,#8988,#8989,.T.);
#7057=EDGE_CURVE('',#8512,#8988,#8990,.T.);
#7058=EDGE_CURVE('',#8991,#8514,#8992,.T.);
#7059=EDGE_CURVE('',#8991,#8988,#8993,.T.);
#7060=EDGE_CURVE('',#8986,#8994,#8995,.T.);
#7061=EDGE_CURVE('',#8996,#8994,#8997,.T.);
#7062=EDGE_CURVE('',#8996,#8583,#8998,.T.);
#7063=EDGE_CURVE('',#8581,#8999,#9000,.T.);
#7064=EDGE_CURVE('',#9001,#8999,#9002,.T.);
#7065=EDGE_CURVE('',#9003,#9001,#9004,.T.);
#7066=EDGE_CURVE('',#9003,#9005,#9006,.T.);
#7067=EDGE_CURVE('',#9007,#9005,#9008,.T.);
#7068=EDGE_CURVE('',#9009,#9007,#9010,.T.);
#7069=EDGE_CURVE('',#9011,#9009,#9012,.T.);
#7070=EDGE_CURVE('',#9011,#9013,#9014,.T.);
#7071=EDGE_CURVE('',#9015,#9013,#9016,.T.);
#7072=EDGE_CURVE('',#8991,#9015,#9017,.T.);
#7073=EDGE_CURVE('',#9015,#8516,#9018,.T.);
#7074=EDGE_CURVE('',#8518,#9013,#9019,.T.);
#7075=EDGE_CURVE('',#9011,#8520,#9020,.T.);
#7076=EDGE_CURVE('',#8522,#9009,#9021,.T.);
#7077=EDGE_CURVE('',#9007,#8524,#9022,.T.);
#7078=EDGE_CURVE('',#8526,#9005,#9023,.T.);
#7079=EDGE_CURVE('',#9003,#8528,#9024,.T.);
#7080=EDGE_CURVE('',#9001,#8530,#9025,.T.);
#7081=EDGE_CURVE('',#8999,#8532,#9026,.T.);
#7082=EDGE_CURVE('',#9027,#8996,#9028,.T.);
#7083=EDGE_CURVE('',#9027,#8399,#9029,.T.);
#7084=EDGE_CURVE('',#9030,#8397,#9031,.T.);
#7085=EDGE_CURVE('',#9030,#9032,#9033,.T.);
#7086=EDGE_CURVE('',#8583,#9032,#9034,.T.);
#7087=EDGE_CURVE('',#8600,#8588,#9035,.T.);
#7088=EDGE_CURVE('',#9032,#9036,#9037,.T.);
#7089=EDGE_CURVE('',#8395,#9036,#9038,.T.);
#7090=EDGE_CURVE('',#8362,#8393,#9039,.T.);
#7091=EDGE_CURVE('',#9040,#8360,#9041,.T.);
#7092=EDGE_CURVE('',#9040,#9042,#9043,.T.);
#7093=EDGE_CURVE('',#9042,#8605,#9044,.T.);
#7094=EDGE_CURVE('',#9045,#9042,#9046,.T.);
#7095=EDGE_CURVE('',#9045,#9047,#9048,.T.);
#7096=EDGE_CURVE('',#8633,#9047,#9049,.T.);
#7097=EDGE_CURVE('',#9047,#9050,#9051,.T.);
#7098=EDGE_CURVE('',#8635,#9050,#9052,.T.);
#7099=EDGE_CURVE('',#9050,#9053,#9054,.T.);
#7100=EDGE_CURVE('',#9055,#9053,#9056,.T.);
#7101=EDGE_CURVE('',#9055,#8637,#9057,.T.);
#7102=EDGE_CURVE('',#9055,#9058,#9059,.T.);
#7103=EDGE_CURVE('',#9060,#9058,#9061,.T.);
#7104=EDGE_CURVE('',#9060,#9062,#9063,.T.);
#7105=EDGE_CURVE('',#9064,#9062,#9065,.T.);
#7106=EDGE_CURVE('',#9064,#9066,#9067,.T.);
#7107=EDGE_CURVE('',#8671,#9066,#9068,.T.);
#7108=EDGE_CURVE('',#9069,#8666,#9070,.T.);
#7109=EDGE_CURVE('',#8641,#9069,#9071,.T.);
#7110=EDGE_CURVE('',#9072,#9069,#9073,.T.);
#7111=EDGE_CURVE('',#9074,#9072,#9075,.T.);
#7112=EDGE_CURVE('',#9074,#8657,#9076,.T.);
#7113=EDGE_CURVE('',#9074,#8662,#9077,.T.);
#7114=EDGE_CURVE('',#8664,#9072,#9078,.T.);
#7115=EDGE_CURVE('',#9079,#9066,#9080,.T.);
#7116=EDGE_CURVE('',#9079,#9081,#9082,.T.);
#7117=EDGE_CURVE('',#9081,#8699,#9083,.T.);
#7118=EDGE_CURVE('',#9081,#8803,#9084,.T.);
#7119=EDGE_CURVE('',#9081,#8819,#9085,.T.);
#7120=EDGE_CURVE('',#9079,#8821,#9086,.T.);
#7121=EDGE_CURVE('',#9087,#8440,#9088,.T.);
#7122=EDGE_CURVE('',#8823,#9087,#9089,.T.);
#7123=EDGE_CURVE('',#9064,#8648,#9090,.T.);
#7124=EDGE_CURVE('',#8650,#9062,#9091,.T.);
#7125=EDGE_CURVE('',#9060,#8652,#9092,.T.);
#7126=EDGE_CURVE('',#9093,#9094,#9095,.T.);
#7127=EDGE_CURVE('',#9096,#9094,#9097,.T.);
#7128=EDGE_CURVE('',#9096,#9098,#9099,.T.);
#7129=EDGE_CURVE('',#9098,#9093,#9100,.T.);
#7130=EDGE_CURVE('',#8654,#9058,#9101,.T.);
#7131=EDGE_CURVE('',#8827,#9053,#9102,.T.);
#7132=EDGE_CURVE('',#9103,#8825,#9104,.T.);
#7133=EDGE_CURVE('',#8438,#9103,#9105,.T.);
#7134=EDGE_CURVE('',#9087,#9103,#9106,.T.);
#7135=EDGE_CURVE('',#9050,#8829,#9107,.T.);
#7136=EDGE_CURVE('',#9047,#8831,#9108,.T.);
#7137=EDGE_CURVE('',#9045,#8833,#9109,.T.);
#7138=EDGE_CURVE('',#8835,#8408,#9110,.T.);
#7139=EDGE_CURVE('',#9040,#8387,#9111,.T.);
#7140=EDGE_CURVE('',#9112,#9098,#9113,.T.);
#7141=EDGE_CURVE('',#9112,#8128,#9114,.T.);
#7142=EDGE_CURVE('',#9115,#8126,#9116,.T.);
#7143=EDGE_CURVE('',#9093,#9115,#9117,.T.);
#7144=EDGE_CURVE('',#9115,#9118,#9119,.T.);
#7145=EDGE_CURVE('',#9094,#9118,#9120,.T.);
#7146=EDGE_CURVE('',#8125,#9118,#9121,.T.);
#7147=EDGE_CURVE('',#9122,#8130,#9123,.T.);
#7148=EDGE_CURVE('',#9122,#9096,#9124,.T.);
#7149=EDGE_CURVE('',#9122,#9112,#9125,.T.);
#7150=EDGE_CURVE('',#9030,#9036,#9126,.T.);
#7151=EDGE_CURVE('',#8598,#8590,#9127,.T.);
#7152=EDGE_CURVE('',#9027,#8838,#9128,.T.);
#7153=EDGE_CURVE('',#9129,#9027,#9130,.T.);
#7154=EDGE_CURVE('',#9129,#8840,#9131,.T.);
#7155=EDGE_CURVE('',#8852,#9129,#9132,.T.);
#7156=EDGE_CURVE('',#9129,#8994,#9133,.T.);
#7157=EDGE_CURVE('',#8986,#8854,#9134,.T.);
#7158=EDGE_CURVE('',#8856,#8877,#9135,.T.);
#7159=EDGE_CURVE('',#8969,#8981,#9136,.T.);
#7160=EDGE_CURVE('',#8893,#8914,#9137,.T.);
#7161=EDGE_CURVE('',#8912,#8902,#9138,.T.);
#7162=EDGE_CURVE('',#8979,#8971,#9139,.T.);
#7163=EDGE_CURVE('',#8887,#9140,#9141,.T.);
#7164=EDGE_CURVE('',#9142,#9140,#9143,.T.);
#7165=EDGE_CURVE('',#9142,#9144,#9145,.T.);
#7166=EDGE_CURVE('',#9146,#9144,#9147,.T.);
#7167=EDGE_CURVE('',#9146,#8882,#9148,.T.);
#7168=EDGE_CURVE('',#9146,#9149,#9150,.T.);
#7169=EDGE_CURVE('',#9149,#8883,#9151,.T.);
#7170=EDGE_CURVE('',#9149,#9152,#9153,.T.);
#7171=EDGE_CURVE('',#9152,#9154,#9155,.T.);
#7172=EDGE_CURVE('',#9156,#9154,#9157,.T.);
#7173=EDGE_CURVE('',#8885,#9156,#9158,.T.);
#7174=EDGE_CURVE('',#9156,#9140,#9159,.T.);
#7175=EDGE_CURVE('',#9154,#9142,#9160,.T.);
#7176=EDGE_CURVE('',#7915,#9161,#9162,.T.);
#7177=EDGE_CURVE('',#9163,#7735,#9164,.T.);
#7178=EDGE_CURVE('',#9161,#9163,#9165,.T.);
#7179=EDGE_CURVE('',#9152,#9144,#9166,.T.);
#7180=EDGE_CURVE('',#9167,#9168,#9169,.T.);
#7181=EDGE_CURVE('',#9161,#9168,#9170,.T.);
#7182=EDGE_CURVE('',#9163,#9167,#9171,.T.);
#7183=EDGE_CURVE('',#7733,#8289,#9172,.T.);
#7184=EDGE_CURVE('',#8287,#9167,#9173,.T.);
#7185=EDGE_CURVE('',#9168,#8285,#9174,.T.);
#7186=EDGE_CURVE('',#7924,#8283,#9175,.T.);
#7187=EDGE_CURVE('',#7926,#8281,#9176,.T.);
#7188=EDGE_CURVE('',#8279,#9177,#9178,.T.);
#7189=EDGE_CURVE('',#9177,#9179,#9180,.T.);
#7190=EDGE_CURVE('',#9179,#9181,#9182,.T.);
#7191=EDGE_CURVE('',#7928,#9181,#9183,.T.);
#7192=EDGE_CURVE('',#9181,#7998,#9184,.T.);
#7193=EDGE_CURVE('',#8003,#9179,#9185,.T.);
#7194=EDGE_CURVE('',#9186,#9187,#9188,.T.);
#7195=EDGE_CURVE('',#8008,#9187,#9189,.T.);
#7196=EDGE_CURVE('',#9177,#9190,#9191,.T.);
#7197=EDGE_CURVE('',#9186,#9190,#9192,.T.);
#7198=EDGE_CURVE('',#8277,#9190,#9193,.T.);
#7199=EDGE_CURVE('',#8275,#9186,#9194,.T.);
#7200=EDGE_CURVE('',#9187,#8273,#9195,.T.);
#7201=EDGE_CURVE('',#8271,#9196,#9197,.T.);
#7202=EDGE_CURVE('',#9196,#8010,#9198,.T.);
#7203=EDGE_CURVE('',#9196,#8015,#9199,.T.);
#7204=EDGE_CURVE('',#9200,#8269,#9201,.T.);
#7205=EDGE_CURVE('',#8026,#9200,#9202,.T.);
#7206=EDGE_CURVE('',#9203,#9204,#9205,.T.);
#7207=EDGE_CURVE('',#9206,#9204,#9207,.T.);
#7208=EDGE_CURVE('',#9206,#9208,#9209,.T.);
#7209=EDGE_CURVE('',#9203,#9208,#9210,.T.);
#7210=EDGE_CURVE('',#9200,#9211,#9212,.T.);
#7211=EDGE_CURVE('',#8028,#9211,#9213,.T.);
#7212=EDGE_CURVE('',#9214,#9211,#9215,.T.);
#7213=EDGE_CURVE('',#8046,#9214,#9216,.T.);
#7214=EDGE_CURVE('',#9217,#9214,#9218,.T.);
#7215=EDGE_CURVE('',#9217,#9219,#9220,.T.);
#7216=EDGE_CURVE('',#9221,#9219,#9222,.T.);
#7217=EDGE_CURVE('',#9221,#8091,#9223,.T.);
#7218=EDGE_CURVE('',#8263,#9221,#9224,.T.);
#7219=EDGE_CURVE('',#8265,#9219,#9225,.T.);
#7220=EDGE_CURVE('',#8267,#9217,#9226,.T.);
#7221=EDGE_CURVE('',#8756,#9227,#9228,.T.);
#7222=EDGE_CURVE('',#9229,#9227,#9230,.T.);
#7223=EDGE_CURVE('',#9203,#9229,#9231,.T.);
#7224=EDGE_CURVE('',#9208,#9232,#9233,.T.);
#7225=EDGE_CURVE('',#9232,#8751,#9234,.T.);
#7226=EDGE_CURVE('',#9232,#9235,#9236,.T.);
#7227=EDGE_CURVE('',#9235,#8752,#9237,.T.);
#7228=EDGE_CURVE('',#9206,#9235,#9238,.T.);
#7229=EDGE_CURVE('',#9239,#9204,#9240,.T.);
#7230=EDGE_CURVE('',#9241,#9239,#9242,.T.);
#7231=EDGE_CURVE('',#8754,#9241,#9243,.T.);
#7232=EDGE_CURVE('',#9241,#9227,#9244,.T.);
#7233=EDGE_CURVE('',#9229,#9239,#9245,.T.);
#7234=EDGE_CURVE('',#7629,#8846,#9246,.T.);
#7235=EDGE_CURVE('',#7629,#7617,#9247,.T.);
#7236=EDGE_CURVE('',#8845,#7621,#9248,.T.);
#7237=EDGE_CURVE('',#7625,#7621,#9249,.T.);
#7238=EDGE_CURVE('',#7624,#7619,#9250,.T.);
#7239=EDGE_CURVE('',#7616,#7627,#9251,.T.);
#7240=EDGE_CURVE('',#7627,#7613,#9252,.T.);
#7241=EDGE_CURVE('',#7613,#7601,#9253,.T.);
#7242=EDGE_CURVE('',#7619,#7605,#9254,.T.);
#7243=EDGE_CURVE('',#7605,#7609,#9255,.T.);
#7244=EDGE_CURVE('',#7603,#7608,#9256,.T.);
#7245=EDGE_CURVE('',#7611,#7600,#9257,.T.);
#7246=EDGE_CURVE('',#8432,#8613,#9258,.T.);
#7247=EDGE_CURVE('',#8430,#8616,#9259,.T.);
#7248=EDGE_CURVE('',#8618,#8428,#9260,.T.);
#7249=EDGE_CURVE('',#8426,#8620,#9261,.T.);
#7250=EDGE_CURVE('',#8622,#8424,#9262,.T.);
#7251=EDGE_CURVE('',#8422,#8624,#9263,.T.);
#7252=EDGE_CURVE('',#8626,#8420,#9264,.T.);
#7253=EDGE_CURVE('',#8418,#8628,#9265,.T.);
#7254=EDGE_CURVE('',#8416,#8630,#9266,.T.);
#7255=EDGE_CURVE('',#8538,#7545,#9267,.T.);
#7256=EDGE_CURVE('',#9268,#7545,#9269,.T.);
#7257=EDGE_CURVE('',#8537,#9268,#9270,.T.);
#7258=EDGE_CURVE('',#9271,#9268,#9272,.T.);
#7259=EDGE_CURVE('',#9271,#8540,#9273,.T.);
#7260=EDGE_CURVE('',#9274,#9271,#9275,.T.);
#7261=EDGE_CURVE('',#9274,#8542,#9276,.T.);
#7262=EDGE_CURVE('',#9277,#9274,#9278,.T.);
#7263=EDGE_CURVE('',#8544,#9277,#9279,.T.);
#7264=EDGE_CURVE('',#7590,#9277,#9280,.T.);
#7265=EDGE_CURVE('',#8547,#7553,#9281,.T.);
#7266=EDGE_CURVE('',#9282,#7553,#9283,.T.);
#7267=EDGE_CURVE('',#8549,#9282,#9284,.T.);
#7268=EDGE_CURVE('',#9285,#9282,#9286,.T.);
#7269=EDGE_CURVE('',#9285,#8551,#9287,.T.);
#7270=EDGE_CURVE('',#9288,#9285,#9289,.T.);
#7271=EDGE_CURVE('',#9288,#8553,#9290,.T.);
#7272=EDGE_CURVE('',#9291,#9288,#9292,.T.);
#7273=EDGE_CURVE('',#8555,#9291,#9293,.T.);
#7274=EDGE_CURVE('',#7583,#9291,#9294,.T.);
#7275=EDGE_CURVE('',#8558,#7561,#9295,.T.);
#7276=EDGE_CURVE('',#9296,#7561,#9297,.T.);
#7277=EDGE_CURVE('',#8560,#9296,#9298,.T.);
#7278=EDGE_CURVE('',#9299,#9296,#9300,.T.);
#7279=EDGE_CURVE('',#9299,#8562,#9301,.T.);
#7280=EDGE_CURVE('',#9302,#9299,#9303,.T.);
#7281=EDGE_CURVE('',#9302,#8564,#9304,.T.);
#7282=EDGE_CURVE('',#9305,#9302,#9306,.T.);
#7283=EDGE_CURVE('',#8566,#9305,#9307,.T.);
#7284=EDGE_CURVE('',#7576,#9305,#9308,.T.);
#7285=EDGE_CURVE('',#8569,#7569,#9309,.T.);
#7286=EDGE_CURVE('',#9310,#7569,#9311,.T.);
#7287=EDGE_CURVE('',#8571,#9310,#9312,.T.);
#7288=EDGE_CURVE('',#9313,#9310,#9314,.T.);
#7289=EDGE_CURVE('',#9313,#8573,#9315,.T.);
#7290=EDGE_CURVE('',#9316,#9313,#9317,.T.);
#7291=EDGE_CURVE('',#9316,#8575,#9318,.T.);
#7292=EDGE_CURVE('',#9319,#9316,#9320,.T.);
#7293=EDGE_CURVE('',#8577,#9319,#9321,.T.);
#7294=EDGE_CURVE('',#7597,#9319,#9322,.T.);
#7295=EDGE_CURVE('',#7597,#7905,#9323,.T.);
#7296=EDGE_CURVE('',#9319,#7907,#9324,.T.);
#7297=EDGE_CURVE('',#7866,#9316,#9325,.T.);
#7298=EDGE_CURVE('',#9313,#7867,#9326,.T.);
#7299=EDGE_CURVE('',#9310,#7869,#9327,.T.);
#7300=EDGE_CURVE('',#7576,#7872,#9328,.T.);
#7301=EDGE_CURVE('',#9305,#7874,#9329,.T.);
#7302=EDGE_CURVE('',#7876,#9302,#9330,.T.);
#7303=EDGE_CURVE('',#9299,#7878,#9331,.T.);
#7304=EDGE_CURVE('',#9296,#7880,#9332,.T.);
#7305=EDGE_CURVE('',#7583,#7883,#9333,.T.);
#7306=EDGE_CURVE('',#9291,#7885,#9334,.T.);
#7307=EDGE_CURVE('',#7887,#9288,#9335,.T.);
#7308=EDGE_CURVE('',#9285,#7889,#9336,.T.);
#7309=EDGE_CURVE('',#9282,#7891,#9337,.T.);
#7310=EDGE_CURVE('',#7590,#7894,#9338,.T.);
#7311=EDGE_CURVE('',#9277,#7896,#9339,.T.);
#7312=EDGE_CURVE('',#7898,#9274,#9340,.T.);
#7313=EDGE_CURVE('',#9271,#7900,#9341,.T.);
#7314=EDGE_CURVE('',#9268,#7902,#9342,.T.);
#7315=EDGE_CURVE('',#9343,#8369,#9344,.T.);
#7316=EDGE_CURVE('',#9343,#8340,#9345,.T.);
#7317=EDGE_CURVE('',#9346,#8337,#9347,.T.);
#7318=EDGE_CURVE('',#9348,#9346,#9349,.T.);
#7319=EDGE_CURVE('',#8367,#9348,#9350,.T.);
#7320=EDGE_CURVE('',#9348,#8349,#9351,.T.);
#7321=EDGE_CURVE('',#9346,#8351,#9352,.T.);
#7322=EDGE_CURVE('',#8354,#9343,#9353,.T.);
#7323=EDGE_CURVE('',#8304,#8323,#9354,.T.);
#7324=EDGE_CURVE('',#7862,#7706,#9355,.T.);
#7325=EDGE_CURVE('',#9356,#8188,#9357,.T.);
#7326=EDGE_CURVE('',#9358,#9356,#9359,.T.);
#7327=EDGE_CURVE('',#7511,#9358,#9360,.T.);
#7328=EDGE_CURVE('',#9361,#7508,#9362,.T.);
#7329=EDGE_CURVE('',#7519,#9361,#9363,.T.);
#7330=EDGE_CURVE('',#9364,#7516,#9365,.T.);
#7331=EDGE_CURVE('',#9366,#9364,#9367,.T.);
#7332=EDGE_CURVE('',#9368,#9366,#9369,.T.);
#7333=EDGE_CURVE('',#9370,#9368,#9371,.T.);
#7334=EDGE_CURVE('',#7525,#9370,#9372,.T.);
#7335=EDGE_CURVE('',#9373,#7529,#9374,.T.);
#7336=EDGE_CURVE('',#7533,#9373,#9375,.T.);
#7337=EDGE_CURVE('',#9376,#7537,#9377,.T.);
#7338=EDGE_CURVE('',#9378,#9376,#9379,.T.);
#7339=EDGE_CURVE('',#8154,#9378,#9380,.T.);
#7340=EDGE_CURVE('',#9378,#8159,#9381,.T.);
#7341=EDGE_CURVE('',#8161,#9376,#9382,.T.);
#7342=EDGE_CURVE('',#8164,#9373,#9383,.T.);
#7343=EDGE_CURVE('',#8167,#9370,#9384,.T.);
#7344=EDGE_CURVE('',#9385,#9386,#9387,.T.);
#7345=EDGE_CURVE('',#8169,#9385,#9388,.T.);
#7346=EDGE_CURVE('',#9386,#9368,#9389,.T.);
#7347=EDGE_CURVE('',#9366,#9390,#9391,.T.);
#7348=EDGE_CURVE('',#9386,#9390,#9392,.T.);
#7349=EDGE_CURVE('',#9393,#9390,#9394,.T.);
#7350=EDGE_CURVE('',#9385,#9393,#9395,.T.);
#7351=EDGE_CURVE('',#9393,#8171,#9396,.T.);
#7352=EDGE_CURVE('',#9364,#8173,#9397,.T.);
#7353=EDGE_CURVE('',#9361,#8176,#9398,.T.);
#7354=EDGE_CURVE('',#9358,#8179,#9399,.T.);
#7355=EDGE_CURVE('',#8181,#9356,#9400,.T.);
#7356=EDGE_CURVE('',#8061,#9401,#9402,.T.);
#7357=EDGE_CURVE('',#9401,#8087,#9403,.T.);
#7358=EDGE_CURVE('',#8087,#9404,#9405,.T.);
#7359=EDGE_CURVE('',#9406,#9404,#9407,.T.);
#7360=EDGE_CURVE('',#9406,#8081,#9408,.T.);
#7361=EDGE_CURVE('',#8081,#9409,#9410,.T.);
#7362=EDGE_CURVE('',#9401,#9409,#9411,.T.);
#7363=EDGE_CURVE('',#9409,#8063,#9412,.T.);
#7364=EDGE_CURVE('',#9413,#9406,#9414,.T.);
#7365=EDGE_CURVE('',#9415,#9413,#9416,.T.);
#7366=EDGE_CURVE('',#7503,#9415,#9417,.T.);
#7367=EDGE_CURVE('',#9418,#7500,#9419,.T.);
#7368=EDGE_CURVE('',#7495,#9418,#9420,.T.);
#7369=EDGE_CURVE('',#9421,#7492,#9422,.T.);
#7370=EDGE_CURVE('',#9423,#9421,#9424,.T.);
#7371=EDGE_CURVE('',#9423,#9425,#9426,.T.);
#7372=EDGE_CURVE('',#9427,#9425,#9428,.T.);
#7373=EDGE_CURVE('',#7485,#9427,#9429,.T.);
#7374=EDGE_CURVE('',#9430,#7489,#9431,.T.);
#7375=EDGE_CURVE('',#7477,#9430,#9432,.T.);
#7376=EDGE_CURVE('',#9433,#7481,#9434,.T.);
#7377=EDGE_CURVE('',#9435,#9433,#9436,.T.);
#7378=EDGE_CURVE('',#9437,#9435,#9438,.T.);
#7379=EDGE_CURVE('',#8083,#9437,#9439,.T.);
#7380=EDGE_CURVE('',#9440,#9437,#9441,.T.);
#7381=EDGE_CURVE('',#9440,#8085,#9442,.T.);
#7382=EDGE_CURVE('',#9443,#9440,#9444,.T.);
#7383=EDGE_CURVE('',#9445,#9443,#9446,.T.);
#7384=EDGE_CURVE('',#7479,#9445,#9447,.T.);
#7385=EDGE_CURVE('',#9448,#7476,#9449,.T.);
#7386=EDGE_CURVE('',#7487,#9448,#9450,.T.);
#7387=EDGE_CURVE('',#9451,#7484,#9452,.T.);
#7388=EDGE_CURVE('',#9451,#9453,#9454,.T.);
#7389=EDGE_CURVE('',#9453,#9455,#9456,.T.);
#7390=EDGE_CURVE('',#9455,#9457,#9458,.T.);
#7391=EDGE_CURVE('',#7493,#9457,#9459,.T.);
#7392=EDGE_CURVE('',#9460,#7497,#9461,.T.);
#7393=EDGE_CURVE('',#7501,#9460,#9462,.T.);
#7394=EDGE_CURVE('',#9463,#7505,#9464,.T.);
#7395=EDGE_CURVE('',#9465,#9463,#9466,.T.);
#7396=EDGE_CURVE('',#9404,#9465,#9467,.T.);
#7397=EDGE_CURVE('',#9465,#9413,#9468,.T.);
#7398=EDGE_CURVE('',#9415,#9463,#9469,.T.);
#7399=EDGE_CURVE('',#9418,#9460,#9470,.T.);
#7400=EDGE_CURVE('',#9421,#9457,#9471,.T.);
#7401=EDGE_CURVE('',#9472,#9473,#9474,.T.);
#7402=EDGE_CURVE('',#9423,#9472,#9475,.T.);
#7403=EDGE_CURVE('',#9473,#9455,#9476,.T.);
#7404=EDGE_CURVE('',#9453,#9477,#9478,.T.);
#7405=EDGE_CURVE('',#9477,#9473,#9479,.T.);
#7406=EDGE_CURVE('',#9480,#9477,#9481,.T.);
#7407=EDGE_CURVE('',#9480,#9472,#9482,.T.);
#7408=EDGE_CURVE('',#9480,#9425,#9483,.T.);
#7409=EDGE_CURVE('',#9451,#9427,#9484,.T.);
#7410=EDGE_CURVE('',#9448,#9430,#9485,.T.);
#7411=EDGE_CURVE('',#9445,#9433,#9486,.T.);
#7412=EDGE_CURVE('',#9435,#9443,#9487,.T.);
#7413=EDGE_CURVE('',#9488,#7971,#9489,.T.);
#7414=EDGE_CURVE('',#9490,#9488,#9491,.T.);
#7415=EDGE_CURVE('',#7447,#9490,#9492,.T.);
#7416=EDGE_CURVE('',#9493,#7444,#9494,.T.);
#7417=EDGE_CURVE('',#7455,#9493,#9495,.T.);
#7418=EDGE_CURVE('',#9496,#7452,#9497,.T.);
#7419=EDGE_CURVE('',#9496,#9498,#9499,.T.);
#7420=EDGE_CURVE('',#9498,#9500,#9501,.T.);
#7421=EDGE_CURVE('',#9500,#9502,#9503,.T.);
#7422=EDGE_CURVE('',#7461,#9502,#9504,.T.);
#7423=EDGE_CURVE('',#9505,#7465,#9506,.T.);
#7424=EDGE_CURVE('',#7469,#9505,#9507,.T.);
#7425=EDGE_CURVE('',#9508,#7473,#9509,.T.);
#7426=EDGE_CURVE('',#9510,#9508,#9511,.T.);
#7427=EDGE_CURVE('',#7937,#9510,#9512,.T.);
#7428=EDGE_CURVE('',#9510,#7942,#9513,.T.);
#7429=EDGE_CURVE('',#7944,#9508,#9514,.T.);
#7430=EDGE_CURVE('',#7947,#9505,#9515,.T.);
#7431=EDGE_CURVE('',#7950,#9502,#9516,.T.);
#7432=EDGE_CURVE('',#9517,#9518,#9519,.T.);
#7433=EDGE_CURVE('',#7952,#9517,#9520,.T.);
#7434=EDGE_CURVE('',#9518,#9500,#9521,.T.);
#7435=EDGE_CURVE('',#9498,#9522,#9523,.T.);
#7436=EDGE_CURVE('',#9522,#9518,#9524,.T.);
#7437=EDGE_CURVE('',#9525,#9522,#9526,.T.);
#7438=EDGE_CURVE('',#9525,#9517,#9527,.T.);
#7439=EDGE_CURVE('',#9525,#7954,#9528,.T.);
#7440=EDGE_CURVE('',#9496,#7956,#9529,.T.);
#7441=EDGE_CURVE('',#9493,#7959,#9530,.T.);
#7442=EDGE_CURVE('',#9490,#7962,#9531,.T.);
#7443=EDGE_CURVE('',#7964,#9488,#9532,.T.);
#7444=VERTEX_POINT('',#9533);
#7445=VERTEX_POINT('',#9534);
#7446=LINE('',#9535,#9536);
#7447=VERTEX_POINT('',#9537);
#7448=CIRCLE('',#9538,0.3);
#7449=VERTEX_POINT('',#9539);
#7450=LINE('',#9540,#9541);
#7451=CIRCLE('',#9542,0.3);
#7452=VERTEX_POINT('',#9543);
#7453=VERTEX_POINT('',#9544);
#7454=LINE('',#9545,#9546);
#7455=VERTEX_POINT('',#9547);
#7456=CIRCLE('',#9548,0.1);
#7457=VERTEX_POINT('',#9549);
#7458=LINE('',#9550,#9551);
#7459=CIRCLE('',#9552,0.1);
#7460=VERTEX_POINT('',#9553);
#7461=VERTEX_POINT('',#9554);
#7462=LINE('',#9555,#9556);
#7463=VERTEX_POINT('',#9557);
#7464=B_SPLINE_CURVE_WITH_KNOTS('',3,(#9558,#9559,#9560,#9561,#9562,#9563),.UNSPECIFIED.,.F.,.F.,(4,1,1,4),(0.0,0.3333333333333,0.6666666666667,1.0),.UNSPECIFIED.);
#7465=VERTEX_POINT('',#9564);
#7466=LINE('',#9565,#9566);
#7467=B_SPLINE_CURVE_WITH_KNOTS('',3,(#9567,#9568,#9569,#9570,#9571,#9572),.UNSPECIFIED.,.F.,.F.,(4,1,1,4),(0.0,0.3333333333333,0.6666666666667,1.0),.UNSPECIFIED.);
#7468=VERTEX_POINT('',#9573);
#7469=VERTEX_POINT('',#9574);
#7470=LINE('',#9575,#9576);
#7471=VERTEX_POINT('',#9577);
#7472=CIRCLE('',#9578,0.1);
#7473=VERTEX_POINT('',#9579);
#7474=LINE('',#9580,#9581);
#7475=CIRCLE('',#9582,0.1);
#7476=VERTEX_POINT('',#9583);
#7477=VERTEX_POINT('',#9584);
#7478=LINE('',#9585,#9586);
#7479=VERTEX_POINT('',#9587);
#7480=CIRCLE('',#9588,0.1);
#7481=VERTEX_POINT('',#9589);
#7482=LINE('',#9590,#9591);
#7483=CIRCLE('',#9592,0.1);
#7484=VERTEX_POINT('',#9593);
#7485=VERTEX_POINT('',#9594);
#7486=LINE('',#9595,#9596);
#7487=VERTEX_POINT('',#9597);
#7488=B_SPLINE_CURVE_WITH_KNOTS('',3,(#9598,#9599,#9600,#9601,#9602,#9603),.UNSPECIFIED.,.F.,.F.,(4,1,1,4),(0.0,0.3333333333333,0.6666666666667,1.0),.UNSPECIFIED.);
#7489=VERTEX_POINT('',#9604);
#7490=LINE('',#9605,#9606);
#7491=B_SPLINE_CURVE_WITH_KNOTS('',3,(#9607,#9608,#9609,#9610,#9611,#9612),.UNSPECIFIED.,.F.,.F.,(4,1,1,4),(0.0,0.3333333333333,0.6666666666667,1.0),.UNSPECIFIED.);
#7492=VERTEX_POINT('',#9613);
#7493=VERTEX_POINT('',#9614);
#7494=LINE('',#9615,#9616);
#7495=VERTEX_POINT('',#9617);
#7496=B_SPLINE_CURVE_WITH_KNOTS('',3,(#9618,#9619,#9620,#9621,#9622,#9623),.UNSPECIFIED.,.F.,.F.,(4,1,1,4),(0.0,0.3333333333333,0.6666666666667,1.0),.UNSPECIFIED.);
#7497=VERTEX_POINT('',#9624);
#7498=LINE('',#9625,#9626);
#7499=B_SPLINE_CURVE_WITH_KNOTS('',3,(#9627,#9628,#9629,#9630,#9631,#9632),.UNSPECIFIED.,.F.,.F.,(4,1,1,4),(0.0,0.3333333333333,0.6666666666667,1.0),.UNSPECIFIED.);
#7500=VERTEX_POINT('',#9633);
#7501=VERTEX_POINT('',#9634);
#7502=LINE('',#9635,#9636);
#7503=VERTEX_POINT('',#9637);
#7504=CIRCLE('',#9638,0.3);
#7505=VERTEX_POINT('',#9639);
#7506=LINE('',#9640,#9641);
#7507=CIRCLE('',#9642,0.3);
#7508=VERTEX_POINT('',#9643);
#7509=VERTEX_POINT('',#9644);
#7510=LINE('',#9645,#9646);
#7511=VERTEX_POINT('',#9647);
#7512=CIRCLE('',#9648,0.3);
#7513=VERTEX_POINT('',#9649);
#7514=LINE('',#9650,#9651);
#7515=CIRCLE('',#9652,0.3);
#7516=VERTEX_POINT('',#9653);
#7517=VERTEX_POINT('',#9654);
#7518=LINE('',#9655,#9656);
#7519=VERTEX_POINT('',#9657);
#7520=B_SPLINE_CURVE_WITH_KNOTS('',3,(#9658,#9659,#9660,#9661,#9662,#9663),.UNSPECIFIED.,.F.,.F.,(4,1,1,4),(0.0,0.3333333333333,0.6666666666667,1.0),.UNSPECIFIED.);
#7521=VERTEX_POINT('',#9664);
#7522=LINE('',#9665,#9666);
#7523=B_SPLINE_CURVE_WITH_KNOTS('',3,(#9667,#9668,#9669,#9670,#9671,#9672),.UNSPECIFIED.,.F.,.F.,(4,1,1,4),(0.0,0.3333333333333,0.6666666666667,1.0),.UNSPECIFIED.);
#7524=VERTEX_POINT('',#9673);
#7525=VERTEX_POINT('',#9674);
#7526=LINE('',#9675,#9676);
#7527=VERTEX_POINT('',#9677);
#7528=B_SPLINE_CURVE_WITH_KNOTS('',3,(#9678,#9679,#9680,#9681,#9682,#9683),.UNSPECIFIED.,.F.,.F.,(4,1,1,4),(0.0,0.3333333333333,0.6666666666667,1.0),.UNSPECIFIED.);
#7529=VERTEX_POINT('',#9684);
#7530=LINE('',#9685,#9686);
#7531=B_SPLINE_CURVE_WITH_KNOTS('',3,(#9687,#9688,#9689,#9690,#9691,#9692),.UNSPECIFIED.,.F.,.F.,(4,1,1,4),(0.0,0.3333333333333,0.6666666666667,1.0),.UNSPECIFIED.);
#7532=VERTEX_POINT('',#9693);
#7533=VERTEX_POINT('',#9694);
#7534=LINE('',#9695,#9696);
#7535=VERTEX_POINT('',#9697);
#7536=CIRCLE('',#9698,0.1);
#7537=VERTEX_POINT('',#9699);
#7538=LINE('',#9700,#9701);
#7539=CIRCLE('',#9702,0.1);
#7540=VERTEX_POINT('',#9703);
#7541=VERTEX_POINT('',#9704);
#7542=LINE('',#9705,#9706);
#7543=VERTEX_POINT('',#9707);
#7544=CIRCLE('',#9708,3.626333276923);
#7545=VERTEX_POINT('',#9709);
#7546=LINE('',#9710,#9711);
#7547=CIRCLE('',#9712,3.626333276923);
#7548=VERTEX_POINT('',#9713);
#7549=VERTEX_POINT('',#9714);
#7550=LINE('',#9715,#9716);
#7551=VERTEX_POINT('',#9717);
#7552=CIRCLE('',#9718,3.62050433563);
#7553=VERTEX_POINT('',#9719);
#7554=LINE('',#9720,#9721);
#7555=CIRCLE('',#9722,3.62050433563);
#7556=VERTEX_POINT('',#9723);
#7557=VERTEX_POINT('',#9724);
#7558=LINE('',#9725,#9726);
#7559=VERTEX_POINT('',#9727);
#7560=CIRCLE('',#9728,3.620504335635);
#7561=VERTEX_POINT('',#9729);
#7562=LINE('',#9730,#9731);
#7563=CIRCLE('',#9732,3.620504335635);
#7564=VERTEX_POINT('',#9733);
#7565=VERTEX_POINT('',#9734);
#7566=LINE('',#9735,#9736);
#7567=VERTEX_POINT('',#9737);
#7568=CIRCLE('',#9738,3.62050433563);
#7569=VERTEX_POINT('',#9739);
#7570=LINE('',#9740,#9741);
#7571=CIRCLE('',#9742,3.62050433563);
#7572=VERTEX_POINT('',#9743);
#7573=LINE('',#9744,#9745);
#7574=VERTEX_POINT('',#9746);
#7575=CIRCLE('',#9747,3.585357149373);
#7576=VERTEX_POINT('',#9748);
#7577=LINE('',#9749,#9750);
#7578=CIRCLE('',#9751,3.620504335631);
#7579=VERTEX_POINT('',#9752);
#7580=LINE('',#9753,#9754);
#7581=VERTEX_POINT('',#9755);
#7582=CIRCLE('',#9756,3.585357149378);
#7583=VERTEX_POINT('',#9757);
#7584=LINE('',#9758,#9759);
#7585=CIRCLE('',#9760,3.620504335635);
#7586=VERTEX_POINT('',#9761);
#7587=LINE('',#9762,#9763);
#7588=VERTEX_POINT('',#9764);
#7589=CIRCLE('',#9765,3.585357149373);
#7590=VERTEX_POINT('',#9766);
#7591=LINE('',#9767,#9768);
#7592=CIRCLE('',#9769,3.620504335631);
#7593=VERTEX_POINT('',#9770);
#7594=LINE('',#9771,#9772);
#7595=VERTEX_POINT('',#9773);
#7596=CIRCLE('',#9774,3.591186090665);
#7597=VERTEX_POINT('',#9775);
#7598=LINE('',#9776,#9777);
#7599=CIRCLE('',#9778,3.626333276923);
#7600=VERTEX_POINT('',#9779);
#7601=VERTEX_POINT('',#9780);
#7602=CIRCLE('',#9781,0.2);
#7603=VERTEX_POINT('',#9782);
#7604=CIRCLE('',#9783,1.55);
#7605=VERTEX_POINT('',#9784);
#7606=CIRCLE('',#9785,0.2);
#7607=CIRCLE('',#9786,1.75);
#7608=VERTEX_POINT('',#9787);
#7609=VERTEX_POINT('',#9788);
#7610=CIRCLE('',#9789,0.2);
#7611=VERTEX_POINT('',#9790);
#7612=CIRCLE('',#9791,1.55);
#7613=VERTEX_POINT('',#9792);
#7614=CIRCLE('',#9793,0.2);
#7615=CIRCLE('',#9794,1.75);
#7616=VERTEX_POINT('',#9795);
#7617=VERTEX_POINT('',#9796);
#7618=CIRCLE('',#9797,0.15);
#7619=VERTEX_POINT('',#9798);
#7620=CIRCLE('',#9799,1.75);
#7621=VERTEX_POINT('',#9800);
#7622=CIRCLE('',#9801,0.15);
#7623=CIRCLE('',#9802,1.885436893204);
#7624=VERTEX_POINT('',#9803);
#7625=VERTEX_POINT('',#9804);
#7626=CIRCLE('',#9805,0.15);
#7627=VERTEX_POINT('',#9806);
#7628=CIRCLE('',#9807,1.75);
#7629=VERTEX_POINT('',#9808);
#7630=CIRCLE('',#9809,0.15);
#7631=CIRCLE('',#9810,1.885436893204);
#7632=VERTEX_POINT('',#9811);
#7633=VERTEX_POINT('',#9812);
#7634=LINE('',#9813,#9814);
#7635=VERTEX_POINT('',#9815);
#7636=CIRCLE('',#9816,0.3);
#7637=VERTEX_POINT('',#9817);
#7638=LINE('',#9818,#9819);
#7639=CIRCLE('',#9820,0.3);
#7640=VERTEX_POINT('',#9821);
#7641=VERTEX_POINT('',#9822);
#7642=LINE('',#9823,#9824);
#7643=VERTEX_POINT('',#9825);
#7644=CIRCLE('',#9826,0.1);
#7645=VERTEX_POINT('',#9827);
#7646=LINE('',#9828,#9829);
#7647=CIRCLE('',#9830,0.1);
#7648=VERTEX_POINT('',#9831);
#7649=VERTEX_POINT('',#9832);
#7650=LINE('',#9833,#9834);
#7651=VERTEX_POINT('',#9835);
#7652=B_SPLINE_CURVE_WITH_KNOTS('',3,(#9836,#9837,#9838,#9839,#9840,#9841),.UNSPECIFIED.,.F.,.F.,(4,1,1,4),(0.0,0.3333333333333,0.6666666666667,1.0),.UNSPECIFIED.);
#7653=VERTEX_POINT('',#9842);
#7654=LINE('',#9843,#9844);
#7655=B_SPLINE_CURVE_WITH_KNOTS('',3,(#9845,#9846,#9847,#9848,#9849,#9850),.UNSPECIFIED.,.F.,.F.,(4,1,1,4),(0.0,0.3333333333333,0.6666666666667,1.0),.UNSPECIFIED.);
#7656=VERTEX_POINT('',#9851);
#7657=VERTEX_POINT('',#9852);
#7658=LINE('',#9853,#9854);
#7659=VERTEX_POINT('',#9855);
#7660=CIRCLE('',#9856,0.1);
#7661=VERTEX_POINT('',#9857);
#7662=LINE('',#9858,#9859);
#7663=CIRCLE('',#9860,0.1);
#7664=VERTEX_POINT('',#9861);
#7665=VERTEX_POINT('',#9862);
#7666=LINE('',#9863,#9864);
#7667=VERTEX_POINT('',#9865);
#7668=LINE('',#9866,#9867);
#7669=VERTEX_POINT('',#9868);
#7670=LINE('',#9869,#9870);
#7671=LINE('',#9871,#9872);
#7672=VERTEX_POINT('',#9873);
#7673=CIRCLE('',#9874,0.3);
#7674=VERTEX_POINT('',#9875);
#7675=CIRCLE('',#9876,0.3);
#7676=VERTEX_POINT('',#9877);
#7677=LINE('',#9878,#9879);
#7678=VERTEX_POINT('',#9880);
#7679=CIRCLE('',#9881,0.3);
#7680=CIRCLE('',#9882,0.3);
#7681=VERTEX_POINT('',#9883);
#7682=LINE('',#9884,#9885);
#7683=LINE('',#9886,#9887);
#7684=VERTEX_POINT('',#9888);
#7685=VERTEX_POINT('',#9889);
#7686=LINE('',#9890,#9891);
#7687=LINE('',#9892,#9893);
#7688=VERTEX_POINT('',#9894);
#7689=LINE('',#9895,#9896);
#7690=VERTEX_POINT('',#9897);
#7691=LINE('',#9898,#9899);
#7692=VERTEX_POINT('',#9900);
#7693=LINE('',#9901,#9902);
#7694=VERTEX_POINT('',#9903);
#7695=LINE('',#9904,#9905);
#7696=VERTEX_POINT('',#9906);
#7697=LINE('',#9907,#9908);
#7698=LINE('',#9909,#9910);
#7699=VERTEX_POINT('',#9911);
#7700=VERTEX_POINT('',#9912);
#7701=LINE('',#9913,#9914);
#7702=LINE('',#9915,#9916);
#7703=LINE('',#9917,#9918);
#7704=VERTEX_POINT('',#9919);
#7705=LINE('',#9920,#9921);
#7706=VERTEX_POINT('',#9922);
#7707=LINE('',#9923,#9924);
#7708=VERTEX_POINT('',#9925);
#7709=LINE('',#9926,#9927);
#7710=VERTEX_POINT('',#9928);
#7711=LINE('',#9929,#9930);
#7712=VERTEX_POINT('',#9931);
#7713=LINE('',#9932,#9933);
#7714=LINE('',#9934,#9935);
#7715=VERTEX_POINT('',#9936);
#7716=LINE('',#9937,#9938);
#7717=VERTEX_POINT('',#9939);
#7718=LINE('',#9940,#9941);
#7719=LINE('',#9942,#9943);
#7720=VERTEX_POINT('',#9944);
#7721=LINE('',#9945,#9946);
#7722=LINE('',#9947,#9948);
#7723=VERTEX_POINT('',#9949);
#7724=LINE('',#9950,#9951);
#7725=VERTEX_POINT('',#9952);
#7726=LINE('',#9953,#9954);
#7727=VERTEX_POINT('',#9955);
#7728=LINE('',#9956,#9957);
#7729=VERTEX_POINT('',#9958);
#7730=LINE('',#9959,#9960);
#7731=LINE('',#9961,#9962);
#7732=LINE('',#9963,#9964);
#7733=VERTEX_POINT('',#9965);
#7734=LINE('',#9966,#9967);
#7735=VERTEX_POINT('',#9968);
#7736=LINE('',#9969,#9970);
#7737=LINE('',#9971,#9972);
#7738=VERTEX_POINT('',#9973);
#7739=LINE('',#9974,#9975);
#7740=VERTEX_POINT('',#9976);
#7741=LINE('',#9977,#9978);
#7742=LINE('',#9979,#9980);
#7743=VERTEX_POINT('',#9981);
#7744=CIRCLE('',#9982,0.1);
#7745=VERTEX_POINT('',#9983);
#7746=LINE('',#9984,#9985);
#7747=VERTEX_POINT('',#9986);
#7748=CIRCLE('',#9987,0.2951386593586);
#7749=LINE('',#9988,#9989);
#7750=VERTEX_POINT('',#9990);
#7751=CIRCLE('',#9991,0.1);
#7752=LINE('',#9992,#9993);
#7753=VERTEX_POINT('',#9994);
#7754=B_SPLINE_CURVE_WITH_KNOTS('',3,(#9995,#9996,#9997,#9998,#9999,#10000),.UNSPECIFIED.,.F.,.F.,(4,1,1,4),(0.0,0.3333333333333,0.6666666666667,1.0),.UNSPECIFIED.);
#7755=VERTEX_POINT('',#10001);
#7756=LINE('',#10002,#10003);
#7757=VERTEX_POINT('',#10004);
#7758=LINE('',#10005,#10006);
#7759=VERTEX_POINT('',#10007);
#7760=LINE('',#10008,#10009);
#7761=CIRCLE('',#10010,0.1);
#7762=VERTEX_POINT('',#10011);
#7763=LINE('',#10012,#10013);
#7764=CIRCLE('',#10014,0.3);
#7765=VERTEX_POINT('',#10015);
#7766=LINE('',#10016,#10017);
#7767=VERTEX_POINT('',#10018);
#7768=CIRCLE('',#10019,0.1);
#7769=LINE('',#10020,#10021);
#7770=VERTEX_POINT('',#10022);
#7771=LINE('',#10023,#10024);
#7772=LINE('',#10025,#10026);
#7773=VERTEX_POINT('',#10027);
#7774=CIRCLE('',#10028,0.1);
#7775=LINE('',#10029,#10030);
#7776=VERTEX_POINT('',#10031);
#7777=CIRCLE('',#10032,0.3);
#7778=LINE('',#10033,#10034);
#7779=VERTEX_POINT('',#10035);
#7780=CIRCLE('',#10036,0.1);
#7781=VERTEX_POINT('',#10037);
#7782=LINE('',#10038,#10039);
#7783=VERTEX_POINT('',#10040);
#7784=LINE('',#10041,#10042);
#7785=VERTEX_POINT('',#10043);
#7786=LINE('',#10044,#10045);
#7787=B_SPLINE_CURVE_WITH_KNOTS('',3,(#10046,#10047,#10048,#10049,#10050,#10051),.UNSPECIFIED.,.F.,.F.,(4,1,1,4),(0.0,0.3333333333333,0.6666666666667,1.0),.UNSPECIFIED.);
#7788=VERTEX_POINT('',#10052);
#7789=LINE('',#10053,#10054);
#7790=CIRCLE('',#10055,0.1);
#7791=VERTEX_POINT('',#10056);
#7792=LINE('',#10057,#10058);
#7793=VERTEX_POINT('',#10059);
#7794=CIRCLE('',#10060,0.2951386593586);
#7795=VERTEX_POINT('',#10061);
#7796=LINE('',#10062,#10063);
#7797=CIRCLE('',#10064,0.1);
#7798=LINE('',#10065,#10066);
#7799=LINE('',#10067,#10068);
#7800=LINE('',#10069,#10070);
#7801=LINE('',#10071,#10072);
#7802=LINE('',#10073,#10074);
#7803=VERTEX_POINT('',#10075);
#7804=LINE('',#10076,#10077);
#7805=VERTEX_POINT('',#10078);
#7806=LINE('',#10079,#10080);
#7807=LINE('',#10081,#10082);
#7808=VERTEX_POINT('',#10083);
#7809=LINE('',#10084,#10085);
#7810=LINE('',#10086,#10087);
#7811=VERTEX_POINT('',#10088);
#7812=LINE('',#10089,#10090);
#7813=LINE('',#10091,#10092);
#7814=LINE('',#10093,#10094);
#7815=LINE('',#10095,#10096);
#7816=LINE('',#10097,#10098);
#7817=LINE('',#10099,#10100);
#7818=VERTEX_POINT('',#10101);
#7819=LINE('',#10102,#10103);
#7820=VERTEX_POINT('',#10104);
#7821=CIRCLE('',#10105,0.15);
#7822=LINE('',#10106,#10107);
#7823=VERTEX_POINT('',#10108);
#7824=VERTEX_POINT('',#10109);
#7825=LINE('',#10110,#10111);
#7826=VERTEX_POINT('',#10112);
#7827=LINE('',#10113,#10114);
#7828=VERTEX_POINT('',#10115);
#7829=LINE('',#10116,#10117);
#7830=VERTEX_POINT('',#10118);
#7831=LINE('',#10119,#10120);
#7832=VERTEX_POINT('',#10121);
#7833=LINE('',#10122,#10123);
#7834=VERTEX_POINT('',#10124);
#7835=LINE('',#10125,#10126);
#7836=VERTEX_POINT('',#10127);
#7837=LINE('',#10128,#10129);
#7838=VERTEX_POINT('',#10130);
#7839=LINE('',#10131,#10132);
#7840=VERTEX_POINT('',#10133);
#7841=LINE('',#10134,#10135);
#7842=VERTEX_POINT('',#10136);
#7843=LINE('',#10137,#10138);
#7844=VERTEX_POINT('',#10139);
#7845=LINE('',#10140,#10141);
#7846=VERTEX_POINT('',#10142);
#7847=LINE('',#10143,#10144);
#7848=VERTEX_POINT('',#10145);
#7849=LINE('',#10146,#10147);
#7850=VERTEX_POINT('',#10148);
#7851=LINE('',#10149,#10150);
#7852=VERTEX_POINT('',#10151);
#7853=LINE('',#10152,#10153);
#7854=VERTEX_POINT('',#10154);
#7855=LINE('',#10155,#10156);
#7856=VERTEX_POINT('',#10157);
#7857=LINE('',#10158,#10159);
#7858=VERTEX_POINT('',#10160);
#7859=LINE('',#10161,#10162);
#7860=VERTEX_POINT('',#10163);
#7861=LINE('',#10164,#10165);
#7862=VERTEX_POINT('',#10166);
#7863=LINE('',#10167,#10168);
#7864=LINE('',#10169,#10170);
#7865=LINE('',#10171,#10172);
#7866=VERTEX_POINT('',#10173);
#7867=VERTEX_POINT('',#10174);
#7868=LINE('',#10175,#10176);
#7869=VERTEX_POINT('',#10177);
#7870=CIRCLE('',#10178,7.136877543247);
#7871=CIRCLE('',#10179,0.23);
#7872=VERTEX_POINT('',#10180);
#7873=CIRCLE('',#10181,3.62050433563);
#7874=VERTEX_POINT('',#10182);
#7875=CIRCLE('',#10183,0.23);
#7876=VERTEX_POINT('',#10184);
#7877=CIRCLE('',#10185,7.136877543247);
#7878=VERTEX_POINT('',#10186);
#7879=LINE('',#10187,#10188);
#7880=VERTEX_POINT('',#10189);
#7881=CIRCLE('',#10190,7.136877543247);
#7882=CIRCLE('',#10191,0.23);
#7883=VERTEX_POINT('',#10192);
#7884=CIRCLE('',#10193,3.620504335635);
#7885=VERTEX_POINT('',#10194);
#7886=CIRCLE('',#10195,0.23);
#7887=VERTEX_POINT('',#10196);
#7888=CIRCLE('',#10197,7.136877543249);
#7889=VERTEX_POINT('',#10198);
#7890=LINE('',#10199,#10200);
#7891=VERTEX_POINT('',#10201);
#7892=CIRCLE('',#10202,7.136877543249);
#7893=CIRCLE('',#10203,0.23);
#7894=VERTEX_POINT('',#10204);
#7895=CIRCLE('',#10205,3.62050433563);
#7896=VERTEX_POINT('',#10206);
#7897=CIRCLE('',#10207,0.23);
#7898=VERTEX_POINT('',#10208);
#7899=CIRCLE('',#10209,7.136877543248);
#7900=VERTEX_POINT('',#10210);
#7901=LINE('',#10211,#10212);
#7902=VERTEX_POINT('',#10213);
#7903=CIRCLE('',#10214,7.136877543248);
#7904=CIRCLE('',#10215,0.23);
#7905=VERTEX_POINT('',#10216);
#7906=CIRCLE('',#10217,3.626333276923);
#7907=VERTEX_POINT('',#10218);
#7908=CIRCLE('',#10219,0.23);
#7909=CIRCLE('',#10220,7.136877543247);
#7910=VERTEX_POINT('',#10221);
#7911=LINE('',#10222,#10223);
#7912=CIRCLE('',#10224,0.15);
#7913=VERTEX_POINT('',#10225);
#7914=LINE('',#10226,#10227);
#7915=VERTEX_POINT('',#10228);
#7916=LINE('',#10229,#10230);
#7917=LINE('',#10231,#10232);
#7918=VERTEX_POINT('',#10233);
#7919=VERTEX_POINT('',#10234);
#7920=LINE('',#10235,#10236);
#7921=VERTEX_POINT('',#10237);
#7922=LINE('',#10238,#10239);
#7923=LINE('',#10240,#10241);
#7924=VERTEX_POINT('',#10242);
#7925=LINE('',#10243,#10244);
#7926=VERTEX_POINT('',#10245);
#7927=LINE('',#10246,#10247);
#7928=VERTEX_POINT('',#10248);
#7929=LINE('',#10249,#10250);
#7930=VERTEX_POINT('',#10251);
#7931=LINE('',#10252,#10253);
#7932=VERTEX_POINT('',#10254);
#7933=LINE('',#10255,#10256);
#7934=VERTEX_POINT('',#10257);
#7935=LINE('',#10258,#10259);
#7936=LINE('',#10260,#10261);
#7937=VERTEX_POINT('',#10262);
#7938=CIRCLE('',#10263,0.1);
#7939=VERTEX_POINT('',#10264);
#7940=LINE('',#10265,#10266);
#7941=CIRCLE('',#10267,0.1);
#7942=VERTEX_POINT('',#10268);
#7943=LINE('',#10269,#10270);
#7944=VERTEX_POINT('',#10271);
#7945=CIRCLE('',#10272,0.2951386593586);
#7946=LINE('',#10273,#10274);
#7947=VERTEX_POINT('',#10275);
#7948=CIRCLE('',#10276,0.1);
#7949=LINE('',#10277,#10278);
#7950=VERTEX_POINT('',#10279);
#7951=B_SPLINE_CURVE_WITH_KNOTS('',3,(#10280,#10281,#10282,#10283,#10284,#10285),.UNSPECIFIED.,.F.,.F.,(4,1,1,4),(0.0,0.3333333333333,0.6666666666667,1.0),.UNSPECIFIED.);
#7952=VERTEX_POINT('',#10286);
#7953=LINE('',#10287,#10288);
#7954=VERTEX_POINT('',#10289);
#7955=LINE('',#10290,#10291);
#7956=VERTEX_POINT('',#10292);
#7957=LINE('',#10293,#10294);
#7958=CIRCLE('',#10295,0.1);
#7959=VERTEX_POINT('',#10296);
#7960=LINE('',#10297,#10298);
#7961=CIRCLE('',#10299,0.3);
#7962=VERTEX_POINT('',#10300);
#7963=LINE('',#10301,#10302);
#7964=VERTEX_POINT('',#10303);
#7965=CIRCLE('',#10304,0.1);
#7966=VERTEX_POINT('',#10305);
#7967=LINE('',#10306,#10307);
#7968=CIRCLE('',#10308,0.3);
#7969=VERTEX_POINT('',#10309);
#7970=CIRCLE('',#10310,0.3);
#7971=VERTEX_POINT('',#10311);
#7972=LINE('',#10312,#10313);
#7973=CIRCLE('',#10314,0.3);
#7974=VERTEX_POINT('',#10315);
#7975=CIRCLE('',#10316,0.3);
#7976=LINE('',#10317,#10318);
#7977=VERTEX_POINT('',#10319);
#7978=LINE('',#10320,#10321);
#7979=VERTEX_POINT('',#10322);
#7980=LINE('',#10323,#10324);
#7981=LINE('',#10325,#10326);
#7982=LINE('',#10327,#10328);
#7983=LINE('',#10329,#10330);
#7984=VERTEX_POINT('',#10331);
#7985=LINE('',#10332,#10333);
#7986=VERTEX_POINT('',#10334);
#7987=LINE('',#10335,#10336);
#7988=LINE('',#10337,#10338);
#7989=VERTEX_POINT('',#10339);
#7990=LINE('',#10340,#10341);
#7991=LINE('',#10342,#10343);
#7992=VERTEX_POINT('',#10344);
#7993=VERTEX_POINT('',#10345);
#7994=LINE('',#10346,#10347);
#7995=VERTEX_POINT('',#10348);
#7996=LINE('',#10349,#10350);
#7997=LINE('',#10351,#10352);
#7998=VERTEX_POINT('',#10353);
#7999=LINE('',#10354,#10355);
#8000=VERTEX_POINT('',#10356);
#8001=LINE('',#10357,#10358);
#8002=LINE('',#10359,#10360);
#8003=VERTEX_POINT('',#10361);
#8004=LINE('',#10362,#10363);
#8005=VERTEX_POINT('',#10364);
#8006=LINE('',#10365,#10366);
#8007=LINE('',#10367,#10368);
#8008=VERTEX_POINT('',#10369);
#8009=LINE('',#10370,#10371);
#8010=VERTEX_POINT('',#10372);
#8011=LINE('',#10373,#10374);
#8012=VERTEX_POINT('',#10375);
#8013=LINE('',#10376,#10377);
#8014=LINE('',#10378,#10379);
#8015=VERTEX_POINT('',#10380);
#8016=LINE('',#10381,#10382);
#8017=VERTEX_POINT('',#10383);
#8018=LINE('',#10384,#10385);
#8019=CIRCLE('',#10386,0.15);
#8020=LINE('',#10387,#10388);
#8021=VERTEX_POINT('',#10389);
#8022=LINE('',#10390,#10391);
#8023=CIRCLE('',#10392,0.15);
#8024=VERTEX_POINT('',#10393);
#8025=LINE('',#10394,#10395);
#8026=VERTEX_POINT('',#10396);
#8027=LINE('',#10397,#10398);
#8028=VERTEX_POINT('',#10399);
#8029=LINE('',#10400,#10401);
#8030=VERTEX_POINT('',#10402);
#8031=LINE('',#10403,#10404);
#8032=LINE('',#10405,#10406);
#8033=VERTEX_POINT('',#10407);
#8034=VERTEX_POINT('',#10408);
#8035=LINE('',#10409,#10410);
#8036=VERTEX_POINT('',#10411);
#8037=LINE('',#10412,#10413);
#8038=VERTEX_POINT('',#10414);
#8039=LINE('',#10415,#10416);
#8040=VERTEX_POINT('',#10417);
#8041=LINE('',#10418,#10419);
#8042=LINE('',#10420,#10421);
#8043=VERTEX_POINT('',#10422);
#8044=LINE('',#10423,#10424);
#8045=LINE('',#10425,#10426);
#8046=VERTEX_POINT('',#10427);
#8047=LINE('',#10428,#10429);
#8048=VERTEX_POINT('',#10430);
#8049=LINE('',#10431,#10432);
#8050=LINE('',#10433,#10434);
#8051=VERTEX_POINT('',#10435);
#8052=LINE('',#10436,#10437);
#8053=VERTEX_POINT('',#10438);
#8054=LINE('',#10439,#10440);
#8055=LINE('',#10441,#10442);
#8056=VERTEX_POINT('',#10443);
#8057=LINE('',#10444,#10445);
#8058=LINE('',#10446,#10447);
#8059=VERTEX_POINT('',#10448);
#8060=LINE('',#10449,#10450);
#8061=VERTEX_POINT('',#10451);
#8062=LINE('',#10452,#10453);
#8063=VERTEX_POINT('',#10454);
#8064=LINE('',#10455,#10456);
#8065=VERTEX_POINT('',#10457);
#8066=LINE('',#10458,#10459);
#8067=VERTEX_POINT('',#10460);
#8068=LINE('',#10461,#10462);
#8069=LINE('',#10463,#10464);
#8070=LINE('',#10465,#10466);
#8071=LINE('',#10467,#10468);
#8072=VERTEX_POINT('',#10469);
#8073=VERTEX_POINT('',#10470);
#8074=LINE('',#10471,#10472);
#8075=CIRCLE('',#10473,0.15);
#8076=LINE('',#10474,#10475);
#8077=VERTEX_POINT('',#10476);
#8078=VERTEX_POINT('',#10477);
#8079=LINE('',#10478,#10479);
#8080=LINE('',#10480,#10481);
#8081=VERTEX_POINT('',#10482);
#8082=LINE('',#10483,#10484);
#8083=VERTEX_POINT('',#10485);
#8084=LINE('',#10486,#10487);
#8085=VERTEX_POINT('',#10488);
#8086=LINE('',#10489,#10490);
#8087=VERTEX_POINT('',#10491);
#8088=LINE('',#10492,#10493);
#8089=LINE('',#10494,#10495);
#8090=LINE('',#10496,#10497);
#8091=VERTEX_POINT('',#10498);
#8092=LINE('',#10499,#10500);
#8093=VERTEX_POINT('',#10501);
#8094=LINE('',#10502,#10503);
#8095=VERTEX_POINT('',#10504);
#8096=LINE('',#10505,#10506);
#8097=LINE('',#10507,#10508);
#8098=VERTEX_POINT('',#10509);
#8099=LINE('',#10510,#10511);
#8100=LINE('',#10512,#10513);
#8101=VERTEX_POINT('',#10514);
#8102=LINE('',#10515,#10516);
#8103=VERTEX_POINT('',#10517);
#8104=LINE('',#10518,#10519);
#8105=VERTEX_POINT('',#10520);
#8106=LINE('',#10521,#10522);
#8107=LINE('',#10523,#10524);
#8108=VERTEX_POINT('',#10525);
#8109=LINE('',#10526,#10527);
#8110=VERTEX_POINT('',#10528);
#8111=LINE('',#10529,#10530);
#8112=LINE('',#10531,#10532);
#8113=VERTEX_POINT('',#10533);
#8114=LINE('',#10534,#10535);
#8115=VERTEX_POINT('',#10536);
#8116=LINE('',#10537,#10538);
#8117=VERTEX_POINT('',#10539);
#8118=LINE('',#10540,#10541);
#8119=VERTEX_POINT('',#10542);
#8120=LINE('',#10543,#10544);
#8121=LINE('',#10545,#10546);
#8122=VERTEX_POINT('',#10547);
#8123=LINE('',#10548,#10549);
#8124=LINE('',#10550,#10551);
#8125=VERTEX_POINT('',#10552);
#8126=VERTEX_POINT('',#10553);
#8127=LINE('',#10554,#10555);
#8128=VERTEX_POINT('',#10556);
#8129=LINE('',#10557,#10558);
#8130=VERTEX_POINT('',#10559);
#8131=LINE('',#10560,#10561);
#8132=LINE('',#10562,#10563);
#8133=CIRCLE('',#10564,0.15);
#8134=VERTEX_POINT('',#10565);
#8135=LINE('',#10566,#10567);
#8136=LINE('',#10568,#10569);
#8137=VERTEX_POINT('',#10570);
#8138=VERTEX_POINT('',#10571);
#8139=LINE('',#10572,#10573);
#8140=VERTEX_POINT('',#10574);
#8141=LINE('',#10575,#10576);
#8142=LINE('',#10577,#10578);
#8143=VERTEX_POINT('',#10579);
#8144=LINE('',#10580,#10581);
#8145=VERTEX_POINT('',#10582);
#8146=LINE('',#10583,#10584);
#8147=VERTEX_POINT('',#10585);
#8148=LINE('',#10586,#10587);
#8149=VERTEX_POINT('',#10588);
#8150=LINE('',#10589,#10590);
#8151=VERTEX_POINT('',#10591);
#8152=LINE('',#10592,#10593);
#8153=LINE('',#10594,#10595);
#8154=VERTEX_POINT('',#10596);
#8155=CIRCLE('',#10597,0.1);
#8156=VERTEX_POINT('',#10598);
#8157=LINE('',#10599,#10600);
#8158=CIRCLE('',#10601,0.1);
#8159=VERTEX_POINT('',#10602);
#8160=LINE('',#10603,#10604);
#8161=VERTEX_POINT('',#10605);
#8162=CIRCLE('',#10606,0.2951386593586);
#8163=LINE('',#10607,#10608);
#8164=VERTEX_POINT('',#10609);
#8165=CIRCLE('',#10610,0.1);
#8166=LINE('',#10611,#10612);
#8167=VERTEX_POINT('',#10613);
#8168=B_SPLINE_CURVE_WITH_KNOTS('',3,(#10614,#10615,#10616,#10617,#10618,#10619),.UNSPECIFIED.,.F.,.F.,(4,1,1,4),(0.0,0.3333333333333,0.6666666666667,1.0),.UNSPECIFIED.);
#8169=VERTEX_POINT('',#10620);
#8170=LINE('',#10621,#10622);
#8171=VERTEX_POINT('',#10623);
#8172=LINE('',#10624,#10625);
#8173=VERTEX_POINT('',#10626);
#8174=LINE('',#10627,#10628);
#8175=B_SPLINE_CURVE_WITH_KNOTS('',3,(#10629,#10630,#10631,#10632,#10633,#10634),.UNSPECIFIED.,.F.,.F.,(4,1,1,4),(0.0,0.3333333333333,0.6666666666667,1.0),.UNSPECIFIED.);
#8176=VERTEX_POINT('',#10635);
#8177=LINE('',#10636,#10637);
#8178=CIRCLE('',#10638,0.3);
#8179=VERTEX_POINT('',#10639);
#8180=LINE('',#10640,#10641);
#8181=VERTEX_POINT('',#10642);
#8182=CIRCLE('',#10643,0.1);
#8183=VERTEX_POINT('',#10644);
#8184=LINE('',#10645,#10646);
#8185=CIRCLE('',#10647,0.3);
#8186=VERTEX_POINT('',#10648);
#8187=CIRCLE('',#10649,0.3);
#8188=VERTEX_POINT('',#10650);
#8189=LINE('',#10651,#10652);
#8190=CIRCLE('',#10653,0.3);
#8191=VERTEX_POINT('',#10654);
#8192=CIRCLE('',#10655,0.3);
#8193=LINE('',#10656,#10657);
#8194=VERTEX_POINT('',#10658);
#8195=LINE('',#10659,#10660);
#8196=VERTEX_POINT('',#10661);
#8197=LINE('',#10662,#10663);
#8198=LINE('',#10664,#10665);
#8199=LINE('',#10666,#10667);
#8200=LINE('',#10668,#10669);
#8201=VERTEX_POINT('',#10670);
#8202=LINE('',#10671,#10672);
#8203=VERTEX_POINT('',#10673);
#8204=LINE('',#10674,#10675);
#8205=LINE('',#10676,#10677);
#8206=VERTEX_POINT('',#10678);
#8207=LINE('',#10679,#10680);
#8208=LINE('',#10681,#10682);
#8209=VERTEX_POINT('',#10683);
#8210=VERTEX_POINT('',#10684);
#8211=LINE('',#10685,#10686);
#8212=VERTEX_POINT('',#10687);
#8213=LINE('',#10688,#10689);
#8214=LINE('',#10690,#10691);
#8215=VERTEX_POINT('',#10692);
#8216=LINE('',#10693,#10694);
#8217=VERTEX_POINT('',#10695);
#8218=LINE('',#10696,#10697);
#8219=LINE('',#10698,#10699);
#8220=VERTEX_POINT('',#10700);
#8221=LINE('',#10701,#10702);
#8222=VERTEX_POINT('',#10703);
#8223=LINE('',#10704,#10705);
#8224=LINE('',#10706,#10707);
#8225=VERTEX_POINT('',#10708);
#8226=LINE('',#10709,#10710);
#8227=VERTEX_POINT('',#10711);
#8228=LINE('',#10712,#10713);
#8229=VERTEX_POINT('',#10714);
#8230=LINE('',#10715,#10716);
#8231=LINE('',#10717,#10718);
#8232=VERTEX_POINT('',#10719);
#8233=LINE('',#10720,#10721);
#8234=VERTEX_POINT('',#10722);
#8235=LINE('',#10723,#10724);
#8236=CIRCLE('',#10725,0.15);
#8237=LINE('',#10726,#10727);
#8238=VERTEX_POINT('',#10728);
#8239=LINE('',#10729,#10730);
#8240=CIRCLE('',#10731,0.15);
#8241=LINE('',#10732,#10733);
#8242=VERTEX_POINT('',#10734);
#8243=LINE('',#10735,#10736);
#8244=VERTEX_POINT('',#10737);
#8245=LINE('',#10738,#10739);
#8246=LINE('',#10740,#10741);
#8247=VERTEX_POINT('',#10742);
#8248=LINE('',#10743,#10744);
#8249=VERTEX_POINT('',#10745);
#8250=LINE('',#10746,#10747);
#8251=LINE('',#10748,#10749);
#8252=VERTEX_POINT('',#10750);
#8253=LINE('',#10751,#10752);
#8254=VERTEX_POINT('',#10753);
#8255=LINE('',#10754,#10755);
#8256=VERTEX_POINT('',#10756);
#8257=LINE('',#10757,#10758);
#8258=LINE('',#10759,#10760);
#8259=VERTEX_POINT('',#10761);
#8260=LINE('',#10762,#10763);
#8261=LINE('',#10764,#10765);
#8262=LINE('',#10766,#10767);
#8263=VERTEX_POINT('',#10768);
#8264=LINE('',#10769,#10770);
#8265=VERTEX_POINT('',#10771);
#8266=LINE('',#10772,#10773);
#8267=VERTEX_POINT('',#10774);
#8268=LINE('',#10775,#10776);
#8269=VERTEX_POINT('',#10777);
#8270=LINE('',#10778,#10779);
#8271=VERTEX_POINT('',#10780);
#8272=LINE('',#10781,#10782);
#8273=VERTEX_POINT('',#10783);
#8274=LINE('',#10784,#10785);
#8275=VERTEX_POINT('',#10786);
#8276=LINE('',#10787,#10788);
#8277=VERTEX_POINT('',#10789);
#8278=LINE('',#10790,#10791);
#8279=VERTEX_POINT('',#10792);
#8280=LINE('',#10793,#10794);
#8281=VERTEX_POINT('',#10795);
#8282=LINE('',#10796,#10797);
#8283=VERTEX_POINT('',#10798);
#8284=LINE('',#10799,#10800);
#8285=VERTEX_POINT('',#10801);
#8286=LINE('',#10802,#10803);
#8287=VERTEX_POINT('',#10804);
#8288=LINE('',#10805,#10806);
#8289=VERTEX_POINT('',#10807);
#8290=LINE('',#10808,#10809);
#8291=LINE('',#10810,#10811);
#8292=VERTEX_POINT('',#10812);
#8293=LINE('',#10813,#10814);
#8294=VERTEX_POINT('',#10815);
#8295=LINE('',#10816,#10817);
#8296=VERTEX_POINT('',#10818);
#8297=LINE('',#10819,#10820);
#8298=VERTEX_POINT('',#10821);
#8299=LINE('',#10822,#10823);
#8300=VERTEX_POINT('',#10824);
#8301=LINE('',#10825,#10826);
#8302=VERTEX_POINT('',#10827);
#8303=LINE('',#10828,#10829);
#8304=VERTEX_POINT('',#10830);
#8305=LINE('',#10831,#10832);
#8306=VERTEX_POINT('',#10833);
#8307=LINE('',#10834,#10835);
#8308=VERTEX_POINT('',#10836);
#8309=LINE('',#10837,#10838);
#8310=LINE('',#10839,#10840);
#8311=LINE('',#10841,#10842);
#8312=VERTEX_POINT('',#10843);
#8313=LINE('',#10844,#10845);
#8314=VERTEX_POINT('',#10846);
#8315=LINE('',#10847,#10848);
#8316=VERTEX_POINT('',#10849);
#8317=LINE('',#10850,#10851);
#8318=LINE('',#10852,#10853);
#8319=LINE('',#10854,#10855);
#8320=LINE('',#10856,#10857);
#8321=VERTEX_POINT('',#10858);
#8322=LINE('',#10859,#10860);
#8323=VERTEX_POINT('',#10861);
#8324=LINE('',#10862,#10863);
#8325=VERTEX_POINT('',#10864);
#8326=LINE('',#10865,#10866);
#8327=LINE('',#10867,#10868);
#8328=LINE('',#10869,#10870);
#8329=LINE('',#10871,#10872);
#8330=VERTEX_POINT('',#10873);
#8331=LINE('',#10874,#10875);
#8332=LINE('',#10876,#10877);
#8333=LINE('',#10878,#10879);
#8334=VERTEX_POINT('',#10880);
#8335=LINE('',#10881,#10882);
#8336=LINE('',#10883,#10884);
#8337=VERTEX_POINT('',#10885);
#8338=VERTEX_POINT('',#10886);
#8339=LINE('',#10887,#10888);
#8340=VERTEX_POINT('',#10889);
#8341=LINE('',#10890,#10891);
#8342=VERTEX_POINT('',#10892);
#8343=LINE('',#10893,#10894);
#8344=LINE('',#10895,#10896);
#8345=LINE('',#10897,#10898);
#8346=LINE('',#10899,#10900);
#8347=LINE('',#10901,#10902);
#8348=VERTEX_POINT('',#10903);
#8349=VERTEX_POINT('',#10904);
#8350=LINE('',#10905,#10906);
#8351=VERTEX_POINT('',#10907);
#8352=B_SPLINE_CURVE_WITH_KNOTS('',3,(#10908,#10909,#10910,#10911),.UNSPECIFIED.,.F.,.F.,(4,4),(0.0,1.0),.UNSPECIFIED.);
#8353=B_SPLINE_CURVE_WITH_KNOTS('',3,(#10912,#10913,#10914,#10915),.UNSPECIFIED.,.F.,.F.,(4,4),(0.0,1.0),.UNSPECIFIED.);
#8354=VERTEX_POINT('',#10916);
#8355=LINE('',#10917,#10918);
#8356=VERTEX_POINT('',#10919);
#8357=LINE('',#10920,#10921);
#8358=LINE('',#10922,#10923);
#8359=VERTEX_POINT('',#10924);
#8360=VERTEX_POINT('',#10925);
#8361=LINE('',#10926,#10927);
#8362=VERTEX_POINT('',#10928);
#8363=LINE('',#10929,#10930);
#8364=VERTEX_POINT('',#10931);
#8365=LINE('',#10932,#10933);
#8366=LINE('',#10934,#10935);
#8367=VERTEX_POINT('',#10936);
#8368=LINE('',#10937,#10938);
#8369=VERTEX_POINT('',#10939);
#8370=LINE('',#10940,#10941);
#8371=LINE('',#10942,#10943);
#8372=VERTEX_POINT('',#10944);
#8373=VERTEX_POINT('',#10945);
#8374=LINE('',#10946,#10947);
#8375=VERTEX_POINT('',#10948);
#8376=LINE('',#10949,#10950);
#8377=VERTEX_POINT('',#10951);
#8378=B_SPLINE_CURVE_WITH_KNOTS('',3,(#10952,#10953,#10954,#10955),.UNSPECIFIED.,.F.,.F.,(4,4),(0.0,1.00000000000141),.UNSPECIFIED.);
#8379=VERTEX_POINT('',#10956);
#8380=LINE('',#10957,#10958);
#8381=VERTEX_POINT('',#10959);
#8382=B_SPLINE_CURVE_WITH_KNOTS('',3,(#10960,#10961,#10962,#10963),.UNSPECIFIED.,.F.,.F.,(4,4),(0.0,1.0),.UNSPECIFIED.);
#8383=VERTEX_POINT('',#10964);
#8384=LINE('',#10965,#10966);
#8385=VERTEX_POINT('',#10967);
#8386=LINE('',#10968,#10969);
#8387=VERTEX_POINT('',#10970);
#8388=LINE('',#10971,#10972);
#8389=B_SPLINE_CURVE_WITH_KNOTS('',3,(#10973,#10974,#10975,#10976,#10977),.UNSPECIFIED.,.F.,.F.,(4,1,4),(0.0,0.5,1.0),.UNSPECIFIED.);
#8390=VERTEX_POINT('',#10978);
#8391=B_SPLINE_CURVE_WITH_KNOTS('',3,(#10979,#10980,#10981,#10982,#10983),.UNSPECIFIED.,.F.,.F.,(4,1,4),(0.0,0.5,1.0),.UNSPECIFIED.);
#8392=LINE('',#10984,#10985);
#8393=VERTEX_POINT('',#10986);
#8394=LINE('',#10987,#10988);
#8395=VERTEX_POINT('',#10989);
#8396=LINE('',#10990,#10991);
#8397=VERTEX_POINT('',#10992);
#8398=LINE('',#10993,#10994);
#8399=VERTEX_POINT('',#10995);
#8400=LINE('',#10996,#10997);
#8401=VERTEX_POINT('',#10998);
#8402=LINE('',#10999,#11000);
#8403=VERTEX_POINT('',#11001);
#8404=LINE('',#11002,#11003);
#8405=VERTEX_POINT('',#11004);
#8406=LINE('',#11005,#11006);
#8407=CIRCLE('',#11007,1.5);
#8408=VERTEX_POINT('',#11008);
#8409=LINE('',#11009,#11010);
#8410=CIRCLE('',#11011,1.5);
#8411=LINE('',#11012,#11013);
#8412=VERTEX_POINT('',#11014);
#8413=LINE('',#11015,#11016);
#8414=VERTEX_POINT('',#11017);
#8415=LINE('',#11018,#11019);
#8416=VERTEX_POINT('',#11020);
#8417=B_SPLINE_CURVE_WITH_KNOTS('',3,(#11021,#11022,#11023,#11024,#11025,#11026),.UNSPECIFIED.,.F.,.F.,(4,1,1,4),(0.0,0.3333333333333,0.6666666666667,1.0),.UNSPECIFIED.);
#8418=VERTEX_POINT('',#11027);
#8419=CIRCLE('',#11028,1.476432670588);
#8420=VERTEX_POINT('',#11029);
#8421=LINE('',#11030,#11031);
#8422=VERTEX_POINT('',#11032);
#8423=CIRCLE('',#11033,1.076432670588);
#8424=VERTEX_POINT('',#11034);
#8425=LINE('',#11035,#11036);
#8426=VERTEX_POINT('',#11037);
#8427=CIRCLE('',#11038,1.076432670588);
#8428=VERTEX_POINT('',#11039);
#8429=LINE('',#11040,#11041);
#8430=VERTEX_POINT('',#11042);
#8431=CIRCLE('',#11043,1.476432670588);
#8432=VERTEX_POINT('',#11044);
#8433=B_SPLINE_CURVE_WITH_KNOTS('',3,(#11045,#11046,#11047,#11048,#11049,#11050),.UNSPECIFIED.,.F.,.F.,(4,1,1,4),(0.0,0.3333333333333,0.6666666666667,1.0),.UNSPECIFIED.);
#8434=VERTEX_POINT('',#11051);
#8435=LINE('',#11052,#11053);
#8436=VERTEX_POINT('',#11054);
#8437=LINE('',#11055,#11056);
#8438=VERTEX_POINT('',#11057);
#8439=LINE('',#11058,#11059);
#8440=VERTEX_POINT('',#11060);
#8441=LINE('',#11061,#11062);
#8442=VERTEX_POINT('',#11063);
#8443=LINE('',#11064,#11065);
#8444=VERTEX_POINT('',#11066);
#8445=LINE('',#11067,#11068);
#8446=VERTEX_POINT('',#11069);
#8447=LINE('',#11070,#11071);
#8448=VERTEX_POINT('',#11072);
#8449=B_SPLINE_CURVE_WITH_KNOTS('',3,(#11073,#11074,#11075,#11076,#11077,#11078),.UNSPECIFIED.,.F.,.F.,(4,1,1,4),(0.0,0.3333333333333,0.6666666666667,1.0),.UNSPECIFIED.);
#8450=VERTEX_POINT('',#11079);
#8451=CIRCLE('',#11080,1.476432670588);
#8452=VERTEX_POINT('',#11081);
#8453=LINE('',#11082,#11083);
#8454=VERTEX_POINT('',#11084);
#8455=CIRCLE('',#11085,1.076432670588);
#8456=VERTEX_POINT('',#11086);
#8457=LINE('',#11087,#11088);
#8458=VERTEX_POINT('',#11089);
#8459=CIRCLE('',#11090,1.076432670588);
#8460=VERTEX_POINT('',#11091);
#8461=LINE('',#11092,#11093);
#8462=VERTEX_POINT('',#11094);
#8463=CIRCLE('',#11095,1.476432670588);
#8464=VERTEX_POINT('',#11096);
#8465=B_SPLINE_CURVE_WITH_KNOTS('',3,(#11097,#11098,#11099,#11100,#11101,#11102),.UNSPECIFIED.,.F.,.F.,(4,1,1,4),(0.0,0.3333333333333,0.6666666666667,1.0),.UNSPECIFIED.);
#8466=VERTEX_POINT('',#11103);
#8467=LINE('',#11104,#11105);
#8468=VERTEX_POINT('',#11106);
#8469=LINE('',#11107,#11108);
#8470=VERTEX_POINT('',#11109);
#8471=LINE('',#11110,#11111);
#8472=VERTEX_POINT('',#11112);
#8473=LINE('',#11113,#11114);
#8474=VERTEX_POINT('',#11115);
#8475=LINE('',#11116,#11117);
#8476=VERTEX_POINT('',#11118);
#8477=LINE('',#11119,#11120);
#8478=VERTEX_POINT('',#11121);
#8479=LINE('',#11122,#11123);
#8480=VERTEX_POINT('',#11124);
#8481=LINE('',#11125,#11126);
#8482=VERTEX_POINT('',#11127);
#8483=LINE('',#11128,#11129);
#8484=VERTEX_POINT('',#11130);
#8485=B_SPLINE_CURVE_WITH_KNOTS('',3,(#11131,#11132,#11133,#11134,#11135,#11136),.UNSPECIFIED.,.F.,.F.,(4,1,1,4),(0.0,0.3333333333333,0.6666666666667,1.0),.UNSPECIFIED.);
#8486=VERTEX_POINT('',#11137);
#8487=CIRCLE('',#11138,1.476432670588);
#8488=VERTEX_POINT('',#11139);
#8489=LINE('',#11140,#11141);
#8490=VERTEX_POINT('',#11142);
#8491=CIRCLE('',#11143,1.076432670588);
#8492=VERTEX_POINT('',#11144);
#8493=LINE('',#11145,#11146);
#8494=VERTEX_POINT('',#11147);
#8495=CIRCLE('',#11148,1.076432670588);
#8496=VERTEX_POINT('',#11149);
#8497=LINE('',#11150,#11151);
#8498=VERTEX_POINT('',#11152);
#8499=CIRCLE('',#11153,1.476432670588);
#8500=VERTEX_POINT('',#11154);
#8501=B_SPLINE_CURVE_WITH_KNOTS('',3,(#11155,#11156,#11157,#11158,#11159,#11160),.UNSPECIFIED.,.F.,.F.,(4,1,1,4),(0.0,0.3333333333333,0.6666666666667,1.0),.UNSPECIFIED.);
#8502=VERTEX_POINT('',#11161);
#8503=LINE('',#11162,#11163);
#8504=VERTEX_POINT('',#11164);
#8505=LINE('',#11165,#11166);
#8506=VERTEX_POINT('',#11167);
#8507=LINE('',#11168,#11169);
#8508=VERTEX_POINT('',#11170);
#8509=LINE('',#11171,#11172);
#8510=VERTEX_POINT('',#11173);
#8511=LINE('',#11174,#11175);
#8512=VERTEX_POINT('',#11176);
#8513=LINE('',#11177,#11178);
#8514=VERTEX_POINT('',#11179);
#8515=LINE('',#11180,#11181);
#8516=VERTEX_POINT('',#11182);
#8517=B_SPLINE_CURVE_WITH_KNOTS('',3,(#11183,#11184,#11185,#11186,#11187,#11188),.UNSPECIFIED.,.F.,.F.,(4,1,1,4),(0.0,0.3333333333333,0.6666666666667,1.0),.UNSPECIFIED.);
#8518=VERTEX_POINT('',#11189);
#8519=CIRCLE('',#11190,1.476432670588);
#8520=VERTEX_POINT('',#11191);
#8521=LINE('',#11192,#11193);
#8522=VERTEX_POINT('',#11194);
#8523=CIRCLE('',#11195,1.076432670588);
#8524=VERTEX_POINT('',#11196);
#8525=LINE('',#11197,#11198);
#8526=VERTEX_POINT('',#11199);
#8527=CIRCLE('',#11200,1.076432670588);
#8528=VERTEX_POINT('',#11201);
#8529=LINE('',#11202,#11203);
#8530=VERTEX_POINT('',#11204);
#8531=CIRCLE('',#11205,1.476432670588);
#8532=VERTEX_POINT('',#11206);
#8533=B_SPLINE_CURVE_WITH_KNOTS('',3,(#11207,#11208,#11209,#11210,#11211,#11212),.UNSPECIFIED.,.F.,.F.,(4,1,1,4),(0.0,0.3333333333333,0.6666666666667,1.0),.UNSPECIFIED.);
#8534=VERTEX_POINT('',#11213);
#8535=LINE('',#11214,#11215);
#8536=LINE('',#11216,#11217);
#8537=VERTEX_POINT('',#11218);
#8538=VERTEX_POINT('',#11219);
#8539=CIRCLE('',#11220,0.1948528137423);
#8540=VERTEX_POINT('',#11221);
#8541=CIRCLE('',#11222,7.172024729506);
#8542=VERTEX_POINT('',#11223);
#8543=LINE('',#11224,#11225);
#8544=VERTEX_POINT('',#11226);
#8545=CIRCLE('',#11227,7.172024729506);
#8546=CIRCLE('',#11228,0.1948528137423);
#8547=VERTEX_POINT('',#11229);
#8548=CIRCLE('',#11230,3.585357149373);
#8549=VERTEX_POINT('',#11231);
#8550=CIRCLE('',#11232,0.1948528137423);
#8551=VERTEX_POINT('',#11233);
#8552=CIRCLE('',#11234,7.172024729506);
#8553=VERTEX_POINT('',#11235);
#8554=LINE('',#11236,#11237);
#8555=VERTEX_POINT('',#11238);
#8556=CIRCLE('',#11239,7.172024729506);
#8557=CIRCLE('',#11240,0.1948528137423);
#8558=VERTEX_POINT('',#11241);
#8559=CIRCLE('',#11242,3.585357149378);
#8560=VERTEX_POINT('',#11243);
#8561=CIRCLE('',#11244,0.1948528137423);
#8562=VERTEX_POINT('',#11245);
#8563=CIRCLE('',#11246,7.172024729505);
#8564=VERTEX_POINT('',#11247);
#8565=LINE('',#11248,#11249);
#8566=VERTEX_POINT('',#11250);
#8567=CIRCLE('',#11251,7.172024729505);
#8568=CIRCLE('',#11252,0.1948528137423);
#8569=VERTEX_POINT('',#11253);
#8570=CIRCLE('',#11254,3.585357149373);
#8571=VERTEX_POINT('',#11255);
#8572=CIRCLE('',#11256,0.1948528137423);
#8573=VERTEX_POINT('',#11257);
#8574=CIRCLE('',#11258,7.172024729505);
#8575=VERTEX_POINT('',#11259);
#8576=LINE('',#11260,#11261);
#8577=VERTEX_POINT('',#11262);
#8578=CIRCLE('',#11263,7.172024729505);
#8579=CIRCLE('',#11264,0.1948528137423);
#8580=CIRCLE('',#11265,3.591186090665);
#8581=VERTEX_POINT('',#11266);
#8582=LINE('',#11267,#11268);
#8583=VERTEX_POINT('',#11269);
#8584=LINE('',#11270,#11271);
#8585=VERTEX_POINT('',#11272);
#8586=LINE('',#11273,#11274);
#8587=LINE('',#11275,#11276);
#8588=VERTEX_POINT('',#11277);
#8589=B_SPLINE_CURVE_WITH_KNOTS('',3,(#11278,#11279,#11280,#11281,#11282),.UNSPECIFIED.,.F.,.F.,(4,1,4),(0.0,0.5,1.0),.UNSPECIFIED.);
#8590=VERTEX_POINT('',#11283);
#8591=LINE('',#11284,#11285);
#8592=VERTEX_POINT('',#11286);
#8593=B_SPLINE_CURVE_WITH_KNOTS('',3,(#11287,#11288,#11289,#11290,#11291,#11292),.UNSPECIFIED.,.F.,.F.,(4,1,1,4),(0.0,0.3333333333333,0.6666666666667,1.0),.UNSPECIFIED.);
#8594=B_SPLINE_CURVE_WITH_KNOTS('',3,(#11293,#11294,#11295,#11296),.UNSPECIFIED.,.F.,.F.,(4,4),(0.0,0.999999999999052),.UNSPECIFIED.);
#8595=VERTEX_POINT('',#11297);
#8596=LINE('',#11298,#11299);
#8597=B_SPLINE_CURVE_WITH_KNOTS('',3,(#11300,#11301,#11302,#11303),.UNSPECIFIED.,.F.,.F.,(4,4),(9.48506822074432E-13,1.0),.UNSPECIFIED.);
#8598=VERTEX_POINT('',#11304);
#8599=B_SPLINE_CURVE_WITH_KNOTS('',3,(#11305,#11306,#11307,#11308,#11309,#11310),.UNSPECIFIED.,.F.,.F.,(4,1,1,4),(0.0,0.3333333333333,0.6666666666667,1.0),.UNSPECIFIED.);
#8600=VERTEX_POINT('',#11311);
#8601=LINE('',#11312,#11313);
#8602=VERTEX_POINT('',#11314);
#8603=B_SPLINE_CURVE_WITH_KNOTS('',3,(#11315,#11316,#11317,#11318,#11319),.UNSPECIFIED.,.F.,.F.,(4,1,4),(0.0,0.5,1.0),.UNSPECIFIED.);
#8604=LINE('',#11320,#11321);
#8605=VERTEX_POINT('',#11322);
#8606=LINE('',#11323,#11324);
#8607=VERTEX_POINT('',#11325);
#8608=LINE('',#11326,#11327);
#8609=LINE('',#11328,#11329);
#8610=VERTEX_POINT('',#11330);
#8611=B_SPLINE_CURVE_WITH_KNOTS('',3,(#11331,#11332,#11333,#11334),.UNSPECIFIED.,.F.,.F.,(4,4),(0.0,1.0),.UNSPECIFIED.);
#8612=LINE('',#11335,#11336);
#8613=VERTEX_POINT('',#11337);
#8614=VERTEX_POINT('',#11338);
#8615=LINE('',#11339,#11340);
#8616=VERTEX_POINT('',#11341);
#8617=B_SPLINE_CURVE_WITH_KNOTS('',3,(#11342,#11343,#11344,#11345,#11346,#11347),.UNSPECIFIED.,.F.,.F.,(4,1,1,4),(0.0,0.3333333333333,0.6666666666667,1.0),.UNSPECIFIED.);
#8618=VERTEX_POINT('',#11348);
#8619=CIRCLE('',#11349,1.5);
#8620=VERTEX_POINT('',#11350);
#8621=LINE('',#11351,#11352);
#8622=VERTEX_POINT('',#11353);
#8623=CIRCLE('',#11354,1.1);
#8624=VERTEX_POINT('',#11355);
#8625=LINE('',#11356,#11357);
#8626=VERTEX_POINT('',#11358);
#8627=CIRCLE('',#11359,1.1);
#8628=VERTEX_POINT('',#11360);
#8629=LINE('',#11361,#11362);
#8630=VERTEX_POINT('',#11363);
#8631=CIRCLE('',#11364,1.5);
#8632=B_SPLINE_CURVE_WITH_KNOTS('',3,(#11365,#11366,#11367,#11368,#11369,#11370),.UNSPECIFIED.,.F.,.F.,(4,1,1,4),(0.0,0.3333333333333,0.6666666666667,1.0),.UNSPECIFIED.);
#8633=VERTEX_POINT('',#11371);
#8634=LINE('',#11372,#11373);
#8635=VERTEX_POINT('',#11374);
#8636=LINE('',#11375,#11376);
#8637=VERTEX_POINT('',#11377);
#8638=LINE('',#11378,#11379);
#8639=LINE('',#11380,#11381);
#8640=LINE('',#11382,#11383);
#8641=VERTEX_POINT('',#11384);
#8642=LINE('',#11385,#11386);
#8643=VERTEX_POINT('',#11387);
#8644=LINE('',#11388,#11389);
#8645=LINE('',#11390,#11391);
#8646=VERTEX_POINT('',#11392);
#8647=LINE('',#11393,#11394);
#8648=VERTEX_POINT('',#11395);
#8649=LINE('',#11396,#11397);
#8650=VERTEX_POINT('',#11398);
#8651=B_SPLINE_CURVE_WITH_KNOTS('',3,(#11399,#11400,#11401,#11402,#11403),.UNSPECIFIED.,.F.,.F.,(4,1,4),(0.0,0.5,1.0),.UNSPECIFIED.);
#8652=VERTEX_POINT('',#11404);
#8653=LINE('',#11405,#11406);
#8654=VERTEX_POINT('',#11407);
#8655=B_SPLINE_CURVE_WITH_KNOTS('',3,(#11408,#11409,#11410,#11411,#11412),.UNSPECIFIED.,.F.,.F.,(4,1,4),(0.0,0.5,1.0),.UNSPECIFIED.);
#8656=LINE('',#11413,#11414);
#8657=VERTEX_POINT('',#11415);
#8658=B_SPLINE_CURVE_WITH_KNOTS('',3,(#11416,#11417,#11418,#11419),.UNSPECIFIED.,.F.,.F.,(4,4),(0.0,1.00000000000141),.UNSPECIFIED.);
#8659=VERTEX_POINT('',#11420);
#8660=LINE('',#11421,#11422);
#8661=B_SPLINE_CURVE_WITH_KNOTS('',3,(#11423,#11424,#11425,#11426),.UNSPECIFIED.,.F.,.F.,(4,4),(0.0,1.0),.UNSPECIFIED.);
#8662=VERTEX_POINT('',#11427);
#8663=B_SPLINE_CURVE_WITH_KNOTS('',3,(#11428,#11429,#11430,#11431),.UNSPECIFIED.,.F.,.F.,(4,4),(9.48506822074432E-13,1.0),.UNSPECIFIED.);
#8664=VERTEX_POINT('',#11432);
#8665=B_SPLINE_CURVE_WITH_KNOTS('',3,(#11433,#11434,#11435,#11436,#11437,#11438),.UNSPECIFIED.,.F.,.F.,(4,1,1,4),(0.0,0.3333333333333,0.6666666666667,1.0),.UNSPECIFIED.);
#8666=VERTEX_POINT('',#11439);
#8667=LINE('',#11440,#11441);
#8668=VERTEX_POINT('',#11442);
#8669=B_SPLINE_CURVE_WITH_KNOTS('',3,(#11443,#11444,#11445,#11446,#11447),.UNSPECIFIED.,.F.,.F.,(4,1,4),(0.0,0.5,1.0),.UNSPECIFIED.);
#8670=LINE('',#11448,#11449);
#8671=VERTEX_POINT('',#11450);
#8672=LINE('',#11451,#11452);
#8673=VERTEX_POINT('',#11453);
#8674=LINE('',#11454,#11455);
#8675=LINE('',#11456,#11457);
#8676=VERTEX_POINT('',#11458);
#8677=B_SPLINE_CURVE_WITH_KNOTS('',3,(#11459,#11460,#11461,#11462),.UNSPECIFIED.,.F.,.F.,(4,4),(0.0,1.0),.UNSPECIFIED.);
#8678=LINE('',#11463,#11464);
#8679=VERTEX_POINT('',#11465);
#8680=VERTEX_POINT('',#11466);
#8681=LINE('',#11467,#11468);
#8682=VERTEX_POINT('',#11469);
#8683=B_SPLINE_CURVE_WITH_KNOTS('',3,(#11470,#11471,#11472,#11473,#11474,#11475),.UNSPECIFIED.,.F.,.F.,(4,1,1,4),(0.0,0.3333333333333,0.6666666666667,1.0),.UNSPECIFIED.);
#8684=VERTEX_POINT('',#11476);
#8685=CIRCLE('',#11477,1.5);
#8686=VERTEX_POINT('',#11478);
#8687=LINE('',#11479,#11480);
#8688=VERTEX_POINT('',#11481);
#8689=CIRCLE('',#11482,1.1);
#8690=VERTEX_POINT('',#11483);
#8691=LINE('',#11484,#11485);
#8692=VERTEX_POINT('',#11486);
#8693=CIRCLE('',#11487,1.1);
#8694=VERTEX_POINT('',#11488);
#8695=LINE('',#11489,#11490);
#8696=VERTEX_POINT('',#11491);
#8697=CIRCLE('',#11492,1.5);
#8698=B_SPLINE_CURVE_WITH_KNOTS('',3,(#11493,#11494,#11495,#11496,#11497,#11498),.UNSPECIFIED.,.F.,.F.,(4,1,1,4),(0.0,0.3333333333333,0.6666666666667,1.0),.UNSPECIFIED.);
#8699=VERTEX_POINT('',#11499);
#8700=LINE('',#11500,#11501);
#8701=VERTEX_POINT('',#11502);
#8702=LINE('',#11503,#11504);
#8703=VERTEX_POINT('',#11505);
#8704=LINE('',#11506,#11507);
#8705=LINE('',#11508,#11509);
#8706=VERTEX_POINT('',#11510);
#8707=B_SPLINE_CURVE_WITH_KNOTS('',3,(#11511,#11512,#11513,#11514,#11515,#11516),.UNSPECIFIED.,.F.,.F.,(4,1,1,4),(0.0,0.3333333333333,0.6666666666667,1.0),.UNSPECIFIED.);
#8708=VERTEX_POINT('',#11517);
#8709=B_SPLINE_CURVE_WITH_KNOTS('',3,(#11518,#11519,#11520,#11521,#11522,#11523),.UNSPECIFIED.,.F.,.F.,(4,1,1,4),(0.0,0.3333333333333,0.6666666666667,1.0),.UNSPECIFIED.);
#8710=LINE('',#11524,#11525);
#8711=VERTEX_POINT('',#11526);
#8712=LINE('',#11527,#11528);
#8713=VERTEX_POINT('',#11529);
#8714=LINE('',#11530,#11531);
#8715=LINE('',#11532,#11533);
#8716=LINE('',#11534,#11535);
#8717=B_SPLINE_CURVE_WITH_KNOTS('',3,(#11536,#11537,#11538,#11539),.UNSPECIFIED.,.F.,.F.,(4,4),(0.0,1.0),.UNSPECIFIED.);
#8718=LINE('',#11540,#11541);
#8719=LINE('',#11542,#11543);
#8720=LINE('',#11544,#11545);
#8721=B_SPLINE_CURVE_WITH_KNOTS('',3,(#11546,#11547,#11548,#11549,#11550,#11551),.UNSPECIFIED.,.F.,.F.,(4,1,1,4),(0.0,0.3333333333333,0.6666666666667,1.0),.UNSPECIFIED.);
#8722=B_SPLINE_CURVE_WITH_KNOTS('',3,(#11552,#11553,#11554,#11555,#11556,#11557),.UNSPECIFIED.,.F.,.F.,(4,1,1,4),(0.0,0.3333333333333,0.6666666666667,1.0),.UNSPECIFIED.);
#8723=LINE('',#11558,#11559);
#8724=LINE('',#11560,#11561);
#8725=LINE('',#11562,#11563);
#8726=VERTEX_POINT('',#11564);
#8727=VERTEX_POINT('',#11565);
#8728=B_SPLINE_CURVE_WITH_KNOTS('',3,(#11566,#11567,#11568,#11569),.UNSPECIFIED.,.F.,.F.,(4,4),(1.45650798061516E-13,1.0),.UNSPECIFIED.);
#8729=VERTEX_POINT('',#11570);
#8730=LINE('',#11571,#11572);
#8731=LINE('',#11573,#11574);
#8732=VERTEX_POINT('',#11575);
#8733=B_SPLINE_CURVE_WITH_KNOTS('',3,(#11576,#11577,#11578,#11579),.UNSPECIFIED.,.F.,.F.,(4,4),(1.41225732980154E-12,1.0000000000001),.UNSPECIFIED.);
#8734=VERTEX_POINT('',#11580);
#8735=LINE('',#11581,#11582);
#8736=VERTEX_POINT('',#11583);
#8737=B_SPLINE_CURVE_WITH_KNOTS('',3,(#11584,#11585,#11586,#11587),.UNSPECIFIED.,.F.,.F.,(4,4),(1.01172974508218E-13,1.0),.UNSPECIFIED.);
#8738=LINE('',#11588,#11589);
#8739=VERTEX_POINT('',#11590);
#8740=LINE('',#11591,#11592);
#8741=VERTEX_POINT('',#11593);
#8742=LINE('',#11594,#11595);
#8743=VERTEX_POINT('',#11596);
#8744=B_SPLINE_CURVE_WITH_KNOTS('',3,(#11597,#11598,#11599,#11600),.UNSPECIFIED.,.F.,.F.,(4,4),(0.0,1.0),.UNSPECIFIED.);
#8745=LINE('',#11601,#11602);
#8746=VERTEX_POINT('',#11603);
#8747=LINE('',#11604,#11605);
#8748=VERTEX_POINT('',#11606);
#8749=LINE('',#11607,#11608);
#8750=LINE('',#11609,#11610);
#8751=VERTEX_POINT('',#11611);
#8752=VERTEX_POINT('',#11612);
#8753=LINE('',#11613,#11614);
#8754=VERTEX_POINT('',#11615);
#8755=LINE('',#11616,#11617);
#8756=VERTEX_POINT('',#11618);
#8757=LINE('',#11619,#11620);
#8758=LINE('',#11621,#11622);
#8759=VERTEX_POINT('',#11623);
#8760=B_SPLINE_CURVE_WITH_KNOTS('',3,(#11624,#11625,#11626,#11627),.UNSPECIFIED.,.F.,.F.,(4,4),(0.0,1.00000000000116),.UNSPECIFIED.);
#8761=LINE('',#11628,#11629);
#8762=VERTEX_POINT('',#11630);
#8763=LINE('',#11631,#11632);
#8764=LINE('',#11633,#11634);
#8765=VERTEX_POINT('',#11635);
#8766=LINE('',#11636,#11637);
#8767=VERTEX_POINT('',#11638);
#8768=LINE('',#11639,#11640);
#8769=VERTEX_POINT('',#11641);
#8770=LINE('',#11642,#11643);
#8771=LINE('',#11644,#11645);
#8772=VERTEX_POINT('',#11646);
#8773=LINE('',#11647,#11648);
#8774=VERTEX_POINT('',#11649);
#8775=LINE('',#11650,#11651);
#8776=LINE('',#11652,#11653);
#8777=VERTEX_POINT('',#11654);
#8778=LINE('',#11655,#11656);
#8779=LINE('',#11657,#11658);
#8780=CIRCLE('',#11659,1.5);
#8781=CIRCLE('',#11660,1.5);
#8782=VERTEX_POINT('',#11661);
#8783=LINE('',#11662,#11663);
#8784=VERTEX_POINT('',#11664);
#8785=LINE('',#11665,#11666);
#8786=VERTEX_POINT('',#11667);
#8787=LINE('',#11668,#11669);
#8788=LINE('',#11670,#11671);
#8789=VERTEX_POINT('',#11672);
#8790=LINE('',#11673,#11674);
#8791=LINE('',#11675,#11676);
#8792=B_SPLINE_CURVE_WITH_KNOTS('',3,(#11677,#11678,#11679,#11680),.UNSPECIFIED.,.F.,.F.,(4,4),(1.16489691409341E-12,1.0),.UNSPECIFIED.);
#8793=VERTEX_POINT('',#11681);
#8794=LINE('',#11682,#11683);
#8795=VERTEX_POINT('',#11684);
#8796=LINE('',#11685,#11686);
#8797=VERTEX_POINT('',#11687);
#8798=B_SPLINE_CURVE_WITH_KNOTS('',3,(#11688,#11689,#11690,#11691,#11692),.UNSPECIFIED.,.F.,.F.,(4,1,4),(0.0,0.5,1.0),.UNSPECIFIED.);
#8799=VERTEX_POINT('',#11693);
#8800=LINE('',#11694,#11695);
#8801=B_SPLINE_CURVE_WITH_KNOTS('',3,(#11696,#11697,#11698,#11699,#11700),.UNSPECIFIED.,.F.,.F.,(4,1,4),(0.0,0.5,1.0),.UNSPECIFIED.);
#8802=LINE('',#11701,#11702);
#8803=VERTEX_POINT('',#11703);
#8804=LINE('',#11704,#11705);
#8805=LINE('',#11706,#11707);
#8806=VERTEX_POINT('',#11708);
#8807=LINE('',#11709,#11710);
#8808=LINE('',#11711,#11712);
#8809=VERTEX_POINT('',#11713);
#8810=VERTEX_POINT('',#11714);
#8811=LINE('',#11715,#11716);
#8812=VERTEX_POINT('',#11717);
#8813=LINE('',#11718,#11719);
#8814=VERTEX_POINT('',#11720);
#8815=LINE('',#11721,#11722);
#8816=VERTEX_POINT('',#11723);
#8817=LINE('',#11724,#11725);
#8818=LINE('',#11726,#11727);
#8819=VERTEX_POINT('',#11728);
#8820=LINE('',#11729,#11730);
#8821=VERTEX_POINT('',#11731);
#8822=LINE('',#11732,#11733);
#8823=VERTEX_POINT('',#11734);
#8824=LINE('',#11735,#11736);
#8825=VERTEX_POINT('',#11737);
#8826=LINE('',#11738,#11739);
#8827=VERTEX_POINT('',#11740);
#8828=LINE('',#11741,#11742);
#8829=VERTEX_POINT('',#11743);
#8830=LINE('',#11744,#11745);
#8831=VERTEX_POINT('',#11746);
#8832=LINE('',#11747,#11748);
#8833=VERTEX_POINT('',#11749);
#8834=LINE('',#11750,#11751);
#8835=VERTEX_POINT('',#11752);
#8836=LINE('',#11753,#11754);
#8837=LINE('',#11755,#11756);
#8838=VERTEX_POINT('',#11757);
#8839=LINE('',#11758,#11759);
#8840=VERTEX_POINT('',#11760);
#8841=LINE('',#11761,#11762);
#8842=VERTEX_POINT('',#11763);
#8843=LINE('',#11764,#11765);
#8844=LINE('',#11766,#11767);
#8845=VERTEX_POINT('',#11768);
#8846=VERTEX_POINT('',#11769);
#8847=CIRCLE('',#11770,4.589063085206);
#8848=CIRCLE('',#11771,4.589063085206);
#8849=VERTEX_POINT('',#11772);
#8850=CIRCLE('',#11773,1.5);
#8851=LINE('',#11774,#11775);
#8852=VERTEX_POINT('',#11776);
#8853=LINE('',#11777,#11778);
#8854=VERTEX_POINT('',#11779);
#8855=LINE('',#11780,#11781);
#8856=VERTEX_POINT('',#11782);
#8857=LINE('',#11783,#11784);
#8858=VERTEX_POINT('',#11785);
#8859=LINE('',#11786,#11787);
#8860=LINE('',#11788,#11789);
#8861=VERTEX_POINT('',#11790);
#8862=VERTEX_POINT('',#11791);
#8863=B_SPLINE_CURVE_WITH_KNOTS('',3,(#11792,#11793,#11794,#11795,#11796),.UNSPECIFIED.,.F.,.F.,(4,1,4),(0.0,0.5,1.0),.UNSPECIFIED.);
#8864=LINE('',#11797,#11798);
#8865=VERTEX_POINT('',#11799);
#8866=LINE('',#11800,#11801);
#8867=VERTEX_POINT('',#11802);
#8868=B_SPLINE_CURVE_WITH_KNOTS('',3,(#11803,#11804,#11805,#11806),.UNSPECIFIED.,.F.,.F.,(4,4),(0.0,1.00000000000141),.UNSPECIFIED.);
#8869=VERTEX_POINT('',#11807);
#8870=LINE('',#11808,#11809);
#8871=VERTEX_POINT('',#11810);
#8872=B_SPLINE_CURVE_WITH_KNOTS('',3,(#11811,#11812,#11813,#11814),.UNSPECIFIED.,.F.,.F.,(4,4),(0.0,1.0),.UNSPECIFIED.);
#8873=LINE('',#11815,#11816);
#8874=VERTEX_POINT('',#11817);
#8875=B_SPLINE_CURVE_WITH_KNOTS('',3,(#11818,#11819,#11820,#11821,#11822),.UNSPECIFIED.,.F.,.F.,(4,1,4),(0.0,0.5,1.0),.UNSPECIFIED.);
#8876=LINE('',#11823,#11824);
#8877=VERTEX_POINT('',#11825);
#8878=LINE('',#11826,#11827);
#8879=VERTEX_POINT('',#11828);
#8880=LINE('',#11829,#11830);
#8881=LINE('',#11831,#11832);
#8882=VERTEX_POINT('',#11833);
#8883=VERTEX_POINT('',#11834);
#8884=LINE('',#11835,#11836);
#8885=VERTEX_POINT('',#11837);
#8886=LINE('',#11838,#11839);
#8887=VERTEX_POINT('',#11840);
#8888=LINE('',#11841,#11842);
#8889=LINE('',#11843,#11844);
#8890=VERTEX_POINT('',#11845);
#8891=B_SPLINE_CURVE_WITH_KNOTS('',3,(#11846,#11847,#11848,#11849,#11850),.UNSPECIFIED.,.F.,.F.,(4,1,4),(0.0,0.5,1.0),.UNSPECIFIED.);
#8892=LINE('',#11851,#11852);
#8893=VERTEX_POINT('',#11853);
#8894=LINE('',#11854,#11855);
#8895=VERTEX_POINT('',#11856);
#8896=LINE('',#11857,#11858);
#8897=LINE('',#11859,#11860);
#8898=VERTEX_POINT('',#11861);
#8899=LINE('',#11862,#11863);
#8900=CIRCLE('',#11864,1.5);
#8901=LINE('',#11865,#11866);
#8902=VERTEX_POINT('',#11867);
#8903=LINE('',#11868,#11869);
#8904=LINE('',#11870,#11871);
#8905=VERTEX_POINT('',#11872);
#8906=LINE('',#11873,#11874);
#8907=LINE('',#11875,#11876);
#8908=LINE('',#11877,#11878);
#8909=VERTEX_POINT('',#11879);
#8910=LINE('',#11880,#11881);
#8911=LINE('',#11882,#11883);
#8912=VERTEX_POINT('',#11884);
#8913=LINE('',#11885,#11886);
#8914=VERTEX_POINT('',#11887);
#8915=LINE('',#11888,#11889);
#8916=VERTEX_POINT('',#11890);
#8917=LINE('',#11891,#11892);
#8918=VERTEX_POINT('',#11893);
#8919=LINE('',#11894,#11895);
#8920=VERTEX_POINT('',#11896);
#8921=B_SPLINE_CURVE_WITH_KNOTS('',3,(#11897,#11898,#11899,#11900,#11901,#11902),.UNSPECIFIED.,.F.,.F.,(4,1,1,4),(0.0,0.3333333333333,0.6666666666667,1.0),.UNSPECIFIED.);
#8922=VERTEX_POINT('',#11903);
#8923=CIRCLE('',#11904,1.5);
#8924=VERTEX_POINT('',#11905);
#8925=LINE('',#11906,#11907);
#8926=VERTEX_POINT('',#11908);
#8927=CIRCLE('',#11909,1.1);
#8928=VERTEX_POINT('',#11910);
#8929=LINE('',#11911,#11912);
#8930=VERTEX_POINT('',#11913);
#8931=CIRCLE('',#11914,1.1);
#8932=VERTEX_POINT('',#11915);
#8933=LINE('',#11916,#11917);
#8934=VERTEX_POINT('',#11918);
#8935=CIRCLE('',#11919,1.5);
#8936=VERTEX_POINT('',#11920);
#8937=B_SPLINE_CURVE_WITH_KNOTS('',3,(#11921,#11922,#11923,#11924,#11925,#11926),.UNSPECIFIED.,.F.,.F.,(4,1,1,4),(0.0,0.3333333333333,0.6666666666667,1.0),.UNSPECIFIED.);
#8938=VERTEX_POINT('',#11927);
#8939=LINE('',#11928,#11929);
#8940=LINE('',#11930,#11931);
#8941=LINE('',#11932,#11933);
#8942=LINE('',#11934,#11935);
#8943=VERTEX_POINT('',#11936);
#8944=B_SPLINE_CURVE_WITH_KNOTS('',3,(#11937,#11938,#11939,#11940),.UNSPECIFIED.,.F.,.F.,(4,4),(9.48506822074432E-13,1.0),.UNSPECIFIED.);
#8945=VERTEX_POINT('',#11941);
#8946=B_SPLINE_CURVE_WITH_KNOTS('',3,(#11942,#11943,#11944,#11945,#11946,#11947),.UNSPECIFIED.,.F.,.F.,(4,1,1,4),(0.0,0.3333333333333,0.6666666666667,1.0),.UNSPECIFIED.);
#8947=LINE('',#11948,#11949);
#8948=VERTEX_POINT('',#11950);
#8949=LINE('',#11951,#11952);
#8950=LINE('',#11953,#11954);
#8951=VERTEX_POINT('',#11955);
#8952=B_SPLINE_CURVE_WITH_KNOTS('',3,(#11956,#11957,#11958,#11959,#11960,#11961),.UNSPECIFIED.,.F.,.F.,(4,1,1,4),(0.0,0.3333333333333,0.6666666666667,1.0),.UNSPECIFIED.);
#8953=B_SPLINE_CURVE_WITH_KNOTS('',3,(#11962,#11963,#11964,#11965),.UNSPECIFIED.,.F.,.F.,(4,4),(0.0,0.999999999999052),.UNSPECIFIED.);
#8954=LINE('',#11966,#11967);
#8955=B_SPLINE_CURVE_WITH_KNOTS('',3,(#11968,#11969,#11970,#11971),.UNSPECIFIED.,.F.,.F.,(4,4),(0.0,1.0),.UNSPECIFIED.);
#8956=LINE('',#11972,#11973);
#8957=LINE('',#11974,#11975);
#8958=LINE('',#11976,#11977);
#8959=LINE('',#11978,#11979);
#8960=LINE('',#11980,#11981);
#8961=LINE('',#11982,#11983);
#8962=LINE('',#11984,#11985);
#8963=LINE('',#11986,#11987);
#8964=B_SPLINE_CURVE_WITH_KNOTS('',3,(#11988,#11989,#11990,#11991),.UNSPECIFIED.,.F.,.F.,(4,4),(0.0,1.0),.UNSPECIFIED.);
#8965=LINE('',#11992,#11993);
#8966=VERTEX_POINT('',#11994);
#8967=LINE('',#11995,#11996);
#8968=LINE('',#11997,#11998);
#8969=VERTEX_POINT('',#11999);
#8970=B_SPLINE_CURVE_WITH_KNOTS('',3,(#12000,#12001,#12002,#12003,#12004),.UNSPECIFIED.,.F.,.F.,(4,1,4),(0.0,0.5,1.0),.UNSPECIFIED.);
#8971=VERTEX_POINT('',#12005);
#8972=LINE('',#12006,#12007);
#8973=VERTEX_POINT('',#12008);
#8974=B_SPLINE_CURVE_WITH_KNOTS('',3,(#12009,#12010,#12011,#12012,#12013,#12014),.UNSPECIFIED.,.F.,.F.,(4,1,1,4),(0.0,0.3333333333333,0.6666666666667,1.0),.UNSPECIFIED.);
#8975=B_SPLINE_CURVE_WITH_KNOTS('',3,(#12015,#12016,#12017,#12018),.UNSPECIFIED.,.F.,.F.,(4,4),(0.0,0.999999999999051),.UNSPECIFIED.);
#8976=VERTEX_POINT('',#12019);
#8977=LINE('',#12020,#12021);
#8978=B_SPLINE_CURVE_WITH_KNOTS('',3,(#12022,#12023,#12024,#12025),.UNSPECIFIED.,.F.,.F.,(4,4),(9.48506822074432E-13,1.0),.UNSPECIFIED.);
#8979=VERTEX_POINT('',#12026);
#8980=B_SPLINE_CURVE_WITH_KNOTS('',3,(#12027,#12028,#12029,#12030,#12031,#12032),.UNSPECIFIED.,.F.,.F.,(4,1,1,4),(0.0,0.3333333333333,0.6666666666667,1.0),.UNSPECIFIED.);
#8981=VERTEX_POINT('',#12033);
#8982=LINE('',#12034,#12035);
#8983=VERTEX_POINT('',#12036);
#8984=B_SPLINE_CURVE_WITH_KNOTS('',3,(#12037,#12038,#12039,#12040,#12041),.UNSPECIFIED.,.F.,.F.,(4,1,4),(0.0,0.5,1.0),.UNSPECIFIED.);
#8985=LINE('',#12042,#12043);
#8986=VERTEX_POINT('',#12044);
#8987=LINE('',#12045,#12046);
#8988=VERTEX_POINT('',#12047);
#8989=LINE('',#12048,#12049);
#8990=LINE('',#12050,#12051);
#8991=VERTEX_POINT('',#12052);
#8992=B_SPLINE_CURVE_WITH_KNOTS('',3,(#12053,#12054,#12055,#12056),.UNSPECIFIED.,.F.,.F.,(4,4),(0.0,1.0),.UNSPECIFIED.);
#8993=LINE('',#12057,#12058);
#8994=VERTEX_POINT('',#12059);
#8995=LINE('',#12060,#12061);
#8996=VERTEX_POINT('',#12062);
#8997=LINE('',#12063,#12064);
#8998=LINE('',#12065,#12066);
#8999=VERTEX_POINT('',#12067);
#9000=LINE('',#12068,#12069);
#9001=VERTEX_POINT('',#12070);
#9002=B_SPLINE_CURVE_WITH_KNOTS('',3,(#12071,#12072,#12073,#12074,#12075,#12076),.UNSPECIFIED.,.F.,.F.,(4,1,1,4),(3.99950139874635E-06,0.3333333333333,0.6666666666667,1.0),.UNSPECIFIED.);
#9003=VERTEX_POINT('',#12077);
#9004=CIRCLE('',#12078,1.5);
#9005=VERTEX_POINT('',#12079);
#9006=LINE('',#12080,#12081);
#9007=VERTEX_POINT('',#12082);
#9008=CIRCLE('',#12083,1.1);
#9009=VERTEX_POINT('',#12084);
#9010=LINE('',#12085,#12086);
#9011=VERTEX_POINT('',#12087);
#9012=CIRCLE('',#12088,1.1);
#9013=VERTEX_POINT('',#12089);
#9014=LINE('',#12090,#12091);
#9015=VERTEX_POINT('',#12092);
#9016=CIRCLE('',#12093,1.5);
#9017=B_SPLINE_CURVE_WITH_KNOTS('',3,(#12094,#12095,#12096,#12097,#12098,#12099),.UNSPECIFIED.,.F.,.F.,(4,1,1,4),(0.0,0.3333333333333,0.6666666666667,1.0),.UNSPECIFIED.);
#9018=LINE('',#12100,#12101);
#9019=LINE('',#12102,#12103);
#9020=LINE('',#12104,#12105);
#9021=B_SPLINE_CURVE_WITH_KNOTS('',3,(#12106,#12107,#12108,#12109,#12110,#12111),.UNSPECIFIED.,.F.,.F.,(4,1,1,4),(0.0,0.3333333333333,0.6666666666667,1.0),.UNSPECIFIED.);
#9022=B_SPLINE_CURVE_WITH_KNOTS('',3,(#12112,#12113,#12114,#12115,#12116,#12117),.UNSPECIFIED.,.F.,.F.,(4,1,1,4),(0.0,0.3333333333333,0.6666666666667,0.99999999999998),.UNSPECIFIED.);
#9023=LINE('',#12118,#12119);
#9024=LINE('',#12120,#12121);
#9025=LINE('',#12122,#12123);
#9026=B_SPLINE_CURVE_WITH_KNOTS('',3,(#12124,#12125,#12126,#12127),.UNSPECIFIED.,.F.,.F.,(4,4),(0.0,1.0),.UNSPECIFIED.);
#9027=VERTEX_POINT('',#12128);
#9028=LINE('',#12129,#12130);
#9029=LINE('',#12131,#12132);
#9030=VERTEX_POINT('',#12133);
#9031=LINE('',#12134,#12135);
#9032=VERTEX_POINT('',#12136);
#9033=LINE('',#12137,#12138);
#9034=LINE('',#12139,#12140);
#9035=LINE('',#12141,#12142);
#9036=VERTEX_POINT('',#12143);
#9037=LINE('',#12144,#12145);
#9038=LINE('',#12146,#12147);
#9039=B_SPLINE_CURVE_WITH_KNOTS('',3,(#12148,#12149,#12150,#12151,#12152),.UNSPECIFIED.,.F.,.F.,(4,1,4),(0.0,0.5,1.0),.UNSPECIFIED.);
#9040=VERTEX_POINT('',#12153);
#9041=B_SPLINE_CURVE_WITH_KNOTS('',3,(#12154,#12155,#12156,#12157,#12158),.UNSPECIFIED.,.F.,.F.,(4,1,4),(0.0,0.5,1.0),.UNSPECIFIED.);
#9042=VERTEX_POINT('',#12159);
#9043=LINE('',#12160,#12161);
#9044=LINE('',#12162,#12163);
#9045=VERTEX_POINT('',#12164);
#9046=LINE('',#12165,#12166);
#9047=VERTEX_POINT('',#12167);
#9048=LINE('',#12168,#12169);
#9049=LINE('',#12170,#12171);
#9050=VERTEX_POINT('',#12172);
#9051=LINE('',#12173,#12174);
#9052=LINE('',#12175,#12176);
#9053=VERTEX_POINT('',#12177);
#9054=LINE('',#12178,#12179);
#9055=VERTEX_POINT('',#12180);
#9056=LINE('',#12181,#12182);
#9057=LINE('',#12183,#12184);
#9058=VERTEX_POINT('',#12185);
#9059=LINE('',#12186,#12187);
#9060=VERTEX_POINT('',#12188);
#9061=B_SPLINE_CURVE_WITH_KNOTS('',3,(#12189,#12190,#12191,#12192,#12193),.UNSPECIFIED.,.F.,.F.,(4,1,4),(0.0,0.5,1.0),.UNSPECIFIED.);
#9062=VERTEX_POINT('',#12194);
#9063=LINE('',#12195,#12196);
#9064=VERTEX_POINT('',#12197);
#9065=B_SPLINE_CURVE_WITH_KNOTS('',3,(#12198,#12199,#12200,#12201,#12202),.UNSPECIFIED.,.F.,.F.,(4,1,4),(0.0,0.5,1.0),.UNSPECIFIED.);
#9066=VERTEX_POINT('',#12203);
#9067=LINE('',#12204,#12205);
#9068=LINE('',#12206,#12207);
#9069=VERTEX_POINT('',#12208);
#9070=LINE('',#12209,#12210);
#9071=B_SPLINE_CURVE_WITH_KNOTS('',3,(#12211,#12212,#12213,#12214,#12215),.UNSPECIFIED.,.F.,.F.,(4,1,4),(0.0,0.5,1.0),.UNSPECIFIED.);
#9072=VERTEX_POINT('',#12216);
#9073=LINE('',#12217,#12218);
#9074=VERTEX_POINT('',#12219);
#9075=B_SPLINE_CURVE_WITH_KNOTS('',3,(#12220,#12221,#12222,#12223,#12224,#12225),.UNSPECIFIED.,.F.,.F.,(4,1,1,4),(0.0,0.3333333333333,0.6666666666667,1.0),.UNSPECIFIED.);
#9076=B_SPLINE_CURVE_WITH_KNOTS('',3,(#12226,#12227,#12228,#12229),.UNSPECIFIED.,.F.,.F.,(4,4),(0.0,0.999999999999051),.UNSPECIFIED.);
#9077=LINE('',#12230,#12231);
#9078=LINE('',#12232,#12233);
#9079=VERTEX_POINT('',#12234);
#9080=LINE('',#12235,#12236);
#9081=VERTEX_POINT('',#12237);
#9082=LINE('',#12238,#12239);
#9083=LINE('',#12240,#12241);
#9084=LINE('',#12242,#12243);
#9085=LINE('',#12244,#12245);
#9086=LINE('',#12246,#12247);
#9087=VERTEX_POINT('',#12248);
#9088=CIRCLE('',#12249,1.5);
#9089=LINE('',#12250,#12251);
#9090=LINE('',#12252,#12253);
#9091=LINE('',#12254,#12255);
#9092=LINE('',#12256,#12257);
#9093=VERTEX_POINT('',#12258);
#9094=VERTEX_POINT('',#12259);
#9095=LINE('',#12260,#12261);
#9096=VERTEX_POINT('',#12262);
#9097=LINE('',#12263,#12264);
#9098=VERTEX_POINT('',#12265);
#9099=LINE('',#12266,#12267);
#9100=LINE('',#12268,#12269);
#9101=LINE('',#12270,#12271);
#9102=LINE('',#12272,#12273);
#9103=VERTEX_POINT('',#12274);
#9104=LINE('',#12275,#12276);
#9105=CIRCLE('',#12277,1.5);
#9106=LINE('',#12278,#12279);
#9107=LINE('',#12280,#12281);
#9108=LINE('',#12282,#12283);
#9109=LINE('',#12284,#12285);
#9110=LINE('',#12286,#12287);
#9111=LINE('',#12288,#12289);
#9112=VERTEX_POINT('',#12290);
#9113=LINE('',#12291,#12292);
#9114=LINE('',#12293,#12294);
#9115=VERTEX_POINT('',#12295);
#9116=LINE('',#12296,#12297);
#9117=LINE('',#12298,#12299);
#9118=VERTEX_POINT('',#12300);
#9119=LINE('',#12301,#12302);
#9120=LINE('',#12303,#12304);
#9121=LINE('',#12305,#12306);
#9122=VERTEX_POINT('',#12307);
#9123=LINE('',#12308,#12309);
#9124=LINE('',#12310,#12311);
#9125=LINE('',#12312,#12313);
#9126=LINE('',#12314,#12315);
#9127=LINE('',#12316,#12317);
#9128=LINE('',#12318,#12319);
#9129=VERTEX_POINT('',#12320);
#9130=LINE('',#12321,#12322);
#9131=LINE('',#12323,#12324);
#9132=LINE('',#12325,#12326);
#9133=LINE('',#12327,#12328);
#9134=LINE('',#12329,#12330);
#9135=B_SPLINE_CURVE_WITH_KNOTS('',3,(#12331,#12332,#12333,#12334,#12335),.UNSPECIFIED.,.F.,.F.,(4,1,4),(0.0,0.5,1.0),.UNSPECIFIED.);
#9136=LINE('',#12336,#12337);
#9137=LINE('',#12338,#12339);
#9138=LINE('',#12340,#12341);
#9139=LINE('',#12342,#12343);
#9140=VERTEX_POINT('',#12344);
#9141=LINE('',#12345,#12346);
#9142=VERTEX_POINT('',#12347);
#9143=LINE('',#12348,#12349);
#9144=VERTEX_POINT('',#12350);
#9145=LINE('',#12351,#12352);
#9146=VERTEX_POINT('',#12353);
#9147=LINE('',#12354,#12355);
#9148=LINE('',#12356,#12357);
#9149=VERTEX_POINT('',#12358);
#9150=LINE('',#12359,#12360);
#9151=LINE('',#12361,#12362);
#9152=VERTEX_POINT('',#12363);
#9153=LINE('',#12364,#12365);
#9154=VERTEX_POINT('',#12366);
#9155=LINE('',#12367,#12368);
#9156=VERTEX_POINT('',#12369);
#9157=LINE('',#12370,#12371);
#9158=LINE('',#12372,#12373);
#9159=LINE('',#12374,#12375);
#9160=LINE('',#12376,#12377);
#9161=VERTEX_POINT('',#12378);
#9162=LINE('',#12379,#12380);
#9163=VERTEX_POINT('',#12381);
#9164=LINE('',#12382,#12383);
#9165=LINE('',#12384,#12385);
#9166=LINE('',#12386,#12387);
#9167=VERTEX_POINT('',#12388);
#9168=VERTEX_POINT('',#12389);
#9169=LINE('',#12390,#12391);
#9170=LINE('',#12392,#12393);
#9171=LINE('',#12394,#12395);
#9172=LINE('',#12396,#12397);
#9173=LINE('',#12398,#12399);
#9174=LINE('',#12400,#12401);
#9175=LINE('',#12402,#12403);
#9176=LINE('',#12404,#12405);
#9177=VERTEX_POINT('',#12406);
#9178=LINE('',#12407,#12408);
#9179=VERTEX_POINT('',#12409);
#9180=LINE('',#12410,#12411);
#9181=VERTEX_POINT('',#12412);
#9182=LINE('',#12413,#12414);
#9183=LINE('',#12415,#12416);
#9184=LINE('',#12417,#12418);
#9185=LINE('',#12419,#12420);
#9186=VERTEX_POINT('',#12421);
#9187=VERTEX_POINT('',#12422);
#9188=LINE('',#12423,#12424);
#9189=LINE('',#12425,#12426);
#9190=VERTEX_POINT('',#12427);
#9191=LINE('',#12428,#12429);
#9192=LINE('',#12430,#12431);
#9193=LINE('',#12432,#12433);
#9194=LINE('',#12434,#12435);
#9195=LINE('',#12436,#12437);
#9196=VERTEX_POINT('',#12438);
#9197=LINE('',#12439,#12440);
#9198=LINE('',#12441,#12442);
#9199=LINE('',#12443,#12444);
#9200=VERTEX_POINT('',#12445);
#9201=LINE('',#12446,#12447);
#9202=LINE('',#12448,#12449);
#9203=VERTEX_POINT('',#12450);
#9204=VERTEX_POINT('',#12451);
#9205=LINE('',#12452,#12453);
#9206=VERTEX_POINT('',#12454);
#9207=LINE('',#12455,#12456);
#9208=VERTEX_POINT('',#12457);
#9209=LINE('',#12458,#12459);
#9210=LINE('',#12460,#12461);
#9211=VERTEX_POINT('',#12462);
#9212=LINE('',#12463,#12464);
#9213=LINE('',#12465,#12466);
#9214=VERTEX_POINT('',#12467);
#9215=LINE('',#12468,#12469);
#9216=LINE('',#12470,#12471);
#9217=VERTEX_POINT('',#12472);
#9218=LINE('',#12473,#12474);
#9219=VERTEX_POINT('',#12475);
#9220=LINE('',#12476,#12477);
#9221=VERTEX_POINT('',#12478);
#9222=LINE('',#12479,#12480);
#9223=LINE('',#12481,#12482);
#9224=LINE('',#12483,#12484);
#9225=LINE('',#12485,#12486);
#9226=LINE('',#12487,#12488);
#9227=VERTEX_POINT('',#12489);
#9228=LINE('',#12490,#12491);
#9229=VERTEX_POINT('',#12492);
#9230=B_SPLINE_CURVE_WITH_KNOTS('',3,(#12493,#12494,#12495,#12496),.UNSPECIFIED.,.F.,.F.,(4,4),(0.0,1.0),.UNSPECIFIED.);
#9231=B_SPLINE_CURVE_WITH_KNOTS('',3,(#12497,#12498,#12499,#12500),.UNSPECIFIED.,.F.,.F.,(4,4),(0.0,1.0),.UNSPECIFIED.);
#9232=VERTEX_POINT('',#12501);
#9233=LINE('',#12502,#12503);
#9234=LINE('',#12504,#12505);
#9235=VERTEX_POINT('',#12506);
#9236=LINE('',#12507,#12508);
#9237=LINE('',#12509,#12510);
#9238=LINE('',#12511,#12512);
#9239=VERTEX_POINT('',#12513);
#9240=B_SPLINE_CURVE_WITH_KNOTS('',3,(#12514,#12515,#12516,#12517),.UNSPECIFIED.,.F.,.F.,(4,4),(0.0,1.0),.UNSPECIFIED.);
#9241=VERTEX_POINT('',#12518);
#9242=B_SPLINE_CURVE_WITH_KNOTS('',3,(#12519,#12520,#12521,#12522),.UNSPECIFIED.,.F.,.F.,(4,4),(0.0,1.0),.UNSPECIFIED.);
#9243=LINE('',#12523,#12524);
#9244=LINE('',#12525,#12526);
#9245=LINE('',#12527,#12528);
#9246=CIRCLE('',#12529,19.42);
#9247=CIRCLE('',#12530,1.885436893204);
#9248=CIRCLE('',#12531,19.42);
#9249=CIRCLE('',#12532,1.885436893204);
#9250=CIRCLE('',#12533,1.75);
#9251=CIRCLE('',#12534,1.75);
#9252=LINE('',#12535,#12536);
#9253=CIRCLE('',#12537,1.75);
#9254=LINE('',#12538,#12539);
#9255=CIRCLE('',#12540,1.75);
#9256=CIRCLE('',#12541,1.55);
#9257=CIRCLE('',#12542,1.55);
#9258=B_SPLINE_CURVE_WITH_KNOTS('',3,(#12543,#12544,#12545,#12546),.UNSPECIFIED.,.F.,.F.,(4,4),(0.0,1.0),.UNSPECIFIED.);
#9259=LINE('',#12547,#12548);
#9260=LINE('',#12549,#12550);
#9261=LINE('',#12551,#12552);
#9262=LINE('',#12553,#12554);
#9263=LINE('',#12555,#12556);
#9264=LINE('',#12557,#12558);
#9265=LINE('',#12559,#12560);
#9266=LINE('',#12561,#12562);
#9267=LINE('',#12563,#12564);
#9268=VERTEX_POINT('',#12565);
#9269=CIRCLE('',#12566,0.2300000000001);
#9270=LINE('',#12567,#12568);
#9271=VERTEX_POINT('',#12569);
#9272=CIRCLE('',#12570,7.136877543248);
#9273=B_SPLINE_CURVE_WITH_KNOTS('',3,(#12571,#12572,#12573,#12574),.UNSPECIFIED.,.F.,.F.,(4,4),(0.0,1.0),.UNSPECIFIED.);
#9274=VERTEX_POINT('',#12575);
#9275=LINE('',#12576,#12577);
#9276=B_SPLINE_CURVE_WITH_KNOTS('',3,(#12578,#12579,#12580,#12581),.UNSPECIFIED.,.F.,.F.,(4,4),(0.0,1.00000000001477),.UNSPECIFIED.);
#9277=VERTEX_POINT('',#12582);
#9278=CIRCLE('',#12583,7.136877543248);
#9279=LINE('',#12584,#12585);
#9280=CIRCLE('',#12586,0.2300000000001);
#9281=LINE('',#12587,#12588);
#9282=VERTEX_POINT('',#12589);
#9283=CIRCLE('',#12590,0.2300000000001);
#9284=LINE('',#12591,#12592);
#9285=VERTEX_POINT('',#12593);
#9286=CIRCLE('',#12594,7.136877543248);
#9287=B_SPLINE_CURVE_WITH_KNOTS('',3,(#12595,#12596,#12597,#12598),.UNSPECIFIED.,.F.,.F.,(4,4),(0.0,1.0),.UNSPECIFIED.);
#9288=VERTEX_POINT('',#12599);
#9289=LINE('',#12600,#12601);
#9290=B_SPLINE_CURVE_WITH_KNOTS('',3,(#12602,#12603,#12604,#12605),.UNSPECIFIED.,.F.,.F.,(4,4),(0.0,0.999999999991113),.UNSPECIFIED.);
#9291=VERTEX_POINT('',#12606);
#9292=CIRCLE('',#12607,7.136877543249);
#9293=LINE('',#12608,#12609);
#9294=CIRCLE('',#12610,0.2300000000001);
#9295=LINE('',#12611,#12612);
#9296=VERTEX_POINT('',#12613);
#9297=CIRCLE('',#12614,0.2300000000001);
#9298=LINE('',#12615,#12616);
#9299=VERTEX_POINT('',#12617);
#9300=CIRCLE('',#12618,7.136877543247);
#9301=B_SPLINE_CURVE_WITH_KNOTS('',3,(#12619,#12620,#12621,#12622),.UNSPECIFIED.,.F.,.F.,(4,4),(0.0,1.0),.UNSPECIFIED.);
#9302=VERTEX_POINT('',#12623);
#9303=LINE('',#12624,#12625);
#9304=B_SPLINE_CURVE_WITH_KNOTS('',3,(#12626,#12627,#12628,#12629),.UNSPECIFIED.,.F.,.F.,(4,4),(0.0,1.00000000000588),.UNSPECIFIED.);
#9305=VERTEX_POINT('',#12630);
#9306=CIRCLE('',#12631,7.136877543247);
#9307=LINE('',#12632,#12633);
#9308=CIRCLE('',#12634,0.2300000000001);
#9309=LINE('',#12635,#12636);
#9310=VERTEX_POINT('',#12637);
#9311=CIRCLE('',#12638,0.2300000000001);
#9312=LINE('',#12639,#12640);
#9313=VERTEX_POINT('',#12641);
#9314=CIRCLE('',#12642,7.136877543247);
#9315=B_SPLINE_CURVE_WITH_KNOTS('',3,(#12643,#12644,#12645,#12646),.UNSPECIFIED.,.F.,.F.,(4,4),(0.0,1.0),.UNSPECIFIED.);
#9316=VERTEX_POINT('',#12647);
#9317=LINE('',#12648,#12649);
#9318=B_SPLINE_CURVE_WITH_KNOTS('',3,(#12650,#12651,#12652,#12653),.UNSPECIFIED.,.F.,.F.,(4,4),(0.0,1.00000000001033),.UNSPECIFIED.);
#9319=VERTEX_POINT('',#12654);
#9320=CIRCLE('',#12655,7.136877543247);
#9321=LINE('',#12656,#12657);
#9322=CIRCLE('',#12658,0.2300000000001);
#9323=LINE('',#12659,#12660);
#9324=LINE('',#12661,#12662);
#9325=LINE('',#12663,#12664);
#9326=LINE('',#12665,#12666);
#9327=LINE('',#12667,#12668);
#9328=LINE('',#12669,#12670);
#9329=LINE('',#12671,#12672);
#9330=LINE('',#12673,#12674);
#9331=LINE('',#12675,#12676);
#9332=LINE('',#12677,#12678);
#9333=LINE('',#12679,#12680);
#9334=LINE('',#12681,#12682);
#9335=LINE('',#12683,#12684);
#9336=LINE('',#12685,#12686);
#9337=LINE('',#12687,#12688);
#9338=LINE('',#12689,#12690);
#9339=LINE('',#12691,#12692);
#9340=LINE('',#12693,#12694);
#9341=LINE('',#12695,#12696);
#9342=LINE('',#12697,#12698);
#9343=VERTEX_POINT('',#12699);
#9344=LINE('',#12700,#12701);
#9345=LINE('',#12702,#12703);
#9346=VERTEX_POINT('',#12704);
#9347=B_SPLINE_CURVE_WITH_KNOTS('',3,(#12705,#12706,#12707,#12708),.UNSPECIFIED.,.F.,.F.,(4,4),(0.0,1.0),.UNSPECIFIED.);
#9348=VERTEX_POINT('',#12709);
#9349=B_SPLINE_CURVE_WITH_KNOTS('',3,(#12710,#12711,#12712,#12713),.UNSPECIFIED.,.F.,.F.,(4,4),(0.0,1.0),.UNSPECIFIED.);
#9350=LINE('',#12714,#12715);
#9351=LINE('',#12716,#12717);
#9352=LINE('',#12718,#12719);
#9353=LINE('',#12720,#12721);
#9354=LINE('',#12722,#12723);
#9355=LINE('',#12724,#12725);
#9356=VERTEX_POINT('',#12726);
#9357=LINE('',#12727,#12728);
#9358=VERTEX_POINT('',#12729);
#9359=CIRCLE('',#12730,0.1);
#9360=LINE('',#12731,#12732);
#9361=VERTEX_POINT('',#12733);
#9362=CIRCLE('',#12734,0.3);
#9363=LINE('',#12735,#12736);
#9364=VERTEX_POINT('',#12737);
#9365=B_SPLINE_CURVE_WITH_KNOTS('',3,(#12738,#12739,#12740,#12741,#12742,#12743),.UNSPECIFIED.,.F.,.F.,(4,1,1,4),(0.0,0.3333333333333,0.6666666666667,1.0),.UNSPECIFIED.);
#9366=VERTEX_POINT('',#12744);
#9367=LINE('',#12745,#12746);
#9368=VERTEX_POINT('',#12747);
#9369=LINE('',#12748,#12749);
#9370=VERTEX_POINT('',#12750);
#9371=LINE('',#12751,#12752);
#9372=B_SPLINE_CURVE_WITH_KNOTS('',3,(#12753,#12754,#12755,#12756,#12757,#12758),.UNSPECIFIED.,.F.,.F.,(4,1,1,4),(0.0,0.3333333333333,0.6666666666667,1.0),.UNSPECIFIED.);
#9373=VERTEX_POINT('',#12759);
#9374=LINE('',#12760,#12761);
#9375=CIRCLE('',#12762,0.1);
#9376=VERTEX_POINT('',#12763);
#9377=LINE('',#12764,#12765);
#9378=VERTEX_POINT('',#12766);
#9379=CIRCLE('',#12767,0.2951386593586);
#9380=LINE('',#12768,#12769);
#9381=LINE('',#12770,#12771);
#9382=LINE('',#12772,#12773);
#9383=LINE('',#12774,#12775);
#9384=LINE('',#12776,#12777);
#9385=VERTEX_POINT('',#12778);
#9386=VERTEX_POINT('',#12779);
#9387=LINE('',#12780,#12781);
#9388=LINE('',#12782,#12783);
#9389=LINE('',#12784,#12785);
#9390=VERTEX_POINT('',#12786);
#9391=LINE('',#12787,#12788);
#9392=LINE('',#12789,#12790);
#9393=VERTEX_POINT('',#12791);
#9394=LINE('',#12792,#12793);
#9395=LINE('',#12794,#12795);
#9396=LINE('',#12796,#12797);
#9397=LINE('',#12798,#12799);
#9398=LINE('',#12800,#12801);
#9399=LINE('',#12802,#12803);
#9400=LINE('',#12804,#12805);
#9401=VERTEX_POINT('',#12806);
#9402=LINE('',#12807,#12808);
#9403=CIRCLE('',#12809,0.3);
#9404=VERTEX_POINT('',#12810);
#9405=CIRCLE('',#12811,0.3);
#9406=VERTEX_POINT('',#12812);
#9407=LINE('',#12813,#12814);
#9408=CIRCLE('',#12815,0.3);
#9409=VERTEX_POINT('',#12816);
#9410=CIRCLE('',#12817,0.3);
#9411=LINE('',#12818,#12819);
#9412=LINE('',#12820,#12821);
#9413=VERTEX_POINT('',#12822);
#9414=LINE('',#12823,#12824);
#9415=VERTEX_POINT('',#12825);
#9416=CIRCLE('',#12826,0.1);
#9417=LINE('',#12827,#12828);
#9418=VERTEX_POINT('',#12829);
#9419=CIRCLE('',#12830,0.3);
#9420=LINE('',#12831,#12832);
#9421=VERTEX_POINT('',#12833);
#9422=B_SPLINE_CURVE_WITH_KNOTS('',3,(#12834,#12835,#12836,#12837,#12838,#12839),.UNSPECIFIED.,.F.,.F.,(4,1,1,4),(0.0,0.3333333333333,0.6666666666667,1.0),.UNSPECIFIED.);
#9423=VERTEX_POINT('',#12840);
#9424=LINE('',#12841,#12842);
#9425=VERTEX_POINT('',#12843);
#9426=LINE('',#12844,#12845);
#9427=VERTEX_POINT('',#12846);
#9428=LINE('',#12847,#12848);
#9429=B_SPLINE_CURVE_WITH_KNOTS('',3,(#12849,#12850,#12851,#12852,#12853,#12854),.UNSPECIFIED.,.F.,.F.,(4,1,1,4),(0.0,0.3333333333333,0.6666666666667,1.0),.UNSPECIFIED.);
#9430=VERTEX_POINT('',#12855);
#9431=LINE('',#12856,#12857);
#9432=CIRCLE('',#12858,0.1);
#9433=VERTEX_POINT('',#12859);
#9434=LINE('',#12860,#12861);
#9435=VERTEX_POINT('',#12862);
#9436=CIRCLE('',#12863,0.2951386593586);
#9437=VERTEX_POINT('',#12864);
#9438=LINE('',#12865,#12866);
#9439=CIRCLE('',#12867,0.1);
#9440=VERTEX_POINT('',#12868);
#9441=LINE('',#12869,#12870);
#9442=CIRCLE('',#12871,0.1);
#9443=VERTEX_POINT('',#12872);
#9444=LINE('',#12873,#12874);
#9445=VERTEX_POINT('',#12875);
#9446=CIRCLE('',#12876,0.2951386593586);
#9447=LINE('',#12877,#12878);
#9448=VERTEX_POINT('',#12879);
#9449=CIRCLE('',#12880,0.1);
#9450=LINE('',#12881,#12882);
#9451=VERTEX_POINT('',#12883);
#9452=B_SPLINE_CURVE_WITH_KNOTS('',3,(#12884,#12885,#12886,#12887,#12888,#12889),.UNSPECIFIED.,.F.,.F.,(4,1,1,4),(0.0,0.3333333333333,0.6666666666667,1.0),.UNSPECIFIED.);
#9453=VERTEX_POINT('',#12890);
#9454=LINE('',#12891,#12892);
#9455=VERTEX_POINT('',#12893);
#9456=LINE('',#12894,#12895);
#9457=VERTEX_POINT('',#12896);
#9458=LINE('',#12897,#12898);
#9459=B_SPLINE_CURVE_WITH_KNOTS('',3,(#12899,#12900,#12901,#12902,#12903,#12904),.UNSPECIFIED.,.F.,.F.,(4,1,1,4),(0.0,0.3333333333333,0.6666666666667,1.0),.UNSPECIFIED.);
#9460=VERTEX_POINT('',#12905);
#9461=LINE('',#12906,#12907);
#9462=CIRCLE('',#12908,0.3);
#9463=VERTEX_POINT('',#12909);
#9464=LINE('',#12910,#12911);
#9465=VERTEX_POINT('',#12912);
#9466=CIRCLE('',#12913,0.1);
#9467=LINE('',#12914,#12915);
#9468=LINE('',#12916,#12917);
#9469=LINE('',#12918,#12919);
#9470=LINE('',#12920,#12921);
#9471=LINE('',#12922,#12923);
#9472=VERTEX_POINT('',#12924);
#9473=VERTEX_POINT('',#12925);
#9474=LINE('',#12926,#12927);
#9475=LINE('',#12928,#12929);
#9476=LINE('',#12930,#12931);
#9477=VERTEX_POINT('',#12932);
#9478=LINE('',#12933,#12934);
#9479=LINE('',#12935,#12936);
#9480=VERTEX_POINT('',#12937);
#9481=LINE('',#12938,#12939);
#9482=LINE('',#12940,#12941);
#9483=LINE('',#12942,#12943);
#9484=LINE('',#12944,#12945);
#9485=LINE('',#12946,#12947);
#9486=LINE('',#12948,#12949);
#9487=LINE('',#12950,#12951);
#9488=VERTEX_POINT('',#12952);
#9489=LINE('',#12953,#12954);
#9490=VERTEX_POINT('',#12955);
#9491=CIRCLE('',#12956,0.1);
#9492=LINE('',#12957,#12958);
#9493=VERTEX_POINT('',#12959);
#9494=CIRCLE('',#12960,0.3);
#9495=LINE('',#12961,#12962);
#9496=VERTEX_POINT('',#12963);
#9497=CIRCLE('',#12964,0.1);
#9498=VERTEX_POINT('',#12965);
#9499=LINE('',#12966,#12967);
#9500=VERTEX_POINT('',#12968);
#9501=LINE('',#12969,#12970);
#9502=VERTEX_POINT('',#12971);
#9503=LINE('',#12972,#12973);
#9504=B_SPLINE_CURVE_WITH_KNOTS('',3,(#12974,#12975,#12976,#12977,#12978,#12979),.UNSPECIFIED.,.F.,.F.,(4,1,1,4),(0.0,0.3333333333333,0.6666666666667,1.0),.UNSPECIFIED.);
#9505=VERTEX_POINT('',#12980);
#9506=LINE('',#12981,#12982);
#9507=CIRCLE('',#12983,0.1);
#9508=VERTEX_POINT('',#12984);
#9509=LINE('',#12985,#12986);
#9510=VERTEX_POINT('',#12987);
#9511=CIRCLE('',#12988,0.2951386593586);
#9512=LINE('',#12989,#12990);
#9513=LINE('',#12991,#12992);
#9514=LINE('',#12993,#12994);
#9515=LINE('',#12995,#12996);
#9516=LINE('',#12997,#12998);
#9517=VERTEX_POINT('',#12999);
#9518=VERTEX_POINT('',#13000);
#9519=LINE('',#13001,#13002);
#9520=LINE('',#13003,#13004);
#9521=LINE('',#13005,#13006);
#9522=VERTEX_POINT('',#13007);
#9523=LINE('',#13008,#13009);
#9524=LINE('',#13010,#13011);
#9525=VERTEX_POINT('',#13012);
#9526=LINE('',#13013,#13014);
#9527=LINE('',#13015,#13016);
#9528=LINE('',#13017,#13018);
#9529=LINE('',#13019,#13020);
#9530=LINE('',#13021,#13022);
#9531=LINE('',#13023,#13024);
#9532=LINE('',#13025,#13026);
#9533=CARTESIAN_POINT('',(5.655,-3.183528829076,-2.935));
#9534=CARTESIAN_POINT('',(5.655,-3.183528829076,-2.08));
#9535=CARTESIAN_POINT('',(5.655,-3.183528829076,-2.5075));
#9536=VECTOR('',#13027,1.0);
#9537=CARTESIAN_POINT('',(5.614807621137,-3.033528829079,-2.935));
#9538=AXIS2_PLACEMENT_3D('',#13028,#13029,#13030);
#9539=CARTESIAN_POINT('',(5.614807621136,-3.033528829077,-2.08));
#9540=CARTESIAN_POINT('',(5.614807621136,-3.033528829077,-2.08));
#9541=VECTOR('',#13031,0.855);
#9542=AXIS2_PLACEMENT_3D('',#13032,#13033,#13034);
#9543=CARTESIAN_POINT('',(5.166907387603,-4.109052051366,-2.935));
#9544=CARTESIAN_POINT('',(5.166907387603,-4.109052051366,-2.08));
#9545=CARTESIAN_POINT('',(5.166907387603,-4.109052051366,-2.5075));
#9546=VECTOR('',#13035,1.0);
#9547=CARTESIAN_POINT('',(5.181118941117,-4.057667788703,-2.935));
#9548=AXIS2_PLACEMENT_3D('',#13036,#13037,#13038);
#9549=CARTESIAN_POINT('',(5.181118941121,-4.057667788697,-2.08));
#9550=CARTESIAN_POINT('',(5.181118941121,-4.057667788697,-2.08));
#9551=VECTOR('',#13039,0.855);
#9552=AXIS2_PLACEMENT_3D('',#13040,#13041,#13042);
#9553=CARTESIAN_POINT('',(4.9717687282444,-4.109052051366,-2.08));
#9554=CARTESIAN_POINT('',(4.9717687282444,-4.109052051366,-2.935));
#9555=CARTESIAN_POINT('',(4.9717687282444,-4.109052051366,-2.5075));
#9556=VECTOR('',#13043,1.0);
#9557=CARTESIAN_POINT('',(5.011309810959,-3.961482721687,-2.08));
#9558=CARTESIAN_POINT('',(4.971786202211,-4.112628770266,-2.08));
#9559=CARTESIAN_POINT('',(4.971479808423,-4.095075481909,-2.08));
#9560=CARTESIAN_POINT('',(4.974896017793,-4.056073837187,-2.08));
#9561=CARTESIAN_POINT('',(4.988158931953,-4.007948105838,-2.08));
#9562=CARTESIAN_POINT('',(5.002638946043,-3.976501100267,-2.08));
#9563=CARTESIAN_POINT('',(5.011309810959,-3.961482721687,-2.08));
#9564=CARTESIAN_POINT('',(5.011309810959,-3.961482721687,-2.935));
#9565=CARTESIAN_POINT('',(5.011309810959,-3.961482721687,-2.935));
#9566=VECTOR('',#13044,0.855);
#9567=CARTESIAN_POINT('',(5.011309810959,-3.961482721687,-2.935));
#9568=CARTESIAN_POINT('',(5.002638946043,-3.976501100267,-2.935));
#9569=CARTESIAN_POINT('',(4.988158931953,-4.007948105838,-2.935));
#9570=CARTESIAN_POINT('',(4.974896017793,-4.056073837187,-2.935));
#9571=CARTESIAN_POINT('',(4.971479808423,-4.095075481909,-2.935));
#9572=CARTESIAN_POINT('',(4.971786202211,-4.112628770266,-2.935));
#9573=CARTESIAN_POINT('',(5.452802519547,-3.17,-2.08));
#9574=CARTESIAN_POINT('',(5.452802519547,-3.17,-2.935));
#9575=CARTESIAN_POINT('',(5.452802519547,-3.17,-2.5075));
#9576=VECTOR('',#13045,1.0);
#9577=CARTESIAN_POINT('',(5.439405059924,-3.119999999998,-2.08));
#9578=AXIS2_PLACEMENT_3D('',#13046,#13047,#13048);
#9579=CARTESIAN_POINT('',(5.439405059925,-3.119999999999,-2.935));
#9580=CARTESIAN_POINT('',(5.439405059925,-3.119999999999,-2.935));
#9581=VECTOR('',#13049,0.855);
#9582=AXIS2_PLACEMENT_3D('',#13050,#13051,#13052);
#9583=CARTESIAN_POINT('',(-5.452802519547,-3.17,-2.935));
#9584=CARTESIAN_POINT('',(-5.452802519547,-3.17,-2.08));
#9585=CARTESIAN_POINT('',(-5.452802519547,-3.17,-2.5075));
#9586=VECTOR('',#13053,1.0);
#9587=CARTESIAN_POINT('',(-5.439405059928,-3.120000000004,-2.935));
#9588=AXIS2_PLACEMENT_3D('',#13054,#13055,#13056);
#9589=CARTESIAN_POINT('',(-5.439405059926,-3.120000000001,-2.08));
#9590=CARTESIAN_POINT('',(-5.439405059926,-3.120000000001,-2.08));
#9591=VECTOR('',#13057,0.855);
#9592=AXIS2_PLACEMENT_3D('',#13058,#13059,#13060);
#9593=CARTESIAN_POINT('',(-4.9717687282444,-4.109052051366,-2.935));
#9594=CARTESIAN_POINT('',(-4.9717687282444,-4.109052051366,-2.08));
#9595=CARTESIAN_POINT('',(-4.9717687282444,-4.109052051366,-2.5075));
#9596=VECTOR('',#13061,1.0);
#9597=CARTESIAN_POINT('',(-5.011309810959,-3.961482721689,-2.935));
#9598=CARTESIAN_POINT('',(-4.97178620221,-4.112628770266,-2.935));
#9599=CARTESIAN_POINT('',(-4.971479808422,-4.095075481909,-2.935));
#9600=CARTESIAN_POINT('',(-4.974896017793,-4.056073837187,-2.935));
#9601=CARTESIAN_POINT('',(-4.988158931953,-4.007948105838,-2.935));
#9602=CARTESIAN_POINT('',(-5.002638946044,-3.976501100267,-2.935));
#9603=CARTESIAN_POINT('',(-5.011309810959,-3.961482721689,-2.935));
#9604=CARTESIAN_POINT('',(-5.011309810959,-3.961482721689,-2.08));
#9605=CARTESIAN_POINT('',(-5.011309810959,-3.961482721689,-2.08));
#9606=VECTOR('',#13062,0.855);
#9607=CARTESIAN_POINT('',(-5.011309810959,-3.961482721689,-2.08));
#9608=CARTESIAN_POINT('',(-5.002638946044,-3.976501100267,-2.08));
#9609=CARTESIAN_POINT('',(-4.988158931953,-4.007948105838,-2.08));
#9610=CARTESIAN_POINT('',(-4.974896017793,-4.056073837187,-2.08));
#9611=CARTESIAN_POINT('',(-4.971479808422,-4.095075481909,-2.08));
#9612=CARTESIAN_POINT('',(-4.97178620221,-4.112628770266,-2.08));
#9613=CARTESIAN_POINT('',(-5.166907387603,-4.109052051366,-2.08));
#9614=CARTESIAN_POINT('',(-5.166907387603,-4.109052051366,-2.935));
#9615=CARTESIAN_POINT('',(-5.166907387603,-4.109052051366,-2.5075));
#9616=VECTOR('',#13063,1.0);
#9617=CARTESIAN_POINT('',(-5.181118941121,-4.057667788696,-2.08));
#9618=CARTESIAN_POINT('',(-5.166913287039,-4.110262716586,-2.08));
#9619=CARTESIAN_POINT('',(-5.166806287685,-4.104132727707,-2.08));
#9620=CARTESIAN_POINT('',(-5.168031727772,-4.090568349656,-2.08));
#9621=CARTESIAN_POINT('',(-5.172805389493,-4.073773544045,-2.08));
#9622=CARTESIAN_POINT('',(-5.178004976095,-4.06286669996,-2.08));
#9623=CARTESIAN_POINT('',(-5.181118941121,-4.057667788696,-2.08));
#9624=CARTESIAN_POINT('',(-5.181118941121,-4.057667788696,-2.935));
#9625=CARTESIAN_POINT('',(-5.181118941121,-4.057667788696,-2.935));
#9626=VECTOR('',#13064,0.855);
#9627=CARTESIAN_POINT('',(-5.181118941121,-4.057667788696,-2.935));
#9628=CARTESIAN_POINT('',(-5.178004976095,-4.06286669996,-2.935));
#9629=CARTESIAN_POINT('',(-5.172805389493,-4.073773544045,-2.935));
#9630=CARTESIAN_POINT('',(-5.168031727772,-4.090568349656,-2.935));
#9631=CARTESIAN_POINT('',(-5.166806287685,-4.104132727707,-2.935));
#9632=CARTESIAN_POINT('',(-5.166913287039,-4.110262716586,-2.935));
#9633=CARTESIAN_POINT('',(-5.655,-3.183528829076,-2.08));
#9634=CARTESIAN_POINT('',(-5.655,-3.183528829076,-2.935));
#9635=CARTESIAN_POINT('',(-5.655,-3.183528829076,-2.5075));
#9636=VECTOR('',#13065,1.0);
#9637=CARTESIAN_POINT('',(-5.614807621135,-3.033528829075,-2.08));
#9638=AXIS2_PLACEMENT_3D('',#13066,#13067,#13068);
#9639=CARTESIAN_POINT('',(-5.614807621135,-3.033528829076,-2.935));
#9640=CARTESIAN_POINT('',(-5.614807621135,-3.033528829076,-2.935));
#9641=VECTOR('',#13069,0.855);
#9642=AXIS2_PLACEMENT_3D('',#13070,#13071,#13072);
#9643=CARTESIAN_POINT('',(-5.655,-3.183528829076,2.935));
#9644=CARTESIAN_POINT('',(-5.655,-3.183528829076,2.08));
#9645=CARTESIAN_POINT('',(-5.655,-3.183528829076,2.5075));
#9646=VECTOR('',#13073,1.0);
#9647=CARTESIAN_POINT('',(-5.614807621135,-3.033528829075,2.935));
#9648=AXIS2_PLACEMENT_3D('',#13074,#13075,#13076);
#9649=CARTESIAN_POINT('',(-5.614807621135,-3.033528829076,2.08));
#9650=CARTESIAN_POINT('',(-5.614807621135,-3.033528829076,2.08));
#9651=VECTOR('',#13077,0.855);
#9652=AXIS2_PLACEMENT_3D('',#13078,#13079,#13080);
#9653=CARTESIAN_POINT('',(-5.166907387603,-4.109052051366,2.935));
#9654=CARTESIAN_POINT('',(-5.166907387603,-4.109052051366,2.08));
#9655=CARTESIAN_POINT('',(-5.166907387603,-4.109052051366,2.5075));
#9656=VECTOR('',#13081,1.0);
#9657=CARTESIAN_POINT('',(-5.181118941121,-4.057667788696,2.935));
#9658=CARTESIAN_POINT('',(-5.166913287039,-4.110262716586,2.935));
#9659=CARTESIAN_POINT('',(-5.166806287685,-4.104132727707,2.935));
#9660=CARTESIAN_POINT('',(-5.168031727772,-4.090568349656,2.935));
#9661=CARTESIAN_POINT('',(-5.172805389493,-4.073773544045,2.935));
#9662=CARTESIAN_POINT('',(-5.178004976095,-4.06286669996,2.935));
#9663=CARTESIAN_POINT('',(-5.181118941121,-4.057667788696,2.935));
#9664=CARTESIAN_POINT('',(-5.181118941121,-4.057667788696,2.08));
#9665=CARTESIAN_POINT('',(-5.181118941121,-4.057667788696,2.08));
#9666=VECTOR('',#13082,0.855);
#9667=CARTESIAN_POINT('',(-5.181118941121,-4.057667788696,2.08));
#9668=CARTESIAN_POINT('',(-5.178004976095,-4.06286669996,2.08));
#9669=CARTESIAN_POINT('',(-5.172805389493,-4.073773544045,2.08));
#9670=CARTESIAN_POINT('',(-5.168031727772,-4.090568349656,2.08));
#9671=CARTESIAN_POINT('',(-5.166806287685,-4.104132727707,2.08));
#9672=CARTESIAN_POINT('',(-5.166913287039,-4.110262716586,2.08));
#9673=CARTESIAN_POINT('',(-4.9717687282444,-4.109052051366,2.08));
#9674=CARTESIAN_POINT('',(-4.9717687282444,-4.109052051366,2.935));
#9675=CARTESIAN_POINT('',(-4.9717687282444,-4.109052051366,2.5075));
#9676=VECTOR('',#13083,1.0);
#9677=CARTESIAN_POINT('',(-5.011309810959,-3.961482721689,2.08));
#9678=CARTESIAN_POINT('',(-4.97178620221,-4.112628770266,2.08));
#9679=CARTESIAN_POINT('',(-4.971479808422,-4.095075481909,2.08));
#9680=CARTESIAN_POINT('',(-4.974896017793,-4.056073837187,2.08));
#9681=CARTESIAN_POINT('',(-4.988158931953,-4.007948105838,2.08));
#9682=CARTESIAN_POINT('',(-5.002638946044,-3.976501100267,2.08));
#9683=CARTESIAN_POINT('',(-5.011309810959,-3.961482721689,2.08));
#9684=CARTESIAN_POINT('',(-5.011309810959,-3.961482721689,2.935));
#9685=CARTESIAN_POINT('',(-5.011309810959,-3.961482721689,2.935));
#9686=VECTOR('',#13084,0.855);
#9687=CARTESIAN_POINT('',(-5.011309810959,-3.961482721689,2.935));
#9688=CARTESIAN_POINT('',(-5.002638946044,-3.976501100267,2.935));
#9689=CARTESIAN_POINT('',(-4.988158931953,-4.007948105838,2.935));
#9690=CARTESIAN_POINT('',(-4.974896017793,-4.056073837187,2.935));
#9691=CARTESIAN_POINT('',(-4.971479808422,-4.095075481909,2.935));
#9692=CARTESIAN_POINT('',(-4.97178620221,-4.112628770266,2.935));
#9693=CARTESIAN_POINT('',(-5.452802519547,-3.17,2.08));
#9694=CARTESIAN_POINT('',(-5.452802519547,-3.17,2.935));
#9695=CARTESIAN_POINT('',(-5.452802519547,-3.17,2.5075));
#9696=VECTOR('',#13085,1.0);
#9697=CARTESIAN_POINT('',(-5.439405059928,-3.120000000004,2.08));
#9698=AXIS2_PLACEMENT_3D('',#13086,#13087,#13088);
#9699=CARTESIAN_POINT('',(-5.439405059926,-3.120000000001,2.935));
#9700=CARTESIAN_POINT('',(-5.439405059926,-3.120000000001,2.935));
#9701=VECTOR('',#13089,0.855);
#9702=AXIS2_PLACEMENT_3D('',#13090,#13091,#13092);
#9703=CARTESIAN_POINT('',(4.64565693499491,1.12,4.64572615983057));
#9704=CARTESIAN_POINT('',(4.645656934995,1.174852813742,4.645726159831));
#9705=CARTESIAN_POINT('',(4.64565693499491,1.147426406871,4.64572615983057));
#9706=VECTOR('',#13093,1.0);
#9707=CARTESIAN_POINT('',(5.350405312298,1.12,3.652108993504));
#9708=AXIS2_PLACEMENT_3D('',#13094,#13095,#13096);
#9709=CARTESIAN_POINT('',(5.350405312298,1.174852813742,3.652108993503));
#9710=CARTESIAN_POINT('',(5.350405312298,1.174852813742,3.652108993503));
#9711=VECTOR('',#13097,0.05485281374202);
#9712=AXIS2_PLACEMENT_3D('',#13098,#13099,#13100);
#9713=CARTESIAN_POINT('',(4.64569155239527,1.12,-4.64569155239527));
#9714=CARTESIAN_POINT('',(4.645691552396,1.174852813742,-4.645691552396));
#9715=CARTESIAN_POINT('',(4.64569155239527,1.1474264068715,-4.64569155239527));
#9716=VECTOR('',#13101,1.0);
#9717=CARTESIAN_POINT('',(3.651195323763,1.12,-5.350112816752));
#9718=AXIS2_PLACEMENT_3D('',#13102,#13103,#13104);
#9719=CARTESIAN_POINT('',(3.651195323767,1.174852813742,-5.350112816751));
#9720=CARTESIAN_POINT('',(3.651195323767,1.174852813742,-5.350112816751));
#9721=VECTOR('',#13105,0.05485281374215);
#9722=AXIS2_PLACEMENT_3D('',#13106,#13107,#13108);
#9723=CARTESIAN_POINT('',(-4.645691552396,1.12,-4.645691552396));
#9724=CARTESIAN_POINT('',(-4.645691552396,1.174852813742,-4.645691552396));
#9725=CARTESIAN_POINT('',(-4.6456915523958,1.147426406871,-4.6456915523958));
#9726=VECTOR('',#13109,1.0);
#9727=CARTESIAN_POINT('',(-5.350112816751,1.12,-3.651195323768));
#9728=AXIS2_PLACEMENT_3D('',#13110,#13111,#13112);
#9729=CARTESIAN_POINT('',(-5.350112816751,1.174852813742,-3.651195323767));
#9730=CARTESIAN_POINT('',(-5.350112816751,1.174852813742,-3.651195323767));
#9731=VECTOR('',#13113,0.05485281374202);
#9732=AXIS2_PLACEMENT_3D('',#13114,#13115,#13116);
#9733=CARTESIAN_POINT('',(-4.64569155239527,1.12,4.64569155239527));
#9734=CARTESIAN_POINT('',(-4.645691552396,1.174852813742,4.645691552396));
#9735=CARTESIAN_POINT('',(-4.64569155239527,1.1474264068715,4.64569155239527));
#9736=VECTOR('',#13117,1.0);
#9737=CARTESIAN_POINT('',(-3.651195323763,1.12,5.350112816752));
#9738=AXIS2_PLACEMENT_3D('',#13118,#13119,#13120);
#9739=CARTESIAN_POINT('',(-3.651195323767,1.174852813742,5.350112816751));
#9740=CARTESIAN_POINT('',(-3.651195323767,1.174852813742,5.350112816751));
#9741=VECTOR('',#13121,0.05485281374215);
#9742=AXIS2_PLACEMENT_3D('',#13122,#13123,#13124);
#9743=CARTESIAN_POINT('',(-4.620838738653,1.21,4.620838738653));
#9744=CARTESIAN_POINT('',(-4.63326514552465,1.192426406871,4.63326514552465));
#9745=VECTOR('',#13125,1.0);
#9746=CARTESIAN_POINT('',(-5.3184216117,1.21,3.635996895419));
#9747=AXIS2_PLACEMENT_3D('',#13126,#13127,#13128);
#9748=CARTESIAN_POINT('',(-5.350112816751,1.174852813742,3.651195323767));
#9749=CARTESIAN_POINT('',(-5.3184216117,1.21,3.635996895419));
#9750=VECTOR('',#13129,0.04970562748484);
#9751=AXIS2_PLACEMENT_3D('',#13130,#13131,#13132);
#9752=CARTESIAN_POINT('',(-4.620838738654,1.209999999999,-4.620838738653));
#9753=CARTESIAN_POINT('',(-4.63326514552447,1.192426406871,-4.63326514552448));
#9754=VECTOR('',#13133,1.0);
#9755=CARTESIAN_POINT('',(-3.635996895424,1.209999999999,-5.318421611698));
#9756=AXIS2_PLACEMENT_3D('',#13134,#13135,#13136);
#9757=CARTESIAN_POINT('',(-3.651195323767,1.174852813742,-5.350112816751));
#9758=CARTESIAN_POINT('',(-3.635996895421,1.21,-5.3184216117));
#9759=VECTOR('',#13137,0.04970562748478);
#9760=AXIS2_PLACEMENT_3D('',#13138,#13139,#13140);
#9761=CARTESIAN_POINT('',(4.620838738653,1.21,-4.620838738653));
#9762=CARTESIAN_POINT('',(4.63326514552465,1.192426406871,-4.63326514552465));
#9763=VECTOR('',#13141,1.0);
#9764=CARTESIAN_POINT('',(5.3184216117,1.21,-3.635996895419));
#9765=AXIS2_PLACEMENT_3D('',#13142,#13143,#13144);
#9766=CARTESIAN_POINT('',(5.350112816751,1.174852813742,-3.651195323767));
#9767=CARTESIAN_POINT('',(5.3184216117,1.21,-3.635996895419));
#9768=VECTOR('',#13145,0.04970562748484);
#9769=AXIS2_PLACEMENT_3D('',#13146,#13147,#13148);
#9770=CARTESIAN_POINT('',(4.620811278336,1.21,4.620866191065));
#9771=CARTESIAN_POINT('',(4.63323410666549,1.192426406871,4.63329617544758));
#9772=VECTOR('',#13149,1.0);
#9773=CARTESIAN_POINT('',(3.636048374899,1.21,5.318396913957));
#9774=AXIS2_PLACEMENT_3D('',#13150,#13151,#13152);
#9775=CARTESIAN_POINT('',(3.651256089022,1.174852813742,5.350083664075));
#9776=CARTESIAN_POINT('',(3.636048374901,1.21,5.318396913957));
#9777=VECTOR('',#13153,0.0497056274852);
#9778=AXIS2_PLACEMENT_3D('',#13154,#13155,#13156);
#9779=CARTESIAN_POINT('',(-1.549863951079,3.6,0.02053614239076));
#9780=CARTESIAN_POINT('',(-1.74984639638,3.4,0.02318596721537));
#9781=AXIS2_PLACEMENT_3D('',#13157,#13158,#13159);
#9782=CARTESIAN_POINT('',(-1.55,3.6,0.0));
#9783=AXIS2_PLACEMENT_3D('',#13160,#13161,#13162);
#9784=CARTESIAN_POINT('',(-1.75,3.4,1.10146219028E-11));
#9785=AXIS2_PLACEMENT_3D('',#13163,#13164,#13165);
#9786=AXIS2_PLACEMENT_3D('',#13166,#13167,#13168);
#9787=CARTESIAN_POINT('',(1.549863951079,3.6,-0.02053614239076));
#9788=CARTESIAN_POINT('',(1.74984639638,3.4,-0.02318596721537));
#9789=AXIS2_PLACEMENT_3D('',#13169,#13170,#13171);
#9790=CARTESIAN_POINT('',(1.55,3.6,-2.16042600476E-11));
#9791=AXIS2_PLACEMENT_3D('',#13172,#13173,#13174);
#9792=CARTESIAN_POINT('',(1.75,3.4,0.0));
#9793=AXIS2_PLACEMENT_3D('',#13175,#13176,#13177);
#9794=AXIS2_PLACEMENT_3D('',#13178,#13179,#13180);
#9795=CARTESIAN_POINT('',(1.74993814413696,3.097548613724,0.0147136567338313));
#9796=CARTESIAN_POINT('',(1.88537025016044,2.948257234467,0.01585238356566));
#9797=AXIS2_PLACEMENT_3D('',#13181,#13182,#13183);
#9798=CARTESIAN_POINT('',(-1.75,3.097548613724,-2.362766232666E-12));
#9799=AXIS2_PLACEMENT_3D('',#13184,#13185,#13186);
#9800=CARTESIAN_POINT('',(-1.885436893204,2.948257234468,0.0));
#9801=AXIS2_PLACEMENT_3D('',#13187,#13188,#13189);
#9802=AXIS2_PLACEMENT_3D('',#13190,#13191,#13192);
#9803=CARTESIAN_POINT('',(-1.74993814413696,3.097548613724,-0.0147136567338313));
#9804=CARTESIAN_POINT('',(-1.88537025016044,2.948257234467,-0.01585238356566));
#9805=AXIS2_PLACEMENT_3D('',#13193,#13194,#13195);
#9806=CARTESIAN_POINT('',(1.75,3.097548613724,0.0));
#9807=AXIS2_PLACEMENT_3D('',#13196,#13197,#13198);
#9808=CARTESIAN_POINT('',(1.885436893204,2.948257234467,0.0));
#9809=AXIS2_PLACEMENT_3D('',#13199,#13200,#13201);
#9810=AXIS2_PLACEMENT_3D('',#13202,#13203,#13204);
#9811=CARTESIAN_POINT('',(5.655,-3.183528829076,2.08));
#9812=CARTESIAN_POINT('',(5.655,-3.183528829076,2.935));
#9813=CARTESIAN_POINT('',(5.655,-3.183528829076,2.5075));
#9814=VECTOR('',#13205,1.0);
#9815=CARTESIAN_POINT('',(5.614807621137,-3.033528829079,2.08));
#9816=AXIS2_PLACEMENT_3D('',#13206,#13207,#13208);
#9817=CARTESIAN_POINT('',(5.614807621136,-3.033528829077,2.935));
#9818=CARTESIAN_POINT('',(5.614807621136,-3.033528829077,2.935));
#9819=VECTOR('',#13209,0.855);
#9820=AXIS2_PLACEMENT_3D('',#13210,#13211,#13212);
#9821=CARTESIAN_POINT('',(5.166907387603,-4.109052051366,2.08));
#9822=CARTESIAN_POINT('',(5.166907387603,-4.109052051366,2.935));
#9823=CARTESIAN_POINT('',(5.166907387603,-4.109052051366,2.5075));
#9824=VECTOR('',#13213,1.0);
#9825=CARTESIAN_POINT('',(5.181118941117,-4.057667788703,2.08));
#9826=AXIS2_PLACEMENT_3D('',#13214,#13215,#13216);
#9827=CARTESIAN_POINT('',(5.181118941121,-4.057667788697,2.935));
#9828=CARTESIAN_POINT('',(5.181118941121,-4.057667788697,2.935));
#9829=VECTOR('',#13217,0.855);
#9830=AXIS2_PLACEMENT_3D('',#13218,#13219,#13220);
#9831=CARTESIAN_POINT('',(4.9717687282444,-4.109052051366,2.935));
#9832=CARTESIAN_POINT('',(4.9717687282444,-4.109052051366,2.08));
#9833=CARTESIAN_POINT('',(4.9717687282444,-4.109052051366,2.5075));
#9834=VECTOR('',#13221,1.0);
#9835=CARTESIAN_POINT('',(5.011309810959,-3.961482721687,2.935));
#9836=CARTESIAN_POINT('',(4.971786202211,-4.112628770266,2.935));
#9837=CARTESIAN_POINT('',(4.971479808423,-4.095075481909,2.935));
#9838=CARTESIAN_POINT('',(4.974896017793,-4.056073837187,2.935));
#9839=CARTESIAN_POINT('',(4.988158931953,-4.007948105838,2.935));
#9840=CARTESIAN_POINT('',(5.002638946043,-3.976501100267,2.935));
#9841=CARTESIAN_POINT('',(5.011309810959,-3.961482721687,2.935));
#9842=CARTESIAN_POINT('',(5.011309810959,-3.961482721687,2.08));
#9843=CARTESIAN_POINT('',(5.011309810959,-3.961482721687,2.08));
#9844=VECTOR('',#13222,0.855);
#9845=CARTESIAN_POINT('',(5.011309810959,-3.961482721687,2.08));
#9846=CARTESIAN_POINT('',(5.002638946043,-3.976501100267,2.08));
#9847=CARTESIAN_POINT('',(4.988158931953,-4.007948105838,2.08));
#9848=CARTESIAN_POINT('',(4.974896017793,-4.056073837187,2.08));
#9849=CARTESIAN_POINT('',(4.971479808423,-4.095075481909,2.08));
#9850=CARTESIAN_POINT('',(4.971786202211,-4.112628770266,2.08));
#9851=CARTESIAN_POINT('',(5.452802519547,-3.17,2.935));
#9852=CARTESIAN_POINT('',(5.452802519547,-3.17,2.08));
#9853=CARTESIAN_POINT('',(5.452802519547,-3.17,2.5075));
#9854=VECTOR('',#13223,1.0);
#9855=CARTESIAN_POINT('',(5.439405059924,-3.119999999998,2.935));
#9856=AXIS2_PLACEMENT_3D('',#13224,#13225,#13226);
#9857=CARTESIAN_POINT('',(5.439405059925,-3.119999999999,2.08));
#9858=CARTESIAN_POINT('',(5.439405059925,-3.119999999999,2.08));
#9859=VECTOR('',#13227,0.855);
#9860=AXIS2_PLACEMENT_3D('',#13228,#13229,#13230);
#9861=CARTESIAN_POINT('',(4.796868192529,0.2,2.08));
#9862=CARTESIAN_POINT('',(5.5,0.2,2.08));
#9863=CARTESIAN_POINT('',(4.796868192529,0.2,2.08));
#9864=VECTOR('',#13231,0.703131807471);
#9865=CARTESIAN_POINT('',(5.5,0.2,2.935));
#9866=CARTESIAN_POINT('',(5.5,0.2,2.935));
#9867=VECTOR('',#13232,0.855);
#9868=CARTESIAN_POINT('',(4.796868192529,0.2,2.935));
#9869=CARTESIAN_POINT('',(5.5,0.2,2.935));
#9870=VECTOR('',#13233,0.703131807471);
#9871=CARTESIAN_POINT('',(4.796868192529,0.2,2.935));
#9872=VECTOR('',#13234,0.855);
#9873=CARTESIAN_POINT('',(5.079710905004,0.0,2.935));
#9874=AXIS2_PLACEMENT_3D('',#13235,#13236,#13237);
#9875=CARTESIAN_POINT('',(5.096822501076,-0.09476427806874,2.935));
#9876=AXIS2_PLACEMENT_3D('',#13238,#13239,#13240);
#9877=CARTESIAN_POINT('',(5.096822501076,-0.09476427805169,2.08));
#9878=CARTESIAN_POINT('',(5.096822501076,-0.09476427806311,2.08));
#9879=VECTOR('',#13241,0.855);
#9880=CARTESIAN_POINT('',(5.079710905004,0.0,2.08));
#9881=AXIS2_PLACEMENT_3D('',#13242,#13243,#13244);
#9882=AXIS2_PLACEMENT_3D('',#13245,#13246,#13247);
#9883=CARTESIAN_POINT('',(5.5,0.0,2.08));
#9884=CARTESIAN_POINT('',(5.079710905003,0.0,2.08));
#9885=VECTOR('',#13248,0.4202890949966);
#9886=CARTESIAN_POINT('',(5.5,0.0,2.08));
#9887=VECTOR('',#13249,0.2);
#9888=CARTESIAN_POINT('',(5.5,0.0,3.3));
#9889=CARTESIAN_POINT('',(5.5,0.0,2.935));
#9890=CARTESIAN_POINT('',(5.5,0.0,3.3));
#9891=VECTOR('',#13250,0.365);
#9892=CARTESIAN_POINT('',(5.5,0.0,2.935));
#9893=VECTOR('',#13251,0.2);
#9894=CARTESIAN_POINT('',(5.5,0.0,1.7));
#9895=CARTESIAN_POINT('',(5.5,0.0,2.08));
#9896=VECTOR('',#13252,0.38);
#9897=CARTESIAN_POINT('',(5.5,1.12,1.7));
#9898=CARTESIAN_POINT('',(5.5,0.0,1.7));
#9899=VECTOR('',#13253,1.12);
#9900=CARTESIAN_POINT('',(5.5,1.12,4.152007563196));
#9901=CARTESIAN_POINT('',(5.5,1.12,1.7));
#9902=VECTOR('',#13254,2.452007563196);
#9903=CARTESIAN_POINT('',(5.5,0.2,4.152007563196));
#9904=CARTESIAN_POINT('',(5.5,0.2,4.152007563196));
#9905=VECTOR('',#13255,0.92);
#9906=CARTESIAN_POINT('',(5.5,0.2,3.3));
#9907=CARTESIAN_POINT('',(5.5,0.2,4.152007563196));
#9908=VECTOR('',#13256,0.852007563196);
#9909=CARTESIAN_POINT('',(5.5,0.2,3.3));
#9910=VECTOR('',#13257,0.2);
#9911=CARTESIAN_POINT('',(6.0,0.2,3.3));
#9912=CARTESIAN_POINT('',(6.0,0.0,3.3));
#9913=CARTESIAN_POINT('',(6.0,0.2,3.3));
#9914=VECTOR('',#13258,0.2);
#9915=CARTESIAN_POINT('',(6.0,0.0,3.3));
#9916=VECTOR('',#13259,0.5);
#9917=CARTESIAN_POINT('',(6.0,0.2,3.3));
#9918=VECTOR('',#13260,0.5);
#9919=CARTESIAN_POINT('',(6.0,0.2,4.465180361561));
#9920=CARTESIAN_POINT('',(6.0,0.2,3.3));
#9921=VECTOR('',#13261,1.165180361561);
#9922=CARTESIAN_POINT('',(4.152007563196,0.2,5.5));
#9923=CARTESIAN_POINT('',(4.152007563196,0.2,5.5));
#9924=VECTOR('',#13262,1.906349186105);
#9925=CARTESIAN_POINT('',(1.7,0.2,5.5));
#9926=CARTESIAN_POINT('',(1.7,0.2,5.5));
#9927=VECTOR('',#13263,2.452007563196);
#9928=CARTESIAN_POINT('',(1.7,0.2,6.0));
#9929=CARTESIAN_POINT('',(1.7,0.2,6.0));
#9930=VECTOR('',#13264,0.5);
#9931=CARTESIAN_POINT('',(4.465180361561,0.2,6.0));
#9932=CARTESIAN_POINT('',(4.465180361561,0.2,6.0));
#9933=VECTOR('',#13265,2.765180361561);
#9934=CARTESIAN_POINT('',(6.0,0.2,4.465180361561));
#9935=VECTOR('',#13266,2.170562748477);
#9936=CARTESIAN_POINT('',(4.465180361561,-1.36,6.0));
#9937=CARTESIAN_POINT('',(4.465180361561,0.2,6.0));
#9938=VECTOR('',#13267,1.56);
#9939=CARTESIAN_POINT('',(6.0,-1.36,4.465180361561));
#9940=CARTESIAN_POINT('',(4.465180361561,-1.36,6.0));
#9941=VECTOR('',#13268,2.170562748477);
#9942=CARTESIAN_POINT('',(6.0,0.2,4.465180361561));
#9943=VECTOR('',#13269,1.56);
#9944=CARTESIAN_POINT('',(6.0,-1.36,3.418984582395));
#9945=CARTESIAN_POINT('',(6.0,-1.36,3.418984582395));
#9946=VECTOR('',#13270,1.046195779166);
#9947=CARTESIAN_POINT('',(6.0,0.0,3.3));
#9948=VECTOR('',#13271,1.365194979059);
#9949=CARTESIAN_POINT('',(5.0,-1.36,3.418984582395));
#9950=CARTESIAN_POINT('',(6.0,-1.36,3.418984582395));
#9951=VECTOR('',#13272,1.0);
#9952=CARTESIAN_POINT('',(5.0,-0.86,3.375240250632));
#9953=CARTESIAN_POINT('',(5.0,-1.36,3.418984582395));
#9954=VECTOR('',#13273,0.5019099187717);
#9955=CARTESIAN_POINT('',(3.579563694509,-0.86,3.375240250632));
#9956=CARTESIAN_POINT('',(5.0,-0.86,3.375240250632));
#9957=VECTOR('',#13274,1.420436305491);
#9958=CARTESIAN_POINT('',(3.81,-2.368475785867E-14,3.3));
#9959=CARTESIAN_POINT('',(3.81,-2.368475785867E-14,3.3));
#9960=VECTOR('',#13275,0.8935110442538);
#9961=CARTESIAN_POINT('',(5.5,0.0,3.3));
#9962=VECTOR('',#13276,1.69);
#9963=CARTESIAN_POINT('',(5.5,0.0,2.935));
#9964=VECTOR('',#13277,0.4202890949966);
#9965=CARTESIAN_POINT('',(3.81,-3.145631903105E-14,1.7));
#9966=CARTESIAN_POINT('',(3.81,-2.368475785867E-14,3.3));
#9967=VECTOR('',#13278,1.6);
#9968=CARTESIAN_POINT('',(5.085,-1.290204054705E-12,1.7));
#9969=CARTESIAN_POINT('',(3.81,-3.145631903105E-14,1.7));
#9970=VECTOR('',#13279,1.275);
#9971=CARTESIAN_POINT('',(5.085,-1.290204054705E-12,1.7));
#9972=VECTOR('',#13280,0.415);
#9973=CARTESIAN_POINT('',(4.801730273688,0.0,2.08));
#9974=CARTESIAN_POINT('',(5.079710905003,0.0,2.08));
#9975=VECTOR('',#13281,0.2779806313154);
#9976=CARTESIAN_POINT('',(4.801730273688,0.0,2.935));
#9977=CARTESIAN_POINT('',(4.801730273688,0.0,2.08));
#9978=VECTOR('',#13282,0.855);
#9979=CARTESIAN_POINT('',(5.079710905003,2.282896094385E-14,2.935));
#9980=VECTOR('',#13283,0.2779806313154);
#9981=CARTESIAN_POINT('',(4.901715043204,-0.09825475935672,2.935));
#9982=AXIS2_PLACEMENT_3D('',#13284,#13285,#13286);
#9983=CARTESIAN_POINT('',(4.938009238576,-2.177547819632,2.935));
#9984=CARTESIAN_POINT('',(4.938009238576,-2.177547819631,2.935));
#9985=VECTOR('',#13287,2.079609794918);
#9986=CARTESIAN_POINT('',(4.977505370243,-2.319966269469,2.935));
#9987=AXIS2_PLACEMENT_3D('',#13288,#13289,#13290);
#9988=CARTESIAN_POINT('',(5.439405059925,-3.119999999999,2.935));
#9989=VECTOR('',#13291,0.9237993793643);
#9990=CARTESIAN_POINT('',(5.439405059926,-3.219999999999,2.935));
#9991=AXIS2_PLACEMENT_3D('',#13292,#13293,#13294);
#9992=CARTESIAN_POINT('',(5.011309810959,-3.961482721687,2.935));
#9993=VECTOR('',#13295,0.8561904979326);
#9994=CARTESIAN_POINT('',(4.971786202211,-4.112628770266,2.935));
#9995=CARTESIAN_POINT('',(4.971786202211,-4.112628770266,2.935));
#9996=CARTESIAN_POINT('',(4.971479808423,-4.095075481909,2.935));
#9997=CARTESIAN_POINT('',(4.974896017793,-4.056073837187,2.935));
#9998=CARTESIAN_POINT('',(4.988158931953,-4.007948105838,2.935));
#9999=CARTESIAN_POINT('',(5.002638946043,-3.976501100267,2.935));
#10000=CARTESIAN_POINT('',(5.011309810959,-3.961482721687,2.935));
#10001=CARTESIAN_POINT('',(4.979115081787,-4.5325,2.935));
#10002=CARTESIAN_POINT('',(4.979115081787,-4.5325,2.935));
#10003=VECTOR('',#13296,0.4199351878974);
#10004=CARTESIAN_POINT('',(5.174283466236,-4.5325,2.935));
#10005=CARTESIAN_POINT('',(5.174283466236,-4.5325,2.935));
#10006=VECTOR('',#13297,0.1951683844489);
#10007=CARTESIAN_POINT('',(5.166922618087,-4.110797292007,2.935));
#10008=CARTESIAN_POINT('',(5.166922618088,-4.110797292009,2.935));
#10009=VECTOR('',#13298,0.4217669451397);
#10010=AXIS2_PLACEMENT_3D('',#13299,#13300,#13301);
#10011=CARTESIAN_POINT('',(5.612365339439,-3.3376816171,2.935));
#10012=CARTESIAN_POINT('',(5.612365339441,-3.337681617097,2.935));
#10013=VECTOR('',#13302,0.8392577335715);
#10014=AXIS2_PLACEMENT_3D('',#13303,#13304,#13305);
#10015=CARTESIAN_POINT('',(5.146500406508,-2.222396939792,2.935));
#10016=CARTESIAN_POINT('',(5.146500406509,-2.222396939792,2.935));
#10017=VECTOR('',#13306,0.9366144292538);
#10018=CARTESIAN_POINT('',(5.133118177372,-2.174142180438,2.935));
#10019=AXIS2_PLACEMENT_3D('',#13307,#13308,#13309);
#10020=CARTESIAN_POINT('',(5.096822501076,-0.09476427806874,2.935));
#10021=VECTOR('',#13310,2.079694649937);
#10022=CARTESIAN_POINT('',(5.133118177371,-2.174142180434,2.08));
#10023=CARTESIAN_POINT('',(5.133118177372,-2.174142180438,2.935));
#10024=VECTOR('',#13311,0.855);
#10025=CARTESIAN_POINT('',(5.133118177371,-2.174142180434,2.08));
#10026=VECTOR('',#13312,2.079694649939);
#10027=CARTESIAN_POINT('',(5.146500406509,-2.222396939792,2.08));
#10028=AXIS2_PLACEMENT_3D('',#13313,#13314,#13315);
#10029=CARTESIAN_POINT('',(5.614807621136,-3.033528829077,2.08));
#10030=VECTOR('',#13316,0.9366144292538);
#10031=CARTESIAN_POINT('',(5.612365339441,-3.337681617097,2.08));
#10032=AXIS2_PLACEMENT_3D('',#13317,#13318,#13319);
#10033=CARTESIAN_POINT('',(5.181118941121,-4.057667788697,2.08));
#10034=VECTOR('',#13320,0.8392577335716);
#10035=CARTESIAN_POINT('',(5.166922618088,-4.110797292009,2.08));
#10036=AXIS2_PLACEMENT_3D('',#13321,#13322,#13323);
#10037=CARTESIAN_POINT('',(5.174283466236,-4.5325,2.08));
#10038=CARTESIAN_POINT('',(5.166922618088,-4.110797292009,2.08));
#10039=VECTOR('',#13324,0.4217669451396);
#10040=CARTESIAN_POINT('',(4.979115081787,-4.5325,2.08));
#10041=CARTESIAN_POINT('',(5.174283466236,-4.5325,2.08));
#10042=VECTOR('',#13325,0.1951683844489);
#10043=CARTESIAN_POINT('',(4.971786202211,-4.112628770266,2.08));
#10044=CARTESIAN_POINT('',(4.979115081787,-4.5325,2.08));
#10045=VECTOR('',#13326,0.4199351878974);
#10046=CARTESIAN_POINT('',(5.011309810959,-3.961482721687,2.08));
#10047=CARTESIAN_POINT('',(5.002638946043,-3.976501100267,2.08));
#10048=CARTESIAN_POINT('',(4.988158931953,-4.007948105838,2.08));
#10049=CARTESIAN_POINT('',(4.974896017793,-4.056073837187,2.08));
#10050=CARTESIAN_POINT('',(4.971479808423,-4.095075481909,2.08));
#10051=CARTESIAN_POINT('',(4.971786202211,-4.112628770266,2.08));
#10052=CARTESIAN_POINT('',(5.439405059928,-3.219999999996,2.08));
#10053=CARTESIAN_POINT('',(5.439405059926,-3.219999999999,2.08));
#10054=VECTOR('',#13327,0.8561904979326);
#10055=AXIS2_PLACEMENT_3D('',#13328,#13329,#13330);
#10056=CARTESIAN_POINT('',(4.97750537024,-2.319966269466,2.08));
#10057=CARTESIAN_POINT('',(4.977505370243,-2.319966269469,2.08));
#10058=VECTOR('',#13331,0.9237993793643);
#10059=CARTESIAN_POINT('',(4.938009238576,-2.177547819631,2.08));
#10060=AXIS2_PLACEMENT_3D('',#13332,#13333,#13334);
#10061=CARTESIAN_POINT('',(4.901715043204,-0.09825475935763,2.08));
#10062=CARTESIAN_POINT('',(4.901715043204,-0.09825475935672,2.08));
#10063=VECTOR('',#13335,2.079609794918);
#10064=AXIS2_PLACEMENT_3D('',#13336,#13337,#13338);
#10065=CARTESIAN_POINT('',(4.901715043204,-0.09825475935672,2.935));
#10066=VECTOR('',#13339,0.855);
#10067=CARTESIAN_POINT('',(4.938009238576,-2.177547819631,2.08));
#10068=VECTOR('',#13340,0.855);
#10069=CARTESIAN_POINT('',(4.977505370243,-2.319966269469,2.935));
#10070=VECTOR('',#13341,0.855);
#10071=CARTESIAN_POINT('',(5.439405059926,-3.219999999999,2.935));
#10072=VECTOR('',#13342,0.855);
#10073=CARTESIAN_POINT('',(4.971786202211,-4.112628770266,2.935));
#10074=VECTOR('',#13343,0.855);
#10075=CARTESIAN_POINT('',(4.984831615551,-4.86,2.4075));
#10076=CARTESIAN_POINT('',(4.984831615551,-4.86,2.4075));
#10077=VECTOR('',#13344,0.4631902187636);
#10078=CARTESIAN_POINT('',(4.984831615551,-4.86,2.6075));
#10079=CARTESIAN_POINT('',(4.984831615551,-4.86,2.4075));
#10080=VECTOR('',#13345,0.2);
#10081=CARTESIAN_POINT('',(4.979115081787,-4.5325,2.935));
#10082=VECTOR('',#13346,0.4631902187636);
#10083=CARTESIAN_POINT('',(5.18,-4.86,2.6075));
#10084=CARTESIAN_POINT('',(5.18,-4.86,2.6075));
#10085=VECTOR('',#13347,0.195168384449);
#10086=CARTESIAN_POINT('',(5.18,-4.86,2.6075));
#10087=VECTOR('',#13348,0.4631902187636);
#10088=CARTESIAN_POINT('',(5.18,-4.86,2.4075));
#10089=CARTESIAN_POINT('',(5.18,-4.86,2.4075));
#10090=VECTOR('',#13349,0.2);
#10091=CARTESIAN_POINT('',(5.174283466236,-4.5325,2.08));
#10092=VECTOR('',#13350,0.4631902187636);
#10093=CARTESIAN_POINT('',(5.166922618088,-4.110797292009,2.08));
#10094=VECTOR('',#13351,0.855);
#10095=CARTESIAN_POINT('',(5.612365339441,-3.337681617097,2.08));
#10096=VECTOR('',#13352,0.855);
#10097=CARTESIAN_POINT('',(5.146500406509,-2.222396939792,2.08));
#10098=VECTOR('',#13353,0.855);
#10099=CARTESIAN_POINT('',(5.18,-4.86,2.4075));
#10100=VECTOR('',#13354,0.195168384449);
#10101=CARTESIAN_POINT('',(5.085,0.97,1.7));
#10102=CARTESIAN_POINT('',(5.085,0.97,1.7));
#10103=VECTOR('',#13355,0.9700000000013);
#10104=CARTESIAN_POINT('',(4.935,1.12,1.7));
#10105=AXIS2_PLACEMENT_3D('',#13356,#13357,#13358);
#10106=CARTESIAN_POINT('',(4.935,1.12,1.7));
#10107=VECTOR('',#13359,0.565);
#10108=CARTESIAN_POINT('',(5.5,1.12,-1.7));
#10109=CARTESIAN_POINT('',(4.935,1.12,-1.7));
#10110=CARTESIAN_POINT('',(5.5,1.12,-1.7));
#10111=VECTOR('',#13360,0.565);
#10112=CARTESIAN_POINT('',(5.5,1.12,-4.152007563196));
#10113=CARTESIAN_POINT('',(5.5,1.12,-4.152007563196));
#10114=VECTOR('',#13361,2.452007563196);
#10115=CARTESIAN_POINT('',(4.152007563196,1.12,-5.5));
#10116=CARTESIAN_POINT('',(4.152007563196,1.12,-5.5));
#10117=VECTOR('',#13362,1.906349186105);
#10118=CARTESIAN_POINT('',(1.7,1.12,-5.5));
#10119=CARTESIAN_POINT('',(1.7,1.12,-5.5));
#10120=VECTOR('',#13363,2.452007563196);
#10121=CARTESIAN_POINT('',(1.7,1.12,-4.935));
#10122=CARTESIAN_POINT('',(1.7,1.12,-4.935));
#10123=VECTOR('',#13364,0.565);
#10124=CARTESIAN_POINT('',(-1.7,1.12,-4.935));
#10125=CARTESIAN_POINT('',(1.7,1.12,-4.935));
#10126=VECTOR('',#13365,3.4);
#10127=CARTESIAN_POINT('',(-1.7,1.12,-5.5));
#10128=CARTESIAN_POINT('',(-1.7,1.12,-5.5));
#10129=VECTOR('',#13366,0.565);
#10130=CARTESIAN_POINT('',(-4.152007563196,1.12,-5.5));
#10131=CARTESIAN_POINT('',(-4.152007563196,1.12,-5.5));
#10132=VECTOR('',#13367,2.452007563196);
#10133=CARTESIAN_POINT('',(-5.5,1.12,-4.152007563196));
#10134=CARTESIAN_POINT('',(-5.5,1.12,-4.152007563196));
#10135=VECTOR('',#13368,1.906349186105);
#10136=CARTESIAN_POINT('',(-5.5,1.12,-1.7));
#10137=CARTESIAN_POINT('',(-5.5,1.12,-1.7));
#10138=VECTOR('',#13369,2.452007563196);
#10139=CARTESIAN_POINT('',(-4.935,1.12,-1.7));
#10140=CARTESIAN_POINT('',(-4.935,1.12,-1.7));
#10141=VECTOR('',#13370,0.565);
#10142=CARTESIAN_POINT('',(-4.935,1.12,1.7));
#10143=CARTESIAN_POINT('',(-4.935,1.12,-1.7));
#10144=VECTOR('',#13371,3.4);
#10145=CARTESIAN_POINT('',(-5.5,1.12,1.7));
#10146=CARTESIAN_POINT('',(-5.5,1.12,1.7));
#10147=VECTOR('',#13372,0.565);
#10148=CARTESIAN_POINT('',(-5.5,1.12,4.152007563196));
#10149=CARTESIAN_POINT('',(-5.5,1.12,4.152007563196));
#10150=VECTOR('',#13373,2.452007563196);
#10151=CARTESIAN_POINT('',(-4.152007563196,1.12,5.5));
#10152=CARTESIAN_POINT('',(-4.152007563196,1.12,5.5));
#10153=VECTOR('',#13374,1.906349186105);
#10154=CARTESIAN_POINT('',(-1.7,1.12,5.5));
#10155=CARTESIAN_POINT('',(-1.7,1.12,5.5));
#10156=VECTOR('',#13375,2.452007563196);
#10157=CARTESIAN_POINT('',(-1.7,1.12,4.935));
#10158=CARTESIAN_POINT('',(-1.7,1.12,4.935));
#10159=VECTOR('',#13376,0.565);
#10160=CARTESIAN_POINT('',(1.7,1.12,4.935));
#10161=CARTESIAN_POINT('',(-1.7,1.12,4.935));
#10162=VECTOR('',#13377,3.4);
#10163=CARTESIAN_POINT('',(1.7,1.12,5.5));
#10164=CARTESIAN_POINT('',(1.7,1.12,5.5));
#10165=VECTOR('',#13378,0.565);
#10166=CARTESIAN_POINT('',(4.152007563196,1.12,5.5));
#10167=CARTESIAN_POINT('',(4.152007563196,1.12,5.5));
#10168=VECTOR('',#13379,2.452007563196);
#10169=CARTESIAN_POINT('',(5.5,1.12,4.152007563196));
#10170=VECTOR('',#13380,1.906349186105);
#10171=CARTESIAN_POINT('',(4.935,1.12,1.7));
#10172=VECTOR('',#13381,3.4);
#10173=CARTESIAN_POINT('',(2.207558443221,1.12,4.81));
#10174=CARTESIAN_POINT('',(-2.207558443221,1.12,4.81));
#10175=CARTESIAN_POINT('',(2.207558443227,1.12,4.810000000001));
#10176=VECTOR('',#13382,4.415116886453);
#10177=CARTESIAN_POINT('',(-3.440849987728,1.12,5.344232308688));
#10178=AXIS2_PLACEMENT_3D('',#13383,#13384,#13385);
#10179=AXIS2_PLACEMENT_3D('',#13386,#13387,#13388);
#10180=CARTESIAN_POINT('',(-5.350112816753,1.12,3.651195323764));
#10181=AXIS2_PLACEMENT_3D('',#13389,#13390,#13391);
#10182=CARTESIAN_POINT('',(-5.34423230869,1.12,3.440849987727));
#10183=AXIS2_PLACEMENT_3D('',#13392,#13393,#13394);
#10184=CARTESIAN_POINT('',(-4.810000000001,1.12,2.207558443226));
#10185=AXIS2_PLACEMENT_3D('',#13395,#13396,#13397);
#10186=CARTESIAN_POINT('',(-4.81,1.12,-2.207558443221));
#10187=CARTESIAN_POINT('',(-4.810000000001,1.12,2.207558443226));
#10188=VECTOR('',#13398,4.415116886452);
#10189=CARTESIAN_POINT('',(-5.344232308688,1.12,-3.440849987728));
#10190=AXIS2_PLACEMENT_3D('',#13399,#13400,#13401);
#10191=AXIS2_PLACEMENT_3D('',#13402,#13403,#13404);
#10192=CARTESIAN_POINT('',(-3.651195323768,1.12,-5.350112816751));
#10193=AXIS2_PLACEMENT_3D('',#13405,#13406,#13407);
#10194=CARTESIAN_POINT('',(-3.440849987742,1.12,-5.344232308696));
#10195=AXIS2_PLACEMENT_3D('',#13408,#13409,#13410);
#10196=CARTESIAN_POINT('',(-2.207558443229,1.12,-4.81));
#10197=AXIS2_PLACEMENT_3D('',#13411,#13412,#13413);
#10198=CARTESIAN_POINT('',(2.207558443227,1.12,-4.81));
#10199=CARTESIAN_POINT('',(-2.207558443229,1.12,-4.81));
#10200=VECTOR('',#13414,4.415116886458);
#10201=CARTESIAN_POINT('',(3.440849987741,1.12,-5.344232308695));
#10202=AXIS2_PLACEMENT_3D('',#13415,#13416,#13417);
#10203=AXIS2_PLACEMENT_3D('',#13418,#13419,#13420);
#10204=CARTESIAN_POINT('',(5.350112816753,1.12,-3.651195323764));
#10205=AXIS2_PLACEMENT_3D('',#13421,#13422,#13423);
#10206=CARTESIAN_POINT('',(5.344232308693,1.12,-3.440849987735));
#10207=AXIS2_PLACEMENT_3D('',#13424,#13425,#13426);
#10208=CARTESIAN_POINT('',(4.810000000001,1.12,-2.207558443227));
#10209=AXIS2_PLACEMENT_3D('',#13427,#13428,#13429);
#10210=CARTESIAN_POINT('',(4.81,1.12,2.207558443224));
#10211=CARTESIAN_POINT('',(4.810000000001,1.12,-2.207558443227));
#10212=VECTOR('',#13430,4.415116886454);
#10213=CARTESIAN_POINT('',(5.344610630766,1.12,3.441537377741));
#10214=AXIS2_PLACEMENT_3D('',#13431,#13432,#13433);
#10215=AXIS2_PLACEMENT_3D('',#13434,#13435,#13436);
#10216=CARTESIAN_POINT('',(3.651256089021,1.12,5.350083664075));
#10217=AXIS2_PLACEMENT_3D('',#13437,#13438,#13439);
#10218=CARTESIAN_POINT('',(3.440849987727,1.12,5.34423230869));
#10219=AXIS2_PLACEMENT_3D('',#13440,#13441,#13442);
#10220=AXIS2_PLACEMENT_3D('',#13443,#13444,#13445);
#10221=CARTESIAN_POINT('',(5.085,0.97,-1.7));
#10222=CARTESIAN_POINT('',(5.085,0.97,-1.7));
#10223=VECTOR('',#13446,3.4);
#10224=AXIS2_PLACEMENT_3D('',#13447,#13448,#13449);
#10225=CARTESIAN_POINT('',(5.5,0.0,-1.7));
#10226=CARTESIAN_POINT('',(5.5,1.12,-1.7));
#10227=VECTOR('',#13450,1.12);
#10228=CARTESIAN_POINT('',(5.085,0.0,-1.7));
#10229=CARTESIAN_POINT('',(5.085,0.0,-1.7));
#10230=VECTOR('',#13451,0.97);
#10231=CARTESIAN_POINT('',(5.085,0.0,-1.7));
#10232=VECTOR('',#13452,0.415);
#10233=CARTESIAN_POINT('',(5.079710905003,2.283243039081E-14,-2.08));
#10234=CARTESIAN_POINT('',(4.801730273688,0.0,-2.08));
#10235=CARTESIAN_POINT('',(5.079710905003,2.283243039081E-14,-2.08));
#10236=VECTOR('',#13453,0.2779806313154);
#10237=CARTESIAN_POINT('',(5.5,0.0,-2.08));
#10238=CARTESIAN_POINT('',(5.079710905003,2.283243039081E-14,-2.08));
#10239=VECTOR('',#13454,0.4202890949966);
#10240=CARTESIAN_POINT('',(5.5,0.0,-1.7));
#10241=VECTOR('',#13455,0.38);
#10242=CARTESIAN_POINT('',(3.81,-2.368475785867E-14,-1.7));
#10243=CARTESIAN_POINT('',(3.81,-2.368475785867E-14,-1.7));
#10244=VECTOR('',#13456,1.275);
#10245=CARTESIAN_POINT('',(3.81,-3.145631903105E-14,-3.3));
#10246=CARTESIAN_POINT('',(3.81,-2.368475785867E-14,-1.7));
#10247=VECTOR('',#13457,1.6);
#10248=CARTESIAN_POINT('',(5.5,0.0,-3.3));
#10249=CARTESIAN_POINT('',(3.81,-3.145631903105E-14,-3.3));
#10250=VECTOR('',#13458,1.69);
#10251=CARTESIAN_POINT('',(5.5,0.0,-2.935));
#10252=CARTESIAN_POINT('',(5.5,0.0,-2.935));
#10253=VECTOR('',#13459,0.3649999999999);
#10254=CARTESIAN_POINT('',(5.079710905003,0.0,-2.935));
#10255=CARTESIAN_POINT('',(5.079710905003,0.0,-2.935));
#10256=VECTOR('',#13460,0.4202890949966);
#10257=CARTESIAN_POINT('',(4.801730273688,0.0,-2.935));
#10258=CARTESIAN_POINT('',(5.079710905003,0.0,-2.935));
#10259=VECTOR('',#13461,0.2779806313154);
#10260=CARTESIAN_POINT('',(4.801730273688,0.0,-2.935));
#10261=VECTOR('',#13462,0.855);
#10262=CARTESIAN_POINT('',(4.901715043204,-0.09825475935672,-2.935));
#10263=AXIS2_PLACEMENT_3D('',#13463,#13464,#13465);
#10264=CARTESIAN_POINT('',(4.901715043204,-0.09825475935763,-2.08));
#10265=CARTESIAN_POINT('',(4.901715043204,-0.09825475935672,-2.08));
#10266=VECTOR('',#13466,0.855);
#10267=AXIS2_PLACEMENT_3D('',#13467,#13468,#13469);
#10268=CARTESIAN_POINT('',(4.938009238576,-2.177547819632,-2.08));
#10269=CARTESIAN_POINT('',(4.938009238576,-2.177547819631,-2.08));
#10270=VECTOR('',#13470,2.079609794918);
#10271=CARTESIAN_POINT('',(4.977505370243,-2.319966269469,-2.08));
#10272=AXIS2_PLACEMENT_3D('',#13471,#13472,#13473);
#10273=CARTESIAN_POINT('',(5.439405059925,-3.119999999999,-2.08));
#10274=VECTOR('',#13474,0.9237993793643);
#10275=CARTESIAN_POINT('',(5.439405059926,-3.219999999999,-2.08));
#10276=AXIS2_PLACEMENT_3D('',#13475,#13476,#13477);
#10277=CARTESIAN_POINT('',(5.011309810959,-3.961482721687,-2.08));
#10278=VECTOR('',#13478,0.8561904979326);
#10279=CARTESIAN_POINT('',(4.971786202211,-4.112628770266,-2.08));
#10280=CARTESIAN_POINT('',(4.971786202211,-4.112628770266,-2.08));
#10281=CARTESIAN_POINT('',(4.971479808423,-4.095075481909,-2.08));
#10282=CARTESIAN_POINT('',(4.974896017793,-4.056073837187,-2.08));
#10283=CARTESIAN_POINT('',(4.988158931953,-4.007948105838,-2.08));
#10284=CARTESIAN_POINT('',(5.002638946043,-3.976501100267,-2.08));
#10285=CARTESIAN_POINT('',(5.011309810959,-3.961482721687,-2.08));
#10286=CARTESIAN_POINT('',(4.979115081787,-4.5325,-2.08));
#10287=CARTESIAN_POINT('',(4.979115081787,-4.5325,-2.08));
#10288=VECTOR('',#13479,0.4199351878974);
#10289=CARTESIAN_POINT('',(5.174283466236,-4.5325,-2.08));
#10290=CARTESIAN_POINT('',(4.979115081787,-4.5325,-2.08));
#10291=VECTOR('',#13480,0.1951683844489);
#10292=CARTESIAN_POINT('',(5.166922618087,-4.110797292007,-2.08));
#10293=CARTESIAN_POINT('',(5.166922618088,-4.110797292009,-2.08));
#10294=VECTOR('',#13481,0.4217669451397);
#10295=AXIS2_PLACEMENT_3D('',#13482,#13483,#13484);
#10296=CARTESIAN_POINT('',(5.612365339439,-3.3376816171,-2.08));
#10297=CARTESIAN_POINT('',(5.612365339441,-3.337681617097,-2.08));
#10298=VECTOR('',#13485,0.8392577335715);
#10299=AXIS2_PLACEMENT_3D('',#13486,#13487,#13488);
#10300=CARTESIAN_POINT('',(5.146500406508,-2.222396939792,-2.08));
#10301=CARTESIAN_POINT('',(5.146500406509,-2.222396939792,-2.08));
#10302=VECTOR('',#13489,0.9366144292538);
#10303=CARTESIAN_POINT('',(5.133118177372,-2.174142180438,-2.08));
#10304=AXIS2_PLACEMENT_3D('',#13490,#13491,#13492);
#10305=CARTESIAN_POINT('',(5.096822501076,-0.0947642780686,-2.08));
#10306=CARTESIAN_POINT('',(5.096822501076,-0.09476427806874,-2.08));
#10307=VECTOR('',#13493,2.079694649937);
#10308=AXIS2_PLACEMENT_3D('',#13494,#13495,#13496);
#10309=CARTESIAN_POINT('',(4.796868192529,0.2,-2.08));
#10310=AXIS2_PLACEMENT_3D('',#13497,#13498,#13499);
#10311=CARTESIAN_POINT('',(5.096822501076,-0.09476427805176,-2.935));
#10312=CARTESIAN_POINT('',(5.096822501076,-0.09476427806313,-2.935));
#10313=VECTOR('',#13500,0.855);
#10314=AXIS2_PLACEMENT_3D('',#13501,#13502,#13503);
#10315=CARTESIAN_POINT('',(4.796868192529,0.2,-2.935));
#10316=AXIS2_PLACEMENT_3D('',#13504,#13505,#13506);
#10317=CARTESIAN_POINT('',(4.796868192529,0.2,-2.08));
#10318=VECTOR('',#13507,0.855);
#10319=CARTESIAN_POINT('',(5.5,0.2,-2.935));
#10320=CARTESIAN_POINT('',(4.796868192529,0.2,-2.935));
#10321=VECTOR('',#13508,0.703131807471);
#10322=CARTESIAN_POINT('',(5.5,0.2,-2.08));
#10323=CARTESIAN_POINT('',(5.5,0.2,-2.08));
#10324=VECTOR('',#13509,0.855);
#10325=CARTESIAN_POINT('',(5.5,0.2,-2.08));
#10326=VECTOR('',#13510,0.703131807471);
#10327=CARTESIAN_POINT('',(5.5,0.0,-2.08));
#10328=VECTOR('',#13511,0.2);
#10329=CARTESIAN_POINT('',(5.5,0.0,-2.935));
#10330=VECTOR('',#13512,0.2);
#10331=CARTESIAN_POINT('',(5.5,0.2,-3.3));
#10332=CARTESIAN_POINT('',(5.5,0.2,-3.3));
#10333=VECTOR('',#13513,0.2);
#10334=CARTESIAN_POINT('',(5.5,0.2,-4.152007563196));
#10335=CARTESIAN_POINT('',(5.5,0.2,-3.3));
#10336=VECTOR('',#13514,0.852007563196);
#10337=CARTESIAN_POINT('',(5.5,0.2,-4.152007563196));
#10338=VECTOR('',#13515,0.92);
#10339=CARTESIAN_POINT('',(4.152007563196,0.2,-5.5));
#10340=CARTESIAN_POINT('',(4.152007563196,0.2,-5.5));
#10341=VECTOR('',#13516,0.92);
#10342=CARTESIAN_POINT('',(5.5,0.2,-4.152007563196));
#10343=VECTOR('',#13517,1.906349186105);
#10344=CARTESIAN_POINT('',(1.7,0.2,-6.0));
#10345=CARTESIAN_POINT('',(4.465180361561,0.2,-6.0));
#10346=CARTESIAN_POINT('',(1.7,0.2,-6.0));
#10347=VECTOR('',#13518,2.765180361561);
#10348=CARTESIAN_POINT('',(1.7,0.2,-5.5));
#10349=CARTESIAN_POINT('',(1.7,0.2,-5.5));
#10350=VECTOR('',#13519,0.5);
#10351=CARTESIAN_POINT('',(4.152007563196,0.2,-5.5));
#10352=VECTOR('',#13520,2.452007563196);
#10353=CARTESIAN_POINT('',(6.0,0.2,-3.3));
#10354=CARTESIAN_POINT('',(5.5,0.2,-3.3));
#10355=VECTOR('',#13521,0.5);
#10356=CARTESIAN_POINT('',(6.0,0.2,-4.465180361561));
#10357=CARTESIAN_POINT('',(6.0,0.2,-4.465180361561));
#10358=VECTOR('',#13522,1.165180361561);
#10359=CARTESIAN_POINT('',(4.465180361561,0.2,-6.0));
#10360=VECTOR('',#13523,2.170562748477);
#10361=CARTESIAN_POINT('',(6.0,-1.36,-4.465180361561));
#10362=CARTESIAN_POINT('',(6.0,0.2,-4.465180361561));
#10363=VECTOR('',#13524,1.56);
#10364=CARTESIAN_POINT('',(4.465180361561,-1.36,-6.0));
#10365=CARTESIAN_POINT('',(6.0,-1.36,-4.465180361561));
#10366=VECTOR('',#13525,2.170562748477);
#10367=CARTESIAN_POINT('',(4.465180361561,-1.36,-6.0));
#10368=VECTOR('',#13526,1.56);
#10369=CARTESIAN_POINT('',(3.26,-1.36,-6.0));
#10370=CARTESIAN_POINT('',(3.26,-1.36,-6.0));
#10371=VECTOR('',#13527,1.205180361561);
#10372=CARTESIAN_POINT('',(3.185,-0.36,-6.0));
#10373=CARTESIAN_POINT('',(3.185,-0.36,-6.0));
#10374=VECTOR('',#13528,1.002808556007);
#10375=CARTESIAN_POINT('',(1.7,-0.36,-6.0));
#10376=CARTESIAN_POINT('',(3.185,-0.36,-6.0));
#10377=VECTOR('',#13529,1.485);
#10378=CARTESIAN_POINT('',(1.7,0.2,-6.0));
#10379=VECTOR('',#13530,0.56);
#10380=CARTESIAN_POINT('',(1.7,-0.36,-5.085));
#10381=CARTESIAN_POINT('',(1.7,-0.36,-5.085));
#10382=VECTOR('',#13531,0.915);
#10383=CARTESIAN_POINT('',(1.7,0.97,-5.085));
#10384=CARTESIAN_POINT('',(1.7,0.97,-5.085));
#10385=VECTOR('',#13532,1.33);
#10386=AXIS2_PLACEMENT_3D('',#13533,#13534,#13535);
#10387=CARTESIAN_POINT('',(1.7,0.2,-5.5));
#10388=VECTOR('',#13536,0.92);
#10389=CARTESIAN_POINT('',(-1.7,0.97,-5.085));
#10390=CARTESIAN_POINT('',(-1.7,0.97,-5.085));
#10391=VECTOR('',#13537,3.4);
#10392=AXIS2_PLACEMENT_3D('',#13538,#13539,#13540);
#10393=CARTESIAN_POINT('',(-1.7,0.2,-5.5));
#10394=CARTESIAN_POINT('',(-1.7,1.12,-5.5));
#10395=VECTOR('',#13541,0.92);
#10396=CARTESIAN_POINT('',(-1.7,-0.36,-5.085));
#10397=CARTESIAN_POINT('',(-1.7,0.97,-5.085));
#10398=VECTOR('',#13542,1.33);
#10399=CARTESIAN_POINT('',(-1.7,-0.36,-6.0));
#10400=CARTESIAN_POINT('',(-1.7,-0.36,-5.085));
#10401=VECTOR('',#13543,0.915);
#10402=CARTESIAN_POINT('',(-1.7,0.2,-6.0));
#10403=CARTESIAN_POINT('',(-1.7,-0.36,-6.0));
#10404=VECTOR('',#13544,0.56);
#10405=CARTESIAN_POINT('',(-1.7,0.2,-5.5));
#10406=VECTOR('',#13545,0.5);
#10407=CARTESIAN_POINT('',(-6.0,0.2,-3.3));
#10408=CARTESIAN_POINT('',(-6.0,0.2,-4.465180361561));
#10409=CARTESIAN_POINT('',(-6.0,0.2,-3.3));
#10410=VECTOR('',#13546,1.165180361561);
#10411=CARTESIAN_POINT('',(-5.5,0.2,-3.3));
#10412=CARTESIAN_POINT('',(-6.0,0.2,-3.3));
#10413=VECTOR('',#13547,0.5);
#10414=CARTESIAN_POINT('',(-5.5,0.2,-4.152007563196));
#10415=CARTESIAN_POINT('',(-5.5,0.2,-4.152007563196));
#10416=VECTOR('',#13548,0.852007563196);
#10417=CARTESIAN_POINT('',(-4.152007563196,0.2,-5.5));
#10418=CARTESIAN_POINT('',(-4.152007563196,0.2,-5.5));
#10419=VECTOR('',#13549,1.906349186105);
#10420=CARTESIAN_POINT('',(-1.7,0.2,-5.5));
#10421=VECTOR('',#13550,2.452007563196);
#10422=CARTESIAN_POINT('',(-4.465180361561,0.2,-6.0));
#10423=CARTESIAN_POINT('',(-4.465180361561,0.2,-6.0));
#10424=VECTOR('',#13551,2.765180361561);
#10425=CARTESIAN_POINT('',(-6.0,0.2,-4.465180361561));
#10426=VECTOR('',#13552,2.170562748477);
#10427=CARTESIAN_POINT('',(-4.465180361561,-1.36,-6.0));
#10428=CARTESIAN_POINT('',(-4.465180361561,0.2,-6.0));
#10429=VECTOR('',#13553,1.56);
#10430=CARTESIAN_POINT('',(-6.0,-1.36,-4.465180361561));
#10431=CARTESIAN_POINT('',(-4.465180361561,-1.36,-6.0));
#10432=VECTOR('',#13554,2.170562748477);
#10433=CARTESIAN_POINT('',(-6.0,0.2,-4.465180361561));
#10434=VECTOR('',#13555,1.56);
#10435=CARTESIAN_POINT('',(-6.0,-1.36,-3.418984582395));
#10436=CARTESIAN_POINT('',(-6.0,-1.36,-3.418984582395));
#10437=VECTOR('',#13556,1.046195779166);
#10438=CARTESIAN_POINT('',(-6.0,-1.016020600986E-12,-3.3));
#10439=CARTESIAN_POINT('',(-6.0,-1.016029852844E-12,-3.3));
#10440=VECTOR('',#13557,1.365194979058);
#10441=CARTESIAN_POINT('',(-6.0,0.2,-3.3));
#10442=VECTOR('',#13558,0.200000000001);
#10443=CARTESIAN_POINT('',(-5.5,0.0,-3.3));
#10444=CARTESIAN_POINT('',(-6.0,-1.016029852844E-12,-3.3));
#10445=VECTOR('',#13559,0.5);
#10446=CARTESIAN_POINT('',(-5.5,0.2,-3.3));
#10447=VECTOR('',#13560,0.2);
#10448=CARTESIAN_POINT('',(-5.5,0.0,-2.935));
#10449=CARTESIAN_POINT('',(-5.5,0.0,-2.935));
#10450=VECTOR('',#13561,0.3649999999999);
#10451=CARTESIAN_POINT('',(-5.5,0.2,-2.935));
#10452=CARTESIAN_POINT('',(-5.5,0.0,-2.935));
#10453=VECTOR('',#13562,0.2);
#10454=CARTESIAN_POINT('',(-5.5,0.2,-2.08));
#10455=CARTESIAN_POINT('',(-5.5,0.2,-2.935));
#10456=VECTOR('',#13563,0.855);
#10457=CARTESIAN_POINT('',(-5.5,0.0,-2.08));
#10458=CARTESIAN_POINT('',(-5.5,0.0,-2.08));
#10459=VECTOR('',#13564,0.2);
#10460=CARTESIAN_POINT('',(-5.5,0.0,-1.7));
#10461=CARTESIAN_POINT('',(-5.5,0.0,-1.7));
#10462=VECTOR('',#13565,0.38);
#10463=CARTESIAN_POINT('',(-5.5,1.12,-1.7));
#10464=VECTOR('',#13566,1.12);
#10465=CARTESIAN_POINT('',(-5.5,0.2,-4.152007563196));
#10466=VECTOR('',#13567,0.92);
#10467=CARTESIAN_POINT('',(-4.152007563196,1.12,-5.5));
#10468=VECTOR('',#13568,0.92);
#10469=CARTESIAN_POINT('',(-5.085,0.97,-1.7));
#10470=CARTESIAN_POINT('',(-5.085,0.0,-1.7));
#10471=CARTESIAN_POINT('',(-5.085,0.97,-1.7));
#10472=VECTOR('',#13569,0.97);
#10473=AXIS2_PLACEMENT_3D('',#13570,#13571,#13572);
#10474=CARTESIAN_POINT('',(-5.085,0.0,-1.7));
#10475=VECTOR('',#13573,0.415);
#10476=CARTESIAN_POINT('',(-3.81,0.0,-3.3));
#10477=CARTESIAN_POINT('',(-3.81,0.0,-1.7));
#10478=CARTESIAN_POINT('',(-3.81,0.0,-3.3));
#10479=VECTOR('',#13574,1.6);
#10480=CARTESIAN_POINT('',(-3.81,0.0,-1.7));
#10481=VECTOR('',#13575,1.275);
#10482=CARTESIAN_POINT('',(-5.079710905003,2.28116137091E-14,-2.08));
#10483=CARTESIAN_POINT('',(-5.079710905003,2.28116137091E-14,-2.08));
#10484=VECTOR('',#13576,0.4202890949966);
#10485=CARTESIAN_POINT('',(-4.801730273688,0.0,-2.08));
#10486=CARTESIAN_POINT('',(-5.079710905003,2.28116137091E-14,-2.08));
#10487=VECTOR('',#13577,0.2779806313154);
#10488=CARTESIAN_POINT('',(-4.801730273688,0.0,-2.935));
#10489=CARTESIAN_POINT('',(-4.801730273688,0.0,-2.08));
#10490=VECTOR('',#13578,0.855);
#10491=CARTESIAN_POINT('',(-5.079710905003,4.862082958468E-14,-2.935));
#10492=CARTESIAN_POINT('',(-5.079710905003,4.862082958468E-14,-2.935));
#10493=VECTOR('',#13579,0.2779806313154);
#10494=CARTESIAN_POINT('',(-5.5,0.0,-2.935));
#10495=VECTOR('',#13580,0.4202890949966);
#10496=CARTESIAN_POINT('',(-5.5,0.0,-3.3));
#10497=VECTOR('',#13581,1.69);
#10498=CARTESIAN_POINT('',(-5.0,-1.36,-3.418984582395));
#10499=CARTESIAN_POINT('',(-6.0,-1.36,-3.418984582395));
#10500=VECTOR('',#13582,1.0);
#10501=CARTESIAN_POINT('',(-5.0,-0.86,-3.375240250632));
#10502=CARTESIAN_POINT('',(-5.0,-1.36,-3.418984582395));
#10503=VECTOR('',#13583,0.5019099187717);
#10504=CARTESIAN_POINT('',(-3.579563694509,-0.86,-3.375240250632));
#10505=CARTESIAN_POINT('',(-3.579563694509,-0.86,-3.375240250632));
#10506=VECTOR('',#13584,1.420436305491);
#10507=CARTESIAN_POINT('',(-3.579563694509,-0.86,-3.375240250632));
#10508=VECTOR('',#13585,0.8935110442538);
#10509=CARTESIAN_POINT('',(-3.579563694509,-0.86,-1.624759749368));
#10510=CARTESIAN_POINT('',(-3.579563694509,-0.86,-3.375240250632));
#10511=VECTOR('',#13586,1.750480501264);
#10512=CARTESIAN_POINT('',(-3.579563694509,-0.86,-1.624759749368));
#10513=VECTOR('',#13587,0.8935110442538);
#10514=CARTESIAN_POINT('',(-5.085,-1.29,-1.587139624052));
#10515=CARTESIAN_POINT('',(-5.085,-1.29,-1.587139624052));
#10516=VECTOR('',#13588,1.294927590431);
#10517=CARTESIAN_POINT('',(-3.55,-0.86,-1.624759749368));
#10518=CARTESIAN_POINT('',(-3.579563694509,-0.86,-1.624759749368));
#10519=VECTOR('',#13589,0.02956369450916);
#10520=CARTESIAN_POINT('',(-3.55,-1.29,-1.587139624052));
#10521=CARTESIAN_POINT('',(-3.55,-0.86,-1.624759749368));
#10522=VECTOR('',#13590,0.4316425301436);
#10523=CARTESIAN_POINT('',(-3.55,-1.29,-1.587139624052));
#10524=VECTOR('',#13591,1.535);
#10525=CARTESIAN_POINT('',(-5.085,-1.29,1.587139624052));
#10526=CARTESIAN_POINT('',(-5.085,-1.29,-1.587139624052));
#10527=VECTOR('',#13592,3.174279248104);
#10528=CARTESIAN_POINT('',(-3.55,-1.29,1.587139624052));
#10529=CARTESIAN_POINT('',(-3.55,-1.29,-1.587139624052));
#10530=VECTOR('',#13593,3.174279248104);
#10531=CARTESIAN_POINT('',(-3.55,-1.29,1.587139624052));
#10532=VECTOR('',#13594,1.535);
#10533=CARTESIAN_POINT('',(-3.55,-0.86,1.624759749368));
#10534=CARTESIAN_POINT('',(-3.55,-1.29,1.587139624052));
#10535=VECTOR('',#13595,0.4316425301436);
#10536=CARTESIAN_POINT('',(-3.579563694509,-0.86,1.624759749368));
#10537=CARTESIAN_POINT('',(-3.55,-0.86,1.624759749368));
#10538=VECTOR('',#13596,0.02956369450916);
#10539=CARTESIAN_POINT('',(-3.81,0.0,1.7));
#10540=CARTESIAN_POINT('',(-3.579563694509,-0.86,1.624759749368));
#10541=VECTOR('',#13597,0.8935110442538);
#10542=CARTESIAN_POINT('',(-5.085,-1.290190176917E-12,1.7));
#10543=CARTESIAN_POINT('',(-3.81,0.0,1.7));
#10544=VECTOR('',#13598,1.275);
#10545=CARTESIAN_POINT('',(-5.085,-1.290190176917E-12,1.7));
#10546=VECTOR('',#13599,1.29492759043);
#10547=CARTESIAN_POINT('',(-5.085,0.97,1.7));
#10548=CARTESIAN_POINT('',(-5.085,0.97,1.7));
#10549=VECTOR('',#13600,0.9700000000013);
#10550=CARTESIAN_POINT('',(-5.085,0.97,1.7));
#10551=VECTOR('',#13601,3.4);
#10552=CARTESIAN_POINT('',(-5.085,0.7788366890427,-0.7));
#10553=CARTESIAN_POINT('',(-5.085,0.7788366890426,0.7));
#10554=CARTESIAN_POINT('',(-5.085,0.7788366890427,-0.7));
#10555=VECTOR('',#13602,1.4);
#10556=CARTESIAN_POINT('',(-5.085,-0.25,0.7));
#10557=CARTESIAN_POINT('',(-5.085,-0.25,0.7));
#10558=VECTOR('',#13603,1.028836689043);
#10559=CARTESIAN_POINT('',(-5.085,-0.25,-0.7));
#10560=CARTESIAN_POINT('',(-5.085,-0.25,0.7));
#10561=VECTOR('',#13604,1.4);
#10562=CARTESIAN_POINT('',(-5.085,0.7788366890427,-0.7));
#10563=VECTOR('',#13605,1.028836689043);
#10564=AXIS2_PLACEMENT_3D('',#13606,#13607,#13608);
#10565=CARTESIAN_POINT('',(-5.5,0.0,1.7));
#10566=CARTESIAN_POINT('',(-5.5,0.0,1.7));
#10567=VECTOR('',#13609,1.12);
#10568=CARTESIAN_POINT('',(-5.085,-1.290190176917E-12,1.7));
#10569=VECTOR('',#13610,0.415);
#10570=CARTESIAN_POINT('',(-5.079710905003,4.862082958468E-14,2.08));
#10571=CARTESIAN_POINT('',(-4.801730273688,0.0,2.08));
#10572=CARTESIAN_POINT('',(-5.079710905003,4.862082958468E-14,2.08));
#10573=VECTOR('',#13611,0.2779806313154);
#10574=CARTESIAN_POINT('',(-5.5,0.0,2.08));
#10575=CARTESIAN_POINT('',(-5.079710905003,4.862082958468E-14,2.08));
#10576=VECTOR('',#13612,0.4202890949966);
#10577=CARTESIAN_POINT('',(-5.5,0.0,2.08));
#10578=VECTOR('',#13613,0.38);
#10579=CARTESIAN_POINT('',(-3.81,0.0,3.3));
#10580=CARTESIAN_POINT('',(-3.81,0.0,1.7));
#10581=VECTOR('',#13614,1.6);
#10582=CARTESIAN_POINT('',(-5.5,0.0,3.3));
#10583=CARTESIAN_POINT('',(-3.81,0.0,3.3));
#10584=VECTOR('',#13615,1.69);
#10585=CARTESIAN_POINT('',(-5.5,0.0,2.935));
#10586=CARTESIAN_POINT('',(-5.5,0.0,3.3));
#10587=VECTOR('',#13616,0.365);
#10588=CARTESIAN_POINT('',(-5.079710905003,2.28116137091E-14,2.935));
#10589=CARTESIAN_POINT('',(-5.079710905003,2.28116137091E-14,2.935));
#10590=VECTOR('',#13617,0.4202890949966);
#10591=CARTESIAN_POINT('',(-4.801730273688,0.0,2.935));
#10592=CARTESIAN_POINT('',(-5.079710905003,2.28116137091E-14,2.935));
#10593=VECTOR('',#13618,0.2779806313154);
#10594=CARTESIAN_POINT('',(-4.801730273688,0.0,2.935));
#10595=VECTOR('',#13619,0.855);
#10596=CARTESIAN_POINT('',(-4.901715043204,-0.09825475935689,2.935));
#10597=AXIS2_PLACEMENT_3D('',#13620,#13621,#13622);
#10598=CARTESIAN_POINT('',(-4.901715043204,-0.09825475935815,2.08));
#10599=CARTESIAN_POINT('',(-4.901715043204,-0.09825475935689,2.08));
#10600=VECTOR('',#13623,0.855);
#10601=AXIS2_PLACEMENT_3D('',#13624,#13625,#13626);
#10602=CARTESIAN_POINT('',(-4.938009238576,-2.177547819633,2.08));
#10603=CARTESIAN_POINT('',(-4.938009238576,-2.177547819631,2.08));
#10604=VECTOR('',#13627,2.079609794919);
#10605=CARTESIAN_POINT('',(-4.977505370244,-2.319966269472,2.08));
#10606=AXIS2_PLACEMENT_3D('',#13628,#13629,#13630);
#10607=CARTESIAN_POINT('',(-5.439405059926,-3.120000000001,2.08));
#10608=VECTOR('',#13631,0.9237993793641);
#10609=CARTESIAN_POINT('',(-5.439405059925,-3.22,2.08));
#10610=AXIS2_PLACEMENT_3D('',#13632,#13633,#13634);
#10611=CARTESIAN_POINT('',(-5.011309810959,-3.961482721689,2.08));
#10612=VECTOR('',#13635,0.8561904979327);
#10613=CARTESIAN_POINT('',(-4.97178620221,-4.112628770266,2.08));
#10614=CARTESIAN_POINT('',(-4.97178620221,-4.112628770266,2.08));
#10615=CARTESIAN_POINT('',(-4.971479808422,-4.095075481909,2.08));
#10616=CARTESIAN_POINT('',(-4.974896017793,-4.056073837187,2.08));
#10617=CARTESIAN_POINT('',(-4.988158931953,-4.007948105838,2.08));
#10618=CARTESIAN_POINT('',(-5.002638946044,-3.976501100267,2.08));
#10619=CARTESIAN_POINT('',(-5.011309810959,-3.961482721689,2.08));
#10620=CARTESIAN_POINT('',(-4.979115081787,-4.5325,2.08));
#10621=CARTESIAN_POINT('',(-4.97178620221,-4.112628770266,2.08));
#10622=VECTOR('',#13636,0.4199351878971);
#10623=CARTESIAN_POINT('',(-5.174283466236,-4.5325,2.08));
#10624=CARTESIAN_POINT('',(-4.979115081787,-4.5325,2.08));
#10625=VECTOR('',#13637,0.1951683844492);
#10626=CARTESIAN_POINT('',(-5.166913287039,-4.110262716586,2.08));
#10627=CARTESIAN_POINT('',(-5.174283466236,-4.5325,2.08));
#10628=VECTOR('',#13638,0.4223016019938);
#10629=CARTESIAN_POINT('',(-5.181118941121,-4.057667788696,2.08));
#10630=CARTESIAN_POINT('',(-5.178004976095,-4.06286669996,2.08));
#10631=CARTESIAN_POINT('',(-5.172805389493,-4.073773544045,2.08));
#10632=CARTESIAN_POINT('',(-5.168031727772,-4.090568349656,2.08));
#10633=CARTESIAN_POINT('',(-5.166806287685,-4.104132727707,2.08));
#10634=CARTESIAN_POINT('',(-5.166913287039,-4.110262716586,2.08));
#10635=CARTESIAN_POINT('',(-5.612365339441,-3.337681617097,2.08));
#10636=CARTESIAN_POINT('',(-5.612365339442,-3.337681617096,2.08));
#10637=VECTOR('',#13639,0.8392577335714);
#10638=AXIS2_PLACEMENT_3D('',#13640,#13641,#13642);
#10639=CARTESIAN_POINT('',(-5.146500406506,-2.222396939788,2.08));
#10640=CARTESIAN_POINT('',(-5.146500406508,-2.222396939791,2.08));
#10641=VECTOR('',#13643,0.9366144292539);
#10642=CARTESIAN_POINT('',(-5.133118177372,-2.174142180438,2.08));
#10643=AXIS2_PLACEMENT_3D('',#13644,#13645,#13646);
#10644=CARTESIAN_POINT('',(-5.096822501076,-0.0947642780686,2.08));
#10645=CARTESIAN_POINT('',(-5.096822501076,-0.09476427806874,2.08));
#10646=VECTOR('',#13647,2.079694649937);
#10647=AXIS2_PLACEMENT_3D('',#13648,#13649,#13650);
#10648=CARTESIAN_POINT('',(-4.796868192529,0.2,2.08));
#10649=AXIS2_PLACEMENT_3D('',#13651,#13652,#13653);
#10650=CARTESIAN_POINT('',(-5.096822501076,-0.09476427805174,2.935));
#10651=CARTESIAN_POINT('',(-5.096822501075,-0.09476427806313,2.935));
#10652=VECTOR('',#13654,0.855);
#10653=AXIS2_PLACEMENT_3D('',#13655,#13656,#13657);
#10654=CARTESIAN_POINT('',(-4.796868192529,0.2,2.935));
#10655=AXIS2_PLACEMENT_3D('',#13658,#13659,#13660);
#10656=CARTESIAN_POINT('',(-4.796868192529,0.2,2.08));
#10657=VECTOR('',#13661,0.855);
#10658=CARTESIAN_POINT('',(-5.5,0.2,2.935));
#10659=CARTESIAN_POINT('',(-4.796868192529,0.2,2.935));
#10660=VECTOR('',#13662,0.703131807471);
#10661=CARTESIAN_POINT('',(-5.5,0.2,2.08));
#10662=CARTESIAN_POINT('',(-5.5,0.2,2.08));
#10663=VECTOR('',#13663,0.855);
#10664=CARTESIAN_POINT('',(-5.5,0.2,2.08));
#10665=VECTOR('',#13664,0.703131807471);
#10666=CARTESIAN_POINT('',(-5.5,0.0,2.08));
#10667=VECTOR('',#13665,0.2);
#10668=CARTESIAN_POINT('',(-5.5,0.0,2.935));
#10669=VECTOR('',#13666,0.2);
#10670=CARTESIAN_POINT('',(-5.5,0.2,3.3));
#10671=CARTESIAN_POINT('',(-5.5,0.2,3.3));
#10672=VECTOR('',#13667,0.2);
#10673=CARTESIAN_POINT('',(-5.5,0.2,4.152007563196));
#10674=CARTESIAN_POINT('',(-5.5,0.2,3.3));
#10675=VECTOR('',#13668,0.852007563196);
#10676=CARTESIAN_POINT('',(-5.5,1.12,4.152007563196));
#10677=VECTOR('',#13669,0.92);
#10678=CARTESIAN_POINT('',(-4.152007563196,0.2,5.5));
#10679=CARTESIAN_POINT('',(-4.152007563196,0.2,5.5));
#10680=VECTOR('',#13670,0.92);
#10681=CARTESIAN_POINT('',(-5.5,0.2,4.152007563196));
#10682=VECTOR('',#13671,1.906349186105);
#10683=CARTESIAN_POINT('',(-1.7,0.2,6.0));
#10684=CARTESIAN_POINT('',(-4.465180361561,0.2,6.0));
#10685=CARTESIAN_POINT('',(-1.7,0.2,6.0));
#10686=VECTOR('',#13672,2.765180361561);
#10687=CARTESIAN_POINT('',(-1.7,0.2,5.5));
#10688=CARTESIAN_POINT('',(-1.7,0.2,6.0));
#10689=VECTOR('',#13673,0.5);
#10690=CARTESIAN_POINT('',(-4.152007563196,0.2,5.5));
#10691=VECTOR('',#13674,2.452007563196);
#10692=CARTESIAN_POINT('',(-6.0,0.2,3.3));
#10693=CARTESIAN_POINT('',(-5.5,0.2,3.3));
#10694=VECTOR('',#13675,0.5);
#10695=CARTESIAN_POINT('',(-6.0,0.2,4.465180361561));
#10696=CARTESIAN_POINT('',(-6.0,0.2,4.465180361561));
#10697=VECTOR('',#13676,1.165180361561);
#10698=CARTESIAN_POINT('',(-4.465180361561,0.2,6.0));
#10699=VECTOR('',#13677,2.170562748477);
#10700=CARTESIAN_POINT('',(-6.0,-1.36,4.465180361561));
#10701=CARTESIAN_POINT('',(-6.0,0.2,4.465180361561));
#10702=VECTOR('',#13678,1.56);
#10703=CARTESIAN_POINT('',(-4.465180361561,-1.36,6.0));
#10704=CARTESIAN_POINT('',(-6.0,-1.36,4.465180361561));
#10705=VECTOR('',#13679,2.170562748477);
#10706=CARTESIAN_POINT('',(-4.465180361561,0.2,6.0));
#10707=VECTOR('',#13680,1.56);
#10708=CARTESIAN_POINT('',(-3.26,-1.36,6.0));
#10709=CARTESIAN_POINT('',(-3.26,-1.36,6.0));
#10710=VECTOR('',#13681,1.205180361561);
#10711=CARTESIAN_POINT('',(-3.185,-0.36,6.0));
#10712=CARTESIAN_POINT('',(-3.185,-0.36,6.0));
#10713=VECTOR('',#13682,1.002808556007);
#10714=CARTESIAN_POINT('',(-1.7,-0.36,6.0));
#10715=CARTESIAN_POINT('',(-1.7,-0.36,6.0));
#10716=VECTOR('',#13683,1.485);
#10717=CARTESIAN_POINT('',(-1.7,-0.36,6.0));
#10718=VECTOR('',#13684,0.56);
#10719=CARTESIAN_POINT('',(-1.7,-0.36,5.085));
#10720=CARTESIAN_POINT('',(-1.7,-0.36,5.085));
#10721=VECTOR('',#13685,0.915);
#10722=CARTESIAN_POINT('',(-1.7,0.97,5.085));
#10723=CARTESIAN_POINT('',(-1.7,0.97,5.085));
#10724=VECTOR('',#13686,1.33);
#10725=AXIS2_PLACEMENT_3D('',#13687,#13688,#13689);
#10726=CARTESIAN_POINT('',(-1.7,0.2,5.5));
#10727=VECTOR('',#13690,0.92);
#10728=CARTESIAN_POINT('',(1.7,0.97,5.085));
#10729=CARTESIAN_POINT('',(1.7,0.97,5.085));
#10730=VECTOR('',#13691,3.4);
#10731=AXIS2_PLACEMENT_3D('',#13692,#13693,#13694);
#10732=CARTESIAN_POINT('',(1.7,1.12,5.5));
#10733=VECTOR('',#13695,0.92);
#10734=CARTESIAN_POINT('',(1.7,-0.36,5.085));
#10735=CARTESIAN_POINT('',(1.7,-0.36,5.085));
#10736=VECTOR('',#13696,1.33);
#10737=CARTESIAN_POINT('',(1.7,-0.36,6.0));
#10738=CARTESIAN_POINT('',(1.7,-0.36,5.085));
#10739=VECTOR('',#13697,0.915);
#10740=CARTESIAN_POINT('',(1.7,0.2,6.0));
#10741=VECTOR('',#13698,0.56);
#10742=CARTESIAN_POINT('',(3.185,-0.36,6.0));
#10743=CARTESIAN_POINT('',(3.185,-0.36,6.0));
#10744=VECTOR('',#13699,1.485);
#10745=CARTESIAN_POINT('',(3.26,-1.36,6.0));
#10746=CARTESIAN_POINT('',(3.26,-1.36,6.0));
#10747=VECTOR('',#13700,1.002808556007);
#10748=CARTESIAN_POINT('',(4.465180361561,-1.36,6.0));
#10749=VECTOR('',#13701,1.205180361561);
#10750=CARTESIAN_POINT('',(3.26,-1.36,5.0));
#10751=CARTESIAN_POINT('',(3.26,-1.36,5.0));
#10752=VECTOR('',#13702,1.0);
#10753=CARTESIAN_POINT('',(4.050966799188,-1.36,5.0));
#10754=CARTESIAN_POINT('',(3.26,-1.36,5.0));
#10755=VECTOR('',#13703,0.790966799188);
#10756=CARTESIAN_POINT('',(5.0,-1.36,4.050966799188));
#10757=CARTESIAN_POINT('',(5.0,-1.36,4.050966799188));
#10758=VECTOR('',#13704,1.342135623731);
#10759=CARTESIAN_POINT('',(5.0,-1.36,4.050966799188));
#10760=VECTOR('',#13705,0.6319822167929);
#10761=CARTESIAN_POINT('',(5.0,-0.86,4.050966799188));
#10762=CARTESIAN_POINT('',(5.0,-0.86,4.050966799188));
#10763=VECTOR('',#13706,0.5);
#10764=CARTESIAN_POINT('',(5.0,-0.86,4.050966799188));
#10765=VECTOR('',#13707,0.6757265485559);
#10766=CARTESIAN_POINT('',(-3.55,-0.86,-1.624759749368));
#10767=VECTOR('',#13708,3.249519498736);
#10768=CARTESIAN_POINT('',(-5.0,-0.86,-4.050966799188));
#10769=CARTESIAN_POINT('',(-5.0,-0.86,-4.050966799188));
#10770=VECTOR('',#13709,0.675726548556);
#10771=CARTESIAN_POINT('',(-4.050966799188,-0.86,-5.0));
#10772=CARTESIAN_POINT('',(-4.050966799188,-0.86,-5.0));
#10773=VECTOR('',#13710,1.342135623731);
#10774=CARTESIAN_POINT('',(-3.2225,-0.86,-5.0));
#10775=CARTESIAN_POINT('',(-3.2225,-0.86,-5.0));
#10776=VECTOR('',#13711,0.828466799188);
#10777=CARTESIAN_POINT('',(-3.2225,-0.86,-5.085));
#10778=CARTESIAN_POINT('',(-3.2225,-0.86,-5.0));
#10779=VECTOR('',#13712,0.085);
#10780=CARTESIAN_POINT('',(3.2225,-0.86,-5.085));
#10781=CARTESIAN_POINT('',(3.2225,-0.86,-5.085));
#10782=VECTOR('',#13713,6.445);
#10783=CARTESIAN_POINT('',(3.2225,-0.86,-5.0));
#10784=CARTESIAN_POINT('',(3.2225,-0.86,-5.0));
#10785=VECTOR('',#13714,0.085);
#10786=CARTESIAN_POINT('',(4.050966799188,-0.86,-5.0));
#10787=CARTESIAN_POINT('',(4.050966799188,-0.86,-5.0));
#10788=VECTOR('',#13715,0.828466799188);
#10789=CARTESIAN_POINT('',(5.0,-0.86,-4.050966799188));
#10790=CARTESIAN_POINT('',(5.0,-0.86,-4.050966799188));
#10791=VECTOR('',#13716,1.342135623731);
#10792=CARTESIAN_POINT('',(5.0,-0.86,-3.375240250632));
#10793=CARTESIAN_POINT('',(5.0,-0.86,-3.375240250632));
#10794=VECTOR('',#13717,0.675726548556);
#10795=CARTESIAN_POINT('',(3.579563694509,-0.86,-3.375240250632));
#10796=CARTESIAN_POINT('',(5.0,-0.86,-3.375240250632));
#10797=VECTOR('',#13718,1.420436305491);
#10798=CARTESIAN_POINT('',(3.579563694509,-0.86,-1.624759749368));
#10799=CARTESIAN_POINT('',(3.579563694509,-0.86,-3.375240250632));
#10800=VECTOR('',#13719,1.750480501264);
#10801=CARTESIAN_POINT('',(3.55,-0.86,-1.624759749368));
#10802=CARTESIAN_POINT('',(3.55,-0.86,-1.624759749368));
#10803=VECTOR('',#13720,0.02956369450917);
#10804=CARTESIAN_POINT('',(3.55,-0.86,1.624759749368));
#10805=CARTESIAN_POINT('',(3.55,-0.86,1.624759749368));
#10806=VECTOR('',#13721,3.249519498736);
#10807=CARTESIAN_POINT('',(3.579563694509,-0.86,1.624759749368));
#10808=CARTESIAN_POINT('',(3.579563694509,-0.86,1.624759749368));
#10809=VECTOR('',#13722,0.02956369450917);
#10810=CARTESIAN_POINT('',(3.579563694509,-0.86,1.624759749368));
#10811=VECTOR('',#13723,1.750480501264);
#10812=CARTESIAN_POINT('',(4.050966799188,-0.86,5.0));
#10813=CARTESIAN_POINT('',(4.050966799188,-0.86,5.0));
#10814=VECTOR('',#13724,1.342135623731);
#10815=CARTESIAN_POINT('',(3.2225,-0.86,5.0));
#10816=CARTESIAN_POINT('',(3.2225,-0.86,5.0));
#10817=VECTOR('',#13725,0.828466799188);
#10818=CARTESIAN_POINT('',(3.2225,-0.86,5.085));
#10819=CARTESIAN_POINT('',(3.2225,-0.86,5.0));
#10820=VECTOR('',#13726,0.085);
#10821=CARTESIAN_POINT('',(-3.2225,-0.86,5.085));
#10822=CARTESIAN_POINT('',(-3.2225,-0.86,5.085));
#10823=VECTOR('',#13727,6.445);
#10824=CARTESIAN_POINT('',(-3.2225,-0.86,5.0));
#10825=CARTESIAN_POINT('',(-3.2225,-0.86,5.0));
#10826=VECTOR('',#13728,0.085);
#10827=CARTESIAN_POINT('',(-4.050966799188,-0.86,5.0));
#10828=CARTESIAN_POINT('',(-4.050966799188,-0.86,5.0));
#10829=VECTOR('',#13729,0.828466799188);
#10830=CARTESIAN_POINT('',(-5.0,-0.86,4.050966799188));
#10831=CARTESIAN_POINT('',(-5.0,-0.86,4.050966799188));
#10832=VECTOR('',#13730,1.342135623731);
#10833=CARTESIAN_POINT('',(-5.0,-0.86,3.375240250632));
#10834=CARTESIAN_POINT('',(-5.0,-0.86,3.375240250632));
#10835=VECTOR('',#13731,0.6757265485559);
#10836=CARTESIAN_POINT('',(-3.579563694509,-0.86,3.375240250632));
#10837=CARTESIAN_POINT('',(-3.579563694509,-0.86,3.375240250632));
#10838=VECTOR('',#13732,1.420436305491);
#10839=CARTESIAN_POINT('',(-3.579563694509,-0.86,1.624759749368));
#10840=VECTOR('',#13733,1.750480501264);
#10841=CARTESIAN_POINT('',(-3.579563694509,-0.86,3.375240250632));
#10842=VECTOR('',#13734,0.8935110442538);
#10843=CARTESIAN_POINT('',(-5.0,-1.36,3.418984582395));
#10844=CARTESIAN_POINT('',(-5.0,-0.86,3.375240250632));
#10845=VECTOR('',#13735,0.5019099187717);
#10846=CARTESIAN_POINT('',(-6.0,-1.36,3.418984582395));
#10847=CARTESIAN_POINT('',(-5.0,-1.36,3.418984582395));
#10848=VECTOR('',#13736,1.0);
#10849=CARTESIAN_POINT('',(-6.0,0.0,3.3));
#10850=CARTESIAN_POINT('',(-6.0,-1.36,3.418984582395));
#10851=VECTOR('',#13737,1.365194979059);
#10852=CARTESIAN_POINT('',(-5.5,0.0,3.3));
#10853=VECTOR('',#13738,0.5);
#10854=CARTESIAN_POINT('',(-6.0,0.0,3.3));
#10855=VECTOR('',#13739,0.2);
#10856=CARTESIAN_POINT('',(-6.0,-1.36,4.465180361561));
#10857=VECTOR('',#13740,1.046195779166);
#10858=CARTESIAN_POINT('',(-3.26,-1.36,5.0));
#10859=CARTESIAN_POINT('',(-3.26,-1.36,6.0));
#10860=VECTOR('',#13741,1.0);
#10861=CARTESIAN_POINT('',(-5.0,-1.36,4.050966799188));
#10862=CARTESIAN_POINT('',(-5.0,-1.36,3.418984582395));
#10863=VECTOR('',#13742,0.6319822167929);
#10864=CARTESIAN_POINT('',(-4.050966799188,-1.36,5.0));
#10865=CARTESIAN_POINT('',(-4.050966799188,-1.36,5.0));
#10866=VECTOR('',#13743,1.342135623731);
#10867=CARTESIAN_POINT('',(-4.050966799188,-1.36,5.0));
#10868=VECTOR('',#13744,0.790966799188);
#10869=CARTESIAN_POINT('',(-4.050966799188,-0.86,5.0));
#10870=VECTOR('',#13745,0.5);
#10871=CARTESIAN_POINT('',(-3.26,-1.36,5.0));
#10872=VECTOR('',#13746,0.5014042780033);
#10873=CARTESIAN_POINT('',(-3.185,-0.36,5.085));
#10874=CARTESIAN_POINT('',(-3.2225,-0.86,5.085));
#10875=VECTOR('',#13747,0.5014042780033);
#10876=CARTESIAN_POINT('',(-3.185,-0.36,5.085));
#10877=VECTOR('',#13748,0.915);
#10878=CARTESIAN_POINT('',(-1.7,-0.36,5.085));
#10879=VECTOR('',#13749,1.485);
#10880=CARTESIAN_POINT('',(3.185,-0.36,5.085));
#10881=CARTESIAN_POINT('',(3.185,-0.36,5.085));
#10882=VECTOR('',#13750,0.5014042780033);
#10883=CARTESIAN_POINT('',(3.185,-0.36,5.085));
#10884=VECTOR('',#13751,1.485);
#10885=CARTESIAN_POINT('',(0.7,0.7688366890427,5.085));
#10886=CARTESIAN_POINT('',(-0.7,0.7688366890427,5.085));
#10887=CARTESIAN_POINT('',(0.7,0.7688366890427,5.085));
#10888=VECTOR('',#13752,1.4);
#10889=CARTESIAN_POINT('',(0.7,-0.25,5.085));
#10890=CARTESIAN_POINT('',(0.7,-0.25,5.085));
#10891=VECTOR('',#13753,1.018836689043);
#10892=CARTESIAN_POINT('',(-0.7,-0.25,5.085));
#10893=CARTESIAN_POINT('',(0.7,-0.25,5.085));
#10894=VECTOR('',#13754,1.4);
#10895=CARTESIAN_POINT('',(-0.7,0.7688366890427,5.085));
#10896=VECTOR('',#13755,1.018836689043);
#10897=CARTESIAN_POINT('',(3.185,-0.36,5.085));
#10898=VECTOR('',#13756,0.915);
#10899=CARTESIAN_POINT('',(3.2225,-0.86,5.0));
#10900=VECTOR('',#13757,0.5014042780033);
#10901=CARTESIAN_POINT('',(4.050966799188,-0.86,5.0));
#10902=VECTOR('',#13758,0.5);
#10903=CARTESIAN_POINT('',(-0.7,-0.35,5.7));
#10904=CARTESIAN_POINT('',(-0.7,-0.06763819204711,5.7));
#10905=CARTESIAN_POINT('',(-0.7,-0.35,5.7));
#10906=VECTOR('',#13759,0.2823618079529);
#10907=CARTESIAN_POINT('',(-0.7,0.06500000000001,5.6));
#10908=CARTESIAN_POINT('',(-0.7,0.06500000000001,5.6));
#10909=CARTESIAN_POINT('',(-0.7,0.02020443851341,5.632545880486));
#10910=CARTESIAN_POINT('',(-0.7,-0.02284263056051,5.667454119514));
#10911=CARTESIAN_POINT('',(-0.7,-0.06763819204711,5.7));
#10912=CARTESIAN_POINT('',(-0.7,0.7688366890427,5.085));
#10913=CARTESIAN_POINT('',(-0.7,0.5336473048141,5.255875089777));
#10914=CARTESIAN_POINT('',(-0.7,0.3001893842286,5.429124910223));
#10915=CARTESIAN_POINT('',(-0.7,0.06500000000001,5.6));
#10916=CARTESIAN_POINT('',(-0.7,-0.25,5.4));
#10917=CARTESIAN_POINT('',(-0.7,-0.25,5.4));
#10918=VECTOR('',#13760,0.315);
#10919=CARTESIAN_POINT('',(-0.7,-0.35,5.4));
#10920=CARTESIAN_POINT('',(-0.7,-0.25,5.4));
#10921=VECTOR('',#13761,0.1);
#10922=CARTESIAN_POINT('',(-0.7,-0.35,5.4));
#10923=VECTOR('',#13762,0.3);
#10924=CARTESIAN_POINT('',(-0.775,-0.35,5.2714823151));
#10925=CARTESIAN_POINT('',(-0.775,-0.35,5.933991217201));
#10926=CARTESIAN_POINT('',(-0.775,-0.35,5.2714823151));
#10927=VECTOR('',#13763,0.6625089021007);
#10928=CARTESIAN_POINT('',(0.775,-0.35,5.933991217201));
#10929=CARTESIAN_POINT('',(-0.775,-0.35,5.933991217201));
#10930=VECTOR('',#13764,1.55);
#10931=CARTESIAN_POINT('',(0.775,-0.35,5.2714823151));
#10932=CARTESIAN_POINT('',(0.775,-0.35,5.933991217201));
#10933=VECTOR('',#13765,0.6625089021007);
#10934=CARTESIAN_POINT('',(-0.775,-0.35,5.2714823151));
#10935=VECTOR('',#13766,1.55);
#10936=CARTESIAN_POINT('',(0.7,-0.35,5.7));
#10937=CARTESIAN_POINT('',(0.7,-0.35,5.7));
#10938=VECTOR('',#13767,1.4);
#10939=CARTESIAN_POINT('',(0.7,-0.35,5.4));
#10940=CARTESIAN_POINT('',(-0.7,-0.35,5.4));
#10941=VECTOR('',#13768,1.4);
#10942=CARTESIAN_POINT('',(0.7,-0.35,5.4));
#10943=VECTOR('',#13769,0.3);
#10944=CARTESIAN_POINT('',(0.875,1.21,5.135));
#10945=CARTESIAN_POINT('',(1.6,1.21,5.135));
#10946=CARTESIAN_POINT('',(0.875,1.21,5.135));
#10947=VECTOR('',#13770,0.725);
#10948=CARTESIAN_POINT('',(1.549904015261,-0.7030884741539,5.302373553811));
#10949=CARTESIAN_POINT('',(1.6,1.21,5.135));
#10950=VECTOR('',#13771,1.921049459057);
#10951=CARTESIAN_POINT('',(1.486820016039,-0.9334216488093,5.322525095427));
#10952=CARTESIAN_POINT('',(1.549904015261,-0.7030884741539,5.302373553811));
#10953=CARTESIAN_POINT('',(1.547759064013,-0.7850008575898,5.309539958764));
#10954=CARTESIAN_POINT('',(1.526748036646,-0.861783197585,5.316257543072));
#10955=CARTESIAN_POINT('',(1.486820016039,-0.9334216488091,5.322525095427));
#10956=CARTESIAN_POINT('',(-1.486820016039,-0.9334216488091,5.322525095427));
#10957=CARTESIAN_POINT('',(-1.486820016039,-0.9334216488093,5.322525095427));
#10958=VECTOR('',#13772,2.973640032078);
#10959=CARTESIAN_POINT('',(-1.549904015261,-0.7030884741539,5.302373553811));
#10960=CARTESIAN_POINT('',(-1.549904015261,-0.7030884741539,5.302373553811));
#10961=CARTESIAN_POINT('',(-1.547759064013,-0.7850008575898,5.309539958764));
#10962=CARTESIAN_POINT('',(-1.526748036646,-0.861783197585,5.316257543072));
#10963=CARTESIAN_POINT('',(-1.486820016039,-0.9334216488091,5.322525095427));
#10964=CARTESIAN_POINT('',(-1.6,1.21,5.135));
#10965=CARTESIAN_POINT('',(-1.6,1.21,5.135));
#10966=VECTOR('',#13773,1.921049459057);
#10967=CARTESIAN_POINT('',(-0.875,1.21,5.135));
#10968=CARTESIAN_POINT('',(-1.6,1.21,5.135));
#10969=VECTOR('',#13774,0.725);
#10970=CARTESIAN_POINT('',(-0.875,-0.25,5.262733448748));
#10971=CARTESIAN_POINT('',(-0.875,1.21,5.135));
#10972=VECTOR('',#13775,1.465576962814);
#10973=CARTESIAN_POINT('',(-0.875,-0.25,5.262733448748));
#10974=CARTESIAN_POINT('',(-0.875,-0.2832699116349,5.265644188852));
#10975=CARTESIAN_POINT('',(-0.8498017961233,-0.3247074178012,5.269269500887));
#10976=CARTESIAN_POINT('',(-0.8083969972924,-0.35,5.2714823151));
#10977=CARTESIAN_POINT('',(-0.775,-0.35,5.2714823151));
#10978=CARTESIAN_POINT('',(0.875,-0.25,5.262733448748));
#10979=CARTESIAN_POINT('',(0.875,-0.25,5.262733448748));
#10980=CARTESIAN_POINT('',(0.875,-0.2832699116349,5.265644188852));
#10981=CARTESIAN_POINT('',(0.8498017961233,-0.3247074178012,5.269269500887));
#10982=CARTESIAN_POINT('',(0.8083969972924,-0.35,5.2714823151));
#10983=CARTESIAN_POINT('',(0.775,-0.35,5.2714823151));
#10984=CARTESIAN_POINT('',(0.875,-0.25,5.262733448748));
#10985=VECTOR('',#13776,1.465576962814);
#10986=CARTESIAN_POINT('',(0.875,-0.25,5.943990171629));
#10987=CARTESIAN_POINT('',(0.875,-0.25,5.262733448748));
#10988=VECTOR('',#13777,0.6812567228811);
#10989=CARTESIAN_POINT('',(0.875,0.71,6.039980134144));
#10990=CARTESIAN_POINT('',(0.875,0.71,6.039980134144));
#10991=VECTOR('',#13778,0.9647870609122);
#10992=CARTESIAN_POINT('',(0.875,0.71,6.0));
#10993=CARTESIAN_POINT('',(0.875,0.71,6.0));
#10994=VECTOR('',#13779,0.03998013414412);
#10995=CARTESIAN_POINT('',(0.875,2.19,6.0));
#10996=CARTESIAN_POINT('',(0.875,2.19,6.0));
#10997=VECTOR('',#13780,1.48);
#10998=CARTESIAN_POINT('',(0.875,2.49,5.7));
#10999=CARTESIAN_POINT('',(0.875,2.49,5.7));
#11000=VECTOR('',#13781,0.4242640687119);
#11001=CARTESIAN_POINT('',(0.875,2.49,5.135));
#11002=CARTESIAN_POINT('',(0.875,2.49,5.135));
#11003=VECTOR('',#13782,0.565);
#11004=CARTESIAN_POINT('',(0.875,1.898186021364,5.135));
#11005=CARTESIAN_POINT('',(0.875,1.898186021363,5.135));
#11006=VECTOR('',#13783,0.5918139786366);
#11007=AXIS2_PLACEMENT_3D('',#13784,#13785,#13786);
#11008=CARTESIAN_POINT('',(-0.875,1.898186021364,5.135));
#11009=CARTESIAN_POINT('',(-0.875,1.898186021363,5.135));
#11010=VECTOR('',#13787,1.75);
#11011=AXIS2_PLACEMENT_3D('',#13788,#13789,#13790);
#11012=CARTESIAN_POINT('',(0.875,1.21,5.135));
#11013=VECTOR('',#13791,1.75);
#11014=CARTESIAN_POINT('',(-1.6,1.21,5.526432670588));
#11015=CARTESIAN_POINT('',(-1.6,1.21,5.526432670588));
#11016=VECTOR('',#13792,0.3914326705877);
#11017=CARTESIAN_POINT('',(-2.920700333388,1.210000941687,5.52646897288));
#11018=CARTESIAN_POINT('',(-1.6,1.21,5.526432670588));
#11019=VECTOR('',#13793,1.320700333887);
#11020=CARTESIAN_POINT('',(-3.176964076138,1.21,5.568603033571));
#11021=CARTESIAN_POINT('',(-3.176960515667,1.209999047036,5.568562998602));
#11022=CARTESIAN_POINT('',(-3.149379207683,1.209999047036,5.559259183198));
#11023=CARTESIAN_POINT('',(-3.093632716098,1.210000570275,5.54374915764));
#11024=CARTESIAN_POINT('',(-3.007577346947,1.209999433484,5.529574133995));
#11025=CARTESIAN_POINT('',(-2.949795309757,1.210000941687,5.526444953904));
#11026=CARTESIAN_POINT('',(-2.920700333388,1.210000941687,5.52646897288));
#11027=CARTESIAN_POINT('',(-3.65,1.21,5.646432670588));
#11028=AXIS2_PLACEMENT_3D('',#13794,#13795,#13796);
#11029=CARTESIAN_POINT('',(-3.985992052357,1.21,5.646432670588));
#11030=CARTESIAN_POINT('',(-3.985992052357,1.21,5.646432670588));
#11031=VECTOR('',#13797,0.335992052357);
#11032=CARTESIAN_POINT('',(-4.747144893221,1.21,5.331152840863));
#11033=AXIS2_PLACEMENT_3D('',#13798,#13799,#13800);
#11034=CARTESIAN_POINT('',(-5.331152840864,1.21,4.74714489322));
#11035=CARTESIAN_POINT('',(-5.331152840863,1.21,4.747144893221));
#11036=VECTOR('',#13801,0.8259119600894);
#11037=CARTESIAN_POINT('',(-5.646432670588,1.21,3.985992052357));
#11038=AXIS2_PLACEMENT_3D('',#13802,#13803,#13804);
#11039=CARTESIAN_POINT('',(-5.646432670588,1.21,3.65));
#11040=CARTESIAN_POINT('',(-5.646432670588,1.21,3.65));
#11041=VECTOR('',#13805,0.335992052357);
#11042=CARTESIAN_POINT('',(-5.568560666975,1.209999047036,3.17695214951));
#11043=AXIS2_PLACEMENT_3D('',#13806,#13807,#13808);
#11044=CARTESIAN_POINT('',(-5.52646897288,1.210000941687,2.920700333388));
#11045=CARTESIAN_POINT('',(-5.52646897288,1.210000941687,2.920700333388));
#11046=CARTESIAN_POINT('',(-5.526444953904,1.210000941687,2.949795309757));
#11047=CARTESIAN_POINT('',(-5.529574377495,1.209999433484,3.007577874938));
#11048=CARTESIAN_POINT('',(-5.54374830539,1.210000570275,3.093630868129));
#11049=CARTESIAN_POINT('',(-5.559261009447,1.209999047036,3.149383167617));
#11050=CARTESIAN_POINT('',(-5.568560666975,1.209999047036,3.17695214951));
#11051=CARTESIAN_POINT('',(-5.526432670588,1.21,1.6));
#11052=CARTESIAN_POINT('',(-5.526432670588,1.21,1.6));
#11053=VECTOR('',#13809,1.320700333887);
#11054=CARTESIAN_POINT('',(-5.135,1.21,1.6));
#11055=CARTESIAN_POINT('',(-5.526432670588,1.21,1.6));
#11056=VECTOR('',#13810,0.3914326705878);
#11057=CARTESIAN_POINT('',(-5.135,1.21,0.875));
#11058=CARTESIAN_POINT('',(-5.135,1.21,1.6));
#11059=VECTOR('',#13811,0.725);
#11060=CARTESIAN_POINT('',(-5.135,1.21,-0.875));
#11061=CARTESIAN_POINT('',(-5.135,1.21,0.875));
#11062=VECTOR('',#13812,1.75);
#11063=CARTESIAN_POINT('',(-5.135,1.21,-1.6));
#11064=CARTESIAN_POINT('',(-5.135,1.21,-0.875));
#11065=VECTOR('',#13813,0.725);
#11066=CARTESIAN_POINT('',(-5.526432670588,1.21,-1.6));
#11067=CARTESIAN_POINT('',(-5.526432670588,1.21,-1.6));
#11068=VECTOR('',#13814,0.3914326705877);
#11069=CARTESIAN_POINT('',(-5.52646897288,1.210000941687,-2.920700333384));
#11070=CARTESIAN_POINT('',(-5.526432670588,1.21,-1.6));
#11071=VECTOR('',#13815,1.320700333883);
#11072=CARTESIAN_POINT('',(-5.568603981008,1.21,-3.17696687739));
#11073=CARTESIAN_POINT('',(-5.568562784748,1.209999040616,-3.176960046418));
#11074=CARTESIAN_POINT('',(-5.559258651817,1.209999040616,-3.149377285089));
#11075=CARTESIAN_POINT('',(-5.543749405614,1.210000573271,-3.093633613292));
#11076=CARTESIAN_POINT('',(-5.529574063145,1.209999432628,-3.007577090595));
#11077=CARTESIAN_POINT('',(-5.526444953904,1.210000941687,-2.949795309752));
#11078=CARTESIAN_POINT('',(-5.52646897288,1.210000941687,-2.920700333384));
#11079=CARTESIAN_POINT('',(-5.646432670588,1.21,-3.65));
#11080=AXIS2_PLACEMENT_3D('',#13816,#13817,#13818);
#11081=CARTESIAN_POINT('',(-5.646432670588,1.21,-3.985992052357));
#11082=CARTESIAN_POINT('',(-5.646432670588,1.21,-3.985992052357));
#11083=VECTOR('',#13819,0.335992052357);
#11084=CARTESIAN_POINT('',(-5.581982547903,1.21,-4.352868082066));
#11085=AXIS2_PLACEMENT_3D('',#13820,#13821,#13822);
#11086=CARTESIAN_POINT('',(-4.352867064436,1.21,-5.581983211235));
#11087=CARTESIAN_POINT('',(-4.352863110048,1.21,-5.581985788856));
#11088=VECTOR('',#13823,1.738236154743);
#11089=CARTESIAN_POINT('',(-3.985992052357,1.21,-5.646432670588));
#11090=AXIS2_PLACEMENT_3D('',#13824,#13825,#13826);
#11091=CARTESIAN_POINT('',(-3.65,1.21,-5.646432670588));
#11092=CARTESIAN_POINT('',(-3.65,1.21,-5.646432670588));
#11093=VECTOR('',#13827,0.335992052357);
#11094=CARTESIAN_POINT('',(-3.176952557771,1.209999047036,-5.568560780755));
#11095=AXIS2_PLACEMENT_3D('',#13828,#13829,#13830);
#11096=CARTESIAN_POINT('',(-2.920700333384,1.210000941687,-5.52646897288));
#11097=CARTESIAN_POINT('',(-2.920700333384,1.210000941687,-5.52646897288));
#11098=CARTESIAN_POINT('',(-2.949795309752,1.210000941687,-5.526444953904));
#11099=CARTESIAN_POINT('',(-3.007577849164,1.209999433484,-5.529574365611));
#11100=CARTESIAN_POINT('',(-3.0936309583,1.210000570275,-5.543748346978));
#11101=CARTESIAN_POINT('',(-3.149382974358,1.209999047036,-5.559260920321));
#11102=CARTESIAN_POINT('',(-3.176952557771,1.209999047036,-5.568560780755));
#11103=CARTESIAN_POINT('',(-1.6,1.21,-5.526432670588));
#11104=CARTESIAN_POINT('',(-1.6,1.21,-5.526432670588));
#11105=VECTOR('',#13831,1.320700333883);
#11106=CARTESIAN_POINT('',(-1.6,1.21,-5.135));
#11107=CARTESIAN_POINT('',(-1.6,1.21,-5.526432670588));
#11108=VECTOR('',#13832,0.3914326705878);
#11109=CARTESIAN_POINT('',(-0.975,1.21,-5.135));
#11110=CARTESIAN_POINT('',(-0.975,1.21,-5.135));
#11111=VECTOR('',#13833,0.625);
#11112=CARTESIAN_POINT('',(-0.875,1.21,-5.135));
#11113=CARTESIAN_POINT('',(-0.875,1.21,-5.135));
#11114=VECTOR('',#13834,0.1);
#11115=CARTESIAN_POINT('',(0.875,1.21,-5.135));
#11116=CARTESIAN_POINT('',(-0.875,1.21,-5.135));
#11117=VECTOR('',#13835,1.75);
#11118=CARTESIAN_POINT('',(0.975,1.21,-5.135));
#11119=CARTESIAN_POINT('',(0.975,1.21,-5.135));
#11120=VECTOR('',#13836,0.1);
#11121=CARTESIAN_POINT('',(1.6,1.21,-5.135));
#11122=CARTESIAN_POINT('',(1.6,1.21,-5.135));
#11123=VECTOR('',#13837,0.625);
#11124=CARTESIAN_POINT('',(1.6,1.21,-5.526432670588));
#11125=CARTESIAN_POINT('',(1.6,1.21,-5.526432670588));
#11126=VECTOR('',#13838,0.3914326705878);
#11127=CARTESIAN_POINT('',(2.920700333388,1.210000941687,-5.52646897288));
#11128=CARTESIAN_POINT('',(1.6,1.21,-5.526432670588));
#11129=VECTOR('',#13839,1.320700333887);
#11130=CARTESIAN_POINT('',(3.176964078189,1.21,-5.568603034265));
#11131=CARTESIAN_POINT('',(3.176960516363,1.209999047036,-5.568562998796));
#11132=CARTESIAN_POINT('',(3.149379207353,1.209999047036,-5.559259183046));
#11133=CARTESIAN_POINT('',(3.093632716252,1.210000570275,-5.543749157711));
#11134=CARTESIAN_POINT('',(3.007577346903,1.209999433484,-5.529574133975));
#11135=CARTESIAN_POINT('',(2.949795309757,1.210000941687,-5.526444953904));
#11136=CARTESIAN_POINT('',(2.920700333388,1.210000941687,-5.52646897288));
#11137=CARTESIAN_POINT('',(3.65,1.21,-5.646432670588));
#11138=AXIS2_PLACEMENT_3D('',#13840,#13841,#13842);
#11139=CARTESIAN_POINT('',(3.985992052357,1.21,-5.646432670588));
#11140=CARTESIAN_POINT('',(3.985992052357,1.21,-5.646432670588));
#11141=VECTOR('',#13843,0.335992052357);
#11142=CARTESIAN_POINT('',(4.747144893221,1.21,-5.331152840863));
#11143=AXIS2_PLACEMENT_3D('',#13844,#13845,#13846);
#11144=CARTESIAN_POINT('',(5.331152840864,1.21,-4.74714489322));
#11145=CARTESIAN_POINT('',(5.331152840863,1.21,-4.747144893221));
#11146=VECTOR('',#13847,0.8259119600894);
#11147=CARTESIAN_POINT('',(5.646432670588,1.21,-3.985992052357));
#11148=AXIS2_PLACEMENT_3D('',#13848,#13849,#13850);
#11149=CARTESIAN_POINT('',(5.646432670588,1.21,-3.65));
#11150=CARTESIAN_POINT('',(5.646432670588,1.21,-3.65));
#11151=VECTOR('',#13851,0.335992052357);
#11152=CARTESIAN_POINT('',(5.56856060313,1.209999047036,-3.176951920427));
#11153=AXIS2_PLACEMENT_3D('',#13852,#13853,#13854);
#11154=CARTESIAN_POINT('',(5.52646897288,1.210000941687,-2.920700333388));
#11155=CARTESIAN_POINT('',(5.52646897288,1.210000941687,-2.920700333388));
#11156=CARTESIAN_POINT('',(5.526444953904,1.210000941687,-2.949795309757));
#11157=CARTESIAN_POINT('',(5.529574384162,1.209999433484,-3.007577889395));
#11158=CARTESIAN_POINT('',(5.543748282054,1.210000570275,-3.093630817527));
#11159=CARTESIAN_POINT('',(5.559261059453,1.209999047036,-3.149383276047));
#11160=CARTESIAN_POINT('',(5.56856060313,1.209999047036,-3.176951920427));
#11161=CARTESIAN_POINT('',(5.526432670588,1.21,-1.6));
#11162=CARTESIAN_POINT('',(5.526432670588,1.21,-1.6));
#11163=VECTOR('',#13855,1.320700333887);
#11164=CARTESIAN_POINT('',(5.135,1.21,-1.6));
#11165=CARTESIAN_POINT('',(5.526432670588,1.21,-1.6));
#11166=VECTOR('',#13856,0.3914326705878);
#11167=CARTESIAN_POINT('',(5.135,1.21,-0.875));
#11168=CARTESIAN_POINT('',(5.135,1.21,-1.6));
#11169=VECTOR('',#13857,0.725);
#11170=CARTESIAN_POINT('',(5.135,1.21,0.875));
#11171=CARTESIAN_POINT('',(5.135,1.21,-0.875));
#11172=VECTOR('',#13858,1.75);
#11173=CARTESIAN_POINT('',(5.135,1.21,1.6));
#11174=CARTESIAN_POINT('',(5.135,1.21,0.875));
#11175=VECTOR('',#13859,0.725);
#11176=CARTESIAN_POINT('',(5.526432670588,1.21,1.6));
#11177=CARTESIAN_POINT('',(5.135,1.21,1.6));
#11178=VECTOR('',#13860,0.3914326705877);
#11179=CARTESIAN_POINT('',(5.52646897288,1.210000941687,2.920700333384));
#11180=CARTESIAN_POINT('',(5.526432670588,1.21,1.6));
#11181=VECTOR('',#13861,1.320700333883);
#11182=CARTESIAN_POINT('',(5.568603981179,1.21,3.176966877893));
#11183=CARTESIAN_POINT('',(5.568562784795,1.209999040616,3.176960046589));
#11184=CARTESIAN_POINT('',(5.55925865178,1.209999040616,3.149377285008));
#11185=CARTESIAN_POINT('',(5.543749405631,1.210000573271,3.09363361333));
#11186=CARTESIAN_POINT('',(5.52957406314,1.209999432628,3.007577090584));
#11187=CARTESIAN_POINT('',(5.526444953904,1.210000941687,2.949795309752));
#11188=CARTESIAN_POINT('',(5.52646897288,1.210000941687,2.920700333384));
#11189=CARTESIAN_POINT('',(5.646432670588,1.21,3.65));
#11190=AXIS2_PLACEMENT_3D('',#13862,#13863,#13864);
#11191=CARTESIAN_POINT('',(5.646432670588,1.21,3.985992052357));
#11192=CARTESIAN_POINT('',(5.646432670588,1.21,3.985992052357));
#11193=VECTOR('',#13865,0.335992052357);
#11194=CARTESIAN_POINT('',(5.598772335577,1.21,4.30274870321));
#11195=AXIS2_PLACEMENT_3D('',#13866,#13867,#13868);
#11196=CARTESIAN_POINT('',(4.302748703209,1.21,5.598772335578));
#11197=CARTESIAN_POINT('',(4.30274870321,1.21,5.598772335577));
#11198=VECTOR('',#13869,1.83285419805);
#11199=CARTESIAN_POINT('',(3.985992052357,1.21,5.646432670588));
#11200=AXIS2_PLACEMENT_3D('',#13870,#13871,#13872);
#11201=CARTESIAN_POINT('',(3.65,1.21,5.646432670588));
#11202=CARTESIAN_POINT('',(3.65,1.21,5.646432670588));
#11203=VECTOR('',#13873,0.335992052357);
#11204=CARTESIAN_POINT('',(3.176952558469,1.209999047036,5.568560780949));
#11205=AXIS2_PLACEMENT_3D('',#13874,#13875,#13876);
#11206=CARTESIAN_POINT('',(2.920700333384,1.210000941687,5.52646897288));
#11207=CARTESIAN_POINT('',(2.920700333384,1.210000941687,5.52646897288));
#11208=CARTESIAN_POINT('',(2.949795309752,1.210000941687,5.526444953904));
#11209=CARTESIAN_POINT('',(3.00757784912,1.209999433484,5.529574365591));
#11210=CARTESIAN_POINT('',(3.093630958455,1.210000570275,5.543748347049));
#11211=CARTESIAN_POINT('',(3.149382974027,1.209999047036,5.559260920168));
#11212=CARTESIAN_POINT('',(3.176952558469,1.209999047036,5.568560780949));
#11213=CARTESIAN_POINT('',(1.6,1.21,5.526432670588));
#11214=CARTESIAN_POINT('',(1.6,1.21,5.526432670588));
#11215=VECTOR('',#13877,1.320700333883);
#11216=CARTESIAN_POINT('',(1.6,1.21,5.526432670588));
#11217=VECTOR('',#13878,0.3914326705878);
#11218=CARTESIAN_POINT('',(5.313819911946,1.21,3.458486015925));
#11219=CARTESIAN_POINT('',(5.318729085863,1.21,3.636879371687));
#11220=AXIS2_PLACEMENT_3D('',#13879,#13880,#13881);
#11221=CARTESIAN_POINT('',(4.774852813743,1.21,2.213123880546));
#11222=AXIS2_PLACEMENT_3D('',#13882,#13883,#13884);
#11223=CARTESIAN_POINT('',(4.774852813742,1.21,-2.213123880543));
#11224=CARTESIAN_POINT('',(4.774852813743,1.21,-2.213123880546));
#11225=VECTOR('',#13885,4.426247761092);
#11226=CARTESIAN_POINT('',(5.313439726737,1.21,-3.45779524071));
#11227=AXIS2_PLACEMENT_3D('',#13886,#13887,#13888);
#11228=AXIS2_PLACEMENT_3D('',#13889,#13890,#13891);
#11229=CARTESIAN_POINT('',(3.635996895419,1.21,-5.3184216117));
#11230=AXIS2_PLACEMENT_3D('',#13892,#13893,#13894);
#11231=CARTESIAN_POINT('',(3.45779524071,1.21,-5.313439726738));
#11232=AXIS2_PLACEMENT_3D('',#13895,#13896,#13897);
#11233=CARTESIAN_POINT('',(2.213123880548,1.21,-4.774852813743));
#11234=AXIS2_PLACEMENT_3D('',#13898,#13899,#13900);
#11235=CARTESIAN_POINT('',(-2.213123880546,1.21,-4.774852813743));
#11236=CARTESIAN_POINT('',(-2.213123880548,1.21,-4.774852813743));
#11237=VECTOR('',#13901,4.426247761096);
#11238=CARTESIAN_POINT('',(-3.45779524071,1.21,-5.313439726737));
#11239=AXIS2_PLACEMENT_3D('',#13902,#13903,#13904);
#11240=AXIS2_PLACEMENT_3D('',#13905,#13906,#13907);
#11241=CARTESIAN_POINT('',(-5.318421611698,1.21,-3.635996895423));
#11242=AXIS2_PLACEMENT_3D('',#13908,#13909,#13910);
#11243=CARTESIAN_POINT('',(-5.313439726735,1.21,-3.457795240702));
#11244=AXIS2_PLACEMENT_3D('',#13911,#13912,#13913);
#11245=CARTESIAN_POINT('',(-4.774852813743,1.21,-2.213123880545));
#11246=AXIS2_PLACEMENT_3D('',#13914,#13915,#13916);
#11247=CARTESIAN_POINT('',(-4.774852813742,1.21,2.21312388054));
#11248=CARTESIAN_POINT('',(-4.774852813743,1.21,2.213123880545));
#11249=VECTOR('',#13917,4.42624776109);
#11250=CARTESIAN_POINT('',(-5.313439726733,1.21,3.457795240704));
#11251=AXIS2_PLACEMENT_3D('',#13918,#13919,#13920);
#11252=AXIS2_PLACEMENT_3D('',#13921,#13922,#13923);
#11253=CARTESIAN_POINT('',(-3.635996895419,1.21,5.3184216117));
#11254=AXIS2_PLACEMENT_3D('',#13924,#13925,#13926);
#11255=CARTESIAN_POINT('',(-3.457795240702,1.21,5.313439726735));
#11256=AXIS2_PLACEMENT_3D('',#13927,#13928,#13929);
#11257=CARTESIAN_POINT('',(-2.213123880547,1.21,4.774852813744));
#11258=AXIS2_PLACEMENT_3D('',#13930,#13931,#13932);
#11259=CARTESIAN_POINT('',(2.213123880543,1.21,4.774852813743));
#11260=CARTESIAN_POINT('',(2.213123880547,1.21,4.774852813744));
#11261=VECTOR('',#13933,4.426247761094);
#11262=CARTESIAN_POINT('',(3.457795240704,1.21,5.313439726733));
#11263=AXIS2_PLACEMENT_3D('',#13934,#13935,#13936);
#11264=AXIS2_PLACEMENT_3D('',#13937,#13938,#13939);
#11265=AXIS2_PLACEMENT_3D('',#13940,#13941,#13942);
#11266=CARTESIAN_POINT('',(1.576432670588,0.31,5.55));
#11267=CARTESIAN_POINT('',(1.576432670588,0.31,5.55));
#11268=VECTOR('',#13943,0.9006169207999);
#11269=CARTESIAN_POINT('',(1.576434467261,0.3100515883984,5.99999584618));
#11270=CARTESIAN_POINT('',(1.576432670588,0.31,5.55));
#11271=VECTOR('',#13944,0.4499958491411);
#11272=CARTESIAN_POINT('',(1.549904015261,-0.7030884741539,5.898686061577));
#11273=CARTESIAN_POINT('',(1.576434467261,0.3100515883984,5.99999584618));
#11274=VECTOR('',#13945,1.018538327059);
#11275=CARTESIAN_POINT('',(1.549904015261,-0.7030884741539,5.898686061577));
#11276=VECTOR('',#13946,0.5963125077662);
#11277=CARTESIAN_POINT('',(1.050075352773,-1.19,5.85));
#11278=CARTESIAN_POINT('',(1.549904015261,-0.7030884741539,5.898686061577));
#11279=CARTESIAN_POINT('',(1.545664476383,-0.8649899320092,5.882497608587));
#11280=CARTESIAN_POINT('',(1.419207522455,-1.068301730768,5.862168554481));
#11281=CARTESIAN_POINT('',(1.2128393591,-1.19,5.85));
#11282=CARTESIAN_POINT('',(1.050075352773,-1.19,5.85));
#11283=CARTESIAN_POINT('',(1.050075352773,-1.19,5.648449948284));
#11284=CARTESIAN_POINT('',(1.050075352773,-1.19,5.648449948284));
#11285=VECTOR('',#13947,0.201550051716);
#11286=CARTESIAN_POINT('',(1.399264743723,-1.047864177096,5.393344280786));
#11287=CARTESIAN_POINT('',(1.399264743723,-1.047864177096,5.393344280786));
#11288=CARTESIAN_POINT('',(1.36936845979,-1.077035761866,5.411396205188));
#11289=CARTESIAN_POINT('',(1.302415507992,-1.127643043321,5.456564852633));
#11290=CARTESIAN_POINT('',(1.185869387419,-1.176969253304,5.543319921975));
#11291=CARTESIAN_POINT('',(1.096714671554,-1.19,5.612323287301));
#11292=CARTESIAN_POINT('',(1.050075352773,-1.19,5.648449948284));
#11293=CARTESIAN_POINT('',(1.399264743723,-1.047864177096,5.393344280786));
#11294=CARTESIAN_POINT('',(1.434759576107,-1.013229755168,5.371911850176));
#11295=CARTESIAN_POINT('',(1.463681848263,-0.9749359156914,5.348214903275));
#11296=CARTESIAN_POINT('',(1.486820016039,-0.9334216488092,5.322525095427));
#11297=CARTESIAN_POINT('',(-1.399264743723,-1.047864177096,5.393344280786));
#11298=CARTESIAN_POINT('',(1.399264743723,-1.047864177096,5.393344280786));
#11299=VECTOR('',#13948,2.798529487446);
#11300=CARTESIAN_POINT('',(-1.486820016039,-0.9334216488092,5.322525095427));
#11301=CARTESIAN_POINT('',(-1.463681848263,-0.9749359156914,5.348214903275));
#11302=CARTESIAN_POINT('',(-1.434759576107,-1.013229755168,5.371911850176));
#11303=CARTESIAN_POINT('',(-1.399264743723,-1.047864177096,5.393344280786));
#11304=CARTESIAN_POINT('',(-1.050075352773,-1.19,5.648449948284));
#11305=CARTESIAN_POINT('',(-1.050075352773,-1.19,5.648449948284));
#11306=CARTESIAN_POINT('',(-1.09703937056,-1.19,5.612071776532));
#11307=CARTESIAN_POINT('',(-1.186623771847,-1.176797163008,5.542738528106));
#11308=CARTESIAN_POINT('',(-1.303208780219,-1.127161239996,5.455998927906));
#11309=CARTESIAN_POINT('',(-1.369669584115,-1.076741936927,5.411214380799));
#11310=CARTESIAN_POINT('',(-1.399264743723,-1.047864177096,5.393344280786));
#11311=CARTESIAN_POINT('',(-1.050075352773,-1.19,5.85));
#11312=CARTESIAN_POINT('',(-1.050075352773,-1.19,5.85));
#11313=VECTOR('',#13949,0.201550051716);
#11314=CARTESIAN_POINT('',(-1.549904015261,-0.7030884741539,5.898686061577));
#11315=CARTESIAN_POINT('',(-1.050075352773,-1.19,5.85));
#11316=CARTESIAN_POINT('',(-1.2128393591,-1.19,5.85));
#11317=CARTESIAN_POINT('',(-1.419207522455,-1.068301730768,5.862168554481));
#11318=CARTESIAN_POINT('',(-1.545664476383,-0.8649899320092,5.882497608587));
#11319=CARTESIAN_POINT('',(-1.549904015261,-0.7030884741539,5.898686061577));
#11320=CARTESIAN_POINT('',(-1.549904015261,-0.7030884741539,5.302373553811));
#11321=VECTOR('',#13950,0.5963125077662);
#11322=CARTESIAN_POINT('',(-1.576434467661,0.3100515883984,5.999995846181));
#11323=CARTESIAN_POINT('',(-1.576434467661,0.3100515883984,5.999995846181));
#11324=VECTOR('',#13951,1.018538327069);
#11325=CARTESIAN_POINT('',(-1.576432670588,0.31,5.55));
#11326=CARTESIAN_POINT('',(-1.576434467661,0.3100515883984,5.999995846181));
#11327=VECTOR('',#13952,0.4499958491413);
#11328=CARTESIAN_POINT('',(-1.6,1.21,5.526432670588));
#11329=VECTOR('',#13953,0.9006169207999);
#11330=CARTESIAN_POINT('',(-2.916832786848,0.3099990670671,5.549964048427));
#11331=CARTESIAN_POINT('',(-2.920700333388,1.210000941687,5.52646897288));
#11332=CARTESIAN_POINT('',(-2.918969410986,0.9100022198279,5.534288564004));
#11333=CARTESIAN_POINT('',(-2.918563739183,0.6099977887533,5.542144457309));
#11334=CARTESIAN_POINT('',(-2.916832786848,0.3099990670671,5.549964048427));
#11335=CARTESIAN_POINT('',(-1.576432670588,0.31,5.55));
#11336=VECTOR('',#13954,1.340400116742);
#11337=CARTESIAN_POINT('',(-5.549964048427,0.3099990670671,2.916832786848));
#11338=CARTESIAN_POINT('',(-5.55,0.31,1.576432670588));
#11339=CARTESIAN_POINT('',(-5.549964048427,0.3099990670671,2.916832786848));
#11340=VECTOR('',#13955,1.340400116742);
#11341=CARTESIAN_POINT('',(-5.591729801349,0.31,3.171790451835));
#11342=CARTESIAN_POINT('',(-5.59176422124713,0.3100009600034,3.17177884270336));
#11343=CARTESIAN_POINT('',(-5.582514281473,0.3100009600034,3.144353709255));
#11344=CARTESIAN_POINT('',(-5.567122966828,0.3099994276073,3.08888124726));
#11345=CARTESIAN_POINT('',(-5.553123509974,0.3100005633691,3.003259533629));
#11346=CARTESIAN_POINT('',(-5.549988116967,0.3099990670671,2.945775812952));
#11347=CARTESIAN_POINT('',(-5.549964048427,0.3099990670671,2.916832786848));
#11348=CARTESIAN_POINT('',(-5.67,0.31,3.65));
#11349=AXIS2_PLACEMENT_3D('',#13956,#13957,#13958);
#11350=CARTESIAN_POINT('',(-5.67,0.31,3.985992052357));
#11351=CARTESIAN_POINT('',(-5.67,0.31,3.985992052357));
#11352=VECTOR('',#13959,0.335992052357);
#11353=CARTESIAN_POINT('',(-5.347817459305,0.31,4.763809511662));
#11354=AXIS2_PLACEMENT_3D('',#13960,#13961,#13962);
#11355=CARTESIAN_POINT('',(-4.763809511661,0.31,5.347817459307));
#11356=CARTESIAN_POINT('',(-4.763809511662,0.31,5.347817459305));
#11357=VECTOR('',#13963,0.8259119600909);
#11358=CARTESIAN_POINT('',(-3.985992052357,0.31,5.67));
#11359=AXIS2_PLACEMENT_3D('',#13964,#13965,#13966);
#11360=CARTESIAN_POINT('',(-3.65,0.31,5.67));
#11361=CARTESIAN_POINT('',(-3.65,0.31,5.67));
#11362=VECTOR('',#13967,0.335992052357);
#11363=CARTESIAN_POINT('',(-3.171780052573,0.3100009664532,5.591764641751));
#11364=AXIS2_PLACEMENT_3D('',#13968,#13969,#13970);
#11365=CARTESIAN_POINT('',(-2.916832786848,0.3099990670671,5.549964048427));
#11366=CARTESIAN_POINT('',(-2.945775812952,0.3099990670671,5.549988116967));
#11367=CARTESIAN_POINT('',(-3.003259743075,0.3100005642291,5.553123559387));
#11368=CARTESIAN_POINT('',(-3.088880514197,0.3099994245974,5.567122793885));
#11369=CARTESIAN_POINT('',(-3.144355280105,0.3100009664532,5.582514652066));
#11370=CARTESIAN_POINT('',(-3.171780052573,0.3100009664532,5.591764641751));
#11371=CARTESIAN_POINT('',(-4.465180361561,0.31,6.0));
#11372=CARTESIAN_POINT('',(-1.576434467661,0.3100515883984,5.999995846181));
#11373=VECTOR('',#13971,2.888745894363);
#11374=CARTESIAN_POINT('',(-6.0,0.31,4.465180361561));
#11375=CARTESIAN_POINT('',(-6.0,0.31,4.465180361561));
#11376=VECTOR('',#13972,2.170562748477);
#11377=CARTESIAN_POINT('',(-5.99999584618,0.3100515883984,1.576434467539));
#11378=CARTESIAN_POINT('',(-6.0,0.31,4.465180361561));
#11379=VECTOR('',#13973,2.888745894486);
#11380=CARTESIAN_POINT('',(-5.55,0.31,1.576432670588));
#11381=VECTOR('',#13974,0.4499958491411);
#11382=CARTESIAN_POINT('',(-5.55,0.31,1.576432670588));
#11383=VECTOR('',#13975,0.9006169207999);
#11384=CARTESIAN_POINT('',(-5.898686061577,-0.7030884741539,1.549904015261));
#11385=CARTESIAN_POINT('',(-5.99999584618,0.3100515883984,1.576434467539));
#11386=VECTOR('',#13976,1.018538327066);
#11387=CARTESIAN_POINT('',(-5.302373553811,-0.7030884741539,1.549904015261));
#11388=CARTESIAN_POINT('',(-5.898686061577,-0.7030884741539,1.549904015261));
#11389=VECTOR('',#13977,0.5963125077662);
#11390=CARTESIAN_POINT('',(-5.135,1.21,1.6));
#11391=VECTOR('',#13978,1.921049459057);
#11392=CARTESIAN_POINT('',(-5.302373553811,-0.7030884741539,-1.549904015261));
#11393=CARTESIAN_POINT('',(-5.135,1.21,-1.6));
#11394=VECTOR('',#13979,1.921049459057);
#11395=CARTESIAN_POINT('',(-5.262733448748,-0.25,-0.875));
#11396=CARTESIAN_POINT('',(-5.135,1.21,-0.875));
#11397=VECTOR('',#13980,1.465576962814);
#11398=CARTESIAN_POINT('',(-5.2714823151,-0.35,-0.775));
#11399=CARTESIAN_POINT('',(-5.262733448748,-0.25,-0.875));
#11400=CARTESIAN_POINT('',(-5.265644188852,-0.2832699116349,-0.875));
#11401=CARTESIAN_POINT('',(-5.269269500887,-0.3247074178012,-0.8498017961233));
#11402=CARTESIAN_POINT('',(-5.2714823151,-0.35,-0.8083969972924));
#11403=CARTESIAN_POINT('',(-5.2714823151,-0.35,-0.775));
#11404=CARTESIAN_POINT('',(-5.2714823151,-0.35,0.775));
#11405=CARTESIAN_POINT('',(-5.2714823151,-0.35,0.775));
#11406=VECTOR('',#13981,1.55);
#11407=CARTESIAN_POINT('',(-5.262733448748,-0.25,0.875));
#11408=CARTESIAN_POINT('',(-5.262733448748,-0.25,0.875));
#11409=CARTESIAN_POINT('',(-5.265644188852,-0.2832699116349,0.875));
#11410=CARTESIAN_POINT('',(-5.269269500887,-0.3247074178012,0.8498017961233));
#11411=CARTESIAN_POINT('',(-5.2714823151,-0.35,0.8083969972924));
#11412=CARTESIAN_POINT('',(-5.2714823151,-0.35,0.775));
#11413=CARTESIAN_POINT('',(-5.262733448748,-0.25,0.875));
#11414=VECTOR('',#13982,1.465576962814);
#11415=CARTESIAN_POINT('',(-5.322525095427,-0.9334216488093,1.486820016039));
#11416=CARTESIAN_POINT('',(-5.302373553811,-0.7030884741539,1.549904015261));
#11417=CARTESIAN_POINT('',(-5.309539958764,-0.7850008575898,1.547759064013));
#11418=CARTESIAN_POINT('',(-5.316257543072,-0.861783197585,1.526748036646));
#11419=CARTESIAN_POINT('',(-5.322525095427,-0.9334216488091,1.486820016039));
#11420=CARTESIAN_POINT('',(-5.322525095427,-0.9334216488091,-1.486820016039));
#11421=CARTESIAN_POINT('',(-5.322525095427,-0.9334216488093,1.486820016039));
#11422=VECTOR('',#13983,2.973640032078);
#11423=CARTESIAN_POINT('',(-5.302373553811,-0.7030884741539,-1.549904015261));
#11424=CARTESIAN_POINT('',(-5.309539958764,-0.7850008575898,-1.547759064013));
#11425=CARTESIAN_POINT('',(-5.316257543072,-0.861783197585,-1.526748036646));
#11426=CARTESIAN_POINT('',(-5.322525095427,-0.9334216488091,-1.486820016039));
#11427=CARTESIAN_POINT('',(-5.393344280786,-1.047864177096,-1.399264743723));
#11428=CARTESIAN_POINT('',(-5.322525095427,-0.9334216488092,-1.486820016039));
#11429=CARTESIAN_POINT('',(-5.348214903275,-0.9749359156914,-1.463681848263));
#11430=CARTESIAN_POINT('',(-5.371911850176,-1.013229755168,-1.434759576107));
#11431=CARTESIAN_POINT('',(-5.393344280786,-1.047864177096,-1.399264743723));
#11432=CARTESIAN_POINT('',(-5.648449948284,-1.19,-1.050075352773));
#11433=CARTESIAN_POINT('',(-5.648449948284,-1.19,-1.050075352773));
#11434=CARTESIAN_POINT('',(-5.612071776532,-1.19,-1.09703937056));
#11435=CARTESIAN_POINT('',(-5.542738528106,-1.176797163008,-1.186623771847));
#11436=CARTESIAN_POINT('',(-5.455998927906,-1.127161239996,-1.303208780219));
#11437=CARTESIAN_POINT('',(-5.411214380799,-1.076741936927,-1.369669584115));
#11438=CARTESIAN_POINT('',(-5.393344280786,-1.047864177096,-1.399264743723));
#11439=CARTESIAN_POINT('',(-5.85,-1.19,-1.050075352773));
#11440=CARTESIAN_POINT('',(-5.85,-1.19,-1.050075352773));
#11441=VECTOR('',#13984,0.201550051716);
#11442=CARTESIAN_POINT('',(-5.898686061577,-0.7030884741539,-1.549904015261));
#11443=CARTESIAN_POINT('',(-5.85,-1.19,-1.050075352773));
#11444=CARTESIAN_POINT('',(-5.85,-1.19,-1.2128393591));
#11445=CARTESIAN_POINT('',(-5.862168554481,-1.068301730768,-1.419207522455));
#11446=CARTESIAN_POINT('',(-5.882497608587,-0.8649899320092,-1.545664476383));
#11447=CARTESIAN_POINT('',(-5.898686061577,-0.7030884741539,-1.549904015261));
#11448=CARTESIAN_POINT('',(-5.302373553811,-0.7030884741539,-1.549904015261));
#11449=VECTOR('',#13985,0.5963125077662);
#11450=CARTESIAN_POINT('',(-5.999995846181,0.3100515883984,-1.576434467539));
#11451=CARTESIAN_POINT('',(-5.999995846181,0.3100515883984,-1.576434467539));
#11452=VECTOR('',#13986,1.018538327066);
#11453=CARTESIAN_POINT('',(-5.55,0.31,-1.576432670588));
#11454=CARTESIAN_POINT('',(-5.999995846181,0.3100515883984,-1.576434467539));
#11455=VECTOR('',#13987,0.4499958491413);
#11456=CARTESIAN_POINT('',(-5.526432670588,1.21,-1.6));
#11457=VECTOR('',#13988,0.9006169207999);
#11458=CARTESIAN_POINT('',(-5.549964048427,0.3099990670671,-2.916832786844));
#11459=CARTESIAN_POINT('',(-5.549964048427,0.3099990670671,-2.916832786844));
#11460=CARTESIAN_POINT('',(-5.542144457309,0.6099977887533,-2.918563739179));
#11461=CARTESIAN_POINT('',(-5.534288564004,0.9100022198279,-2.918969410982));
#11462=CARTESIAN_POINT('',(-5.52646897288,1.210000941687,-2.920700333384));
#11463=CARTESIAN_POINT('',(-5.55,0.31,-1.576432670588));
#11464=VECTOR('',#13989,1.340400116738);
#11465=CARTESIAN_POINT('',(-2.916832786844,0.3099990670671,-5.549964048427));
#11466=CARTESIAN_POINT('',(-1.771253597504,0.3099999991814,-5.550000069179));
#11467=CARTESIAN_POINT('',(-2.916832786844,0.3099990670671,-5.549964048427));
#11468=VECTOR('',#13990,1.145579189906);
#11469=CARTESIAN_POINT('',(-3.171791782842,0.31,-5.591730249043));
#11470=CARTESIAN_POINT('',(-3.17178018144501,0.3100009664532,-5.59176464545023));
#11471=CARTESIAN_POINT('',(-3.144354967292,0.3100009664532,-5.582514506792));
#11472=CARTESIAN_POINT('',(-3.088880660161,0.3099994245974,-5.567122861676));
#11473=CARTESIAN_POINT('',(-3.003259701361,0.3100005642291,-5.553123540018));
#11474=CARTESIAN_POINT('',(-2.945775812947,0.3099990670671,-5.549988116966));
#11475=CARTESIAN_POINT('',(-2.916832786844,0.3099990670671,-5.549964048427));
#11476=CARTESIAN_POINT('',(-3.65,0.31,-5.67));
#11477=AXIS2_PLACEMENT_3D('',#13991,#13992,#13993);
#11478=CARTESIAN_POINT('',(-3.985992052357,0.31,-5.67));
#11479=CARTESIAN_POINT('',(-3.65,0.31,-5.67));
#11480=VECTOR('',#13994,0.335992052357);
#11481=CARTESIAN_POINT('',(-4.315298696183,0.31,-5.619551220593));
#11482=AXIS2_PLACEMENT_3D('',#13995,#13996,#13997);
#11483=CARTESIAN_POINT('',(-5.619550618929,0.31,-4.315299656742));
#11484=CARTESIAN_POINT('',(-5.619548138399,0.31,-4.315303616911));
#11485=VECTOR('',#13998,1.844485949859);
#11486=CARTESIAN_POINT('',(-5.67,0.31,-3.985992052357));
#11487=AXIS2_PLACEMENT_3D('',#13999,#14000,#14001);
#11488=CARTESIAN_POINT('',(-5.67,0.31,-3.65));
#11489=CARTESIAN_POINT('',(-5.67,0.31,-3.985992052357));
#11490=VECTOR('',#14002,0.335992052357);
#11491=CARTESIAN_POINT('',(-5.591761980014,0.3100009664532,-3.171770449659));
#11492=AXIS2_PLACEMENT_3D('',#14003,#14004,#14005);
#11493=CARTESIAN_POINT('',(-5.549964048427,0.3099990670671,-2.916832786844));
#11494=CARTESIAN_POINT('',(-5.549988116966,0.3099990670671,-2.945775812946));
#11495=CARTESIAN_POINT('',(-5.553123840522,0.3100005642291,-3.003260348418));
#11496=CARTESIAN_POINT('',(-5.56712180991,0.3099994245974,-3.088878395458));
#11497=CARTESIAN_POINT('',(-5.582516760575,0.3100009664532,-3.144359820222));
#11498=CARTESIAN_POINT('',(-5.591761980014,0.3100009664532,-3.171770449659));
#11499=CARTESIAN_POINT('',(-6.0,0.31,-4.465180361561));
#11500=CARTESIAN_POINT('',(-5.999995846181,0.3100515883984,-1.576434467539));
#11501=VECTOR('',#14006,2.888745894486);
#11502=CARTESIAN_POINT('',(-4.465180361561,0.31,-6.0));
#11503=CARTESIAN_POINT('',(-4.465180361561,0.31,-6.0));
#11504=VECTOR('',#14007,2.170562748477);
#11505=CARTESIAN_POINT('',(-1.771209189448,0.3100264226922,-5.999997590162));
#11506=CARTESIAN_POINT('',(-4.465180361561,0.31,-6.0));
#11507=VECTOR('',#14008,2.693971172243);
#11508=CARTESIAN_POINT('',(-1.771253597504,0.3099999991814,-5.550000069179));
#11509=VECTOR('',#14009,0.4499975239507);
#11510=CARTESIAN_POINT('',(-1.571332579777,0.1152353896615,-5.555100090811));
#11511=CARTESIAN_POINT('',(-1.571332579777,0.1152353896615,-5.555100090811));
#11512=CARTESIAN_POINT('',(-1.572310015926,0.1525621702675,-5.554122654662));
#11513=CARTESIAN_POINT('',(-1.592163235187,0.2169003599253,-5.552437909094));
#11514=CARTESIAN_POINT('',(-1.669023175055,0.2917850398571,-5.550476943244));
#11515=CARTESIAN_POINT('',(-1.733882166831,0.3099941427412,-5.550000222535));
#11516=CARTESIAN_POINT('',(-1.771253597504,0.3099999991814,-5.550000069179));
#11517=CARTESIAN_POINT('',(-1.571332579777,0.1152353896617,-5.980509891799));
#11518=CARTESIAN_POINT('',(-1.771209189448,0.3100264226922,-5.999997590162));
#11519=CARTESIAN_POINT('',(-1.734181683831,0.3100206201482,-5.999997009969));
#11520=CARTESIAN_POINT('',(-1.669734460587,0.2920986802748,-5.99818941015));
#11521=CARTESIAN_POINT('',(-1.592407435014,0.2173531320243,-5.990722015887));
#11522=CARTESIAN_POINT('',(-1.572315391624,0.152767459893,-5.984262706397));
#11523=CARTESIAN_POINT('',(-1.571332579777,0.1152353896617,-5.980509891799));
#11524=CARTESIAN_POINT('',(-1.571332579777,0.1152353896615,-5.555100090811));
#11525=VECTOR('',#14010,0.4254098009879);
#11526=CARTESIAN_POINT('',(-1.549904015261,-0.7030884741539,-5.898686061577));
#11527=CARTESIAN_POINT('',(-1.571332579777,0.1152353896617,-5.980509891799));
#11528=VECTOR('',#14011,0.8226835774825);
#11529=CARTESIAN_POINT('',(-1.549904015261,-0.7030884741539,-5.302373553811));
#11530=CARTESIAN_POINT('',(-1.549904015261,-0.7030884741539,-5.898686061577));
#11531=VECTOR('',#14012,0.5963125077663);
#11532=CARTESIAN_POINT('',(-1.6,1.21,-5.135));
#11533=VECTOR('',#14013,1.921049459057);
#11534=CARTESIAN_POINT('',(-1.571332579777,0.1152353896615,-5.555100090811));
#11535=VECTOR('',#14014,1.09551503596);
#11536=CARTESIAN_POINT('',(-2.916832786844,0.3099990670671,-5.549964048427));
#11537=CARTESIAN_POINT('',(-2.918563739179,0.6099977887533,-5.542144457309));
#11538=CARTESIAN_POINT('',(-2.918969410982,0.9100022198279,-5.534288564004));
#11539=CARTESIAN_POINT('',(-2.920700333384,1.210000941687,-5.52646897288));
#11540=CARTESIAN_POINT('',(-3.171780714171,0.3100009664532,-5.591764825131));
#11541=VECTOR('',#14015,0.9003120129679);
#11542=CARTESIAN_POINT('',(-3.65,0.31,-5.67));
#11543=VECTOR('',#14016,0.9003085132418);
#11544=CARTESIAN_POINT('',(-3.985992052357,1.21,-5.646432670588));
#11545=VECTOR('',#14017,0.9003085132418);
#11546=CARTESIAN_POINT('',(-4.315298696183,0.31,-5.619551220593));
#11547=CARTESIAN_POINT('',(-4.319324845524,0.4106722163504,-5.615525071251));
#11548=CARTESIAN_POINT('',(-4.327458071753,0.6115698944041,-5.607392187834));
#11549=CARTESIAN_POINT('',(-4.339987871947,0.9115698862861,-5.594862998362));
#11550=CARTESIAN_POINT('',(-4.348523221844,1.110674144619,-5.586325677061));
#11551=CARTESIAN_POINT('',(-4.352863110048,1.21,-5.581985788856));
#11552=CARTESIAN_POINT('',(-5.581982547903,1.21,-4.352868082066));
#11553=CARTESIAN_POINT('',(-5.586322169351,1.110681958694,-4.348528460617));
#11554=CARTESIAN_POINT('',(-5.594870464332,0.9115895215593,-4.339979843285));
#11555=CARTESIAN_POINT('',(-5.607399622852,0.6115895027061,-4.32745000956));
#11556=CARTESIAN_POINT('',(-5.615521616092,0.410680066129,-4.319330139218));
#11557=CARTESIAN_POINT('',(-5.619548138399,0.31,-4.315303616911));
#11558=CARTESIAN_POINT('',(-5.67,0.31,-3.985992052357));
#11559=VECTOR('',#14018,0.9003085132418);
#11560=CARTESIAN_POINT('',(-5.646432670588,1.21,-3.65));
#11561=VECTOR('',#14019,0.9003085132418);
#11562=CARTESIAN_POINT('',(-5.591761980014,0.3100009664532,-3.171770449659));
#11563=VECTOR('',#14020,0.9003119837434);
#11564=CARTESIAN_POINT('',(-0.8731950049159,-0.2673648177667,-5.264252673447));
#11565=CARTESIAN_POINT('',(-0.7747142296147,-0.35,-5.2714823151));
#11566=CARTESIAN_POINT('',(-0.8731950049159,-0.2673648177668,-5.264252673446));
#11567=CARTESIAN_POINT('',(-0.8634990580179,-0.322353265133,-5.269063539216));
#11568=CARTESIAN_POINT('',(-0.8307578301365,-0.35,-5.2714823151));
#11569=CARTESIAN_POINT('',(-0.7747142296147,-0.35,-5.2714823151));
#11570=CARTESIAN_POINT('',(-0.975,0.31,-5.213739797173));
#11571=CARTESIAN_POINT('',(-0.8731950049159,-0.2673648177667,-5.264252673447));
#11572=VECTOR('',#14021,0.5884436595701);
#11573=CARTESIAN_POINT('',(-0.975,0.31,-5.213739797173));
#11574=VECTOR('',#14022,0.903437853789);
#11575=CARTESIAN_POINT('',(-1.486820016039,-0.9334216488093,-5.322525095427));
#11576=CARTESIAN_POINT('',(-1.486820016039,-0.9334216488091,-5.322525095427));
#11577=CARTESIAN_POINT('',(-1.526748036646,-0.861783197585,-5.316257543072));
#11578=CARTESIAN_POINT('',(-1.547759064013,-0.7850008575898,-5.309539958763));
#11579=CARTESIAN_POINT('',(-1.549904015261,-0.703088474154,-5.30237355381));
#11580=CARTESIAN_POINT('',(1.486820016039,-0.9334216488091,-5.322525095427));
#11581=CARTESIAN_POINT('',(1.486820016039,-0.9334216488093,-5.322525095427));
#11582=VECTOR('',#14023,2.973640032078);
#11583=CARTESIAN_POINT('',(1.549904015261,-0.7030884741539,-5.302373553811));
#11584=CARTESIAN_POINT('',(1.549904015261,-0.703088474154,-5.30237355381));
#11585=CARTESIAN_POINT('',(1.547759064013,-0.7850008575898,-5.309539958763));
#11586=CARTESIAN_POINT('',(1.526748036646,-0.861783197585,-5.316257543072));
#11587=CARTESIAN_POINT('',(1.486820016039,-0.9334216488091,-5.322525095427));
#11588=CARTESIAN_POINT('',(1.6,1.21,-5.135));
#11589=VECTOR('',#14024,1.921049459057);
#11590=CARTESIAN_POINT('',(0.975,0.31,-5.213739797173));
#11591=CARTESIAN_POINT('',(0.975,1.21,-5.135));
#11592=VECTOR('',#14025,0.903437853789);
#11593=CARTESIAN_POINT('',(0.8731950049159,-0.2673648177668,-5.264252673446));
#11594=CARTESIAN_POINT('',(0.8731950049159,-0.2673648177667,-5.264252673447));
#11595=VECTOR('',#14026,0.5884436595701);
#11596=CARTESIAN_POINT('',(0.7747142296147,-0.35,-5.2714823151));
#11597=CARTESIAN_POINT('',(0.7747142296147,-0.35,-5.2714823151));
#11598=CARTESIAN_POINT('',(0.8307578301365,-0.35,-5.2714823151));
#11599=CARTESIAN_POINT('',(0.8634990580179,-0.322353265133,-5.269063539216));
#11600=CARTESIAN_POINT('',(0.8731950049159,-0.2673648177668,-5.264252673446));
#11601=CARTESIAN_POINT('',(0.7747142296147,-0.35,-5.2714823151));
#11602=VECTOR('',#14027,1.549428459229);
#11603=CARTESIAN_POINT('',(0.7747142296147,-0.35,-5.933991217201));
#11604=CARTESIAN_POINT('',(0.7747142296147,-0.35,-5.2714823151));
#11605=VECTOR('',#14028,0.6625089021008);
#11606=CARTESIAN_POINT('',(-0.7747142296147,-0.35,-5.933991217201));
#11607=CARTESIAN_POINT('',(0.7747142296147,-0.35,-5.933991217201));
#11608=VECTOR('',#14029,1.549428459229);
#11609=CARTESIAN_POINT('',(-0.7747142296147,-0.35,-5.933991217201));
#11610=VECTOR('',#14030,0.6625089021008);
#11611=CARTESIAN_POINT('',(0.7,-0.35,-5.4));
#11612=CARTESIAN_POINT('',(-0.7,-0.35,-5.4));
#11613=CARTESIAN_POINT('',(0.7,-0.35,-5.4));
#11614=VECTOR('',#14031,1.4);
#11615=CARTESIAN_POINT('',(-0.7,-0.35,-5.7));
#11616=CARTESIAN_POINT('',(-0.7,-0.35,-5.4));
#11617=VECTOR('',#14032,0.3);
#11618=CARTESIAN_POINT('',(0.7,-0.35,-5.7));
#11619=CARTESIAN_POINT('',(-0.7,-0.35,-5.7));
#11620=VECTOR('',#14033,1.4);
#11621=CARTESIAN_POINT('',(0.7,-0.35,-5.4));
#11622=VECTOR('',#14034,0.3);
#11623=CARTESIAN_POINT('',(-0.8731950049159,-0.2673648177667,-5.942253871414));
#11624=CARTESIAN_POINT('',(-0.7747142296147,-0.35,-5.933991217201));
#11625=CARTESIAN_POINT('',(-0.8307894824759,-0.35,-5.933991217201));
#11626=CARTESIAN_POINT('',(-0.8635045077431,-0.3223223582057,-5.936758691991));
#11627=CARTESIAN_POINT('',(-0.8731950049159,-0.2673648177668,-5.942253871414));
#11628=CARTESIAN_POINT('',(-0.8731950049159,-0.2673648177667,-5.264252673447));
#11629=VECTOR('',#14035,0.6780011979674);
#11630=CARTESIAN_POINT('',(-0.9750068621914,0.3100782274886,-5.99999608881));
#11631=CARTESIAN_POINT('',(-0.8731950049159,-0.2673648177667,-5.942253871414));
#11632=VECTOR('',#14036,0.589186123789);
#11633=CARTESIAN_POINT('',(-0.975,0.31,-5.213739797173));
#11634=VECTOR('',#14037,0.7862562955589);
#11635=CARTESIAN_POINT('',(-0.975,2.19,-6.0));
#11636=CARTESIAN_POINT('',(-0.9750068621914,0.3100782274886,-5.99999608881));
#11637=VECTOR('',#14038,1.879921772528);
#11638=CARTESIAN_POINT('',(-0.975,2.49,-5.7));
#11639=CARTESIAN_POINT('',(-0.975,2.49,-5.7));
#11640=VECTOR('',#14039,0.4242640687119);
#11641=CARTESIAN_POINT('',(-0.975,2.49,-5.135));
#11642=CARTESIAN_POINT('',(-0.975,2.49,-5.135));
#11643=VECTOR('',#14040,0.565);
#11644=CARTESIAN_POINT('',(-0.975,1.21,-5.135));
#11645=VECTOR('',#14041,1.28);
#11646=CARTESIAN_POINT('',(-0.875,1.898186021363,-5.135));
#11647=CARTESIAN_POINT('',(-0.875,1.898186021363,-5.135));
#11648=VECTOR('',#14042,0.6881860213633);
#11649=CARTESIAN_POINT('',(0.975,2.49,-5.135));
#11650=CARTESIAN_POINT('',(0.975,2.49,-5.135));
#11651=VECTOR('',#14043,1.95);
#11652=CARTESIAN_POINT('',(0.975,2.49,-5.135));
#11653=VECTOR('',#14044,1.28);
#11654=CARTESIAN_POINT('',(0.875,1.898186021363,-5.135));
#11655=CARTESIAN_POINT('',(0.875,1.898186021363,-5.135));
#11656=VECTOR('',#14045,0.6881860213633);
#11657=CARTESIAN_POINT('',(0.875,1.898186021363,-5.135));
#11658=VECTOR('',#14046,1.75);
#11659=AXIS2_PLACEMENT_3D('',#14047,#14048,#14049);
#11660=AXIS2_PLACEMENT_3D('',#14050,#14051,#14052);
#11661=CARTESIAN_POINT('',(0.975,2.49,-5.7));
#11662=CARTESIAN_POINT('',(0.975,2.49,-5.135));
#11663=VECTOR('',#14053,0.565);
#11664=CARTESIAN_POINT('',(0.975,2.19,-6.0));
#11665=CARTESIAN_POINT('',(0.975,2.19,-6.0));
#11666=VECTOR('',#14054,0.4242640687117);
#11667=CARTESIAN_POINT('',(0.9750068621914,0.3100782274886,-5.99999608881));
#11668=CARTESIAN_POINT('',(0.975,2.19,-6.0));
#11669=VECTOR('',#14055,1.879921772528);
#11670=CARTESIAN_POINT('',(0.975,0.31,-5.213739797173));
#11671=VECTOR('',#14056,0.7862562955588);
#11672=CARTESIAN_POINT('',(0.8731950049159,-0.2673648177667,-5.942253871414));
#11673=CARTESIAN_POINT('',(0.8731950049159,-0.2673648177667,-5.942253871414));
#11674=VECTOR('',#14057,0.589186123789);
#11675=CARTESIAN_POINT('',(0.8731950049159,-0.2673648177667,-5.942253871414));
#11676=VECTOR('',#14058,0.6780011979674);
#11677=CARTESIAN_POINT('',(0.8731950049159,-0.2673648177668,-5.942253871414));
#11678=CARTESIAN_POINT('',(0.8635045077431,-0.3223223582057,-5.936758691991));
#11679=CARTESIAN_POINT('',(0.8307894824759,-0.35,-5.933991217201));
#11680=CARTESIAN_POINT('',(0.7747142296147,-0.35,-5.933991217201));
#11681=CARTESIAN_POINT('',(1.576434468715,0.3100515883983,-5.999995846181));
#11682=CARTESIAN_POINT('',(0.9750068621914,0.3100782274886,-5.99999608881));
#11683=VECTOR('',#14059,0.6014276071139);
#11684=CARTESIAN_POINT('',(1.549904015261,-0.7030884741539,-5.898686061577));
#11685=CARTESIAN_POINT('',(1.576434468715,0.3100515883983,-5.999995846181));
#11686=VECTOR('',#14060,1.018538327097);
#11687=CARTESIAN_POINT('',(1.050075352773,-1.19,-5.85));
#11688=CARTESIAN_POINT('',(1.050075352773,-1.19,-5.85));
#11689=CARTESIAN_POINT('',(1.2128393591,-1.19,-5.85));
#11690=CARTESIAN_POINT('',(1.419207522455,-1.068301730768,-5.862168554481));
#11691=CARTESIAN_POINT('',(1.545664476383,-0.8649899320092,-5.882497608587));
#11692=CARTESIAN_POINT('',(1.549904015261,-0.7030884741539,-5.898686061577));
#11693=CARTESIAN_POINT('',(-1.050075352773,-1.19,-5.85));
#11694=CARTESIAN_POINT('',(1.050075352773,-1.19,-5.85));
#11695=VECTOR('',#14061,2.100150705546);
#11696=CARTESIAN_POINT('',(-1.549904015261,-0.7030884741539,-5.898686061577));
#11697=CARTESIAN_POINT('',(-1.545664476383,-0.8649899320092,-5.882497608587));
#11698=CARTESIAN_POINT('',(-1.419207522455,-1.068301730768,-5.862168554481));
#11699=CARTESIAN_POINT('',(-1.2128393591,-1.19,-5.85));
#11700=CARTESIAN_POINT('',(-1.050075352773,-1.19,-5.85));
#11701=CARTESIAN_POINT('',(-1.771209189448,0.3100264226922,-5.999997590162));
#11702=VECTOR('',#14062,0.7962023289437);
#11703=CARTESIAN_POINT('',(-4.465180361561,2.19,-6.0));
#11704=CARTESIAN_POINT('',(-4.465180361561,2.19,-6.0));
#11705=VECTOR('',#14063,1.88);
#11706=CARTESIAN_POINT('',(-4.465180361561,2.19,-6.0));
#11707=VECTOR('',#14064,3.490180361561);
#11708=CARTESIAN_POINT('',(-4.340916292849,2.49,-5.7));
#11709=CARTESIAN_POINT('',(-4.465180361561,2.19,-6.0));
#11710=VECTOR('',#14065,0.4420877274624);
#11711=CARTESIAN_POINT('',(-4.340916292849,2.49,-5.7));
#11712=VECTOR('',#14066,3.365916292849);
#11713=CARTESIAN_POINT('',(5.135,2.49,-0.875));
#11714=CARTESIAN_POINT('',(5.135,2.49,0.875));
#11715=CARTESIAN_POINT('',(5.135,2.49,-0.875));
#11716=VECTOR('',#14067,1.75);
#11717=CARTESIAN_POINT('',(5.7,2.49,-0.875));
#11718=CARTESIAN_POINT('',(5.135,2.49,-0.875));
#11719=VECTOR('',#14068,0.565);
#11720=CARTESIAN_POINT('',(5.7,2.49,-4.340916292849));
#11721=CARTESIAN_POINT('',(5.7,2.49,-4.340916292849));
#11722=VECTOR('',#14069,3.465916292849);
#11723=CARTESIAN_POINT('',(4.340916292849,2.49,-5.7));
#11724=CARTESIAN_POINT('',(4.340916292849,2.49,-5.7));
#11725=VECTOR('',#14070,1.922034611053);
#11726=CARTESIAN_POINT('',(0.975,2.49,-5.7));
#11727=VECTOR('',#14071,3.365916292849);
#11728=CARTESIAN_POINT('',(-5.7,2.49,-4.340916292849));
#11729=CARTESIAN_POINT('',(-5.7,2.49,-4.340916292849));
#11730=VECTOR('',#14072,1.922034611053);
#11731=CARTESIAN_POINT('',(-5.7,2.49,-0.875));
#11732=CARTESIAN_POINT('',(-5.7,2.49,-0.875));
#11733=VECTOR('',#14073,3.465916292849);
#11734=CARTESIAN_POINT('',(-5.135,2.49,-0.875));
#11735=CARTESIAN_POINT('',(-5.135,2.49,-0.875));
#11736=VECTOR('',#14074,0.565);
#11737=CARTESIAN_POINT('',(-5.135,2.49,0.875));
#11738=CARTESIAN_POINT('',(-5.135,2.49,0.875));
#11739=VECTOR('',#14075,1.75);
#11740=CARTESIAN_POINT('',(-5.7,2.49,0.875));
#11741=CARTESIAN_POINT('',(-5.135,2.49,0.875));
#11742=VECTOR('',#14076,0.565);
#11743=CARTESIAN_POINT('',(-5.7,2.49,4.340916292849));
#11744=CARTESIAN_POINT('',(-5.7,2.49,4.340916292849));
#11745=VECTOR('',#14077,3.465916292849);
#11746=CARTESIAN_POINT('',(-4.340916292849,2.49,5.7));
#11747=CARTESIAN_POINT('',(-4.340916292849,2.49,5.7));
#11748=VECTOR('',#14078,1.922034611053);
#11749=CARTESIAN_POINT('',(-0.875,2.49,5.7));
#11750=CARTESIAN_POINT('',(-0.875,2.49,5.7));
#11751=VECTOR('',#14079,3.465916292849);
#11752=CARTESIAN_POINT('',(-0.875,2.49,5.135));
#11753=CARTESIAN_POINT('',(-0.875,2.49,5.135));
#11754=VECTOR('',#14080,0.565);
#11755=CARTESIAN_POINT('',(-0.875,2.49,5.135));
#11756=VECTOR('',#14081,1.75);
#11757=CARTESIAN_POINT('',(4.340916292849,2.49,5.7));
#11758=CARTESIAN_POINT('',(4.340916292849,2.49,5.7));
#11759=VECTOR('',#14082,3.465916292849);
#11760=CARTESIAN_POINT('',(5.7,2.49,4.340916292849));
#11761=CARTESIAN_POINT('',(5.7,2.49,4.340916292849));
#11762=VECTOR('',#14083,1.922034611053);
#11763=CARTESIAN_POINT('',(5.7,2.49,0.875));
#11764=CARTESIAN_POINT('',(5.7,2.49,0.875));
#11765=VECTOR('',#14084,3.465916292849);
#11766=CARTESIAN_POINT('',(5.135,2.49,0.875));
#11767=VECTOR('',#14085,0.565);
#11768=CARTESIAN_POINT('',(-4.589063085206,2.49,1.131137584627E-14));
#11769=CARTESIAN_POINT('',(4.589063085206,2.49,0.0));
#11770=AXIS2_PLACEMENT_3D('',#14086,#14087,#14088);
#11771=AXIS2_PLACEMENT_3D('',#14089,#14090,#14091);
#11772=CARTESIAN_POINT('',(5.135,1.898186021363,0.875));
#11773=AXIS2_PLACEMENT_3D('',#14092,#14093,#14094);
#11774=CARTESIAN_POINT('',(5.135,2.49,0.875));
#11775=VECTOR('',#14095,0.5918139786366);
#11776=CARTESIAN_POINT('',(6.0,2.19,0.875));
#11777=CARTESIAN_POINT('',(6.0,2.19,0.875));
#11778=VECTOR('',#14096,0.4242640687119);
#11779=CARTESIAN_POINT('',(6.0,0.3101568521023,0.875));
#11780=CARTESIAN_POINT('',(6.0,2.19,0.875));
#11781=VECTOR('',#14097,1.879843147898);
#11782=CARTESIAN_POINT('',(5.943990171629,-0.25,0.875));
#11783=CARTESIAN_POINT('',(5.943990171629,-0.25,0.875));
#11784=VECTOR('',#14098,0.5629500864475);
#11785=CARTESIAN_POINT('',(5.262733448748,-0.25,0.875));
#11786=CARTESIAN_POINT('',(5.943990171629,-0.25,0.875));
#11787=VECTOR('',#14099,0.6812567228813);
#11788=CARTESIAN_POINT('',(5.135,1.21,0.875));
#11789=VECTOR('',#14100,1.465576962814);
#11790=CARTESIAN_POINT('',(5.262733448748,-0.25,-0.875));
#11791=CARTESIAN_POINT('',(5.2714823151,-0.35,-0.775));
#11792=CARTESIAN_POINT('',(5.262733448748,-0.25,-0.875));
#11793=CARTESIAN_POINT('',(5.265644188852,-0.2832699116349,-0.875));
#11794=CARTESIAN_POINT('',(5.269269500887,-0.3247074178012,-0.8498017961233));
#11795=CARTESIAN_POINT('',(5.2714823151,-0.35,-0.8083969972924));
#11796=CARTESIAN_POINT('',(5.2714823151,-0.35,-0.775));
#11797=CARTESIAN_POINT('',(5.262733448748,-0.25,-0.875));
#11798=VECTOR('',#14101,1.465576962814);
#11799=CARTESIAN_POINT('',(5.302373553811,-0.7030884741539,-1.549904015261));
#11800=CARTESIAN_POINT('',(5.135,1.21,-1.6));
#11801=VECTOR('',#14102,1.921049459057);
#11802=CARTESIAN_POINT('',(5.322525095427,-0.9334216488093,-1.486820016039));
#11803=CARTESIAN_POINT('',(5.302373553811,-0.7030884741539,-1.549904015261));
#11804=CARTESIAN_POINT('',(5.309539958764,-0.7850008575898,-1.547759064013));
#11805=CARTESIAN_POINT('',(5.316257543072,-0.861783197585,-1.526748036646));
#11806=CARTESIAN_POINT('',(5.322525095427,-0.9334216488091,-1.486820016039));
#11807=CARTESIAN_POINT('',(5.322525095427,-0.9334216488091,1.486820016039));
#11808=CARTESIAN_POINT('',(5.322525095427,-0.9334216488093,1.486820016039));
#11809=VECTOR('',#14103,2.973640032078);
#11810=CARTESIAN_POINT('',(5.302373553811,-0.7030884741539,1.549904015261));
#11811=CARTESIAN_POINT('',(5.302373553811,-0.7030884741539,1.549904015261));
#11812=CARTESIAN_POINT('',(5.309539958764,-0.7850008575898,1.547759064013));
#11813=CARTESIAN_POINT('',(5.316257543072,-0.861783197585,1.526748036646));
#11814=CARTESIAN_POINT('',(5.322525095427,-0.9334216488091,1.486820016039));
#11815=CARTESIAN_POINT('',(5.135,1.21,1.6));
#11816=VECTOR('',#14104,1.921049459057);
#11817=CARTESIAN_POINT('',(5.2714823151,-0.35,0.775));
#11818=CARTESIAN_POINT('',(5.262733448748,-0.25,0.875));
#11819=CARTESIAN_POINT('',(5.265644188852,-0.2832699116349,0.875));
#11820=CARTESIAN_POINT('',(5.269269500887,-0.3247074178012,0.8498017961233));
#11821=CARTESIAN_POINT('',(5.2714823151,-0.35,0.8083969972924));
#11822=CARTESIAN_POINT('',(5.2714823151,-0.35,0.775));
#11823=CARTESIAN_POINT('',(5.2714823151,-0.35,-0.775));
#11824=VECTOR('',#14105,1.55);
#11825=CARTESIAN_POINT('',(5.933991217201,-0.35,0.775));
#11826=CARTESIAN_POINT('',(5.2714823151,-0.35,0.775));
#11827=VECTOR('',#14106,0.6625089021007);
#11828=CARTESIAN_POINT('',(5.933991217201,-0.35,-0.775));
#11829=CARTESIAN_POINT('',(5.933991217201,-0.35,-0.775));
#11830=VECTOR('',#14107,1.55);
#11831=CARTESIAN_POINT('',(5.933991217201,-0.35,-0.775));
#11832=VECTOR('',#14108,0.6625089021007);
#11833=CARTESIAN_POINT('',(5.4,-0.35,0.7));
#11834=CARTESIAN_POINT('',(5.4,-0.35,-0.7));
#11835=CARTESIAN_POINT('',(5.4,-0.35,0.7));
#11836=VECTOR('',#14109,1.4);
#11837=CARTESIAN_POINT('',(5.7,-0.35,-0.7));
#11838=CARTESIAN_POINT('',(5.4,-0.35,-0.7));
#11839=VECTOR('',#14110,0.3);
#11840=CARTESIAN_POINT('',(5.7,-0.35,0.7));
#11841=CARTESIAN_POINT('',(5.7,-0.35,-0.7));
#11842=VECTOR('',#14111,1.4);
#11843=CARTESIAN_POINT('',(5.4,-0.35,0.7));
#11844=VECTOR('',#14112,0.3);
#11845=CARTESIAN_POINT('',(5.943990171629,-0.25,-0.875));
#11846=CARTESIAN_POINT('',(5.933991217201,-0.35,-0.775));
#11847=CARTESIAN_POINT('',(5.933991217201,-0.35,-0.8084164420297));
#11848=CARTESIAN_POINT('',(5.936521654307,-0.3246929829092,-0.8498161150064));
#11849=CARTESIAN_POINT('',(5.940665455588,-0.283250637004,-0.875));
#11850=CARTESIAN_POINT('',(5.943990171629,-0.25,-0.875));
#11851=CARTESIAN_POINT('',(5.262733448748,-0.25,-0.875));
#11852=VECTOR('',#14113,0.6812567228813);
#11853=CARTESIAN_POINT('',(6.0,0.3101568521022,-0.875));
#11854=CARTESIAN_POINT('',(6.0,0.3101568521022,-0.875));
#11855=VECTOR('',#14114,0.5629500864475);
#11856=CARTESIAN_POINT('',(6.0,2.19,-0.875));
#11857=CARTESIAN_POINT('',(6.0,0.3101568521022,-0.875));
#11858=VECTOR('',#14115,1.879843147898);
#11859=CARTESIAN_POINT('',(5.7,2.49,-0.875));
#11860=VECTOR('',#14116,0.4242640687119);
#11861=CARTESIAN_POINT('',(5.135,1.898186021364,-0.875));
#11862=CARTESIAN_POINT('',(5.135,1.898186021363,-0.875));
#11863=VECTOR('',#14117,0.5918139786366);
#11864=AXIS2_PLACEMENT_3D('',#14118,#14119,#14120);
#11865=CARTESIAN_POINT('',(5.135,1.898186021363,0.875));
#11866=VECTOR('',#14121,1.75);
#11867=CARTESIAN_POINT('',(6.0,2.19,-4.465180361561));
#11868=CARTESIAN_POINT('',(6.0,2.19,-4.465180361561));
#11869=VECTOR('',#14122,3.590180361561);
#11870=CARTESIAN_POINT('',(6.0,2.19,-4.465180361561));
#11871=VECTOR('',#14123,0.4420877274624);
#11872=CARTESIAN_POINT('',(4.465180361561,2.19,-6.0));
#11873=CARTESIAN_POINT('',(4.465180361561,2.19,-6.0));
#11874=VECTOR('',#14124,2.170562748477);
#11875=CARTESIAN_POINT('',(4.465180361561,2.19,-6.0));
#11876=VECTOR('',#14125,0.4420877274624);
#11877=CARTESIAN_POINT('',(0.975,2.19,-6.0));
#11878=VECTOR('',#14126,3.490180361561);
#11879=CARTESIAN_POINT('',(4.465180361561,0.31,-6.0));
#11880=CARTESIAN_POINT('',(4.465180361561,0.31,-6.0));
#11881=VECTOR('',#14127,1.88);
#11882=CARTESIAN_POINT('',(1.576434468715,0.3100515883983,-5.999995846181));
#11883=VECTOR('',#14128,2.888745893309);
#11884=CARTESIAN_POINT('',(6.0,0.31,-4.465180361561));
#11885=CARTESIAN_POINT('',(6.0,0.31,-4.465180361561));
#11886=VECTOR('',#14129,2.170562748477);
#11887=CARTESIAN_POINT('',(5.99999584618,0.3100515883983,-1.576434467539));
#11888=CARTESIAN_POINT('',(6.0,0.31,-4.465180361561));
#11889=VECTOR('',#14130,2.888745894486);
#11890=CARTESIAN_POINT('',(5.55,0.31,-1.576432670588));
#11891=CARTESIAN_POINT('',(5.55,0.31,-1.576432670588));
#11892=VECTOR('',#14131,0.4499958491411);
#11893=CARTESIAN_POINT('',(5.549964048427,0.3099990670671,-2.916832786848));
#11894=CARTESIAN_POINT('',(5.549964048427,0.3099990670671,-2.916832786848));
#11895=VECTOR('',#14132,1.340400116742);
#11896=CARTESIAN_POINT('',(5.591729801349,0.31,-3.171790451835));
#11897=CARTESIAN_POINT('',(5.59176422124713,0.3100009600034,-3.17177884270336));
#11898=CARTESIAN_POINT('',(5.582514281473,0.3100009600034,-3.144353709255));
#11899=CARTESIAN_POINT('',(5.567122966828,0.3099994276073,-3.08888124726));
#11900=CARTESIAN_POINT('',(5.553123509974,0.3100005633691,-3.003259533629));
#11901=CARTESIAN_POINT('',(5.549988116967,0.3099990670671,-2.945775812952));
#11902=CARTESIAN_POINT('',(5.549964048427,0.3099990670671,-2.916832786848));
#11903=CARTESIAN_POINT('',(5.67,0.31,-3.65));
#11904=AXIS2_PLACEMENT_3D('',#14133,#14134,#14135);
#11905=CARTESIAN_POINT('',(5.67,0.31,-3.985992052357));
#11906=CARTESIAN_POINT('',(5.67,0.31,-3.985992052357));
#11907=VECTOR('',#14136,0.335992052357);
#11908=CARTESIAN_POINT('',(5.347817459305,0.31,-4.763809511662));
#11909=AXIS2_PLACEMENT_3D('',#14137,#14138,#14139);
#11910=CARTESIAN_POINT('',(4.763809511661,0.31,-5.347817459307));
#11911=CARTESIAN_POINT('',(4.763809511662,0.31,-5.347817459305));
#11912=VECTOR('',#14140,0.8259119600909);
#11913=CARTESIAN_POINT('',(3.985992052357,0.31,-5.67));
#11914=AXIS2_PLACEMENT_3D('',#14141,#14142,#14143);
#11915=CARTESIAN_POINT('',(3.65,0.31,-5.67));
#11916=CARTESIAN_POINT('',(3.65,0.31,-5.67));
#11917=VECTOR('',#14144,0.335992052357);
#11918=CARTESIAN_POINT('',(3.17178027752,0.3100009664532,-5.591764704101));
#11919=AXIS2_PLACEMENT_3D('',#14145,#14146,#14147);
#11920=CARTESIAN_POINT('',(2.916832786848,0.3099990670671,-5.549964048427));
#11921=CARTESIAN_POINT('',(2.916832786848,0.3099990670671,-5.549964048427));
#11922=CARTESIAN_POINT('',(2.945775812951,0.3099990670671,-5.549988116967));
#11923=CARTESIAN_POINT('',(3.003259728894,0.3100005642291,-5.553123552802));
#11924=CARTESIAN_POINT('',(3.088880563827,0.3099994245974,-5.567122816934));
#11925=CARTESIAN_POINT('',(3.144355173751,0.3100009664532,-5.582514602673));
#11926=CARTESIAN_POINT('',(3.17178027752,0.3100009664532,-5.591764704101));
#11927=CARTESIAN_POINT('',(1.576432670588,0.31,-5.55));
#11928=CARTESIAN_POINT('',(1.576432670588,0.31,-5.55));
#11929=VECTOR('',#14148,1.340400116742);
#11930=CARTESIAN_POINT('',(1.576434468715,0.3100515883983,-5.999995846181));
#11931=VECTOR('',#14149,0.4499958491413);
#11932=CARTESIAN_POINT('',(1.6,1.21,-5.526432670588));
#11933=VECTOR('',#14150,0.9006169207999);
#11934=CARTESIAN_POINT('',(1.549904015261,-0.7030884741539,-5.302373553811));
#11935=VECTOR('',#14151,0.5963125077663);
#11936=CARTESIAN_POINT('',(1.399264743723,-1.047864177096,-5.393344280786));
#11937=CARTESIAN_POINT('',(1.486820016039,-0.9334216488092,-5.322525095427));
#11938=CARTESIAN_POINT('',(1.463681848263,-0.9749359156914,-5.348214903275));
#11939=CARTESIAN_POINT('',(1.434759576107,-1.013229755168,-5.371911850176));
#11940=CARTESIAN_POINT('',(1.399264743723,-1.047864177096,-5.393344280786));
#11941=CARTESIAN_POINT('',(1.050075352773,-1.19,-5.648449948284));
#11942=CARTESIAN_POINT('',(1.050075352773,-1.19,-5.648449948284));
#11943=CARTESIAN_POINT('',(1.09703937056,-1.19,-5.612071776532));
#11944=CARTESIAN_POINT('',(1.186623771847,-1.176797163008,-5.542738528106));
#11945=CARTESIAN_POINT('',(1.303208780219,-1.127161239996,-5.455998927906));
#11946=CARTESIAN_POINT('',(1.369669584115,-1.076741936927,-5.411214380799));
#11947=CARTESIAN_POINT('',(1.399264743723,-1.047864177096,-5.393344280786));
#11948=CARTESIAN_POINT('',(1.050075352773,-1.19,-5.85));
#11949=VECTOR('',#14152,0.201550051716);
#11950=CARTESIAN_POINT('',(-1.050075352773,-1.19,-5.648449948284));
#11951=CARTESIAN_POINT('',(1.050075352773,-1.19,-5.648449948284));
#11952=VECTOR('',#14153,2.100150705546);
#11953=CARTESIAN_POINT('',(-1.050075352773,-1.19,-5.648449948284));
#11954=VECTOR('',#14154,0.201550051716);
#11955=CARTESIAN_POINT('',(-1.399264743723,-1.047864177096,-5.393344280786));
#11956=CARTESIAN_POINT('',(-1.399264743723,-1.047864177096,-5.393344280786));
#11957=CARTESIAN_POINT('',(-1.36936845979,-1.077035761866,-5.411396205188));
#11958=CARTESIAN_POINT('',(-1.302415507992,-1.127643043321,-5.456564852633));
#11959=CARTESIAN_POINT('',(-1.185869387419,-1.176969253304,-5.543319921975));
#11960=CARTESIAN_POINT('',(-1.096714671554,-1.19,-5.612323287301));
#11961=CARTESIAN_POINT('',(-1.050075352773,-1.19,-5.648449948284));
#11962=CARTESIAN_POINT('',(-1.399264743723,-1.047864177096,-5.393344280786));
#11963=CARTESIAN_POINT('',(-1.434759576107,-1.013229755168,-5.371911850176));
#11964=CARTESIAN_POINT('',(-1.463681848263,-0.9749359156914,-5.348214903275));
#11965=CARTESIAN_POINT('',(-1.486820016039,-0.9334216488092,-5.322525095427));
#11966=CARTESIAN_POINT('',(-1.399264743723,-1.047864177096,-5.393344280786));
#11967=VECTOR('',#14155,2.798529487446);
#11968=CARTESIAN_POINT('',(2.920700333388,1.210000941687,-5.52646897288));
#11969=CARTESIAN_POINT('',(2.918969410986,0.9100022198279,-5.534288564004));
#11970=CARTESIAN_POINT('',(2.918563739183,0.6099977887533,-5.542144457309));
#11971=CARTESIAN_POINT('',(2.916832786848,0.3099990670671,-5.549964048427));
#11972=CARTESIAN_POINT('',(3.176960516363,1.209999047036,-5.568562998796));
#11973=VECTOR('',#14156,0.9003120009509);
#11974=CARTESIAN_POINT('',(3.65,1.21,-5.646432670588));
#11975=VECTOR('',#14157,0.9003085132418);
#11976=CARTESIAN_POINT('',(3.985992052357,0.31,-5.67));
#11977=VECTOR('',#14158,0.9003085132418);
#11978=CARTESIAN_POINT('',(4.747144893221,1.21,-5.331152840863));
#11979=VECTOR('',#14159,0.9003085132418);
#11980=CARTESIAN_POINT('',(5.347817459305,0.31,-4.763809511662));
#11981=VECTOR('',#14160,0.9003085132418);
#11982=CARTESIAN_POINT('',(5.646432670588,1.21,-3.985992052357));
#11983=VECTOR('',#14161,0.9003085132418);
#11984=CARTESIAN_POINT('',(5.67,0.31,-3.65));
#11985=VECTOR('',#14162,0.9003085132418);
#11986=CARTESIAN_POINT('',(5.56856060313,1.209999047036,-3.176951920427));
#11987=VECTOR('',#14163,0.9003120155199);
#11988=CARTESIAN_POINT('',(5.52646897288,1.210000941687,-2.920700333388));
#11989=CARTESIAN_POINT('',(5.534288564004,0.9100022198279,-2.918969410986));
#11990=CARTESIAN_POINT('',(5.542144457309,0.6099977887533,-2.918563739183));
#11991=CARTESIAN_POINT('',(5.549964048427,0.3099990670671,-2.916832786848));
#11992=CARTESIAN_POINT('',(5.55,0.31,-1.576432670588));
#11993=VECTOR('',#14164,0.9006169207999);
#11994=CARTESIAN_POINT('',(5.898686061577,-0.7030884741539,-1.549904015261));
#11995=CARTESIAN_POINT('',(5.99999584618,0.3100515883983,-1.576434467539));
#11996=VECTOR('',#14165,1.018538327066);
#11997=CARTESIAN_POINT('',(5.898686061577,-0.7030884741539,-1.549904015261));
#11998=VECTOR('',#14166,0.5963125077662);
#11999=CARTESIAN_POINT('',(5.85,-1.19,-1.050075352773));
#12000=CARTESIAN_POINT('',(5.898686061577,-0.7030884741539,-1.549904015261));
#12001=CARTESIAN_POINT('',(5.882497608587,-0.8649899320092,-1.545664476383));
#12002=CARTESIAN_POINT('',(5.862168554481,-1.068301730768,-1.419207522455));
#12003=CARTESIAN_POINT('',(5.85,-1.19,-1.2128393591));
#12004=CARTESIAN_POINT('',(5.85,-1.19,-1.050075352773));
#12005=CARTESIAN_POINT('',(5.648449948284,-1.19,-1.050075352773));
#12006=CARTESIAN_POINT('',(5.648449948284,-1.19,-1.050075352773));
#12007=VECTOR('',#14167,0.201550051716);
#12008=CARTESIAN_POINT('',(5.393344280786,-1.047864177096,-1.399264743723));
#12009=CARTESIAN_POINT('',(5.393344280786,-1.047864177096,-1.399264743723));
#12010=CARTESIAN_POINT('',(5.411396205188,-1.077035761866,-1.36936845979));
#12011=CARTESIAN_POINT('',(5.456564852633,-1.127643043321,-1.302415507992));
#12012=CARTESIAN_POINT('',(5.543319921975,-1.176969253304,-1.185869387419));
#12013=CARTESIAN_POINT('',(5.612323287301,-1.19,-1.096714671554));
#12014=CARTESIAN_POINT('',(5.648449948284,-1.19,-1.050075352773));
#12015=CARTESIAN_POINT('',(5.393344280786,-1.047864177096,-1.399264743723));
#12016=CARTESIAN_POINT('',(5.371911850176,-1.013229755168,-1.434759576107));
#12017=CARTESIAN_POINT('',(5.348214903275,-0.9749359156914,-1.463681848263));
#12018=CARTESIAN_POINT('',(5.322525095427,-0.9334216488092,-1.486820016039));
#12019=CARTESIAN_POINT('',(5.393344280786,-1.047864177096,1.399264743723));
#12020=CARTESIAN_POINT('',(5.393344280786,-1.047864177096,-1.399264743723));
#12021=VECTOR('',#14168,2.798529487446);
#12022=CARTESIAN_POINT('',(5.322525095427,-0.9334216488092,1.486820016039));
#12023=CARTESIAN_POINT('',(5.348214903275,-0.9749359156914,1.463681848263));
#12024=CARTESIAN_POINT('',(5.371911850176,-1.013229755168,1.434759576107));
#12025=CARTESIAN_POINT('',(5.393344280786,-1.047864177096,1.399264743723));
#12026=CARTESIAN_POINT('',(5.648449948284,-1.19,1.050075352773));
#12027=CARTESIAN_POINT('',(5.648449948284,-1.19,1.050075352773));
#12028=CARTESIAN_POINT('',(5.612071776532,-1.19,1.09703937056));
#12029=CARTESIAN_POINT('',(5.542738528106,-1.176797163008,1.186623771847));
#12030=CARTESIAN_POINT('',(5.455998927906,-1.127161239996,1.303208780219));
#12031=CARTESIAN_POINT('',(5.411214380799,-1.076741936927,1.369669584115));
#12032=CARTESIAN_POINT('',(5.393344280786,-1.047864177096,1.399264743723));
#12033=CARTESIAN_POINT('',(5.85,-1.19,1.050075352773));
#12034=CARTESIAN_POINT('',(5.85,-1.19,1.050075352773));
#12035=VECTOR('',#14169,0.201550051716);
#12036=CARTESIAN_POINT('',(5.898686061577,-0.7030884741539,1.549904015261));
#12037=CARTESIAN_POINT('',(5.85,-1.19,1.050075352773));
#12038=CARTESIAN_POINT('',(5.85,-1.19,1.2128393591));
#12039=CARTESIAN_POINT('',(5.862168554481,-1.068301730768,1.419207522455));
#12040=CARTESIAN_POINT('',(5.882497608587,-0.8649899320092,1.545664476383));
#12041=CARTESIAN_POINT('',(5.898686061577,-0.7030884741539,1.549904015261));
#12042=CARTESIAN_POINT('',(5.302373553811,-0.7030884741539,1.549904015261));
#12043=VECTOR('',#14170,0.5963125077662);
#12044=CARTESIAN_POINT('',(5.999995846181,0.3100515883984,1.576434467605));
#12045=CARTESIAN_POINT('',(5.999995846181,0.3100515883984,1.576434467605));
#12046=VECTOR('',#14171,1.018538327068);
#12047=CARTESIAN_POINT('',(5.55,0.31,1.576432670588));
#12048=CARTESIAN_POINT('',(5.999995846181,0.3100515883984,1.576434467605));
#12049=VECTOR('',#14172,0.4499958491413);
#12050=CARTESIAN_POINT('',(5.526432670588,1.21,1.6));
#12051=VECTOR('',#14173,0.9006169207999);
#12052=CARTESIAN_POINT('',(5.549964048427,0.3099990670671,2.916832786844));
#12053=CARTESIAN_POINT('',(5.549964048427,0.3099990670671,2.916832786844));
#12054=CARTESIAN_POINT('',(5.542144457309,0.6099977887533,2.918563739179));
#12055=CARTESIAN_POINT('',(5.534288564004,0.9100022198279,2.918969410982));
#12056=CARTESIAN_POINT('',(5.52646897288,1.210000941687,2.920700333384));
#12057=CARTESIAN_POINT('',(5.549964048427,0.3099990670671,2.916832786844));
#12058=VECTOR('',#14174,1.340400116738);
#12059=CARTESIAN_POINT('',(6.0,0.31,4.465180361561));
#12060=CARTESIAN_POINT('',(5.999995846181,0.3100515883984,1.576434467605));
#12061=VECTOR('',#14175,2.88874589442);
#12062=CARTESIAN_POINT('',(4.465180361561,0.31,6.0));
#12063=CARTESIAN_POINT('',(4.465180361561,0.31,6.0));
#12064=VECTOR('',#14176,2.170562748477);
#12065=CARTESIAN_POINT('',(4.465180361561,0.31,6.0));
#12066=VECTOR('',#14177,2.888745894764);
#12067=CARTESIAN_POINT('',(2.916832786844,0.3099990670671,5.549964048427));
#12068=CARTESIAN_POINT('',(1.576432670588,0.31,5.55));
#12069=VECTOR('',#14178,1.340400116738);
#12070=CARTESIAN_POINT('',(3.171791100936,0.31,5.591730019679));
#12071=CARTESIAN_POINT('',(3.17177949553832,0.3100009664532,5.59176442801586));
#12072=CARTESIAN_POINT('',(3.14435441110331,0.3100009664347,5.58251437293161));
#12073=CARTESIAN_POINT('',(3.08888026665612,0.309999424601958,5.56712278196982));
#12074=CARTESIAN_POINT('',(3.003259715951,0.3100005642291,5.553123546793));
#12075=CARTESIAN_POINT('',(2.945775812946,0.3099990670671,5.549988116966));
#12076=CARTESIAN_POINT('',(2.916832786844,0.3099990670671,5.549964048427));
#12077=CARTESIAN_POINT('',(3.65,0.31,5.67));
#12078=AXIS2_PLACEMENT_3D('',#14179,#14180,#14181);
#12079=CARTESIAN_POINT('',(3.985992052357,0.31,5.67));
#12080=CARTESIAN_POINT('',(3.65,0.31,5.67));
#12081=VECTOR('',#14182,0.335992052357);
#12082=CARTESIAN_POINT('',(4.315299656742,0.31,5.619550618929));
#12083=AXIS2_PLACEMENT_3D('',#14183,#14184,#14185);
#12084=CARTESIAN_POINT('',(5.619550618929,0.31,4.315299656742));
#12085=CARTESIAN_POINT('',(5.619550618929,0.31,4.315299656742));
#12086=VECTOR('',#14186,1.844489399463);
#12087=CARTESIAN_POINT('',(5.67,0.31,3.985992052357));
#12088=AXIS2_PLACEMENT_3D('',#14187,#14188,#14189);
#12089=CARTESIAN_POINT('',(5.67,0.31,3.65));
#12090=CARTESIAN_POINT('',(5.67,0.31,3.985992052357));
#12091=VECTOR('',#14190,0.335992052357);
#12092=CARTESIAN_POINT('',(5.591761980014,0.3100009664532,3.171770449659));
#12093=AXIS2_PLACEMENT_3D('',#14191,#14192,#14193);
#12094=CARTESIAN_POINT('',(5.549964048427,0.3099990670671,2.916832786844));
#12095=CARTESIAN_POINT('',(5.549988116966,0.3099990670671,2.945775812946));
#12096=CARTESIAN_POINT('',(5.553123840522,0.3100005642291,3.003260348418));
#12097=CARTESIAN_POINT('',(5.56712180991,0.3099994245974,3.088878395458));
#12098=CARTESIAN_POINT('',(5.582516760575,0.3100009664532,3.144359820222));
#12099=CARTESIAN_POINT('',(5.591761980014,0.3100009664532,3.171770449659));
#12100=CARTESIAN_POINT('',(5.591761980014,0.3100009664532,3.171770449659));
#12101=VECTOR('',#14194,0.9003119837432);
#12102=CARTESIAN_POINT('',(5.646432670588,1.21,3.65));
#12103=VECTOR('',#14195,0.9003085132418);
#12104=CARTESIAN_POINT('',(5.67,0.31,3.985992052357));
#12105=VECTOR('',#14196,0.9003085132418);
#12106=CARTESIAN_POINT('',(5.598772335577,1.21,4.30274870321));
#12107=CARTESIAN_POINT('',(5.601084123919,1.109980554509,4.304140883525));
#12108=CARTESIAN_POINT('',(5.607343352286,0.909979435627,4.305288193679));
#12109=CARTESIAN_POINT('',(5.610978768207,0.6099692587463,4.312762900261));
#12110=CARTESIAN_POINT('',(5.617244588652,0.4099975153739,4.313902530488));
#12111=CARTESIAN_POINT('',(5.619550618929,0.31,4.315299656742));
#12112=CARTESIAN_POINT('',(4.315299656742,0.31,5.619550618929));
#12113=CARTESIAN_POINT('',(4.313902530488,0.4099975153736,5.617244588652));
#12114=CARTESIAN_POINT('',(4.312762900261,0.6099692587454,5.610978768207));
#12115=CARTESIAN_POINT('',(4.305288193679,0.9099794356261,5.607343352286));
#12116=CARTESIAN_POINT('',(4.304140883525,1.109980554508,5.601084123919));
#12117=CARTESIAN_POINT('',(4.30274870321,1.21,5.598772335577));
#12118=CARTESIAN_POINT('',(3.985992052357,1.21,5.646432670588));
#12119=VECTOR('',#14197,0.9003085132418);
#12120=CARTESIAN_POINT('',(3.65,0.31,5.67));
#12121=VECTOR('',#14198,0.9003085132418);
#12122=CARTESIAN_POINT('',(3.17178048273,0.3100009664532,5.591764760981));
#12123=VECTOR('',#14199,0.900312012643);
#12124=CARTESIAN_POINT('',(2.916832786844,0.3099990670671,5.549964048427));
#12125=CARTESIAN_POINT('',(2.918563739179,0.6099977887533,5.542144457309));
#12126=CARTESIAN_POINT('',(2.918969410982,0.9100022198279,5.534288564004));
#12127=CARTESIAN_POINT('',(2.920700333384,1.210000941687,5.52646897288));
#12128=CARTESIAN_POINT('',(4.465180361561,2.19,6.0));
#12129=CARTESIAN_POINT('',(4.465180361561,2.19,6.0));
#12130=VECTOR('',#14200,1.88);
#12131=CARTESIAN_POINT('',(4.465180361561,2.19,6.0));
#12132=VECTOR('',#14201,3.590180361561);
#12133=CARTESIAN_POINT('',(0.975,0.71,6.0));
#12134=CARTESIAN_POINT('',(0.975,0.71,6.0));
#12135=VECTOR('',#14202,0.1);
#12136=CARTESIAN_POINT('',(0.975,0.3101307963459,5.999999137316));
#12137=CARTESIAN_POINT('',(0.975,0.71,6.0));
#12138=VECTOR('',#14203,0.399869203655);
#12139=CARTESIAN_POINT('',(1.576434467261,0.3100515883984,5.99999584618));
#12140=VECTOR('',#14204,0.601434472486);
#12141=CARTESIAN_POINT('',(-1.050075352773,-1.19,5.85));
#12142=VECTOR('',#14205,2.100150705546);
#12143=CARTESIAN_POINT('',(0.975,0.71,6.039980134144));
#12144=CARTESIAN_POINT('',(0.975,0.3101307963459,5.999999137316));
#12145=VECTOR('',#14206,0.4018629867733);
#12146=CARTESIAN_POINT('',(0.875,0.71,6.039980134144));
#12147=VECTOR('',#14207,0.1);
#12148=CARTESIAN_POINT('',(0.775,-0.35,5.933991217201));
#12149=CARTESIAN_POINT('',(0.8084164420297,-0.35,5.933991217201));
#12150=CARTESIAN_POINT('',(0.8498161150064,-0.3246929829092,5.936521654307));
#12151=CARTESIAN_POINT('',(0.875,-0.283250637004,5.940665455588));
#12152=CARTESIAN_POINT('',(0.875,-0.25,5.943990171629));
#12153=CARTESIAN_POINT('',(-0.875,-0.25,5.943990171629));
#12154=CARTESIAN_POINT('',(-0.875,-0.25,5.943990171629));
#12155=CARTESIAN_POINT('',(-0.875,-0.283250637004,5.940665455588));
#12156=CARTESIAN_POINT('',(-0.8498161150064,-0.3246929829092,5.936521654307));
#12157=CARTESIAN_POINT('',(-0.8084164420297,-0.35,5.933991217201));
#12158=CARTESIAN_POINT('',(-0.775,-0.35,5.933991217201));
#12159=CARTESIAN_POINT('',(-0.875,0.3101568521023,6.0));
#12160=CARTESIAN_POINT('',(-0.875,-0.25,5.943990171629));
#12161=VECTOR('',#14208,0.5629500864476);
#12162=CARTESIAN_POINT('',(-0.875,0.3101568521023,6.0));
#12163=VECTOR('',#14209,0.701434475572);
#12164=CARTESIAN_POINT('',(-0.875,2.19,6.0));
#12165=CARTESIAN_POINT('',(-0.875,2.19,6.0));
#12166=VECTOR('',#14210,1.879843147898);
#12167=CARTESIAN_POINT('',(-4.465180361561,2.19,6.0));
#12168=CARTESIAN_POINT('',(-0.875,2.19,6.0));
#12169=VECTOR('',#14211,3.590180361561);
#12170=CARTESIAN_POINT('',(-4.465180361561,0.31,6.0));
#12171=VECTOR('',#14212,1.88);
#12172=CARTESIAN_POINT('',(-6.0,2.19,4.465180361561));
#12173=CARTESIAN_POINT('',(-4.465180361561,2.19,6.0));
#12174=VECTOR('',#14213,2.170562748477);
#12175=CARTESIAN_POINT('',(-6.0,0.31,4.465180361561));
#12176=VECTOR('',#14214,1.88);
#12177=CARTESIAN_POINT('',(-6.0,2.19,0.875));
#12178=CARTESIAN_POINT('',(-6.0,2.19,4.465180361561));
#12179=VECTOR('',#14215,3.590180361561);
#12180=CARTESIAN_POINT('',(-6.0,0.3101568521023,0.875));
#12181=CARTESIAN_POINT('',(-6.0,0.3101568521023,0.875));
#12182=VECTOR('',#14216,1.879843147898);
#12183=CARTESIAN_POINT('',(-6.0,0.3101568521023,0.875));
#12184=VECTOR('',#14217,0.7014344754497);
#12185=CARTESIAN_POINT('',(-5.943990171629,-0.25,0.875));
#12186=CARTESIAN_POINT('',(-6.0,0.3101568521023,0.875));
#12187=VECTOR('',#14218,0.5629500864476);
#12188=CARTESIAN_POINT('',(-5.933991217201,-0.35,0.775));
#12189=CARTESIAN_POINT('',(-5.933991217201,-0.35,0.775));
#12190=CARTESIAN_POINT('',(-5.933991217201,-0.35,0.8084164420297));
#12191=CARTESIAN_POINT('',(-5.936521654307,-0.3246929829092,0.8498161150064));
#12192=CARTESIAN_POINT('',(-5.940665455588,-0.283250637004,0.875));
#12193=CARTESIAN_POINT('',(-5.943990171629,-0.25,0.875));
#12194=CARTESIAN_POINT('',(-5.933991217201,-0.35,-0.775));
#12195=CARTESIAN_POINT('',(-5.933991217201,-0.35,0.775));
#12196=VECTOR('',#14219,1.55);
#12197=CARTESIAN_POINT('',(-5.943990171629,-0.25,-0.875));
#12198=CARTESIAN_POINT('',(-5.943990171629,-0.25,-0.875));
#12199=CARTESIAN_POINT('',(-5.940665455588,-0.283250637004,-0.875));
#12200=CARTESIAN_POINT('',(-5.936521654307,-0.3246929829092,-0.8498161150064));
#12201=CARTESIAN_POINT('',(-5.933991217201,-0.35,-0.8084164420297));
#12202=CARTESIAN_POINT('',(-5.933991217201,-0.35,-0.775));
#12203=CARTESIAN_POINT('',(-6.0,0.3101568521023,-0.875));
#12204=CARTESIAN_POINT('',(-5.943990171629,-0.25,-0.875));
#12205=VECTOR('',#14220,0.5629500864475);
#12206=CARTESIAN_POINT('',(-5.999995846181,0.3100515883984,-1.576434467539));
#12207=VECTOR('',#14221,0.7014344754498);
#12208=CARTESIAN_POINT('',(-5.85,-1.19,1.050075352773));
#12209=CARTESIAN_POINT('',(-5.85,-1.19,1.050075352773));
#12210=VECTOR('',#14222,2.100150705546);
#12211=CARTESIAN_POINT('',(-5.898686061577,-0.7030884741539,1.549904015261));
#12212=CARTESIAN_POINT('',(-5.882497608587,-0.8649899320092,1.545664476383));
#12213=CARTESIAN_POINT('',(-5.862168554481,-1.068301730768,1.419207522455));
#12214=CARTESIAN_POINT('',(-5.85,-1.19,1.2128393591));
#12215=CARTESIAN_POINT('',(-5.85,-1.19,1.050075352773));
#12216=CARTESIAN_POINT('',(-5.648449948284,-1.19,1.050075352773));
#12217=CARTESIAN_POINT('',(-5.648449948284,-1.19,1.050075352773));
#12218=VECTOR('',#14223,0.201550051716);
#12219=CARTESIAN_POINT('',(-5.393344280786,-1.047864177096,1.399264743723));
#12220=CARTESIAN_POINT('',(-5.393344280786,-1.047864177096,1.399264743723));
#12221=CARTESIAN_POINT('',(-5.411396205188,-1.077035761866,1.36936845979));
#12222=CARTESIAN_POINT('',(-5.456564852633,-1.127643043321,1.302415507992));
#12223=CARTESIAN_POINT('',(-5.543319921975,-1.176969253304,1.185869387419));
#12224=CARTESIAN_POINT('',(-5.612323287301,-1.19,1.096714671554));
#12225=CARTESIAN_POINT('',(-5.648449948284,-1.19,1.050075352773));
#12226=CARTESIAN_POINT('',(-5.393344280786,-1.047864177096,1.399264743723));
#12227=CARTESIAN_POINT('',(-5.371911850176,-1.013229755168,1.434759576107));
#12228=CARTESIAN_POINT('',(-5.348214903275,-0.9749359156914,1.463681848263));
#12229=CARTESIAN_POINT('',(-5.322525095427,-0.9334216488092,1.486820016039));
#12230=CARTESIAN_POINT('',(-5.393344280786,-1.047864177096,1.399264743723));
#12231=VECTOR('',#14224,2.798529487446);
#12232=CARTESIAN_POINT('',(-5.648449948284,-1.19,-1.050075352773));
#12233=VECTOR('',#14225,2.100150705546);
#12234=CARTESIAN_POINT('',(-6.0,2.19,-0.875));
#12235=CARTESIAN_POINT('',(-6.0,2.19,-0.875));
#12236=VECTOR('',#14226,1.879843147898);
#12237=CARTESIAN_POINT('',(-6.0,2.19,-4.465180361561));
#12238=CARTESIAN_POINT('',(-6.0,2.19,-0.875));
#12239=VECTOR('',#14227,3.590180361561);
#12240=CARTESIAN_POINT('',(-6.0,2.19,-4.465180361561));
#12241=VECTOR('',#14228,1.88);
#12242=CARTESIAN_POINT('',(-6.0,2.19,-4.465180361561));
#12243=VECTOR('',#14229,2.170562748477);
#12244=CARTESIAN_POINT('',(-6.0,2.19,-4.465180361561));
#12245=VECTOR('',#14230,0.4420877274624);
#12246=CARTESIAN_POINT('',(-6.0,2.19,-0.875));
#12247=VECTOR('',#14231,0.4242640687119);
#12248=CARTESIAN_POINT('',(-5.135,1.898186021363,-0.875));
#12249=AXIS2_PLACEMENT_3D('',#14232,#14233,#14234);
#12250=CARTESIAN_POINT('',(-5.135,2.49,-0.875));
#12251=VECTOR('',#14235,0.5918139786366);
#12252=CARTESIAN_POINT('',(-5.943990171629,-0.25,-0.875));
#12253=VECTOR('',#14236,0.6812567228813);
#12254=CARTESIAN_POINT('',(-5.2714823151,-0.35,-0.775));
#12255=VECTOR('',#14237,0.6625089021007);
#12256=CARTESIAN_POINT('',(-5.933991217201,-0.35,0.775));
#12257=VECTOR('',#14238,0.6625089021007);
#12258=CARTESIAN_POINT('',(-5.7,-0.35,0.7));
#12259=CARTESIAN_POINT('',(-5.7,-0.35,-0.7));
#12260=CARTESIAN_POINT('',(-5.7,-0.35,0.7));
#12261=VECTOR('',#14239,1.4);
#12262=CARTESIAN_POINT('',(-5.4,-0.35,-0.7));
#12263=CARTESIAN_POINT('',(-5.4,-0.35,-0.7));
#12264=VECTOR('',#14240,0.3);
#12265=CARTESIAN_POINT('',(-5.4,-0.35,0.7));
#12266=CARTESIAN_POINT('',(-5.4,-0.35,-0.7));
#12267=VECTOR('',#14241,1.4);
#12268=CARTESIAN_POINT('',(-5.4,-0.35,0.7));
#12269=VECTOR('',#14242,0.3);
#12270=CARTESIAN_POINT('',(-5.262733448748,-0.25,0.875));
#12271=VECTOR('',#14243,0.6812567228813);
#12272=CARTESIAN_POINT('',(-5.7,2.49,0.875));
#12273=VECTOR('',#14244,0.4242640687119);
#12274=CARTESIAN_POINT('',(-5.135,1.898186021364,0.875));
#12275=CARTESIAN_POINT('',(-5.135,1.898186021363,0.875));
#12276=VECTOR('',#14245,0.5918139786366);
#12277=AXIS2_PLACEMENT_3D('',#14246,#14247,#14248);
#12278=CARTESIAN_POINT('',(-5.135,1.898186021363,-0.875));
#12279=VECTOR('',#14249,1.75);
#12280=CARTESIAN_POINT('',(-6.0,2.19,4.465180361561));
#12281=VECTOR('',#14250,0.4420877274624);
#12282=CARTESIAN_POINT('',(-4.465180361561,2.19,6.0));
#12283=VECTOR('',#14251,0.4420877274624);
#12284=CARTESIAN_POINT('',(-0.875,2.19,6.0));
#12285=VECTOR('',#14252,0.4242640687119);
#12286=CARTESIAN_POINT('',(-0.875,2.49,5.135));
#12287=VECTOR('',#14253,0.5918139786366);
#12288=CARTESIAN_POINT('',(-0.875,-0.25,5.943990171629));
#12289=VECTOR('',#14254,0.6812567228813);
#12290=CARTESIAN_POINT('',(-5.4,-0.25,0.7));
#12291=CARTESIAN_POINT('',(-5.4,-0.25,0.7));
#12292=VECTOR('',#14255,0.1);
#12293=CARTESIAN_POINT('',(-5.4,-0.25,0.7));
#12294=VECTOR('',#14256,0.315);
#12295=CARTESIAN_POINT('',(-5.7,-0.06763819204712,0.7));
#12296=CARTESIAN_POINT('',(-5.7,-0.06763819204712,0.7));
#12297=VECTOR('',#14257,1.046300494273);
#12298=CARTESIAN_POINT('',(-5.7,-0.35,0.7));
#12299=VECTOR('',#14258,0.2823618079529);
#12300=CARTESIAN_POINT('',(-5.7,-0.06763819204707,-0.7));
#12301=CARTESIAN_POINT('',(-5.7,-0.06763819204712,0.7));
#12302=VECTOR('',#14259,1.4);
#12303=CARTESIAN_POINT('',(-5.7,-0.35,-0.7));
#12304=VECTOR('',#14260,0.2823618079529);
#12305=CARTESIAN_POINT('',(-5.085,0.7788366890427,-0.7));
#12306=VECTOR('',#14261,1.046300494273);
#12307=CARTESIAN_POINT('',(-5.4,-0.25,-0.7));
#12308=CARTESIAN_POINT('',(-5.4,-0.25,-0.7));
#12309=VECTOR('',#14262,0.315);
#12310=CARTESIAN_POINT('',(-5.4,-0.25,-0.7));
#12311=VECTOR('',#14263,0.1);
#12312=CARTESIAN_POINT('',(-5.4,-0.25,-0.7));
#12313=VECTOR('',#14264,1.4);
#12314=CARTESIAN_POINT('',(0.975,0.71,6.0));
#12315=VECTOR('',#14265,0.03998013414412);
#12316=CARTESIAN_POINT('',(-1.050075352773,-1.19,5.648449948284));
#12317=VECTOR('',#14266,2.100150705546);
#12318=CARTESIAN_POINT('',(4.465180361561,2.19,6.0));
#12319=VECTOR('',#14267,0.4420877274624);
#12320=CARTESIAN_POINT('',(6.0,2.19,4.465180361561));
#12321=CARTESIAN_POINT('',(6.0,2.19,4.465180361561));
#12322=VECTOR('',#14268,2.170562748477);
#12323=CARTESIAN_POINT('',(6.0,2.19,4.465180361561));
#12324=VECTOR('',#14269,0.4420877274624);
#12325=CARTESIAN_POINT('',(6.0,2.19,0.875));
#12326=VECTOR('',#14270,3.590180361561);
#12327=CARTESIAN_POINT('',(6.0,2.19,4.465180361561));
#12328=VECTOR('',#14271,1.88);
#12329=CARTESIAN_POINT('',(5.999995846181,0.3100515883984,1.576434467605));
#12330=VECTOR('',#14272,0.7014344755152);
#12331=CARTESIAN_POINT('',(5.943990171629,-0.25,0.875));
#12332=CARTESIAN_POINT('',(5.940665455588,-0.283250637004,0.875));
#12333=CARTESIAN_POINT('',(5.936521654307,-0.3246929829092,0.8498161150064));
#12334=CARTESIAN_POINT('',(5.933991217201,-0.35,0.8084164420297));
#12335=CARTESIAN_POINT('',(5.933991217201,-0.35,0.775));
#12336=CARTESIAN_POINT('',(5.85,-1.19,-1.050075352773));
#12337=VECTOR('',#14273,2.100150705546);
#12338=CARTESIAN_POINT('',(6.0,0.3101568521022,-0.875));
#12339=VECTOR('',#14274,0.7014344754497);
#12340=CARTESIAN_POINT('',(6.0,0.31,-4.465180361561));
#12341=VECTOR('',#14275,1.88);
#12342=CARTESIAN_POINT('',(5.648449948284,-1.19,1.050075352773));
#12343=VECTOR('',#14276,2.100150705546);
#12344=CARTESIAN_POINT('',(5.7,-0.06763819204706,0.7));
#12345=CARTESIAN_POINT('',(5.7,-0.35,0.7));
#12346=VECTOR('',#14277,0.2823618079529);
#12347=CARTESIAN_POINT('',(5.085,0.7788366890427,0.7));
#12348=CARTESIAN_POINT('',(5.085,0.7788366890427,0.7));
#12349=VECTOR('',#14278,1.046300494273);
#12350=CARTESIAN_POINT('',(5.085,-0.25,0.7));
#12351=CARTESIAN_POINT('',(5.085,0.7788366890427,0.7));
#12352=VECTOR('',#14279,1.028836689043);
#12353=CARTESIAN_POINT('',(5.4,-0.25,0.7));
#12354=CARTESIAN_POINT('',(5.4,-0.25,0.7));
#12355=VECTOR('',#14280,0.315);
#12356=CARTESIAN_POINT('',(5.4,-0.25,0.7));
#12357=VECTOR('',#14281,0.1);
#12358=CARTESIAN_POINT('',(5.4,-0.25,-0.7));
#12359=CARTESIAN_POINT('',(5.4,-0.25,0.7));
#12360=VECTOR('',#14282,1.4);
#12361=CARTESIAN_POINT('',(5.4,-0.25,-0.7));
#12362=VECTOR('',#14283,0.1);
#12363=CARTESIAN_POINT('',(5.085,-0.25,-0.7));
#12364=CARTESIAN_POINT('',(5.4,-0.25,-0.7));
#12365=VECTOR('',#14284,0.315);
#12366=CARTESIAN_POINT('',(5.085,0.7788366890427,-0.7));
#12367=CARTESIAN_POINT('',(5.085,-0.25,-0.7));
#12368=VECTOR('',#14285,1.028836689043);
#12369=CARTESIAN_POINT('',(5.7,-0.0676381920471,-0.7));
#12370=CARTESIAN_POINT('',(5.7,-0.0676381920471,-0.7));
#12371=VECTOR('',#14286,1.046300494273);
#12372=CARTESIAN_POINT('',(5.7,-0.35,-0.7));
#12373=VECTOR('',#14287,0.2823618079529);
#12374=CARTESIAN_POINT('',(5.7,-0.0676381920471,-0.7));
#12375=VECTOR('',#14288,1.4);
#12376=CARTESIAN_POINT('',(5.085,0.7788366890427,-0.7));
#12377=VECTOR('',#14289,1.4);
#12378=CARTESIAN_POINT('',(5.085,-1.29,-1.587139624052));
#12379=CARTESIAN_POINT('',(5.085,0.0,-1.7));
#12380=VECTOR('',#14290,1.294927590431);
#12381=CARTESIAN_POINT('',(5.085,-1.29,1.587139624052));
#12382=CARTESIAN_POINT('',(5.085,-1.29,1.587139624052));
#12383=VECTOR('',#14291,1.29492759043);
#12384=CARTESIAN_POINT('',(5.085,-1.29,-1.587139624052));
#12385=VECTOR('',#14292,3.174279248104);
#12386=CARTESIAN_POINT('',(5.085,-0.25,-0.7));
#12387=VECTOR('',#14293,1.4);
#12388=CARTESIAN_POINT('',(3.55,-1.29,1.587139624052));
#12389=CARTESIAN_POINT('',(3.55,-1.29,-1.587139624052));
#12390=CARTESIAN_POINT('',(3.55,-1.29,1.587139624052));
#12391=VECTOR('',#14294,3.174279248104);
#12392=CARTESIAN_POINT('',(5.085,-1.29,-1.587139624052));
#12393=VECTOR('',#14295,1.535);
#12394=CARTESIAN_POINT('',(5.085,-1.29,1.587139624052));
#12395=VECTOR('',#14296,1.535);
#12396=CARTESIAN_POINT('',(3.81,-3.145631903105E-14,1.7));
#12397=VECTOR('',#14297,0.8935110442538);
#12398=CARTESIAN_POINT('',(3.55,-0.86,1.624759749368));
#12399=VECTOR('',#14298,0.4316425301436);
#12400=CARTESIAN_POINT('',(3.55,-1.29,-1.587139624052));
#12401=VECTOR('',#14299,0.4316425301436);
#12402=CARTESIAN_POINT('',(3.81,-2.368475785867E-14,-1.7));
#12403=VECTOR('',#14300,0.8935110442538);
#12404=CARTESIAN_POINT('',(3.81,-3.145631903105E-14,-3.3));
#12405=VECTOR('',#14301,0.8935110442538);
#12406=CARTESIAN_POINT('',(5.0,-1.36,-3.418984582395));
#12407=CARTESIAN_POINT('',(5.0,-0.86,-3.375240250632));
#12408=VECTOR('',#14302,0.5019099187717);
#12409=CARTESIAN_POINT('',(6.0,-1.36,-3.418984582395));
#12410=CARTESIAN_POINT('',(5.0,-1.36,-3.418984582395));
#12411=VECTOR('',#14303,1.0);
#12412=CARTESIAN_POINT('',(6.0,-1.017722942957E-12,-3.3));
#12413=CARTESIAN_POINT('',(6.0,-1.36,-3.418984582395));
#12414=VECTOR('',#14304,1.365194979058);
#12415=CARTESIAN_POINT('',(5.5,0.0,-3.3));
#12416=VECTOR('',#14305,0.5);
#12417=CARTESIAN_POINT('',(6.0,-1.017722942957E-12,-3.3));
#12418=VECTOR('',#14306,0.200000000001);
#12419=CARTESIAN_POINT('',(6.0,-1.36,-4.465180361561));
#12420=VECTOR('',#14307,1.046195779166);
#12421=CARTESIAN_POINT('',(4.050966799188,-1.36,-5.0));
#12422=CARTESIAN_POINT('',(3.26,-1.36,-5.0));
#12423=CARTESIAN_POINT('',(4.050966799188,-1.36,-5.0));
#12424=VECTOR('',#14308,0.790966799188);
#12425=CARTESIAN_POINT('',(3.26,-1.36,-6.0));
#12426=VECTOR('',#14309,1.0);
#12427=CARTESIAN_POINT('',(5.0,-1.36,-4.050966799188));
#12428=CARTESIAN_POINT('',(5.0,-1.36,-3.418984582395));
#12429=VECTOR('',#14310,0.631982216793);
#12430=CARTESIAN_POINT('',(4.050966799188,-1.36,-5.0));
#12431=VECTOR('',#14311,1.342135623731);
#12432=CARTESIAN_POINT('',(5.0,-0.86,-4.050966799188));
#12433=VECTOR('',#14312,0.5);
#12434=CARTESIAN_POINT('',(4.050966799188,-0.86,-5.0));
#12435=VECTOR('',#14313,0.5);
#12436=CARTESIAN_POINT('',(3.26,-1.36,-5.0));
#12437=VECTOR('',#14314,0.5014042780033);
#12438=CARTESIAN_POINT('',(3.185,-0.36,-5.085));
#12439=CARTESIAN_POINT('',(3.2225,-0.86,-5.085));
#12440=VECTOR('',#14315,0.5014042780033);
#12441=CARTESIAN_POINT('',(3.185,-0.36,-5.085));
#12442=VECTOR('',#14316,0.915);
#12443=CARTESIAN_POINT('',(3.185,-0.36,-5.085));
#12444=VECTOR('',#14317,1.485);
#12445=CARTESIAN_POINT('',(-3.185,-0.36,-5.085));
#12446=CARTESIAN_POINT('',(-3.185,-0.36,-5.085));
#12447=VECTOR('',#14318,0.5014042780033);
#12448=CARTESIAN_POINT('',(-1.7,-0.36,-5.085));
#12449=VECTOR('',#14319,1.485);
#12450=CARTESIAN_POINT('',(0.7,0.7688366890426,-5.085));
#12451=CARTESIAN_POINT('',(-0.7,0.7688366890427,-5.085));
#12452=CARTESIAN_POINT('',(0.7,0.7688366890426,-5.085));
#12453=VECTOR('',#14320,1.4);
#12454=CARTESIAN_POINT('',(-0.7,-0.25,-5.085));
#12455=CARTESIAN_POINT('',(-0.7,-0.25,-5.085));
#12456=VECTOR('',#14321,1.018836689043);
#12457=CARTESIAN_POINT('',(0.7,-0.25,-5.085));
#12458=CARTESIAN_POINT('',(-0.7,-0.25,-5.085));
#12459=VECTOR('',#14322,1.4);
#12460=CARTESIAN_POINT('',(0.7,0.7688366890426,-5.085));
#12461=VECTOR('',#14323,1.018836689043);
#12462=CARTESIAN_POINT('',(-3.185,-0.36,-6.0));
#12463=CARTESIAN_POINT('',(-3.185,-0.36,-5.085));
#12464=VECTOR('',#14324,0.915);
#12465=CARTESIAN_POINT('',(-1.7,-0.36,-6.0));
#12466=VECTOR('',#14325,1.485);
#12467=CARTESIAN_POINT('',(-3.26,-1.36,-6.0));
#12468=CARTESIAN_POINT('',(-3.26,-1.36,-6.0));
#12469=VECTOR('',#14326,1.002808556007);
#12470=CARTESIAN_POINT('',(-4.465180361561,-1.36,-6.0));
#12471=VECTOR('',#14327,1.205180361561);
#12472=CARTESIAN_POINT('',(-3.26,-1.36,-5.0));
#12473=CARTESIAN_POINT('',(-3.26,-1.36,-5.0));
#12474=VECTOR('',#14328,1.0);
#12475=CARTESIAN_POINT('',(-4.050966799188,-1.36,-5.0));
#12476=CARTESIAN_POINT('',(-3.26,-1.36,-5.0));
#12477=VECTOR('',#14329,0.790966799188);
#12478=CARTESIAN_POINT('',(-5.0,-1.36,-4.050966799188));
#12479=CARTESIAN_POINT('',(-5.0,-1.36,-4.050966799188));
#12480=VECTOR('',#14330,1.342135623731);
#12481=CARTESIAN_POINT('',(-5.0,-1.36,-4.050966799188));
#12482=VECTOR('',#14331,0.631982216793);
#12483=CARTESIAN_POINT('',(-5.0,-0.86,-4.050966799188));
#12484=VECTOR('',#14332,0.5);
#12485=CARTESIAN_POINT('',(-4.050966799188,-0.86,-5.0));
#12486=VECTOR('',#14333,0.5);
#12487=CARTESIAN_POINT('',(-3.2225,-0.86,-5.0));
#12488=VECTOR('',#14334,0.5014042780033);
#12489=CARTESIAN_POINT('',(0.7,-0.06763819204712,-5.7));
#12490=CARTESIAN_POINT('',(0.7,-0.35,-5.7));
#12491=VECTOR('',#14335,0.2823618079529);
#12492=CARTESIAN_POINT('',(0.7,0.065,-5.6));
#12493=CARTESIAN_POINT('',(0.7,0.065,-5.6));
#12494=CARTESIAN_POINT('',(0.7,0.02020443851339,-5.632545880486));
#12495=CARTESIAN_POINT('',(0.7,-0.02284263056051,-5.667454119514));
#12496=CARTESIAN_POINT('',(0.7,-0.06763819204712,-5.7));
#12497=CARTESIAN_POINT('',(0.7,0.7688366890426,-5.085));
#12498=CARTESIAN_POINT('',(0.7,0.5336473048141,-5.255875089777));
#12499=CARTESIAN_POINT('',(0.7,0.3001893842286,-5.429124910223));
#12500=CARTESIAN_POINT('',(0.7,0.065,-5.6));
#12501=CARTESIAN_POINT('',(0.7,-0.25,-5.4));
#12502=CARTESIAN_POINT('',(0.7,-0.25,-5.085));
#12503=VECTOR('',#14336,0.315);
#12504=CARTESIAN_POINT('',(0.7,-0.25,-5.4));
#12505=VECTOR('',#14337,0.1);
#12506=CARTESIAN_POINT('',(-0.7,-0.25,-5.4));
#12507=CARTESIAN_POINT('',(0.7,-0.25,-5.4));
#12508=VECTOR('',#14338,1.4);
#12509=CARTESIAN_POINT('',(-0.7,-0.25,-5.4));
#12510=VECTOR('',#14339,0.1);
#12511=CARTESIAN_POINT('',(-0.7,-0.25,-5.085));
#12512=VECTOR('',#14340,0.315);
#12513=CARTESIAN_POINT('',(-0.7,0.06500000000001,-5.6));
#12514=CARTESIAN_POINT('',(-0.7,0.06500000000001,-5.6));
#12515=CARTESIAN_POINT('',(-0.7,0.3001893842286,-5.429124910223));
#12516=CARTESIAN_POINT('',(-0.7,0.5336473048141,-5.255875089777));
#12517=CARTESIAN_POINT('',(-0.7,0.7688366890427,-5.085));
#12518=CARTESIAN_POINT('',(-0.7,-0.06763819204711,-5.7));
#12519=CARTESIAN_POINT('',(-0.7,-0.06763819204711,-5.7));
#12520=CARTESIAN_POINT('',(-0.7,-0.0228426305605,-5.667454119514));
#12521=CARTESIAN_POINT('',(-0.7,0.0202044385134,-5.632545880486));
#12522=CARTESIAN_POINT('',(-0.7,0.06500000000001,-5.6));
#12523=CARTESIAN_POINT('',(-0.7,-0.35,-5.7));
#12524=VECTOR('',#14341,0.2823618079529);
#12525=CARTESIAN_POINT('',(-0.7,-0.06763819204711,-5.7));
#12526=VECTOR('',#14342,1.4);
#12527=CARTESIAN_POINT('',(0.7,0.065,-5.6));
#12528=VECTOR('',#14343,1.4);
#12529=AXIS2_PLACEMENT_3D('',#14344,#14345,#14346);
#12530=AXIS2_PLACEMENT_3D('',#14347,#14348,#14349);
#12531=AXIS2_PLACEMENT_3D('',#14350,#14351,#14352);
#12532=AXIS2_PLACEMENT_3D('',#14353,#14354,#14355);
#12533=AXIS2_PLACEMENT_3D('',#14356,#14357,#14358);
#12534=AXIS2_PLACEMENT_3D('',#14359,#14360,#14361);
#12535=CARTESIAN_POINT('',(1.75,3.097548613724,0.0));
#12536=VECTOR('',#14362,0.302451386276);
#12537=AXIS2_PLACEMENT_3D('',#14363,#14364,#14365);
#12538=CARTESIAN_POINT('',(-1.75,3.097548613724,-1.18152626844E-12));
#12539=VECTOR('',#14366,0.302451386276);
#12540=AXIS2_PLACEMENT_3D('',#14367,#14368,#14369);
#12541=AXIS2_PLACEMENT_3D('',#14370,#14371,#14372);
#12542=AXIS2_PLACEMENT_3D('',#14373,#14374,#14375);
#12543=CARTESIAN_POINT('',(-5.52646897288,1.210000941687,2.920700333388));
#12544=CARTESIAN_POINT('',(-5.534288564004,0.9100022198279,2.918969410986));
#12545=CARTESIAN_POINT('',(-5.542144457309,0.6099977887533,2.918563739183));
#12546=CARTESIAN_POINT('',(-5.549964048427,0.3099990670671,2.916832786848));
#12547=CARTESIAN_POINT('',(-5.568560666975,1.209999047036,3.17695214951));
#12548=VECTOR('',#14376,0.9003120151908);
#12549=CARTESIAN_POINT('',(-5.67,0.31,3.65));
#12550=VECTOR('',#14377,0.9003085132418);
#12551=CARTESIAN_POINT('',(-5.646432670588,1.21,3.985992052357));
#12552=VECTOR('',#14378,0.9003085132418);
#12553=CARTESIAN_POINT('',(-5.347817459305,0.31,4.763809511662));
#12554=VECTOR('',#14379,0.9003085132418);
#12555=CARTESIAN_POINT('',(-4.747144893221,1.21,5.331152840863));
#12556=VECTOR('',#14380,0.9003085132418);
#12557=CARTESIAN_POINT('',(-3.985992052357,0.31,5.67));
#12558=VECTOR('',#14381,0.9003085132418);
#12559=CARTESIAN_POINT('',(-3.65,1.21,5.646432670588));
#12560=VECTOR('',#14382,0.9003085132418);
#12561=CARTESIAN_POINT('',(-3.176960515667,1.209999047036,5.568562998602));
#12562=VECTOR('',#14383,0.9003120006394);
#12563=CARTESIAN_POINT('',(5.318729085863,1.21,3.636879371687));
#12564=VECTOR('',#14384,0.04970562748518);
#12565=CARTESIAN_POINT('',(5.344610630772,1.174852813742,3.441537377751));
#12566=AXIS2_PLACEMENT_3D('',#14385,#14386,#14387);
#12567=CARTESIAN_POINT('',(5.313819911948,1.21,3.458486015931));
#12568=VECTOR('',#14388,0.04970562748499);
#12569=CARTESIAN_POINT('',(4.810000000001,1.174852813742,2.207558443229));
#12570=AXIS2_PLACEMENT_3D('',#14389,#14390,#14391);
#12571=CARTESIAN_POINT('',(4.810000000001,1.174852813742,2.207558443229));
#12572=CARTESIAN_POINT('',(4.798284454213,1.18656835953,2.209415898481));
#12573=CARTESIAN_POINT('',(4.786568724778,1.198284088964,2.211271038553));
#12574=CARTESIAN_POINT('',(4.774852813743,1.21,2.213123880546));
#12575=CARTESIAN_POINT('',(4.810000000001,1.174852813742,-2.207558443229));
#12576=CARTESIAN_POINT('',(4.810000000001,1.174852813742,-2.207558443229));
#12577=VECTOR('',#14392,4.415116886458);
#12578=CARTESIAN_POINT('',(4.810000000001,1.174852813742,-2.207558443229));
#12579=CARTESIAN_POINT('',(4.798284454213,1.18656835953,-2.209415898481));
#12580=CARTESIAN_POINT('',(4.786568724778,1.198284088964,-2.211271038553));
#12581=CARTESIAN_POINT('',(4.774852813743,1.21,-2.213123880546));
#12582=CARTESIAN_POINT('',(5.344232308698,1.174852813742,-3.440849987745));
#12583=AXIS2_PLACEMENT_3D('',#14393,#14394,#14395);
#12584=CARTESIAN_POINT('',(5.313439726741,1.21,-3.457795240715));
#12585=VECTOR('',#14396,0.04970562748499);
#12586=AXIS2_PLACEMENT_3D('',#14397,#14398,#14399);
#12587=CARTESIAN_POINT('',(3.635996895419,1.21,-5.3184216117));
#12588=VECTOR('',#14400,0.04970562748483);
#12589=CARTESIAN_POINT('',(3.440849987745,1.174852813742,-5.344232308698));
#12590=AXIS2_PLACEMENT_3D('',#14401,#14402,#14403);
#12591=CARTESIAN_POINT('',(3.457795240715,1.21,-5.313439726741));
#12592=VECTOR('',#14404,0.04970562748463);
#12593=CARTESIAN_POINT('',(2.20755844323,1.174852813742,-4.810000000001));
#12594=AXIS2_PLACEMENT_3D('',#14405,#14406,#14407);
#12595=CARTESIAN_POINT('',(2.20755844323,1.174852813742,-4.810000000001));
#12596=CARTESIAN_POINT('',(2.209415898482,1.18656835953,-4.798284454212));
#12597=CARTESIAN_POINT('',(2.211271038554,1.198284088964,-4.786568724779));
#12598=CARTESIAN_POINT('',(2.213123880548,1.21,-4.774852813743));
#12599=CARTESIAN_POINT('',(-2.20755844323,1.174852813742,-4.810000000001));
#12600=CARTESIAN_POINT('',(-2.20755844323,1.174852813742,-4.810000000001));
#12601=VECTOR('',#14408,4.41511688646);
#12602=CARTESIAN_POINT('',(-2.20755844323,1.174852813742,-4.810000000001));
#12603=CARTESIAN_POINT('',(-2.209415898482,1.18656835953,-4.798284454212));
#12604=CARTESIAN_POINT('',(-2.211271038554,1.198284088964,-4.786568724779));
#12605=CARTESIAN_POINT('',(-2.213123880548,1.21,-4.774852813743));
#12606=CARTESIAN_POINT('',(-3.440849987745,1.174852813742,-5.344232308698));
#12607=AXIS2_PLACEMENT_3D('',#14409,#14410,#14411);
#12608=CARTESIAN_POINT('',(-3.457795240715,1.21,-5.313439726741));
#12609=VECTOR('',#14412,0.04970562748463);
#12610=AXIS2_PLACEMENT_3D('',#14413,#14414,#14415);
#12611=CARTESIAN_POINT('',(-5.3184216117,1.21,-3.635996895421));
#12612=VECTOR('',#14416,0.04970562748477);
#12613=CARTESIAN_POINT('',(-5.344232308699,1.174852813742,-3.440849987744));
#12614=AXIS2_PLACEMENT_3D('',#14417,#14418,#14419);
#12615=CARTESIAN_POINT('',(-5.31343972674,1.21,-3.457795240712));
#12616=VECTOR('',#14420,0.0497056274848);
#12617=CARTESIAN_POINT('',(-4.810000000001,1.174852813742,-2.207558443229));
#12618=AXIS2_PLACEMENT_3D('',#14421,#14422,#14423);
#12619=CARTESIAN_POINT('',(-4.810000000001,1.174852813742,-2.207558443229));
#12620=CARTESIAN_POINT('',(-4.798284454213,1.18656835953,-2.209415898481));
#12621=CARTESIAN_POINT('',(-4.786568724779,1.198284088964,-2.211271038552));
#12622=CARTESIAN_POINT('',(-4.774852813743,1.21,-2.213123880545));
#12623=CARTESIAN_POINT('',(-4.810000000001,1.174852813742,2.207558443229));
#12624=CARTESIAN_POINT('',(-4.810000000001,1.174852813742,2.207558443229));
#12625=VECTOR('',#14424,4.415116886457);
#12626=CARTESIAN_POINT('',(-4.810000000001,1.174852813742,2.207558443229));
#12627=CARTESIAN_POINT('',(-4.798284454213,1.18656835953,2.209415898481));
#12628=CARTESIAN_POINT('',(-4.786568724779,1.198284088964,2.211271038552));
#12629=CARTESIAN_POINT('',(-4.774852813743,1.21,2.213123880545));
#12630=CARTESIAN_POINT('',(-5.344232308698,1.174852813742,3.440849987744));
#12631=AXIS2_PLACEMENT_3D('',#14425,#14426,#14427);
#12632=CARTESIAN_POINT('',(-5.31343972674,1.21,3.457795240712));
#12633=VECTOR('',#14428,0.04970562748481);
#12634=AXIS2_PLACEMENT_3D('',#14429,#14430,#14431);
#12635=CARTESIAN_POINT('',(-3.635996895419,1.21,5.3184216117));
#12636=VECTOR('',#14432,0.04970562748483);
#12637=CARTESIAN_POINT('',(-3.440849987745,1.174852813742,5.344232308699));
#12638=AXIS2_PLACEMENT_3D('',#14433,#14434,#14435);
#12639=CARTESIAN_POINT('',(-3.457795240712,1.21,5.31343972674));
#12640=VECTOR('',#14436,0.0497056274848);
#12641=CARTESIAN_POINT('',(-2.20755844323,1.174852813742,4.810000000001));
#12642=AXIS2_PLACEMENT_3D('',#14437,#14438,#14439);
#12643=CARTESIAN_POINT('',(-2.20755844323,1.174852813742,4.810000000001));
#12644=CARTESIAN_POINT('',(-2.209415898482,1.18656835953,4.798284454213));
#12645=CARTESIAN_POINT('',(-2.211271038553,1.198284088964,4.786568724779));
#12646=CARTESIAN_POINT('',(-2.213123880547,1.21,4.774852813744));
#12647=CARTESIAN_POINT('',(2.20755844323,1.174852813742,4.810000000001));
#12648=CARTESIAN_POINT('',(2.20755844323,1.174852813742,4.810000000001));
#12649=VECTOR('',#14440,4.415116886459);
#12650=CARTESIAN_POINT('',(2.20755844323,1.174852813742,4.810000000001));
#12651=CARTESIAN_POINT('',(2.209415898482,1.18656835953,4.798284454213));
#12652=CARTESIAN_POINT('',(2.211271038553,1.198284088964,4.786568724779));
#12653=CARTESIAN_POINT('',(2.213123880547,1.21,4.774852813744));
#12654=CARTESIAN_POINT('',(3.440849987744,1.174852813742,5.344232308698));
#12655=AXIS2_PLACEMENT_3D('',#14441,#14442,#14443);
#12656=CARTESIAN_POINT('',(3.457795240712,1.21,5.31343972674));
#12657=VECTOR('',#14444,0.04970562748481);
#12658=AXIS2_PLACEMENT_3D('',#14445,#14446,#14447);
#12659=CARTESIAN_POINT('',(3.651256089022,1.174852813742,5.350083664075));
#12660=VECTOR('',#14448,0.05485281374202);
#12661=CARTESIAN_POINT('',(3.440849987744,1.174852813742,5.344232308698));
#12662=VECTOR('',#14449,0.05485281374203);
#12663=CARTESIAN_POINT('',(2.207558443227,1.12,4.810000000001));
#12664=VECTOR('',#14450,0.054852813742);
#12665=CARTESIAN_POINT('',(-2.20755844323,1.174852813742,4.810000000001));
#12666=VECTOR('',#14451,0.054852813742);
#12667=CARTESIAN_POINT('',(-3.440849987745,1.174852813742,5.344232308699));
#12668=VECTOR('',#14452,0.05485281374203);
#12669=CARTESIAN_POINT('',(-5.350112816751,1.174852813742,3.651195323767));
#12670=VECTOR('',#14453,0.05485281374215);
#12671=CARTESIAN_POINT('',(-5.344232308698,1.174852813742,3.440849987744));
#12672=VECTOR('',#14454,0.05485281374203);
#12673=CARTESIAN_POINT('',(-4.810000000001,1.12,2.207558443226));
#12674=VECTOR('',#14455,0.054852813742);
#12675=CARTESIAN_POINT('',(-4.810000000001,1.174852813742,-2.207558443229));
#12676=VECTOR('',#14456,0.054852813742);
#12677=CARTESIAN_POINT('',(-5.344232308699,1.174852813742,-3.440849987744));
#12678=VECTOR('',#14457,0.05485281374202);
#12679=CARTESIAN_POINT('',(-3.651195323767,1.174852813742,-5.350112816751));
#12680=VECTOR('',#14458,0.05485281374202);
#12681=CARTESIAN_POINT('',(-3.440849987745,1.174852813742,-5.344232308698));
#12682=VECTOR('',#14459,0.05485281374215);
#12683=CARTESIAN_POINT('',(-2.207558443229,1.12,-4.81));
#12684=VECTOR('',#14460,0.05485281374213);
#12685=CARTESIAN_POINT('',(2.20755844323,1.174852813742,-4.810000000001));
#12686=VECTOR('',#14461,0.05485281374212);
#12687=CARTESIAN_POINT('',(3.440849987745,1.174852813742,-5.344232308698));
#12688=VECTOR('',#14462,0.05485281374215);
#12689=CARTESIAN_POINT('',(5.350112816751,1.174852813742,-3.651195323767));
#12690=VECTOR('',#14463,0.05485281374215);
#12691=CARTESIAN_POINT('',(5.344232308698,1.174852813742,-3.440849987745));
#12692=VECTOR('',#14464,0.05485281374203);
#12693=CARTESIAN_POINT('',(4.810000000001,1.12,-2.207558443227));
#12694=VECTOR('',#14465,0.054852813742);
#12695=CARTESIAN_POINT('',(4.810000000001,1.174852813742,2.207558443229));
#12696=VECTOR('',#14466,0.054852813742);
#12697=CARTESIAN_POINT('',(5.344610630772,1.174852813742,3.441537377751));
#12698=VECTOR('',#14467,0.05485281374202);
#12699=CARTESIAN_POINT('',(0.7,-0.25,5.4));
#12700=CARTESIAN_POINT('',(0.7,-0.25,5.4));
#12701=VECTOR('',#14468,0.1);
#12702=CARTESIAN_POINT('',(0.7,-0.25,5.4));
#12703=VECTOR('',#14469,0.315);
#12704=CARTESIAN_POINT('',(0.7,0.06500000000002,5.6));
#12705=CARTESIAN_POINT('',(0.7,0.06500000000002,5.6));
#12706=CARTESIAN_POINT('',(0.7,0.3001893842286,5.429124910223));
#12707=CARTESIAN_POINT('',(0.7,0.5336473048141,5.255875089777));
#12708=CARTESIAN_POINT('',(0.7,0.7688366890427,5.085));
#12709=CARTESIAN_POINT('',(0.7,-0.06763819204711,5.7));
#12710=CARTESIAN_POINT('',(0.7,-0.06763819204711,5.7));
#12711=CARTESIAN_POINT('',(0.7,-0.0228426305605,5.667454119514));
#12712=CARTESIAN_POINT('',(0.7,0.02020443851341,5.632545880486));
#12713=CARTESIAN_POINT('',(0.7,0.06500000000002,5.6));
#12714=CARTESIAN_POINT('',(0.7,-0.35,5.7));
#12715=VECTOR('',#14470,0.2823618079529);
#12716=CARTESIAN_POINT('',(0.7,-0.06763819204711,5.7));
#12717=VECTOR('',#14471,1.4);
#12718=CARTESIAN_POINT('',(0.7,0.06500000000002,5.6));
#12719=VECTOR('',#14472,1.4);
#12720=CARTESIAN_POINT('',(-0.7,-0.25,5.4));
#12721=VECTOR('',#14473,1.4);
#12722=CARTESIAN_POINT('',(-5.0,-0.86,4.050966799188));
#12723=VECTOR('',#14474,0.5);
#12724=CARTESIAN_POINT('',(4.152007563196,1.12,5.5));
#12725=VECTOR('',#14475,0.92);
#12726=CARTESIAN_POINT('',(-5.133118177371,-2.174142180433,2.935));
#12727=CARTESIAN_POINT('',(-5.133118177371,-2.174142180434,2.935));
#12728=VECTOR('',#14476,2.07969464994);
#12729=CARTESIAN_POINT('',(-5.146500406508,-2.222396939791,2.935));
#12730=AXIS2_PLACEMENT_3D('',#14477,#14478,#14479);
#12731=CARTESIAN_POINT('',(-5.614807621135,-3.033528829076,2.935));
#12732=VECTOR('',#14480,0.9366144292539);
#12733=CARTESIAN_POINT('',(-5.612365339442,-3.337681617096,2.935));
#12734=AXIS2_PLACEMENT_3D('',#14481,#14482,#14483);
#12735=CARTESIAN_POINT('',(-5.181118941121,-4.057667788696,2.935));
#12736=VECTOR('',#14484,0.8392577335714);
#12737=CARTESIAN_POINT('',(-5.166913287039,-4.110262716586,2.935));
#12738=CARTESIAN_POINT('',(-5.166913287039,-4.110262716586,2.935));
#12739=CARTESIAN_POINT('',(-5.166806287685,-4.104132727707,2.935));
#12740=CARTESIAN_POINT('',(-5.168031727772,-4.090568349656,2.935));
#12741=CARTESIAN_POINT('',(-5.172805389493,-4.073773544045,2.935));
#12742=CARTESIAN_POINT('',(-5.178004976095,-4.06286669996,2.935));
#12743=CARTESIAN_POINT('',(-5.181118941121,-4.057667788696,2.935));
#12744=CARTESIAN_POINT('',(-5.174283466236,-4.5325,2.935));
#12745=CARTESIAN_POINT('',(-5.174283466236,-4.5325,2.935));
#12746=VECTOR('',#14485,0.4223016019938);
#12747=CARTESIAN_POINT('',(-4.979115081787,-4.5325,2.935));
#12748=CARTESIAN_POINT('',(-4.979115081787,-4.5325,2.935));
#12749=VECTOR('',#14486,0.1951683844492);
#12750=CARTESIAN_POINT('',(-4.97178620221,-4.112628770266,2.935));
#12751=CARTESIAN_POINT('',(-4.97178620221,-4.112628770266,2.935));
#12752=VECTOR('',#14487,0.4199351878971);
#12753=CARTESIAN_POINT('',(-5.011309810959,-3.961482721689,2.935));
#12754=CARTESIAN_POINT('',(-5.002638946044,-3.976501100267,2.935));
#12755=CARTESIAN_POINT('',(-4.988158931953,-4.007948105838,2.935));
#12756=CARTESIAN_POINT('',(-4.974896017793,-4.056073837187,2.935));
#12757=CARTESIAN_POINT('',(-4.971479808422,-4.095075481909,2.935));
#12758=CARTESIAN_POINT('',(-4.97178620221,-4.112628770266,2.935));
#12759=CARTESIAN_POINT('',(-5.439405059925,-3.22,2.935));
#12760=CARTESIAN_POINT('',(-5.439405059925,-3.22,2.935));
#12761=VECTOR('',#14488,0.8561904979327);
#12762=AXIS2_PLACEMENT_3D('',#14489,#14490,#14491);
#12763=CARTESIAN_POINT('',(-4.977505370244,-2.319966269472,2.935));
#12764=CARTESIAN_POINT('',(-4.977505370244,-2.319966269472,2.935));
#12765=VECTOR('',#14492,0.9237993793641);
#12766=CARTESIAN_POINT('',(-4.938009238576,-2.177547819631,2.935));
#12767=AXIS2_PLACEMENT_3D('',#14493,#14494,#14495);
#12768=CARTESIAN_POINT('',(-4.901715043204,-0.09825475935689,2.935));
#12769=VECTOR('',#14496,2.079609794919);
#12770=CARTESIAN_POINT('',(-4.938009238576,-2.177547819631,2.935));
#12771=VECTOR('',#14497,0.855);
#12772=CARTESIAN_POINT('',(-4.977505370244,-2.319966269472,2.08));
#12773=VECTOR('',#14498,0.855);
#12774=CARTESIAN_POINT('',(-5.439405059925,-3.22,2.08));
#12775=VECTOR('',#14499,0.855);
#12776=CARTESIAN_POINT('',(-4.97178620221,-4.112628770266,2.08));
#12777=VECTOR('',#14500,0.855);
#12778=CARTESIAN_POINT('',(-4.984831615551,-4.86,2.4075));
#12779=CARTESIAN_POINT('',(-4.984831615551,-4.86,2.6075));
#12780=CARTESIAN_POINT('',(-4.984831615551,-4.86,2.4075));
#12781=VECTOR('',#14501,0.2);
#12782=CARTESIAN_POINT('',(-4.979115081787,-4.5325,2.08));
#12783=VECTOR('',#14502,0.4631902187636);
#12784=CARTESIAN_POINT('',(-4.984831615551,-4.86,2.6075));
#12785=VECTOR('',#14503,0.4631902187636);
#12786=CARTESIAN_POINT('',(-5.18,-4.86,2.6075));
#12787=CARTESIAN_POINT('',(-5.174283466236,-4.5325,2.935));
#12788=VECTOR('',#14504,0.4631902187636);
#12789=CARTESIAN_POINT('',(-4.984831615551,-4.86,2.6075));
#12790=VECTOR('',#14505,0.1951683844491);
#12791=CARTESIAN_POINT('',(-5.18,-4.86,2.4075));
#12792=CARTESIAN_POINT('',(-5.18,-4.86,2.4075));
#12793=VECTOR('',#14506,0.2);
#12794=CARTESIAN_POINT('',(-4.984831615551,-4.86,2.4075));
#12795=VECTOR('',#14507,0.1951683844491);
#12796=CARTESIAN_POINT('',(-5.18,-4.86,2.4075));
#12797=VECTOR('',#14508,0.4631902187636);
#12798=CARTESIAN_POINT('',(-5.166913287039,-4.110262716586,2.935));
#12799=VECTOR('',#14509,0.855);
#12800=CARTESIAN_POINT('',(-5.612365339442,-3.337681617096,2.935));
#12801=VECTOR('',#14510,0.855);
#12802=CARTESIAN_POINT('',(-5.146500406508,-2.222396939791,2.935));
#12803=VECTOR('',#14511,0.855);
#12804=CARTESIAN_POINT('',(-5.133118177372,-2.174142180438,2.08));
#12805=VECTOR('',#14512,0.855);
#12806=CARTESIAN_POINT('',(-4.796868192529,0.2,-2.935));
#12807=CARTESIAN_POINT('',(-5.5,0.2,-2.935));
#12808=VECTOR('',#14513,0.703131807471);
#12809=AXIS2_PLACEMENT_3D('',#14514,#14515,#14516);
#12810=CARTESIAN_POINT('',(-5.096822501076,-0.09476427806874,-2.935));
#12811=AXIS2_PLACEMENT_3D('',#14517,#14518,#14519);
#12812=CARTESIAN_POINT('',(-5.096822501076,-0.09476427805169,-2.08));
#12813=CARTESIAN_POINT('',(-5.096822501075,-0.09476427806311,-2.08));
#12814=VECTOR('',#14520,0.855);
#12815=AXIS2_PLACEMENT_3D('',#14521,#14522,#14523);
#12816=CARTESIAN_POINT('',(-4.796868192529,0.2,-2.08));
#12817=AXIS2_PLACEMENT_3D('',#14524,#14525,#14526);
#12818=CARTESIAN_POINT('',(-4.796868192529,0.2,-2.935));
#12819=VECTOR('',#14527,0.855);
#12820=CARTESIAN_POINT('',(-4.796868192529,0.2,-2.08));
#12821=VECTOR('',#14528,0.703131807471);
#12822=CARTESIAN_POINT('',(-5.133118177371,-2.174142180433,-2.08));
#12823=CARTESIAN_POINT('',(-5.133118177371,-2.174142180434,-2.08));
#12824=VECTOR('',#14529,2.07969464994);
#12825=CARTESIAN_POINT('',(-5.146500406508,-2.222396939791,-2.08));
#12826=AXIS2_PLACEMENT_3D('',#14530,#14531,#14532);
#12827=CARTESIAN_POINT('',(-5.614807621135,-3.033528829076,-2.08));
#12828=VECTOR('',#14533,0.9366144292539);
#12829=CARTESIAN_POINT('',(-5.612365339442,-3.337681617096,-2.08));
#12830=AXIS2_PLACEMENT_3D('',#14534,#14535,#14536);
#12831=CARTESIAN_POINT('',(-5.181118941121,-4.057667788696,-2.08));
#12832=VECTOR('',#14537,0.8392577335714);
#12833=CARTESIAN_POINT('',(-5.166913287039,-4.110262716586,-2.08));
#12834=CARTESIAN_POINT('',(-5.166913287039,-4.110262716586,-2.08));
#12835=CARTESIAN_POINT('',(-5.166806287685,-4.104132727707,-2.08));
#12836=CARTESIAN_POINT('',(-5.168031727772,-4.090568349656,-2.08));
#12837=CARTESIAN_POINT('',(-5.172805389493,-4.073773544045,-2.08));
#12838=CARTESIAN_POINT('',(-5.178004976095,-4.06286669996,-2.08));
#12839=CARTESIAN_POINT('',(-5.181118941121,-4.057667788696,-2.08));
#12840=CARTESIAN_POINT('',(-5.174283466236,-4.5325,-2.08));
#12841=CARTESIAN_POINT('',(-5.174283466236,-4.5325,-2.08));
#12842=VECTOR('',#14538,0.4223016019939);
#12843=CARTESIAN_POINT('',(-4.979115081787,-4.5325,-2.08));
#12844=CARTESIAN_POINT('',(-5.174283466236,-4.5325,-2.08));
#12845=VECTOR('',#14539,0.1951683844492);
#12846=CARTESIAN_POINT('',(-4.97178620221,-4.112628770266,-2.08));
#12847=CARTESIAN_POINT('',(-4.97178620221,-4.112628770266,-2.08));
#12848=VECTOR('',#14540,0.4199351878971);
#12849=CARTESIAN_POINT('',(-5.011309810959,-3.961482721689,-2.08));
#12850=CARTESIAN_POINT('',(-5.002638946044,-3.976501100267,-2.08));
#12851=CARTESIAN_POINT('',(-4.988158931953,-4.007948105838,-2.08));
#12852=CARTESIAN_POINT('',(-4.974896017793,-4.056073837187,-2.08));
#12853=CARTESIAN_POINT('',(-4.971479808422,-4.095075481909,-2.08));
#12854=CARTESIAN_POINT('',(-4.97178620221,-4.112628770266,-2.08));
#12855=CARTESIAN_POINT('',(-5.439405059925,-3.22,-2.08));
#12856=CARTESIAN_POINT('',(-5.439405059925,-3.22,-2.08));
#12857=VECTOR('',#14541,0.8561904979327);
#12858=AXIS2_PLACEMENT_3D('',#14542,#14543,#14544);
#12859=CARTESIAN_POINT('',(-4.977505370244,-2.319966269472,-2.08));
#12860=CARTESIAN_POINT('',(-4.977505370244,-2.319966269472,-2.08));
#12861=VECTOR('',#14545,0.9237993793641);
#12862=CARTESIAN_POINT('',(-4.938009238576,-2.177547819631,-2.08));
#12863=AXIS2_PLACEMENT_3D('',#14546,#14547,#14548);
#12864=CARTESIAN_POINT('',(-4.901715043204,-0.09825475935815,-2.08));
#12865=CARTESIAN_POINT('',(-4.901715043204,-0.09825475935689,-2.08));
#12866=VECTOR('',#14549,2.079609794919);
#12867=AXIS2_PLACEMENT_3D('',#14550,#14551,#14552);
#12868=CARTESIAN_POINT('',(-4.901715043204,-0.09825475935815,-2.935));
#12869=CARTESIAN_POINT('',(-4.901715043204,-0.09825475935689,-2.935));
#12870=VECTOR('',#14553,0.855);
#12871=AXIS2_PLACEMENT_3D('',#14554,#14555,#14556);
#12872=CARTESIAN_POINT('',(-4.938009238576,-2.177547819633,-2.935));
#12873=CARTESIAN_POINT('',(-4.938009238576,-2.177547819631,-2.935));
#12874=VECTOR('',#14557,2.079609794919);
#12875=CARTESIAN_POINT('',(-4.977505370244,-2.319966269472,-2.935));
#12876=AXIS2_PLACEMENT_3D('',#14558,#14559,#14560);
#12877=CARTESIAN_POINT('',(-5.439405059926,-3.120000000001,-2.935));
#12878=VECTOR('',#14561,0.9237993793641);
#12879=CARTESIAN_POINT('',(-5.439405059925,-3.22,-2.935));
#12880=AXIS2_PLACEMENT_3D('',#14562,#14563,#14564);
#12881=CARTESIAN_POINT('',(-5.011309810959,-3.961482721689,-2.935));
#12882=VECTOR('',#14565,0.8561904979327);
#12883=CARTESIAN_POINT('',(-4.97178620221,-4.112628770266,-2.935));
#12884=CARTESIAN_POINT('',(-4.97178620221,-4.112628770266,-2.935));
#12885=CARTESIAN_POINT('',(-4.971479808422,-4.095075481909,-2.935));
#12886=CARTESIAN_POINT('',(-4.974896017793,-4.056073837187,-2.935));
#12887=CARTESIAN_POINT('',(-4.988158931953,-4.007948105838,-2.935));
#12888=CARTESIAN_POINT('',(-5.002638946044,-3.976501100267,-2.935));
#12889=CARTESIAN_POINT('',(-5.011309810959,-3.961482721689,-2.935));
#12890=CARTESIAN_POINT('',(-4.979115081787,-4.5325,-2.935));
#12891=CARTESIAN_POINT('',(-4.97178620221,-4.112628770266,-2.935));
#12892=VECTOR('',#14566,0.4199351878971);
#12893=CARTESIAN_POINT('',(-5.174283466236,-4.5325,-2.935));
#12894=CARTESIAN_POINT('',(-4.979115081787,-4.5325,-2.935));
#12895=VECTOR('',#14567,0.1951683844492);
#12896=CARTESIAN_POINT('',(-5.166913287039,-4.110262716586,-2.935));
#12897=CARTESIAN_POINT('',(-5.174283466236,-4.5325,-2.935));
#12898=VECTOR('',#14568,0.4223016019938);
#12899=CARTESIAN_POINT('',(-5.181118941121,-4.057667788696,-2.935));
#12900=CARTESIAN_POINT('',(-5.178004976095,-4.06286669996,-2.935));
#12901=CARTESIAN_POINT('',(-5.172805389493,-4.073773544045,-2.935));
#12902=CARTESIAN_POINT('',(-5.168031727772,-4.090568349656,-2.935));
#12903=CARTESIAN_POINT('',(-5.166806287685,-4.104132727707,-2.935));
#12904=CARTESIAN_POINT('',(-5.166913287039,-4.110262716586,-2.935));
#12905=CARTESIAN_POINT('',(-5.612365339441,-3.337681617097,-2.935));
#12906=CARTESIAN_POINT('',(-5.612365339442,-3.337681617096,-2.935));
#12907=VECTOR('',#14569,0.8392577335714);
#12908=AXIS2_PLACEMENT_3D('',#14570,#14571,#14572);
#12909=CARTESIAN_POINT('',(-5.146500406506,-2.222396939788,-2.935));
#12910=CARTESIAN_POINT('',(-5.146500406508,-2.222396939791,-2.935));
#12911=VECTOR('',#14573,0.9366144292539);
#12912=CARTESIAN_POINT('',(-5.133118177372,-2.174142180438,-2.935));
#12913=AXIS2_PLACEMENT_3D('',#14574,#14575,#14576);
#12914=CARTESIAN_POINT('',(-5.096822501076,-0.09476427806874,-2.935));
#12915=VECTOR('',#14577,2.079694649937);
#12916=CARTESIAN_POINT('',(-5.133118177372,-2.174142180438,-2.935));
#12917=VECTOR('',#14578,0.855);
#12918=CARTESIAN_POINT('',(-5.146500406508,-2.222396939791,-2.08));
#12919=VECTOR('',#14579,0.855);
#12920=CARTESIAN_POINT('',(-5.612365339442,-3.337681617096,-2.08));
#12921=VECTOR('',#14580,0.855);
#12922=CARTESIAN_POINT('',(-5.166913287039,-4.110262716586,-2.08));
#12923=VECTOR('',#14581,0.855);
#12924=CARTESIAN_POINT('',(-5.18,-4.86,-2.4075));
#12925=CARTESIAN_POINT('',(-5.18,-4.86,-2.6075));
#12926=CARTESIAN_POINT('',(-5.18,-4.86,-2.4075));
#12927=VECTOR('',#14582,0.2);
#12928=CARTESIAN_POINT('',(-5.174283466236,-4.5325,-2.08));
#12929=VECTOR('',#14583,0.4631902187636);
#12930=CARTESIAN_POINT('',(-5.18,-4.86,-2.6075));
#12931=VECTOR('',#14584,0.4631902187636);
#12932=CARTESIAN_POINT('',(-4.984831615551,-4.86,-2.6075));
#12933=CARTESIAN_POINT('',(-4.979115081787,-4.5325,-2.935));
#12934=VECTOR('',#14585,0.4631902187636);
#12935=CARTESIAN_POINT('',(-4.984831615551,-4.86,-2.6075));
#12936=VECTOR('',#14586,0.1951683844491);
#12937=CARTESIAN_POINT('',(-4.984831615551,-4.86,-2.4075));
#12938=CARTESIAN_POINT('',(-4.984831615551,-4.86,-2.4075));
#12939=VECTOR('',#14587,0.2);
#12940=CARTESIAN_POINT('',(-4.984831615551,-4.86,-2.4075));
#12941=VECTOR('',#14588,0.1951683844491);
#12942=CARTESIAN_POINT('',(-4.984831615551,-4.86,-2.4075));
#12943=VECTOR('',#14589,0.4631902187636);
#12944=CARTESIAN_POINT('',(-4.97178620221,-4.112628770266,-2.935));
#12945=VECTOR('',#14590,0.855);
#12946=CARTESIAN_POINT('',(-5.439405059925,-3.22,-2.935));
#12947=VECTOR('',#14591,0.855);
#12948=CARTESIAN_POINT('',(-4.977505370244,-2.319966269472,-2.935));
#12949=VECTOR('',#14592,0.855);
#12950=CARTESIAN_POINT('',(-4.938009238576,-2.177547819631,-2.08));
#12951=VECTOR('',#14593,0.855);
#12952=CARTESIAN_POINT('',(5.133118177371,-2.174142180432,-2.935));
#12953=CARTESIAN_POINT('',(5.133118177371,-2.174142180434,-2.935));
#12954=VECTOR('',#14594,2.079694649939);
#12955=CARTESIAN_POINT('',(5.146500406509,-2.222396939792,-2.935));
#12956=AXIS2_PLACEMENT_3D('',#14595,#14596,#14597);
#12957=CARTESIAN_POINT('',(5.614807621136,-3.033528829077,-2.935));
#12958=VECTOR('',#14598,0.9366144292538);
#12959=CARTESIAN_POINT('',(5.612365339441,-3.337681617097,-2.935));
#12960=AXIS2_PLACEMENT_3D('',#14599,#14600,#14601);
#12961=CARTESIAN_POINT('',(5.181118941121,-4.057667788697,-2.935));
#12962=VECTOR('',#14602,0.8392577335715);
#12963=CARTESIAN_POINT('',(5.166922618088,-4.110797292009,-2.935));
#12964=AXIS2_PLACEMENT_3D('',#14603,#14604,#14605);
#12965=CARTESIAN_POINT('',(5.174283466236,-4.5325,-2.935));
#12966=CARTESIAN_POINT('',(5.166922618088,-4.110797292009,-2.935));
#12967=VECTOR('',#14606,0.4217669451397);
#12968=CARTESIAN_POINT('',(4.979115081787,-4.5325,-2.935));
#12969=CARTESIAN_POINT('',(5.174283466236,-4.5325,-2.935));
#12970=VECTOR('',#14607,0.1951683844489);
#12971=CARTESIAN_POINT('',(4.971786202211,-4.112628770266,-2.935));
#12972=CARTESIAN_POINT('',(4.979115081787,-4.5325,-2.935));
#12973=VECTOR('',#14608,0.4199351878974);
#12974=CARTESIAN_POINT('',(5.011309810959,-3.961482721687,-2.935));
#12975=CARTESIAN_POINT('',(5.002638946043,-3.976501100267,-2.935));
#12976=CARTESIAN_POINT('',(4.988158931953,-4.007948105838,-2.935));
#12977=CARTESIAN_POINT('',(4.974896017793,-4.056073837187,-2.935));
#12978=CARTESIAN_POINT('',(4.971479808423,-4.095075481909,-2.935));
#12979=CARTESIAN_POINT('',(4.971786202211,-4.112628770266,-2.935));
#12980=CARTESIAN_POINT('',(5.439405059928,-3.219999999996,-2.935));
#12981=CARTESIAN_POINT('',(5.439405059926,-3.219999999999,-2.935));
#12982=VECTOR('',#14609,0.8561904979326);
#12983=AXIS2_PLACEMENT_3D('',#14610,#14611,#14612);
#12984=CARTESIAN_POINT('',(4.97750537024,-2.319966269466,-2.935));
#12985=CARTESIAN_POINT('',(4.977505370243,-2.319966269469,-2.935));
#12986=VECTOR('',#14613,0.9237993793643);
#12987=CARTESIAN_POINT('',(4.938009238576,-2.177547819631,-2.935));
#12988=AXIS2_PLACEMENT_3D('',#14614,#14615,#14616);
#12989=CARTESIAN_POINT('',(4.901715043204,-0.09825475935672,-2.935));
#12990=VECTOR('',#14617,2.079609794919);
#12991=CARTESIAN_POINT('',(4.938009238576,-2.177547819631,-2.935));
#12992=VECTOR('',#14618,0.855);
#12993=CARTESIAN_POINT('',(4.977505370243,-2.319966269469,-2.08));
#12994=VECTOR('',#14619,0.855);
#12995=CARTESIAN_POINT('',(5.439405059926,-3.219999999999,-2.08));
#12996=VECTOR('',#14620,0.855);
#12997=CARTESIAN_POINT('',(4.971786202211,-4.112628770266,-2.08));
#12998=VECTOR('',#14621,0.855);
#12999=CARTESIAN_POINT('',(4.984831615551,-4.86,-2.4075));
#13000=CARTESIAN_POINT('',(4.984831615551,-4.86,-2.6075));
#13001=CARTESIAN_POINT('',(4.984831615551,-4.86,-2.4075));
#13002=VECTOR('',#14622,0.2);
#13003=CARTESIAN_POINT('',(4.979115081787,-4.5325,-2.08));
#13004=VECTOR('',#14623,0.4631902187636);
#13005=CARTESIAN_POINT('',(4.984831615551,-4.86,-2.6075));
#13006=VECTOR('',#14624,0.4631902187636);
#13007=CARTESIAN_POINT('',(5.18,-4.86,-2.6075));
#13008=CARTESIAN_POINT('',(5.174283466236,-4.5325,-2.935));
#13009=VECTOR('',#14625,0.4631902187636);
#13010=CARTESIAN_POINT('',(5.18,-4.86,-2.6075));
#13011=VECTOR('',#14626,0.195168384449);
#13012=CARTESIAN_POINT('',(5.18,-4.86,-2.4075));
#13013=CARTESIAN_POINT('',(5.18,-4.86,-2.4075));
#13014=VECTOR('',#14627,0.2);
#13015=CARTESIAN_POINT('',(5.18,-4.86,-2.4075));
#13016=VECTOR('',#14628,0.195168384449);
#13017=CARTESIAN_POINT('',(5.18,-4.86,-2.4075));
#13018=VECTOR('',#14629,0.4631902187636);
#13019=CARTESIAN_POINT('',(5.166922618088,-4.110797292009,-2.935));
#13020=VECTOR('',#14630,0.855);
#13021=CARTESIAN_POINT('',(5.612365339441,-3.337681617097,-2.935));
#13022=VECTOR('',#14631,0.855);
#13023=CARTESIAN_POINT('',(5.146500406509,-2.222396939792,-2.935));
#13024=VECTOR('',#14632,0.855);
#13025=CARTESIAN_POINT('',(5.133118177372,-2.174142180438,-2.08));
#13026=VECTOR('',#14633,0.855);
#13027=DIRECTION('',(-0.0,-0.0,1.0));
#13028=CARTESIAN_POINT('',(5.355,-3.183528829076,-2.935));
#13029=DIRECTION('',(0.0,0.0,1.0));
#13030=DIRECTION('',(1.0,0.0,0.0));
#13031=DIRECTION('',(0.0,0.0,-1.0));
#13032=CARTESIAN_POINT('',(5.355,-3.183528829076,-2.08));
#13033=DIRECTION('',(0.0,0.0,-1.0));
#13034=DIRECTION('',(0.866025403789626,0.499999999991015,0.0));
#13035=DIRECTION('',(-0.0,0.0,1.0));
#13036=CARTESIAN_POINT('',(5.266907387603,-4.109052051366,-2.935));
#13037=DIRECTION('',(-0.0,0.0,-1.0));
#13038=DIRECTION('',(-0.999847695156893,-0.0174524064085299,0.0));
#13039=DIRECTION('',(0.0,0.0,-1.0));
#13040=CARTESIAN_POINT('',(5.266907387603,-4.109052051366,-2.08));
#13041=DIRECTION('',(0.0,0.0,1.0));
#13042=DIRECTION('',(-0.857884464864718,0.513842626631711,0.0));
#13043=DIRECTION('',(0.0,0.0,-1.0));
#13044=DIRECTION('',(0.0,0.0,1.0));
#13045=DIRECTION('',(-0.0,-0.0,-1.0));
#13046=CARTESIAN_POINT('',(5.352802519547,-3.17,-2.08));
#13047=DIRECTION('',(0.0,0.0,1.0));
#13048=DIRECTION('',(0.866025403805286,-0.499999999963892,0.0));
#13049=DIRECTION('',(0.0,0.0,1.0));
#13050=CARTESIAN_POINT('',(5.352802519547,-3.17,-2.935));
#13051=DIRECTION('',(0.0,0.0,-1.0));
#13052=DIRECTION('',(0.866025403770742,0.500000000023724,0.0));
#13053=DIRECTION('',(-0.0,0.0,1.0));
#13054=CARTESIAN_POINT('',(-5.352802519547,-3.17,-2.935));
#13055=DIRECTION('',(-0.0,0.0,-1.0));
#13056=DIRECTION('',(-0.866025403783331,-0.500000000001918,0.0));
#13057=DIRECTION('',(0.0,0.0,-1.0));
#13058=CARTESIAN_POINT('',(-5.352802519547,-3.17,-2.08));
#13059=DIRECTION('',(0.0,0.0,1.0));
#13060=DIRECTION('',(-0.866025403805354,0.499999999963773,0.0));
#13061=DIRECTION('',(-0.0,-0.0,1.0));
#13062=DIRECTION('',(0.0,0.0,-1.0));
#13063=DIRECTION('',(-0.0,-0.0,-1.0));
#13064=DIRECTION('',(0.0,0.0,1.0));
#13065=DIRECTION('',(0.0,0.0,-1.0));
#13066=CARTESIAN_POINT('',(-5.355,-3.183528829076,-2.08));
#13067=DIRECTION('',(0.0,0.0,-1.0));
#13068=DIRECTION('',(-1.0,0.0,0.0));
#13069=DIRECTION('',(0.0,0.0,1.0));
#13070=CARTESIAN_POINT('',(-5.355,-3.183528829076,-2.935));
#13071=DIRECTION('',(0.0,0.0,1.0));
#13072=DIRECTION('',(-0.866025403782817,0.50000000000281,0.0));
#13073=DIRECTION('',(0.0,0.0,-1.0));
#13074=CARTESIAN_POINT('',(-5.355,-3.183528829076,2.935));
#13075=DIRECTION('',(-0.0,0.0,-1.0));
#13076=DIRECTION('',(-0.85788446480208,-0.513842626736288,0.0));
#13077=DIRECTION('',(0.0,0.0,1.0));
#13078=CARTESIAN_POINT('',(-5.355,-3.183528829076,2.08));
#13079=DIRECTION('',(0.0,0.0,1.0));
#13080=DIRECTION('',(-0.866025403782817,0.50000000000281,0.0));
#13081=DIRECTION('',(-0.0,-0.0,-1.0));
#13082=DIRECTION('',(0.0,0.0,1.0));
#13083=DIRECTION('',(-0.0,-0.0,1.0));
#13084=DIRECTION('',(0.0,0.0,-1.0));
#13085=DIRECTION('',(-0.0,0.0,1.0));
#13086=CARTESIAN_POINT('',(-5.352802519547,-3.17,2.08));
#13087=DIRECTION('',(-0.0,0.0,-1.0));
#13088=DIRECTION('',(-0.866025403783331,-0.500000000001918,0.0));
#13089=DIRECTION('',(0.0,0.0,-1.0));
#13090=CARTESIAN_POINT('',(-5.352802519547,-3.17,2.935));
#13091=DIRECTION('',(0.0,0.0,1.0));
#13092=DIRECTION('',(-0.866025403805286,0.499999999963892,0.0));
#13093=DIRECTION('',(-0.0,1.0,-0.0));
#13094=CARTESIAN_POINT('',(2.082190520711,1.12,2.080783084798));
#13095=DIRECTION('',(-0.0,1.0,0.0));
#13096=DIRECTION('',(0.432686531680802,0.0,0.901544433348705));
#13097=DIRECTION('',(-3.092677778766E-12,-1.0,6.266315708808E-12));
#13098=CARTESIAN_POINT('',(2.082190520711,1.174852813742,2.080783084798));
#13099=DIRECTION('',(0.0,-1.0,0.0));
#13100=DIRECTION('',(0.901245015836108,0.0,0.433309844603804));
#13101=DIRECTION('',(-0.0,1.0,-0.0));
#13102=CARTESIAN_POINT('',(2.085608385356,1.12,-2.085608385356));
#13103=DIRECTION('',(0.0,1.0,0.0));
#13104=DIRECTION('',(0.90167118411362,0.0,-0.432422334921709));
#13105=DIRECTION('',(-2.204544919256E-11,-1.0,-6.250123678538E-12));
#13106=CARTESIAN_POINT('',(2.085608385356,1.174852813743,-2.085608385356));
#13107=DIRECTION('',(0.0,-1.0,0.0));
#13108=DIRECTION('',(0.432422334922597,0.0,-0.901671184113194));
#13109=DIRECTION('',(-0.0,1.0,-0.0));
#13110=CARTESIAN_POINT('',(-2.085608385353,1.12,-2.085608385353));
#13111=DIRECTION('',(0.0,1.0,0.0));
#13112=DIRECTION('',(-0.707106781186548,0.0,-0.707106781186548));
#13113=DIRECTION('',(2.817413264425E-12,-1.0,-5.651018559106E-12));
#13114=CARTESIAN_POINT('',(-2.085608385353,1.174852813742,-2.085608385353));
#13115=DIRECTION('',(0.0,-1.0,-0.0));
#13116=DIRECTION('',(-0.901671184113001,0.0,-0.432422334923));
#13117=DIRECTION('',(-0.0,1.0,-0.0));
#13118=CARTESIAN_POINT('',(-2.085608385356,1.12,2.085608385356));
#13119=DIRECTION('',(0.0,1.0,0.0));
#13120=DIRECTION('',(-0.90167118411362,0.0,0.432422334921709));
#13121=DIRECTION('',(2.209402528333E-11,-1.0,6.250123678538E-12));
#13122=CARTESIAN_POINT('',(-2.085608385356,1.174852813743,2.085608385356));
#13123=DIRECTION('',(0.0,-1.0,0.0));
#13124=DIRECTION('',(-0.432422334922597,0.0,0.901671184113194));
#13125=DIRECTION('',(-0.499999999999926,-0.707106781186652,0.499999999999926));
#13126=CARTESIAN_POINT('',(-2.085608385356,1.21,2.085608385356));
#13127=DIRECTION('',(0.0,-1.0,0.0));
#13128=DIRECTION('',(-0.707106781186548,0.0,0.707106781186548));
#13129=DIRECTION('',(-0.637577808682198,-0.707106781189698,0.305768765362899));
#13130=CARTESIAN_POINT('',(-2.085608385356,1.174852813742,2.085608385356));
#13131=DIRECTION('',(0.0,-1.0,0.0));
#13132=DIRECTION('',(-0.707106781186548,0.0,0.707106781186548));
#13133=DIRECTION('',(-0.499999999999926,-0.707106781186652,-0.499999999999926));
#13134=CARTESIAN_POINT('',(-2.085608385353,1.209999999999,-2.085608385353));
#13135=DIRECTION('',(0.0,-1.0,-0.0));
#13136=DIRECTION('',(-0.707106781186547,0.0,-0.707106781186547));
#13137=DIRECTION('',(-0.305768765332294,-0.707106781189687,-0.637577808696888));
#13138=CARTESIAN_POINT('',(-2.085608385353,1.174852813742,-2.085608385353));
#13139=DIRECTION('',(0.0,-1.0,-0.0));
#13140=DIRECTION('',(-0.707106781186548,0.0,-0.707106781186548));
#13141=DIRECTION('',(0.499999999999926,-0.707106781186652,-0.499999999999926));
#13142=CARTESIAN_POINT('',(2.085608385356,1.21,-2.085608385356));
#13143=DIRECTION('',(0.0,-1.0,0.0));
#13144=DIRECTION('',(0.707106781186548,0.0,-0.707106781186548));
#13145=DIRECTION('',(0.637577808682198,-0.707106781189698,-0.305768765362899));
#13146=CARTESIAN_POINT('',(2.085608385356,1.174852813742,-2.085608385356));
#13147=DIRECTION('',(0.0,-1.0,0.0));
#13148=DIRECTION('',(0.707106781186548,0.0,-0.707106781186548));
#13149=DIRECTION('',(0.49985601059313,-0.707106781186652,0.500143947952759));
#13150=CARTESIAN_POINT('',(2.082190520711,1.21,2.080783084798));
#13151=DIRECTION('',(0.0,-1.0,0.0));
#13152=DIRECTION('',(0.70690314941462,0.0,0.70731035433372));
#13153=DIRECTION('',(0.305955580697109,-0.70710678118702,0.637488182352918));
#13154=CARTESIAN_POINT('',(2.082190520711,1.174852813742,2.080783084798));
#13155=DIRECTION('',(0.0,-1.0,0.0));
#13156=DIRECTION('',(0.70690314941462,0.0,0.70731035433372));
#13157=CARTESIAN_POINT('',(-1.54986395107948,3.4,0.0205361423907582));
#13158=DIRECTION('',(0.0132491241230698,0.0,0.999912226502892));
#13159=DIRECTION('',(-0.999912226502892,0.0,0.0132491241230698));
#13160=CARTESIAN_POINT('',(0.0,3.6,0.0));
#13161=DIRECTION('',(0.0,1.0,0.0));
#13162=DIRECTION('',(-1.0,0.0,0.0));
#13163=CARTESIAN_POINT('',(-1.55,3.4,2.16042600476E-11));
#13164=DIRECTION('',(1.393823077789E-11,-0.0,1.0));
#13165=DIRECTION('',(0.0,1.0,0.0));
#13166=CARTESIAN_POINT('',(0.0,3.4,0.0));
#13167=DIRECTION('',(0.0,-1.0,0.0));
#13168=DIRECTION('',(-0.999912226502892,0.0,0.0132491241230699));
#13169=CARTESIAN_POINT('',(1.54986395107948,3.4,-0.0205361423907582));
#13170=DIRECTION('',(-0.0132491241230698,0.0,-0.999912226502892));
#13171=DIRECTION('',(0.999912226502892,0.0,-0.0132491241230698));
#13172=CARTESIAN_POINT('',(0.0,3.6,0.0));
#13173=DIRECTION('',(-0.0,1.0,0.0));
#13174=DIRECTION('',(1.0,0.0,0.0));
#13175=CARTESIAN_POINT('',(1.55,3.4,-2.16042600476E-11));
#13176=DIRECTION('',(-1.393823077789E-11,0.0,-1.0));
#13177=DIRECTION('',(0.0,1.0,0.0));
#13178=CARTESIAN_POINT('',(0.0,3.4,0.0));
#13179=DIRECTION('',(0.0,-1.0,0.0));
#13180=DIRECTION('',(0.999912226502892,0.0,-0.0132491241230699));
#13181=CARTESIAN_POINT('',(1.89993284220585,3.097548613724,0.015974827311017));
#13182=DIRECTION('',(-0.00840780384790371,0.0,0.99996465379255));
#13183=DIRECTION('',(0.99996465379255,-0.0,0.00840780384790371));
#13184=CARTESIAN_POINT('',(0.0,3.097548613724,0.0));
#13185=DIRECTION('',(0.0,1.0,0.0));
#13186=DIRECTION('',(-1.0,0.0,-1.350153662624E-12));
#13187=CARTESIAN_POINT('',(-1.9,3.097548613724,0.0));
#13188=DIRECTION('',(0.0,0.0,-1.0));
#13189=DIRECTION('',(1.0,0.0,0.0));
#13190=CARTESIAN_POINT('',(0.0,2.948257234467,0.0));
#13191=DIRECTION('',(0.0,-1.0,0.0));
#13192=DIRECTION('',(1.0,0.0,0.0));
#13193=CARTESIAN_POINT('',(-1.89993284220585,3.097548613724,-0.015974827311017));
#13194=DIRECTION('',(0.00840780384790371,0.0,-0.99996465379255));
#13195=DIRECTION('',(-0.99996465379255,0.0,-0.00840780384790371));
#13196=CARTESIAN_POINT('',(0.0,3.097548613724,0.0));
#13197=DIRECTION('',(-0.0,1.0,0.0));
#13198=DIRECTION('',(1.0,0.0,0.0));
#13199=CARTESIAN_POINT('',(1.9,3.097548613724,0.0));
#13200=DIRECTION('',(0.0,0.0,1.0));
#13201=DIRECTION('',(-1.0,0.0,0.0));
#13202=CARTESIAN_POINT('',(0.0,2.948257234467,0.0));
#13203=DIRECTION('',(-0.0,1.0,0.0));
#13204=DIRECTION('',(1.0,0.0,0.0));
#13205=DIRECTION('',(-0.0,-0.0,1.0));
#13206=CARTESIAN_POINT('',(5.355,-3.183528829076,2.08));
#13207=DIRECTION('',(0.0,0.0,1.0));
#13208=DIRECTION('',(0.857884464795859,-0.513842626746675,0.0));
#13209=DIRECTION('',(0.0,0.0,-1.0));
#13210=CARTESIAN_POINT('',(5.355,-3.183528829076,2.935));
#13211=DIRECTION('',(0.0,0.0,-1.0));
#13212=DIRECTION('',(0.866025403789626,0.499999999991015,0.0));
#13213=DIRECTION('',(-0.0,0.0,1.0));
#13214=CARTESIAN_POINT('',(5.266907387603,-4.109052051366,2.08));
#13215=DIRECTION('',(-0.0,0.0,-1.0));
#13216=DIRECTION('',(-0.999847695156888,-0.0174524064088298,0.0));
#13217=DIRECTION('',(0.0,0.0,-1.0));
#13218=CARTESIAN_POINT('',(5.266907387603,-4.109052051366,2.935));
#13219=DIRECTION('',(0.0,0.0,1.0));
#13220=DIRECTION('',(-0.857884464864718,0.513842626631711,0.0));
#13221=DIRECTION('',(0.0,0.0,-1.0));
#13222=DIRECTION('',(0.0,-1.246566203088E-14,1.0));
#13223=DIRECTION('',(-0.0,-0.0,-1.0));
#13224=CARTESIAN_POINT('',(5.352802519547,-3.17,2.935));
#13225=DIRECTION('',(0.0,0.0,1.0));
#13226=DIRECTION('',(0.866025403805174,-0.499999999964085,0.0));
#13227=DIRECTION('',(0.0,1.246566203088E-14,1.0));
#13228=CARTESIAN_POINT('',(5.352802519547,-3.17,2.08));
#13229=DIRECTION('',(0.0,0.0,-1.0));
#13230=DIRECTION('',(0.866025403770922,0.500000000023412,0.0));
#13231=DIRECTION('',(1.0,0.0,0.0));
#13232=DIRECTION('',(0.0,0.0,-1.0));
#13233=DIRECTION('',(-1.0,0.0,0.0));
#13234=DIRECTION('',(0.0,0.0,-1.0));
#13235=CARTESIAN_POINT('',(4.796868192529,-0.1,2.935));
#13236=DIRECTION('',(0.0,0.0,-1.0));
#13237=DIRECTION('',(0.0,1.0,0.0));
#13238=CARTESIAN_POINT('',(4.796868192529,-0.1,2.935));
#13239=DIRECTION('',(0.0,0.0,-1.0));
#13240=DIRECTION('',(0.942809041582078,0.333333333333292,0.0));
#13241=DIRECTION('',(4.685011313272E-13,-6.58284343215E-12,1.0));
#13242=CARTESIAN_POINT('',(4.796868192529,-0.1,2.08));
#13243=DIRECTION('',(0.0,-0.0,1.0));
#13244=DIRECTION('',(0.999847695155395,0.0174524064943499,0.0));
#13245=CARTESIAN_POINT('',(4.796868192529,-0.1,2.08));
#13246=DIRECTION('',(0.0,-0.0,1.0));
#13247=DIRECTION('',(0.942809041582078,0.333333333333292,0.0));
#13248=DIRECTION('',(1.0,0.0,0.0));
#13249=DIRECTION('',(0.0,1.0,0.0));
#13250=DIRECTION('',(0.0,0.0,-1.0));
#13251=DIRECTION('',(0.0,1.0,0.0));
#13252=DIRECTION('',(0.0,0.0,-1.0));
#13253=DIRECTION('',(0.0,1.0,0.0));
#13254=DIRECTION('',(0.0,0.0,1.0));
#13255=DIRECTION('',(0.0,1.0,0.0));
#13256=DIRECTION('',(0.0,0.0,-1.0));
#13257=DIRECTION('',(0.0,-1.0,0.0));
#13258=DIRECTION('',(0.0,-1.0,0.0));
#13259=DIRECTION('',(-1.0,0.0,0.0));
#13260=DIRECTION('',(-1.0,0.0,0.0));
#13261=DIRECTION('',(0.0,0.0,1.0));
#13262=DIRECTION('',(0.707106781186548,0.0,-0.707106781186548));
#13263=DIRECTION('',(1.0,0.0,0.0));
#13264=DIRECTION('',(0.0,0.0,-1.0));
#13265=DIRECTION('',(-1.0,0.0,0.0));
#13266=DIRECTION('',(-0.707106781186548,0.0,0.707106781186548));
#13267=DIRECTION('',(0.0,-1.0,0.0));
#13268=DIRECTION('',(0.707106781186548,0.0,-0.707106781186548));
#13269=DIRECTION('',(0.0,-1.0,0.0));
#13270=DIRECTION('',(0.0,0.0,1.0));
#13271=DIRECTION('',(0.0,-0.996194698091751,0.0871557427475957));
#13272=DIRECTION('',(-1.0,0.0,-8.881784197001E-14));
#13273=DIRECTION('',(0.0,0.996194698091742,-0.0871557427476937));
#13274=DIRECTION('',(-1.0,-3.204588888194E-14,0.0));
#13275=DIRECTION('',(-0.257899784197197,-0.962495097884589,0.0842074097640691));
#13276=DIRECTION('',(-1.0,-1.401464962051E-14,-5.964985244732E-14));
#13277=DIRECTION('',(-1.0,5.431728116581E-14,0.0));
#13278=DIRECTION('',(0.0,0.0,-1.0));
#13279=DIRECTION('',(1.0,-9.872531260186E-13,-9.63064051165E-14));
#13280=DIRECTION('',(1.0,3.108925433023E-12,-1.583739832718E-13));
#13281=DIRECTION('',(-1.0,1.074605022478E-14,0.0));
#13282=DIRECTION('',(0.0,0.0,1.0));
#13283=DIRECTION('',(-1.0,-8.212428627069E-14,0.0));
#13284=CARTESIAN_POINT('',(4.801730273688,-0.1,2.935));
#13285=DIRECTION('',(0.0,-0.0,1.0));
#13286=DIRECTION('',(0.99984769515663,0.0174524064236105,0.0));
#13287=DIRECTION('',(-0.0174524064373198,0.999847695156391,0.0));
#13288=CARTESIAN_POINT('',(5.233102946887,-2.172396939792,2.935));
#13289=DIRECTION('',(-0.0,0.0,-1.0));
#13290=DIRECTION('',(-0.86602540379496,-0.499999999981777,0.0));
#13291=DIRECTION('',(-0.500000000000092,0.866025403784386,0.0));
#13292=CARTESIAN_POINT('',(5.352802519547,-3.17,2.935));
#13293=DIRECTION('',(0.0,0.0,1.0));
#13294=DIRECTION('',(0.866025403805174,-0.499999999964085,0.0));
#13295=DIRECTION('',(0.50000000000021,0.866025403784317,0.0));
#13296=DIRECTION('',(-0.0174524064373998,0.999847695156389,0.0));
#13297=DIRECTION('',(-1.0,0.0,0.0));
#13298=DIRECTION('',(0.0174524064374898,-0.999847695156388,0.0));
#13299=CARTESIAN_POINT('',(5.266907387603,-4.109052051366,2.935));
#13300=DIRECTION('',(0.0,0.0,1.0));
#13301=DIRECTION('',(-0.857884464864718,0.513842626631711,0.0));
#13302=DIRECTION('',(-0.513842626728093,-0.857884464806989,0.0));
#13303=CARTESIAN_POINT('',(5.355,-3.183528829076,2.935));
#13304=DIRECTION('',(0.0,0.0,-1.0));
#13305=DIRECTION('',(0.866025403789626,0.499999999991015,0.0));
#13306=DIRECTION('',(0.500000000000092,-0.866025403784386,0.0));
#13307=CARTESIAN_POINT('',(5.233102946887,-2.172396939792,2.935));
#13308=DIRECTION('',(0.0,0.0,1.0));
#13309=DIRECTION('',(-0.999847695155167,-0.0174524065074194,0.0));
#13310=DIRECTION('',(0.0174524064371699,-0.999847695156393,0.0));
#13311=DIRECTION('',(-4.269489245576E-13,4.181710208775E-12,-1.0));
#13312=DIRECTION('',(-0.0174524064371699,0.999847695156393,0.0));
#13313=CARTESIAN_POINT('',(5.233102946887,-2.172396939792,2.08));
#13314=DIRECTION('',(-0.0,0.0,-1.0));
#13315=DIRECTION('',(-0.866025403785372,-0.499999999998384,0.0));
#13316=DIRECTION('',(-0.500000000000092,0.866025403784386,0.0));
#13317=CARTESIAN_POINT('',(5.355,-3.183528829076,2.08));
#13318=DIRECTION('',(0.0,0.0,1.0));
#13319=DIRECTION('',(0.857884464795859,-0.513842626746675,0.0));
#13320=DIRECTION('',(0.513842626728093,0.857884464806989,0.0));
#13321=CARTESIAN_POINT('',(5.266907387603,-4.109052051366,2.08));
#13322=DIRECTION('',(-0.0,0.0,-1.0));
#13323=DIRECTION('',(-0.999847695156888,-0.0174524064088298,0.0));
#13324=DIRECTION('',(0.0174524064374898,-0.999847695156388,0.0));
#13325=DIRECTION('',(-1.0,0.0,0.0));
#13326=DIRECTION('',(-0.0174524064373898,0.999847695156389,0.0));
#13327=DIRECTION('',(-0.50000000000021,-0.866025403784317,0.0));
#13328=CARTESIAN_POINT('',(5.352802519547,-3.17,2.08));
#13329=DIRECTION('',(0.0,0.0,-1.0));
#13330=DIRECTION('',(0.866025403770922,0.500000000023412,0.0));
#13331=DIRECTION('',(0.500000000000092,-0.866025403784386,0.0));
#13332=CARTESIAN_POINT('',(5.233102946887,-2.172396939792,2.08));
#13333=DIRECTION('',(0.0,0.0,1.0));
#13334=DIRECTION('',(-0.999847695156309,-0.0174524064419702,0.0));
#13335=DIRECTION('',(0.0174524064373198,-0.999847695156391,0.0));
#13336=CARTESIAN_POINT('',(4.801730273688,-0.1,2.08));
#13337=DIRECTION('',(0.0,0.0,-1.0));
#13338=DIRECTION('',(0.0,1.0,0.0));
#13339=DIRECTION('',(0.0,0.0,-1.0));
#13340=DIRECTION('',(0.0,-1.303700487396E-13,1.0));
#13341=DIRECTION('',(0.0,0.0,-1.0));
#13342=DIRECTION('',(0.0,1.246566203088E-14,-1.0));
#13343=DIRECTION('',(0.0,0.0,-1.0));
#13344=DIRECTION('',(-0.0123416547508699,0.707052927141197,-0.707052927141297));
#13345=DIRECTION('',(2.664535259101E-14,-3.552713678801E-14,1.0));
#13346=DIRECTION('',(0.0123416547508708,-0.707052927141247,-0.707052927141247));
#13347=DIRECTION('',(-1.0,0.0,0.0));
#13348=DIRECTION('',(-0.0123416547509408,0.707052927141246,0.707052927141246));
#13349=DIRECTION('',(1.33226762955E-14,-3.552713678801E-14,1.0));
#13350=DIRECTION('',(0.0123416547509399,-0.707052927141196,0.707052927141296));
#13351=DIRECTION('',(0.0,1.765968787708E-14,1.0));
#13352=DIRECTION('',(0.0,-1.194625944626E-14,1.0));
#13353=DIRECTION('',(0.0,-1.29850646155E-14,1.0));
#13354=DIRECTION('',(-1.0,0.0,0.0));
#13355=DIRECTION('',(0.0,-1.0,6.775794129662E-14));
#13356=CARTESIAN_POINT('',(4.935,0.97,1.7));
#13357=DIRECTION('',(0.0,0.0,-1.0));
#13358=DIRECTION('',(0.0,1.0,0.0));
#13359=DIRECTION('',(1.0,0.0,0.0));
#13360=DIRECTION('',(-1.0,0.0,0.0));
#13361=DIRECTION('',(0.0,0.0,1.0));
#13362=DIRECTION('',(0.707106781186548,0.0,0.707106781186548));
#13363=DIRECTION('',(1.0,0.0,0.0));
#13364=DIRECTION('',(0.0,0.0,-1.0));
#13365=DIRECTION('',(-1.0,0.0,0.0));
#13366=DIRECTION('',(0.0,0.0,1.0));
#13367=DIRECTION('',(1.0,0.0,0.0));
#13368=DIRECTION('',(0.707106781186548,0.0,-0.707106781186548));
#13369=DIRECTION('',(0.0,0.0,-1.0));
#13370=DIRECTION('',(-1.0,0.0,0.0));
#13371=DIRECTION('',(0.0,0.0,1.0));
#13372=DIRECTION('',(1.0,0.0,0.0));
#13373=DIRECTION('',(0.0,0.0,-1.0));
#13374=DIRECTION('',(-0.707106781186548,0.0,-0.707106781186548));
#13375=DIRECTION('',(-1.0,0.0,0.0));
#13376=DIRECTION('',(0.0,0.0,1.0));
#13377=DIRECTION('',(1.0,0.0,0.0));
#13378=DIRECTION('',(0.0,0.0,-1.0));
#13379=DIRECTION('',(-1.0,0.0,0.0));
#13380=DIRECTION('',(-0.707106781186548,0.0,0.707106781186548));
#13381=DIRECTION('',(0.0,0.0,-1.0));
#13382=DIRECTION('',(-1.0,0.0,0.0));
#13383=CARTESIAN_POINT('',(0.0,1.12,11.59687754325));
#13384=DIRECTION('',(0.0,-1.0,-0.0));
#13385=DIRECTION('',(-0.482122604300811,0.0,-0.87610375779482));
#13386=CARTESIAN_POINT('',(-3.551738186735,1.12,5.142728444405));
#13387=DIRECTION('',(0.0,1.0,0.0));
#13388=DIRECTION('',(-0.432422334907917,0.0,0.901671184120234));
#13389=CARTESIAN_POINT('',(-2.085608385356,1.12,2.085608385356));
#13390=DIRECTION('',(0.0,1.0,0.0));
#13391=DIRECTION('',(-0.90167118411362,0.0,0.432422334921709));
#13392=CARTESIAN_POINT('',(-5.142728444405,1.12,3.551738186735));
#13393=DIRECTION('',(0.0,1.0,0.0));
#13394=DIRECTION('',(-0.876103757753175,0.0,-0.482122604376486));
#13395=CARTESIAN_POINT('',(-11.59687754325,1.12,0.0));
#13396=DIRECTION('',(0.0,-1.0,0.0));
#13397=DIRECTION('',(0.950958945578609,0.0,0.309317125009303));
#13398=DIRECTION('',(0.0,0.0,-1.0));
#13399=CARTESIAN_POINT('',(-11.59687754325,1.12,0.0));
#13400=DIRECTION('',(0.0,-1.0,0.0));
#13401=DIRECTION('',(0.876103757794777,0.0,-0.482122604300887));
#13402=CARTESIAN_POINT('',(-5.142728444405,1.12,-3.551738186735));
#13403=DIRECTION('',(0.0,1.0,0.0));
#13404=DIRECTION('',(-0.901671184111125,0.0,-0.432422334926912));
#13405=CARTESIAN_POINT('',(-2.085608385353,1.12,-2.085608385353));
#13406=DIRECTION('',(0.0,1.0,0.0));
#13407=DIRECTION('',(-0.432422334923202,0.0,-0.901671184112904));
#13408=CARTESIAN_POINT('',(-3.551738186735,1.12,-5.142728444405));
#13409=DIRECTION('',(0.0,1.0,0.0));
#13410=DIRECTION('',(0.482122604317004,0.0,-0.876103757785908));
#13411=CARTESIAN_POINT('',(0.0,1.12,-11.59687754325));
#13412=DIRECTION('',(0.0,-1.0,0.0));
#13413=DIRECTION('',(-0.309317125010085,0.0,0.950958945578354));
#13414=DIRECTION('',(1.0,0.0,0.0));
#13415=CARTESIAN_POINT('',(0.0,1.12,-11.59687754325));
#13416=DIRECTION('',(0.0,-1.0,0.0));
#13417=DIRECTION('',(0.482122604302811,0.0,0.876103757793719));
#13418=CARTESIAN_POINT('',(3.551738186735,1.12,-5.142728444405));
#13419=DIRECTION('',(0.0,1.0,0.0));
#13420=DIRECTION('',(0.432422334907917,0.0,-0.901671184120234));
#13421=CARTESIAN_POINT('',(2.085608385356,1.12,-2.085608385356));
#13422=DIRECTION('',(0.0,1.0,0.0));
#13423=DIRECTION('',(0.90167118411362,0.0,-0.432422334921709));
#13424=CARTESIAN_POINT('',(5.142728444405,1.12,-3.551738186735));
#13425=DIRECTION('',(-0.0,1.0,0.0));
#13426=DIRECTION('',(0.876103757769617,0.0,0.482122604346609));
#13427=CARTESIAN_POINT('',(11.59687754325,1.12,0.0));
#13428=DIRECTION('',(0.0,-1.0,-0.0));
#13429=DIRECTION('',(-0.950958945578482,0.0,-0.309317125009694));
#13430=DIRECTION('',(0.0,0.0,1.0));
#13431=CARTESIAN_POINT('',(11.59687754325,1.12,0.0));
#13432=DIRECTION('',(0.0,-1.0,0.0));
#13433=DIRECTION('',(-0.876050748327338,0.0,0.482218919532521));
#13434=CARTESIAN_POINT('',(5.143118958656,1.12,3.552447729244));
#13435=DIRECTION('',(-0.0,1.0,0.0));
#13436=DIRECTION('',(0.901245015833802,0.0,0.433309844608601));
#13437=CARTESIAN_POINT('',(2.082190520711,1.12,2.080783084798));
#13438=DIRECTION('',(-0.0,1.0,0.0));
#13439=DIRECTION('',(0.432686531680802,0.0,0.901544433348705));
#13440=CARTESIAN_POINT('',(3.551738186735,1.12,5.142728444405));
#13441=DIRECTION('',(0.0,1.0,0.0));
#13442=DIRECTION('',(-0.482122604376486,0.0,0.876103757753175));
#13443=CARTESIAN_POINT('',(0.0,1.12,11.59687754325));
#13444=DIRECTION('',(0.0,-1.0,0.0));
#13445=DIRECTION('',(0.309317125009303,0.0,-0.950958945578609));
#13446=DIRECTION('',(0.0,0.0,1.0));
#13447=CARTESIAN_POINT('',(4.935,0.97,-1.7));
#13448=DIRECTION('',(0.0,0.0,1.0));
#13449=DIRECTION('',(1.0,0.0,0.0));
#13450=DIRECTION('',(0.0,-1.0,0.0));
#13451=DIRECTION('',(0.0,1.0,0.0));
#13452=DIRECTION('',(1.0,0.0,0.0));
#13453=DIRECTION('',(-1.0,-8.213676716526E-14,0.0));
#13454=DIRECTION('',(1.0,-5.432553607177E-14,0.0));
#13455=DIRECTION('',(0.0,0.0,-1.0));
#13456=DIRECTION('',(1.0,1.857628067347E-14,7.871698935382E-14));
#13457=DIRECTION('',(0.0,0.0,-1.0));
#13458=DIRECTION('',(1.0,1.51642888472E-14,-7.278858646655E-14));
#13459=DIRECTION('',(0.0,-1.59689613131E-14,-1.0));
#13460=DIRECTION('',(1.0,0.0,0.0));
#13461=DIRECTION('',(-1.0,1.074605022478E-14,0.0));
#13462=DIRECTION('',(0.0,0.0,1.0));
#13463=CARTESIAN_POINT('',(4.801730273688,-0.1,-2.935));
#13464=DIRECTION('',(0.0,0.0,-1.0));
#13465=DIRECTION('',(0.0,1.0,0.0));
#13466=DIRECTION('',(0.0,0.0,-1.0));
#13467=CARTESIAN_POINT('',(4.801730273688,-0.1,-2.08));
#13468=DIRECTION('',(0.0,-0.0,1.0));
#13469=DIRECTION('',(0.999847695156629,0.0174524064236805,0.0));
#13470=DIRECTION('',(-0.0174524064373198,0.999847695156391,0.0));
#13471=CARTESIAN_POINT('',(5.233102946887,-2.172396939792,-2.08));
#13472=DIRECTION('',(-0.0,0.0,-1.0));
#13473=DIRECTION('',(-0.86602540379496,-0.499999999981777,0.0));
#13474=DIRECTION('',(-0.500000000000092,0.866025403784386,0.0));
#13475=CARTESIAN_POINT('',(5.352802519547,-3.17,-2.08));
#13476=DIRECTION('',(0.0,0.0,1.0));
#13477=DIRECTION('',(0.866025403805286,-0.499999999963892,0.0));
#13478=DIRECTION('',(0.50000000000021,0.866025403784317,0.0));
#13479=DIRECTION('',(-0.0174524064373898,0.999847695156389,-1.90353321361898E-14));
#13480=DIRECTION('',(1.0,-7.736413445003E-14,0.0));
#13481=DIRECTION('',(0.0174524064374898,-0.999847695156388,1.89526606326498E-14));
#13482=CARTESIAN_POINT('',(5.266907387603,-4.109052051366,-2.08));
#13483=DIRECTION('',(0.0,0.0,1.0));
#13484=DIRECTION('',(-0.857884464864718,0.513842626631711,0.0));
#13485=DIRECTION('',(-0.513842626728093,-0.857884464806989,0.0));
#13486=CARTESIAN_POINT('',(5.355,-3.183528829076,-2.08));
#13487=DIRECTION('',(0.0,0.0,-1.0));
#13488=DIRECTION('',(0.866025403789626,0.499999999991015,0.0));
#13489=DIRECTION('',(0.500000000000092,-0.866025403784386,0.0));
#13490=CARTESIAN_POINT('',(5.233102946887,-2.172396939792,-2.08));
#13491=DIRECTION('',(0.0,0.0,1.0));
#13492=DIRECTION('',(-0.999847695155171,-0.0174524065072095,0.0));
#13493=DIRECTION('',(0.0174524064371699,-0.999847695156393,0.0));
#13494=CARTESIAN_POINT('',(4.796868192529,-0.1,-2.08));
#13495=DIRECTION('',(0.0,0.0,-1.0));
#13496=DIRECTION('',(0.942809041582078,0.333333333333292,0.0));
#13497=CARTESIAN_POINT('',(4.796868192529,-0.1,-2.08));
#13498=DIRECTION('',(0.0,0.0,-1.0));
#13499=DIRECTION('',(0.0,1.0,0.0));
#13500=DIRECTION('',(4.67462326158E-13,-6.558983375919E-12,1.0));
#13501=CARTESIAN_POINT('',(4.796868192529,-0.1,-2.935));
#13502=DIRECTION('',(0.0,-0.0,1.0));
#13503=DIRECTION('',(0.999847695155399,0.01745240649413,0.0));
#13504=CARTESIAN_POINT('',(4.796868192529,-0.1,-2.935));
#13505=DIRECTION('',(0.0,-0.0,1.0));
#13506=DIRECTION('',(0.942809041582078,0.333333333333292,0.0));
#13507=DIRECTION('',(0.0,0.0,-1.0));
#13508=DIRECTION('',(1.0,0.0,0.0));
#13509=DIRECTION('',(0.0,0.0,-1.0));
#13510=DIRECTION('',(-1.0,0.0,0.0));
#13511=DIRECTION('',(0.0,1.0,0.0));
#13512=DIRECTION('',(0.0,1.0,0.0));
#13513=DIRECTION('',(0.0,-1.0,3.264055692398E-13));
#13514=DIRECTION('',(0.0,0.0,-1.0));
#13515=DIRECTION('',(0.0,1.0,0.0));
#13516=DIRECTION('',(0.0,1.0,0.0));
#13517=DIRECTION('',(-0.707106781186548,0.0,-0.707106781186548));
#13518=DIRECTION('',(1.0,0.0,0.0));
#13519=DIRECTION('',(0.0,0.0,-1.0));
#13520=DIRECTION('',(-1.0,0.0,0.0));
#13521=DIRECTION('',(1.0,0.0,0.0));
#13522=DIRECTION('',(0.0,0.0,1.0));
#13523=DIRECTION('',(0.707106781186548,0.0,0.707106781186548));
#13524=DIRECTION('',(0.0,-1.0,0.0));
#13525=DIRECTION('',(-0.707106781186548,0.0,-0.707106781186548));
#13526=DIRECTION('',(0.0,1.0,0.0));
#13527=DIRECTION('',(1.0,0.0,0.0));
#13528=DIRECTION('',(0.0747899482416268,-0.997199309888457,0.0));
#13529=DIRECTION('',(-1.0,0.0,0.0));
#13530=DIRECTION('',(0.0,-1.0,0.0));
#13531=DIRECTION('',(0.0,0.0,-1.0));
#13532=DIRECTION('',(0.0,-1.0,0.0));
#13533=CARTESIAN_POINT('',(1.7,0.97,-4.935));
#13534=DIRECTION('',(-1.0,0.0,0.0));
#13535=DIRECTION('',(0.0,1.0,0.0));
#13536=DIRECTION('',(0.0,1.0,0.0));
#13537=DIRECTION('',(1.0,0.0,0.0));
#13538=CARTESIAN_POINT('',(-1.7,0.97,-4.935));
#13539=DIRECTION('',(1.0,0.0,0.0));
#13540=DIRECTION('',(0.0,0.0,-1.0));
#13541=DIRECTION('',(0.0,-1.0,0.0));
#13542=DIRECTION('',(0.0,-1.0,0.0));
#13543=DIRECTION('',(0.0,0.0,-1.0));
#13544=DIRECTION('',(0.0,1.0,0.0));
#13545=DIRECTION('',(0.0,0.0,-1.0));
#13546=DIRECTION('',(0.0,0.0,-1.0));
#13547=DIRECTION('',(1.0,0.0,0.0));
#13548=DIRECTION('',(0.0,0.0,1.0));
#13549=DIRECTION('',(-0.707106781186548,0.0,0.707106781186548));
#13550=DIRECTION('',(-1.0,0.0,0.0));
#13551=DIRECTION('',(1.0,0.0,0.0));
#13552=DIRECTION('',(0.707106781186548,0.0,-0.707106781186548));
#13553=DIRECTION('',(0.0,-1.0,0.0));
#13554=DIRECTION('',(-0.707106781186548,0.0,0.707106781186548));
#13555=DIRECTION('',(0.0,-1.0,0.0));
#13556=DIRECTION('',(0.0,0.0,-1.0));
#13557=DIRECTION('',(0.0,-0.996194698091751,-0.0871557427475957));
#13558=DIRECTION('',(1.332267629543E-14,-1.0,4.374278717001E-13));
#13559=DIRECTION('',(1.0,2.02040236393E-12,-4.440892098501E-14));
#13560=DIRECTION('',(0.0,-1.0,3.264055692398E-13));
#13561=DIRECTION('',(0.0,-1.59689613131E-14,-1.0));
#13562=DIRECTION('',(0.0,1.0,0.0));
#13563=DIRECTION('',(0.0,0.0,1.0));
#13564=DIRECTION('',(0.0,1.0,0.0));
#13565=DIRECTION('',(0.0,0.0,-1.0));
#13566=DIRECTION('',(0.0,-1.0,0.0));
#13567=DIRECTION('',(0.0,1.0,0.0));
#13568=DIRECTION('',(0.0,-1.0,0.0));
#13569=DIRECTION('',(0.0,-1.0,0.0));
#13570=CARTESIAN_POINT('',(-4.935,0.97,-1.7));
#13571=DIRECTION('',(0.0,-0.0,1.0));
#13572=DIRECTION('',(0.0,1.0,0.0));
#13573=DIRECTION('',(-1.0,0.0,0.0));
#13574=DIRECTION('',(0.0,0.0,1.0));
#13575=DIRECTION('',(-1.0,0.0,0.0));
#13576=DIRECTION('',(-1.0,-5.427600663606E-14,0.0));
#13577=DIRECTION('',(1.0,-8.206188179783E-14,0.0));
#13578=DIRECTION('',(0.0,0.0,-1.0));
#13579=DIRECTION('',(1.0,-1.749072565042E-13,0.0));
#13580=DIRECTION('',(1.0,1.156842520149E-13,0.0));
#13581=DIRECTION('',(1.0,0.0,1.313873401923E-14));
#13582=DIRECTION('',(1.0,0.0,0.0));
#13583=DIRECTION('',(0.0,0.996194698091743,0.0871557427476838));
#13584=DIRECTION('',(-1.0,1.524133739507E-14,6.252856367208E-14));
#13585=DIRECTION('',(-0.257899784197197,0.962495097884589,0.0842074097640691));
#13586=DIRECTION('',(0.0,0.0,1.0));
#13587=DIRECTION('',(-0.257899784197197,0.962495097884589,-0.0842074097640691));
#13588=DIRECTION('',(0.0,0.996194698091755,-0.0871557427475461));
#13589=DIRECTION('',(1.0,7.398058310452E-13,-5.12231042409E-12));
#13590=DIRECTION('',(0.0,-0.996194698091755,0.0871557427475461));
#13591=DIRECTION('',(-1.0,0.0,9.749710991496E-14));
#13592=DIRECTION('',(0.0,0.0,1.0));
#13593=DIRECTION('',(0.0,0.0,1.0));
#13594=DIRECTION('',(-1.0,0.0,0.0));
#13595=DIRECTION('',(0.0,0.996194698091755,0.0871557427475461));
#13596=DIRECTION('',(-1.0,-7.322951119483E-13,-5.107288985896E-12));
#13597=DIRECTION('',(-0.257899784197197,0.962495097884589,0.0842074097640691));
#13598=DIRECTION('',(-1.0,-1.005818522153E-12,-1.706695786875E-14));
#13599=DIRECTION('',(0.0,-0.99619469809176,-0.0871557427474965));
#13600=DIRECTION('',(0.0,-1.0,6.775794129662E-14));
#13601=DIRECTION('',(0.0,0.0,-1.0));
#13602=DIRECTION('',(0.0,-3.235507100336E-14,1.0));
#13603=DIRECTION('',(1.812896741762E-14,1.0,0.0));
#13604=DIRECTION('',(0.0,0.0,-1.0));
#13605=DIRECTION('',(-1.812896741762E-14,-1.0,0.0));
#13606=CARTESIAN_POINT('',(-4.935,0.97,1.7));
#13607=DIRECTION('',(0.0,0.0,-1.0));
#13608=DIRECTION('',(-1.0,0.0,0.0));
#13609=DIRECTION('',(0.0,1.0,0.0));
#13610=DIRECTION('',(-1.0,3.108891992571E-12,-1.583739832718E-13));
#13611=DIRECTION('',(1.0,-1.749072565042E-13,0.0));
#13612=DIRECTION('',(-1.0,-1.156842520149E-13,0.0));
#13613=DIRECTION('',(0.0,0.0,-1.0));
#13614=DIRECTION('',(0.0,0.0,1.0));
#13615=DIRECTION('',(-1.0,0.0,0.0));
#13616=DIRECTION('',(0.0,0.0,-1.0));
#13617=DIRECTION('',(-1.0,-5.427600663606E-14,0.0));
#13618=DIRECTION('',(1.0,-8.206188179783E-14,0.0));
#13619=DIRECTION('',(0.0,0.0,-1.0));
#13620=CARTESIAN_POINT('',(-4.801730273688,-0.1,2.935));
#13621=DIRECTION('',(0.0,-0.0,1.0));
#13622=DIRECTION('',(0.0,1.0,0.0));
#13623=DIRECTION('',(0.0,0.0,1.0));
#13624=CARTESIAN_POINT('',(-4.801730273688,-0.1,2.08));
#13625=DIRECTION('',(0.0,0.0,-1.0));
#13626=DIRECTION('',(-0.999847695156719,0.0174524064185203,0.0));
#13627=DIRECTION('',(0.0174524064373198,0.99984769515639,0.0));
#13628=CARTESIAN_POINT('',(-5.233102946887,-2.172396939792,2.08));
#13629=DIRECTION('',(0.0,0.0,1.0));
#13630=DIRECTION('',(0.866025403782413,-0.500000000003508,0.0));
#13631=DIRECTION('',(0.500000000000092,0.866025403784386,0.0));
#13632=CARTESIAN_POINT('',(-5.352802519547,-3.17,2.08));
#13633=DIRECTION('',(-0.0,0.0,-1.0));
#13634=DIRECTION('',(-0.866025403783331,-0.500000000001918,0.0));
#13635=DIRECTION('',(-0.50000000000021,0.866025403784317,0.0));
#13636=DIRECTION('',(-0.0174524064373998,-0.999847695156389,0.0));
#13637=DIRECTION('',(-1.0,0.0,0.0));
#13638=DIRECTION('',(0.0174524064374998,0.999847695156387,0.0));
#13639=DIRECTION('',(0.513842626728093,-0.857884464806989,0.0));
#13640=CARTESIAN_POINT('',(-5.355,-3.183528829076,2.08));
#13641=DIRECTION('',(0.0,0.0,1.0));
#13642=DIRECTION('',(-0.866025403782817,0.50000000000281,0.0));
#13643=DIRECTION('',(-0.500000000000092,-0.866025403784386,0.0));
#13644=CARTESIAN_POINT('',(-5.233102946887,-2.172396939792,2.08));
#13645=DIRECTION('',(0.0,0.0,-1.0));
#13646=DIRECTION('',(0.999847695155045,-0.0174524065143908,0.0));
#13647=DIRECTION('',(-0.0174524064371699,-0.999847695156393,0.0));
#13648=CARTESIAN_POINT('',(-4.796868192529,-0.1,2.08));
#13649=DIRECTION('',(0.0,0.0,1.0));
#13650=DIRECTION('',(-0.942809041582078,0.333333333333292,0.0));
#13651=CARTESIAN_POINT('',(-4.796868192529,-0.1,2.08));
#13652=DIRECTION('',(0.0,-0.0,1.0));
#13653=DIRECTION('',(0.0,1.0,0.0));
#13654=DIRECTION('',(-4.685011313272E-13,-6.565427214235E-12,-1.0));
#13655=CARTESIAN_POINT('',(-4.796868192529,-0.1,2.935));
#13656=DIRECTION('',(0.0,0.0,-1.0));
#13657=DIRECTION('',(-0.999847695155398,0.01745240649419,0.0));
#13658=CARTESIAN_POINT('',(-4.796868192529,-0.1,2.935));
#13659=DIRECTION('',(0.0,0.0,-1.0));
#13660=DIRECTION('',(-0.942809041582078,0.333333333333292,0.0));
#13661=DIRECTION('',(0.0,0.0,1.0));
#13662=DIRECTION('',(-1.0,0.0,0.0));
#13663=DIRECTION('',(0.0,0.0,1.0));
#13664=DIRECTION('',(1.0,0.0,0.0));
#13665=DIRECTION('',(0.0,1.0,0.0));
#13666=DIRECTION('',(0.0,1.0,0.0));
#13667=DIRECTION('',(0.0,-1.0,0.0));
#13668=DIRECTION('',(0.0,0.0,1.0));
#13669=DIRECTION('',(0.0,-1.0,0.0));
#13670=DIRECTION('',(0.0,1.0,0.0));
#13671=DIRECTION('',(0.707106781186548,0.0,0.707106781186548));
#13672=DIRECTION('',(-1.0,0.0,0.0));
#13673=DIRECTION('',(0.0,0.0,-1.0));
#13674=DIRECTION('',(1.0,0.0,0.0));
#13675=DIRECTION('',(-1.0,0.0,0.0));
#13676=DIRECTION('',(0.0,0.0,-1.0));
#13677=DIRECTION('',(-0.707106781186548,0.0,-0.707106781186548));
#13678=DIRECTION('',(0.0,-1.0,0.0));
#13679=DIRECTION('',(0.707106781186548,0.0,0.707106781186548));
#13680=DIRECTION('',(0.0,-1.0,0.0));
#13681=DIRECTION('',(-1.0,0.0,0.0));
#13682=DIRECTION('',(-0.0747899482416268,-0.997199309888457,0.0));
#13683=DIRECTION('',(-1.0,0.0,0.0));
#13684=DIRECTION('',(0.0,1.0,0.0));
#13685=DIRECTION('',(0.0,0.0,1.0));
#13686=DIRECTION('',(0.0,-1.0,0.0));
#13687=CARTESIAN_POINT('',(-1.7,0.97,4.935));
#13688=DIRECTION('',(1.0,0.0,0.0));
#13689=DIRECTION('',(0.0,1.0,0.0));
#13690=DIRECTION('',(0.0,1.0,0.0));
#13691=DIRECTION('',(-1.0,0.0,0.0));
#13692=CARTESIAN_POINT('',(1.7,0.97,4.935));
#13693=DIRECTION('',(-1.0,0.0,0.0));
#13694=DIRECTION('',(0.0,0.0,1.0));
#13695=DIRECTION('',(0.0,-1.0,0.0));
#13696=DIRECTION('',(0.0,1.0,0.0));
#13697=DIRECTION('',(0.0,0.0,1.0));
#13698=DIRECTION('',(0.0,-1.0,0.0));
#13699=DIRECTION('',(-1.0,0.0,0.0));
#13700=DIRECTION('',(-0.0747899482416268,0.997199309888457,0.0));
#13701=DIRECTION('',(-1.0,0.0,0.0));
#13702=DIRECTION('',(0.0,0.0,1.0));
#13703=DIRECTION('',(1.0,0.0,0.0));
#13704=DIRECTION('',(-0.707106781186548,0.0,0.707106781186548));
#13705=DIRECTION('',(0.0,1.194577373674E-14,-1.0));
#13706=DIRECTION('',(0.0,-1.0,0.0));
#13707=DIRECTION('',(0.0,1.314405097148E-14,-1.0));
#13708=DIRECTION('',(0.0,0.0,1.0));
#13709=DIRECTION('',(0.0,0.0,1.0));
#13710=DIRECTION('',(-0.707106781186548,0.0,0.707106781186548));
#13711=DIRECTION('',(-1.0,0.0,0.0));
#13712=DIRECTION('',(1.567373681824E-14,0.0,-1.0));
#13713=DIRECTION('',(-1.0,0.0,0.0));
#13714=DIRECTION('',(-3.134747363647E-14,0.0,-1.0));
#13715=DIRECTION('',(-1.0,0.0,0.0));
#13716=DIRECTION('',(-0.707106781186548,0.0,-0.707106781186548));
#13717=DIRECTION('',(0.0,0.0,-1.0));
#13718=DIRECTION('',(-1.0,-3.204588888194E-14,0.0));
#13719=DIRECTION('',(0.0,0.0,1.0));
#13720=DIRECTION('',(1.0,-1.539697414865E-12,1.689911796803E-12));
#13721=DIRECTION('',(0.0,0.0,-1.0));
#13722=DIRECTION('',(-1.0,1.539697414865E-12,1.689911796803E-12));
#13723=DIRECTION('',(0.0,0.0,1.0));
#13724=DIRECTION('',(0.707106781186548,0.0,-0.707106781186548));
#13725=DIRECTION('',(1.0,0.0,0.0));
#13726=DIRECTION('',(-1.567373681824E-14,0.0,1.0));
#13727=DIRECTION('',(1.0,0.0,0.0));
#13728=DIRECTION('',(1.567373681824E-14,0.0,1.0));
#13729=DIRECTION('',(1.0,0.0,0.0));
#13730=DIRECTION('',(0.707106781186548,0.0,0.707106781186548));
#13731=DIRECTION('',(0.0,-1.314405097148E-14,1.0));
#13732=DIRECTION('',(-1.0,1.539765880425E-14,-6.252856367208E-14));
#13733=DIRECTION('',(0.0,0.0,1.0));
#13734=DIRECTION('',(-0.257899784197197,0.962495097884589,-0.0842074097640691));
#13735=DIRECTION('',(0.0,-0.996194698091742,0.0871557427476937));
#13736=DIRECTION('',(-1.0,0.0,8.792966355031E-14));
#13737=DIRECTION('',(0.0,0.996194698091751,-0.0871557427475957));
#13738=DIRECTION('',(-1.0,0.0,0.0));
#13739=DIRECTION('',(-1.33226762955E-14,1.0,0.0));
#13740=DIRECTION('',(0.0,0.0,-1.0));
#13741=DIRECTION('',(0.0,0.0,-1.0));
#13742=DIRECTION('',(0.0,-1.194577373674E-14,1.0));
#13743=DIRECTION('',(-0.707106781186548,0.0,-0.707106781186548));
#13744=DIRECTION('',(1.0,0.0,0.0));
#13745=DIRECTION('',(0.0,-1.0,0.0));
#13746=DIRECTION('',(0.0747899482416268,0.997199309888457,0.0));
#13747=DIRECTION('',(0.0747899482416268,0.997199309888457,0.0));
#13748=DIRECTION('',(0.0,0.0,1.0));
#13749=DIRECTION('',(-1.0,0.0,0.0));
#13750=DIRECTION('',(0.0747899482416268,-0.997199309888457,0.0));
#13751=DIRECTION('',(-1.0,0.0,0.0));
#13752=DIRECTION('',(-1.0,-2.838998877256E-14,0.0));
#13753=DIRECTION('',(0.0,1.0,0.0));
#13754=DIRECTION('',(-1.0,0.0,0.0));
#13755=DIRECTION('',(0.0,-1.0,0.0));
#13756=DIRECTION('',(0.0,0.0,1.0));
#13757=DIRECTION('',(0.0747899482416268,-0.997199309888457,0.0));
#13758=DIRECTION('',(0.0,-1.0,0.0));
#13759=DIRECTION('',(0.0,1.0,0.0));
#13760=DIRECTION('',(0.0,0.0,-1.0));
#13761=DIRECTION('',(0.0,-1.0,0.0));
#13762=DIRECTION('',(0.0,0.0,1.0));
#13763=DIRECTION('',(0.0,0.0,1.0));
#13764=DIRECTION('',(1.0,0.0,0.0));
#13765=DIRECTION('',(0.0,0.0,-1.0));
#13766=DIRECTION('',(1.0,0.0,0.0));
#13767=DIRECTION('',(-1.0,0.0,0.0));
#13768=DIRECTION('',(1.0,0.0,0.0));
#13769=DIRECTION('',(0.0,0.0,1.0));
#13770=DIRECTION('',(1.0,-2.787042627335E-13,1.972368628575E-13));
#13771=DIRECTION('',(-0.0260774049845301,-0.995855918823202,0.0871261034023002));
#13772=DIRECTION('',(1.0,0.0,0.0));
#13773=DIRECTION('',(0.0260774049845301,-0.995855918823202,0.0871261034023002));
#13774=DIRECTION('',(1.0,2.787042627335E-13,-1.960117891752E-13));
#13775=DIRECTION('',(0.0,-0.996194698091741,0.0871557427477136));
#13776=DIRECTION('',(0.0,0.99619469809174,-0.0871557427477235));
#13777=DIRECTION('',(0.0,0.0,1.0));
#13778=DIRECTION('',(0.0,-0.995038220239301,-0.0994934181893701));
#13779=DIRECTION('',(0.0,-3.054630388896E-13,1.0));
#13780=DIRECTION('',(0.0,-1.0,0.0));
#13781=DIRECTION('',(0.0,-0.707106781186548,0.707106781186548));
#13782=DIRECTION('',(0.0,0.0,1.0));
#13783=DIRECTION('',(0.0,1.0,-8.854560496024E-14));
#13784=CARTESIAN_POINT('',(0.875,1.554093010682,3.675));
#13785=DIRECTION('',(-1.0,0.0,0.0));
#13786=DIRECTION('',(0.0,-0.229395340454105,0.973333333333419));
#13787=DIRECTION('',(1.0,0.0,0.0));
#13788=CARTESIAN_POINT('',(-0.875,1.554093010682,3.675));
#13789=DIRECTION('',(1.0,0.0,-0.0));
#13790=DIRECTION('',(0.0,0.229395340454695,0.97333333333328));
#13791=DIRECTION('',(-1.0,0.0,0.0));
#13792=DIRECTION('',(1.3897901809E-13,1.486224601616E-13,-1.0));
#13793=DIRECTION('',(-0.999999999621974,7.13020796227481E-07,2.74871531924093E-05));
#13794=CARTESIAN_POINT('',(-3.65,1.21,4.17));
#13795=DIRECTION('',(0.0,1.0,0.0));
#13796=DIRECTION('',(0.0,0.0,1.0));
#13797=DIRECTION('',(1.0,0.0,0.0));
#13798=CARTESIAN_POINT('',(-3.985992052357,1.21,4.57));
#13799=DIRECTION('',(0.0,1.0,0.0));
#13800=DIRECTION('',(-0.707106781186898,0.0,0.707106781186198));
#13801=DIRECTION('',(0.707106781186548,0.0,0.707106781186548));
#13802=CARTESIAN_POINT('',(-4.57,1.21,3.985992052357));
#13803=DIRECTION('',(0.0,1.0,0.0));
#13804=DIRECTION('',(-1.0,0.0,0.0));
#13805=DIRECTION('',(0.0,0.0,1.0));
#13806=CARTESIAN_POINT('',(-4.17,1.21,3.65));
#13807=DIRECTION('',(0.0,1.0,0.0));
#13808=DIRECTION('',(-0.94727970042604,0.0,-0.320407816947014));
#13809=DIRECTION('',(-2.74871531244793E-05,7.13020796059281E-07,0.999999999621974));
#13810=DIRECTION('',(1.0,1.486224601615E-13,1.049433401904E-13));
#13811=DIRECTION('',(1.972368628575E-13,2.787042627335E-13,-1.0));
#13812=DIRECTION('',(0.0,0.0,-1.0));
#13813=DIRECTION('',(-1.960117891752E-13,-2.787042627335E-13,-1.0));
#13814=DIRECTION('',(1.0,1.571313796365E-13,1.219611791402E-13));
#13815=DIRECTION('',(-2.74871531897993E-05,7.13020798919681E-07,-0.999999999621974));
#13816=CARTESIAN_POINT('',(-4.17,1.21,-3.65));
#13817=DIRECTION('',(0.0,1.0,0.0));
#13818=DIRECTION('',(-1.0,0.0,0.0));
#13819=DIRECTION('',(0.0,0.0,1.0));
#13820=CARTESIAN_POINT('',(-4.57,1.21,-3.985992052357));
#13821=DIRECTION('',(0.0,1.0,0.0));
#13822=DIRECTION('',(-0.940126808564798,0.0,-0.340824857980999));
#13823=DIRECTION('',(-0.707107279123372,0.0,0.707106283249372));
#13824=CARTESIAN_POINT('',(-3.985992052357,1.21,-4.57));
#13825=DIRECTION('',(0.0,1.0,0.0));
#13826=DIRECTION('',(0.0,0.0,-1.0));
#13827=DIRECTION('',(-1.0,0.0,0.0));
#13828=CARTESIAN_POINT('',(-3.65,1.21,-4.17));
#13829=DIRECTION('',(0.0,1.0,0.0));
#13830=DIRECTION('',(0.320407002365093,0.0,-0.94727997594978));
#13831=DIRECTION('',(-0.999999999621974,7.13020798583381E-07,-2.74871531218693E-05));
#13832=DIRECTION('',(-1.055106014887E-13,1.384117567916E-13,1.0));
#13833=DIRECTION('',(-1.0,0.0,-2.003730514843E-13));
#13834=DIRECTION('',(-1.0,-8.926193117986E-13,4.085620730621E-13));
#13835=DIRECTION('',(1.0,0.0,0.0));
#13836=DIRECTION('',(-1.0,8.926193117986E-13,-4.085620730621E-13));
#13837=DIRECTION('',(-1.0,0.0,1.989519660128E-13));
#13838=DIRECTION('',(-1.236629630352E-13,1.293355760184E-13,1.0));
#13839=DIRECTION('',(0.999999999621974,7.13020795891182E-07,-2.74871531924093E-05));
#13840=CARTESIAN_POINT('',(3.65,1.21,-4.17));
#13841=DIRECTION('',(0.0,1.0,0.0));
#13842=DIRECTION('',(0.0,0.0,-1.0));
#13843=DIRECTION('',(-1.0,0.0,0.0));
#13844=CARTESIAN_POINT('',(3.985992052357,1.21,-4.57));
#13845=DIRECTION('',(0.0,1.0,0.0));
#13846=DIRECTION('',(0.707106781186898,0.0,-0.707106781186198));
#13847=DIRECTION('',(-0.707106781186548,0.0,-0.707106781186548));
#13848=CARTESIAN_POINT('',(4.57,1.21,-3.985992052357));
#13849=DIRECTION('',(-0.0,1.0,0.0));
#13850=DIRECTION('',(1.0,0.0,0.0));
#13851=DIRECTION('',(0.0,0.0,-1.0));
#13852=CARTESIAN_POINT('',(4.17,1.21,-3.65));
#13853=DIRECTION('',(-0.0,1.0,0.0));
#13854=DIRECTION('',(0.947279545828362,0.0,0.320408274011787));
#13855=DIRECTION('',(2.74871531244793E-05,7.13020796059281E-07,-0.999999999621974));
#13856=DIRECTION('',(-1.0,1.486224601615E-13,-1.043760788921E-13));
#13857=DIRECTION('',(-1.972368628575E-13,2.787042627335E-13,1.0));
#13858=DIRECTION('',(0.0,0.0,1.0));
#13859=DIRECTION('',(1.960117891752E-13,-2.787042627335E-13,1.0));
#13860=DIRECTION('',(1.0,-1.571313796365E-13,1.219611791402E-13));
#13861=DIRECTION('',(2.74871531891293E-05,7.13020798919681E-07,0.999999999621974));
#13862=CARTESIAN_POINT('',(4.17,1.21,3.65));
#13863=DIRECTION('',(-0.0,1.0,0.0));
#13864=DIRECTION('',(1.0,0.0,0.0));
#13865=DIRECTION('',(0.0,0.0,-1.0));
#13866=CARTESIAN_POINT('',(4.57,1.21,3.985992052357));
#13867=DIRECTION('',(-0.0,1.0,0.0));
#13868=DIRECTION('',(0.955723812261998,0.0,0.294265177476699));
#13869=DIRECTION('',(0.707106781186548,0.0,-0.707106781186548));
#13870=CARTESIAN_POINT('',(3.985992052357,1.21,4.57));
#13871=DIRECTION('',(0.0,1.0,0.0));
#13872=DIRECTION('',(0.0,0.0,1.0));
#13873=DIRECTION('',(1.0,0.0,0.0));
#13874=CARTESIAN_POINT('',(3.65,1.21,4.17));
#13875=DIRECTION('',(0.0,1.0,0.0));
#13876=DIRECTION('',(-0.320407000973401,0.0,0.947279976420504));
#13877=DIRECTION('',(0.999999999621974,7.13020798751481E-07,2.74871531211993E-05));
#13878=DIRECTION('',(1.043760788921E-13,1.576986409348E-13,-1.0));
#13879=CARTESIAN_POINT('',(5.143118958656,1.21,3.552447729244));
#13880=DIRECTION('',(0.0,-1.0,0.0));
#13881=DIRECTION('',(0.87605074830664,0.0,-0.482218919570122));
#13882=CARTESIAN_POINT('',(11.59687754325,1.21,0.0));
#13883=DIRECTION('',(0.0,1.0,0.0));
#13884=DIRECTION('',(-0.951199275909052,0.0,0.308577279640117));
#13885=DIRECTION('',(0.0,0.0,1.0));
#13886=CARTESIAN_POINT('',(11.59687754325,1.21,0.0));
#13887=DIRECTION('',(0.0,1.0,0.0));
#13888=DIRECTION('',(-0.876103757794,0.0,-0.4821226043023));
#13889=CARTESIAN_POINT('',(5.142728444405,1.21,-3.551738186735));
#13890=DIRECTION('',(0.0,-1.0,0.0));
#13891=DIRECTION('',(0.90167118411507,0.0,-0.432422334918685));
#13892=CARTESIAN_POINT('',(2.085608385356,1.21,-2.085608385356));
#13893=DIRECTION('',(0.0,-1.0,0.0));
#13894=DIRECTION('',(0.432422334922477,0.0,-0.901671184113252));
#13895=CARTESIAN_POINT('',(3.551738186735,1.21,-5.142728444405));
#13896=DIRECTION('',(0.0,-1.0,-0.0));
#13897=DIRECTION('',(-0.482122604341078,0.0,-0.87610375777266));
#13898=CARTESIAN_POINT('',(0.0,1.21,-11.59687754325));
#13899=DIRECTION('',(-0.0,1.0,0.0));
#13900=DIRECTION('',(0.308577279640599,0.0,0.951199275908896));
#13901=DIRECTION('',(1.0,0.0,0.0));
#13902=CARTESIAN_POINT('',(0.0,1.21,-11.59687754325));
#13903=DIRECTION('',(0.0,1.0,0.0));
#13904=DIRECTION('',(-0.4821226043023,0.0,0.876103757794));
#13905=CARTESIAN_POINT('',(-3.551738186735,1.21,-5.142728444405));
#13906=DIRECTION('',(0.0,-1.0,-0.0));
#13907=DIRECTION('',(-0.432422334942197,0.0,-0.901671184103794));
#13908=CARTESIAN_POINT('',(-2.085608385353,1.209999999999,-2.085608385353));
#13909=DIRECTION('',(0.0,-1.0,-0.0));
#13910=DIRECTION('',(-0.901671184112517,0.0,-0.432422334924008));
#13911=CARTESIAN_POINT('',(-5.142728444405,1.21,-3.551738186735));
#13912=DIRECTION('',(0.0,-1.0,0.0));
#13913=DIRECTION('',(-0.876103757753325,0.0,0.482122604376214));
#13914=CARTESIAN_POINT('',(-11.59687754325,1.21,0.0));
#13915=DIRECTION('',(0.0,1.0,0.0));
#13916=DIRECTION('',(0.951199275909159,0.0,-0.308577279639787));
#13917=DIRECTION('',(0.0,0.0,-1.0));
#13918=CARTESIAN_POINT('',(-11.59687754325,1.21,0.0));
#13919=DIRECTION('',(-0.0,1.0,0.0));
#13920=DIRECTION('',(0.876103757794539,0.0,0.482122604301321));
#13921=CARTESIAN_POINT('',(-5.142728444405,1.21,3.551738186735));
#13922=DIRECTION('',(0.0,-1.0,0.0));
#13923=DIRECTION('',(-0.90167118411507,0.0,0.432422334918685));
#13924=CARTESIAN_POINT('',(-2.085608385356,1.21,2.085608385356));
#13925=DIRECTION('',(0.0,-1.0,0.0));
#13926=DIRECTION('',(-0.432422334922477,0.0,0.901671184113252));
#13927=CARTESIAN_POINT('',(-3.551738186735,1.21,5.142728444405));
#13928=DIRECTION('',(0.0,-1.0,0.0));
#13929=DIRECTION('',(0.482122604376878,0.0,0.87610375775296));
#13930=CARTESIAN_POINT('',(0.0,1.21,11.59687754325));
#13931=DIRECTION('',(0.0,1.0,0.0));
#13932=DIRECTION('',(-0.308577279640207,0.0,-0.951199275909023));
#13933=DIRECTION('',(-1.0,0.0,0.0));
#13934=CARTESIAN_POINT('',(0.0,1.21,11.59687754325));
#13935=DIRECTION('',(0.0,1.0,0.0));
#13936=DIRECTION('',(0.482122604301321,0.0,-0.876103757794539));
#13937=CARTESIAN_POINT('',(3.551738186735,1.21,5.142728444405));
#13938=DIRECTION('',(0.0,-1.0,0.0));
#13939=DIRECTION('',(0.432686531669713,0.0,0.901544433354027));
#13940=CARTESIAN_POINT('',(2.082190520711,1.21,2.080783084798));
#13941=DIRECTION('',(0.0,-1.0,0.0));
#13942=DIRECTION('',(0.901245015836205,0.0,0.433309844603603));
#13943=DIRECTION('',(0.0261679842649193,0.999315001988374,-0.0261679842648793));
#13944=DIRECTION('',(3.99264455311117E-06,0.000114641942768805,0.999999993420642));
#13945=DIRECTION('',(-0.0260475735625697,-0.994699988833687,-0.0994658540694487));
#13946=DIRECTION('',(0.0,0.0,-1.0));
#13947=DIRECTION('',(0.0,0.0,1.0));
#13948=DIRECTION('',(-1.0,0.0,0.0));
#13949=DIRECTION('',(0.0,0.0,-1.0));
#13950=DIRECTION('',(0.0,0.0,1.0));
#13951=DIRECTION('',(0.02604757395505,-0.9946999888235,-0.0994658540685401));
#13952=DIRECTION('',(3.99353321539515E-06,-0.000114641942745104,-0.999999993420638));
#13953=DIRECTION('',(0.0261679842648793,-0.999315001988375,0.0261679842648793));
#13954=DIRECTION('',(-0.999999999640061,-6.96010757825473E-07,-2.68215230791089E-05));
#13955=DIRECTION('',(-2.6821523145369E-05,6.96010771823373E-07,-0.999999999640061));
#13956=CARTESIAN_POINT('',(-4.17,0.31,3.65));
#13957=DIRECTION('',(0.0,-1.0,0.0));
#13958=DIRECTION('',(-1.0,0.0,0.0));
#13959=DIRECTION('',(0.0,-1.404333174418E-14,-1.0));
#13960=CARTESIAN_POINT('',(-4.57,0.31,3.985992052357));
#13961=DIRECTION('',(0.0,-1.0,0.0));
#13962=DIRECTION('',(-0.707106781187948,0.0,0.707106781185147));
#13963=DIRECTION('',(-0.707106781186547,0.0,-0.707106781186547));
#13964=CARTESIAN_POINT('',(-3.985992052357,0.31,4.57));
#13965=DIRECTION('',(0.0,-1.0,0.0));
#13966=DIRECTION('',(0.0,0.0,1.0));
#13967=DIRECTION('',(-1.0,1.404333174418E-14,0.0));
#13968=CARTESIAN_POINT('',(-3.65,0.31,4.17));
#13969=DIRECTION('',(0.0,-1.0,0.0));
#13970=DIRECTION('',(0.318806777656105,0.0,0.947819728915014));
#13971=DIRECTION('',(-0.999999999839505,-1.78584064716401E-05,1.43793174673401E-06));
#13972=DIRECTION('',(0.707106781186548,0.0,0.707106781186548));
#13973=DIRECTION('',(1.43793173406701E-06,1.78584064753201E-05,-0.999999999839505));
#13974=DIRECTION('',(-0.999999993420639,0.000114641942775505,3.99326166516916E-06));
#13975=DIRECTION('',(0.0261679842648793,0.999315001988374,0.0261679842649193));
#13976=DIRECTION('',(0.0994658540687423,-0.994699988826623,-0.0260475738350306));
#13977=DIRECTION('',(1.0,0.0,0.0));
#13978=DIRECTION('',(-0.0871261034023002,-0.995855918823202,-0.0260774049845301));
#13979=DIRECTION('',(-0.0871261034023002,-0.995855918823202,0.0260774049845301));
#13980=DIRECTION('',(-0.0871557427477136,-0.996194698091741,0.0));
#13981=DIRECTION('',(0.0,0.0,-1.0));
#13982=DIRECTION('',(0.0871557427477235,0.99619469809174,0.0));
#13983=DIRECTION('',(0.0,0.0,-1.0));
#13984=DIRECTION('',(1.0,0.0,0.0));
#13985=DIRECTION('',(-1.0,0.0,0.0));
#13986=DIRECTION('',(0.0994658540688509,-0.994699988826609,0.0260475738351502));
#13987=DIRECTION('',(0.999999993420639,-0.000114641942765105,3.99326165677916E-06));
#13988=DIRECTION('',(-0.0261679842648793,-0.999315001988375,0.0261679842648793));
#13989=DIRECTION('',(2.6821523085819E-05,-6.96010759732673E-07,-0.999999999640061));
#13990=DIRECTION('',(0.999999999505329,8.13662048667624E-07,-3.14432661187809E-05));
#13991=CARTESIAN_POINT('',(-3.65,0.31,-4.17));
#13992=DIRECTION('',(0.0,-1.0,0.0));
#13993=DIRECTION('',(0.0,0.0,-1.0));
#13994=DIRECTION('',(-1.0,1.404333174418E-14,0.0));
#13995=CARTESIAN_POINT('',(-3.985992052357,0.31,-4.57));
#13996=DIRECTION('',(0.0,-1.0,-0.0));
#13997=DIRECTION('',(-0.299370549440894,0.0,-0.954136926299081));
#13998=DIRECTION('',(0.707107279573122,0.0,-0.707106282799622));
#13999=CARTESIAN_POINT('',(-4.57,0.31,-3.985992052357));
#14000=DIRECTION('',(0.0,-1.0,0.0));
#14001=DIRECTION('',(-1.0,0.0,0.0));
#14002=DIRECTION('',(0.0,-1.404333174418E-14,1.0));
#14003=CARTESIAN_POINT('',(-4.17,0.31,-3.65));
#14004=DIRECTION('',(0.0,-1.0,0.0));
#14005=DIRECTION('',(-0.947813384223233,0.0,0.318825639946511));
#14006=DIRECTION('',(-1.43793174667301E-06,-1.78584064727701E-05,-0.999999999839505));
#14007=DIRECTION('',(-0.707106781186548,0.0,0.707106781186548));
#14008=DIRECTION('',(0.999999999951501,9.80808276632901E-06,8.94529826737301E-07));
#14009=DIRECTION('',(9.86851115778149E-05,5.87192360118629E-05,-0.99999999340665));
#14010=DIRECTION('',(-9.551769283857E-14,3.368238314748E-13,-1.0));
#14011=DIRECTION('',(0.0260471523956502,-0.99470061906391,0.099459661601841));
#14012=DIRECTION('',(0.0,-2.047995490925E-14,1.0));
#14013=DIRECTION('',(0.0260774049845301,-0.995855918823202,-0.0871261034023002));
#14014=DIRECTION('',(-0.0261679842649992,0.99931500198837,0.0261679842649592));
#14015=DIRECTION('',(-0.00574450137924578,0.999651307123962,0.025773336401359));
#14016=DIRECTION('',(0.0,0.99965732497556,0.026176948307769));
#14017=DIRECTION('',(0.0,-0.99965732497556,-0.026176948307769));
#14018=DIRECTION('',(0.026176948307769,0.99965732497556,0.0));
#14019=DIRECTION('',(-0.026176948307769,-0.99965732497556,0.0));
#14020=DIRECTION('',(0.0257679512047087,0.99965133244205,-0.00576422046293871));
#14021=DIRECTION('',(-0.173007208809895,0.981172637986272,0.0858414827858275));
#14022=DIRECTION('',(0.0,0.996194698091758,0.0871557427475163));
#14023=DIRECTION('',(-1.0,0.0,0.0));
#14024=DIRECTION('',(-0.0260774049845301,-0.995855918823202,-0.0871261034023002));
#14025=DIRECTION('',(0.0,-0.996194698091758,-0.0871557427475163));
#14026=DIRECTION('',(0.173007208809895,0.981172637986271,0.0858414827858375));
#14027=DIRECTION('',(-1.0,0.0,0.0));
#14028=DIRECTION('',(0.0,0.0,-1.0));
#14029=DIRECTION('',(-1.0,0.0,0.0));
#14030=DIRECTION('',(0.0,0.0,1.0));
#14031=DIRECTION('',(-1.0,0.0,0.0));
#14032=DIRECTION('',(0.0,0.0,-1.0));
#14033=DIRECTION('',(1.0,0.0,0.0));
#14034=DIRECTION('',(0.0,0.0,-1.0));
#14035=DIRECTION('',(0.0,1.162620877141E-14,-1.0));
#14036=DIRECTION('',(-0.172800840285807,0.980068983196443,-0.0980033559262643));
#14037=DIRECTION('',(-8.7276774992002E-06,9.94936244677023E-05,-0.999999995012423));
#14038=DIRECTION('',(3.6502536851799E-06,0.999999999991174,-2.08050651757294E-06));
#14039=DIRECTION('',(0.0,-0.707106781186548,-0.707106781186548));
#14040=DIRECTION('',(0.0,0.0,-1.0));
#14041=DIRECTION('',(0.0,1.0,-4.440892098501E-14));
#14042=DIRECTION('',(0.0,-1.0,9.937681992062E-14));
#14043=DIRECTION('',(-1.0,0.0,0.0));
#14044=DIRECTION('',(0.0,-1.0,4.440892098501E-14));
#14045=DIRECTION('',(0.0,-1.0,1.006674279715E-13));
#14046=DIRECTION('',(-1.0,0.0,0.0));
#14047=CARTESIAN_POINT('',(-0.875,1.554093010682,-3.675));
#14048=DIRECTION('',(1.0,0.0,0.0));
#14049=DIRECTION('',(0.0,-0.229395340454506,-0.973333333333325));
#14050=CARTESIAN_POINT('',(0.875,1.554093010682,-3.675));
#14051=DIRECTION('',(-1.0,0.0,0.0));
#14052=DIRECTION('',(0.0,0.229395340454695,-0.97333333333328));
#14053=DIRECTION('',(0.0,0.0,-1.0));
#14054=DIRECTION('',(0.0,0.707106781186548,0.707106781186548));
#14055=DIRECTION('',(3.6502536847069E-06,-0.999999999991174,2.08050649772994E-06));
#14056=DIRECTION('',(8.7276774989182E-06,9.94936244600223E-05,-0.999999995012423));
#14057=DIRECTION('',(0.172800840285794,0.980068983196464,-0.0980033559260764));
#14058=DIRECTION('',(0.0,-1.662056606054E-14,1.0));
#14059=DIRECTION('',(0.99999999901898,-4.42930952189991E-05,4.03423152268792E-07));
#14060=DIRECTION('',(-0.0260475749891097,-0.994699988796691,0.0994658540658591));
#14061=DIRECTION('',(-1.0,0.0,0.0));
#14062=DIRECTION('',(0.999999997881504,6.50648641460803E-05,1.88564108819401E-06));
#14063=DIRECTION('',(-7.606208807006E-14,-1.0,6.047172219235E-14));
#14064=DIRECTION('',(1.0,0.0,0.0));
#14065=DIRECTION('',(0.281084637714912,0.678598344545828,0.678598344545828));
#14066=DIRECTION('',(1.0,0.0,0.0));
#14067=DIRECTION('',(0.0,0.0,1.0));
#14068=DIRECTION('',(1.0,0.0,0.0));
#14069=DIRECTION('',(0.0,0.0,1.0));
#14070=DIRECTION('',(0.707106781186548,0.0,0.707106781186548));
#14071=DIRECTION('',(1.0,0.0,0.0));
#14072=DIRECTION('',(0.707106781186548,0.0,-0.707106781186548));
#14073=DIRECTION('',(0.0,0.0,-1.0));
#14074=DIRECTION('',(-1.0,0.0,0.0));
#14075=DIRECTION('',(0.0,0.0,-1.0));
#14076=DIRECTION('',(-1.0,0.0,0.0));
#14077=DIRECTION('',(0.0,0.0,-1.0));
#14078=DIRECTION('',(-0.707106781186548,0.0,-0.707106781186548));
#14079=DIRECTION('',(-1.0,0.0,0.0));
#14080=DIRECTION('',(0.0,0.0,1.0));
#14081=DIRECTION('',(1.0,0.0,0.0));
#14082=DIRECTION('',(-1.0,0.0,0.0));
#14083=DIRECTION('',(-0.707106781186548,0.0,0.707106781186548));
#14084=DIRECTION('',(0.0,0.0,1.0));
#14085=DIRECTION('',(1.0,0.0,0.0));
#14086=CARTESIAN_POINT('',(0.0,2.49,0.0));
#14087=DIRECTION('',(0.0,-1.0,0.0));
#14088=DIRECTION('',(-1.0,0.0,0.0));
#14089=CARTESIAN_POINT('',(0.0,2.49,0.0));
#14090=DIRECTION('',(0.0,1.0,0.0));
#14091=DIRECTION('',(-1.0,0.0,0.0));
#14092=CARTESIAN_POINT('',(3.675,1.554093010682,0.875));
#14093=DIRECTION('',(0.0,0.0,-1.0));
#14094=DIRECTION('',(0.97333333333328,0.229395340454695,0.0));
#14095=DIRECTION('',(9.004637792567E-14,-1.0,0.0));
#14096=DIRECTION('',(-0.707106781186548,0.707106781186548,0.0));
#14097=DIRECTION('',(0.0,-1.0,0.0));
#14098=DIRECTION('',(0.099493418189578,0.99503822023928,0.0));
#14099=DIRECTION('',(-1.0,0.0,0.0));
#14100=DIRECTION('',(0.0871557427477136,-0.996194698091741,0.0));
#14101=DIRECTION('',(-0.0871557427477235,0.99619469809174,0.0));
#14102=DIRECTION('',(0.0871261034023002,-0.995855918823202,0.0260774049845301));
#14103=DIRECTION('',(0.0,0.0,-1.0));
#14104=DIRECTION('',(0.0871261034023002,-0.995855918823202,-0.0260774049845301));
#14105=DIRECTION('',(0.0,0.0,1.0));
#14106=DIRECTION('',(1.0,0.0,0.0));
#14107=DIRECTION('',(0.0,0.0,1.0));
#14108=DIRECTION('',(-1.0,0.0,0.0));
#14109=DIRECTION('',(0.0,0.0,-1.0));
#14110=DIRECTION('',(1.0,0.0,0.0));
#14111=DIRECTION('',(0.0,0.0,1.0));
#14112=DIRECTION('',(1.0,0.0,0.0));
#14113=DIRECTION('',(1.0,0.0,0.0));
#14114=DIRECTION('',(-0.099493418189578,-0.99503822023928,0.0));
#14115=DIRECTION('',(0.0,1.0,0.0));
#14116=DIRECTION('',(0.707106781186548,-0.707106781186548,0.0));
#14117=DIRECTION('',(-8.854560496024E-14,1.0,0.0));
#14118=CARTESIAN_POINT('',(3.675,1.554093010682,-0.875));
#14119=DIRECTION('',(0.0,0.0,1.0));
#14120=DIRECTION('',(0.973333333333419,-0.229395340454105,0.0));
#14121=DIRECTION('',(0.0,0.0,-1.0));
#14122=DIRECTION('',(0.0,0.0,1.0));
#14123=DIRECTION('',(-0.678598344545828,0.678598344545828,0.281084637714912));
#14124=DIRECTION('',(0.707106781186548,0.0,0.707106781186548));
#14125=DIRECTION('',(-0.281084637714912,0.678598344545828,0.678598344545828));
#14126=DIRECTION('',(1.0,-4.491558453643E-14,-4.377042799017E-14));
#14127=DIRECTION('',(-1.842497785548E-14,1.0,0.0));
#14128=DIRECTION('',(0.999999999839505,-1.78584064583301E-05,-1.43793174818101E-06));
#14129=DIRECTION('',(-0.707106781186548,0.0,-0.707106781186548));
#14130=DIRECTION('',(-1.43793173529701E-06,1.78584064592601E-05,0.999999999839505));
#14131=DIRECTION('',(0.999999993420639,0.000114641942672505,-3.99326166418216E-06));
#14132=DIRECTION('',(2.6821523145369E-05,6.96010750702273E-07,0.999999999640061));
#14133=CARTESIAN_POINT('',(4.17,0.31,-3.65));
#14134=DIRECTION('',(0.0,-1.0,0.0));
#14135=DIRECTION('',(1.0,0.0,0.0));
#14136=DIRECTION('',(0.0,-1.404333174418E-14,1.0));
#14137=CARTESIAN_POINT('',(4.57,0.31,-3.985992052357));
#14138=DIRECTION('',(0.0,-1.0,0.0));
#14139=DIRECTION('',(0.707106781187948,0.0,-0.707106781185147));
#14140=DIRECTION('',(0.707106781186547,0.0,0.707106781186547));
#14141=CARTESIAN_POINT('',(3.985992052357,0.31,-4.57));
#14142=DIRECTION('',(0.0,-1.0,0.0));
#14143=DIRECTION('',(0.0,0.0,-1.0));
#14144=DIRECTION('',(1.0,1.404333174418E-14,0.0));
#14145=CARTESIAN_POINT('',(3.65,0.31,-4.17));
#14146=DIRECTION('',(0.0,-1.0,-0.0));
#14147=DIRECTION('',(-0.31880633580571,0.0,-0.947819877534828));
#14148=DIRECTION('',(0.999999999640061,-6.96010757825473E-07,2.68215230791089E-05));
#14149=DIRECTION('',(-3.99587534375412E-06,-0.000114641942617803,0.999999993420629));
#14150=DIRECTION('',(-0.0261679842648793,-0.999315001988375,-0.0261679842648793));
#14151=DIRECTION('',(0.0,2.047995490925E-14,-1.0));
#14152=DIRECTION('',(0.0,0.0,1.0));
#14153=DIRECTION('',(-1.0,0.0,0.0));
#14154=DIRECTION('',(0.0,0.0,-1.0));
#14155=DIRECTION('',(1.0,0.0,0.0));
#14156=DIRECTION('',(-0.00575382627171501,-0.999651320466902,-0.0257707386780701));
#14157=DIRECTION('',(0.0,-0.99965732497556,-0.026176948307769));
#14158=DIRECTION('',(0.0,0.99965732497556,0.026176948307769));
#14159=DIRECTION('',(0.0185098976584293,-0.999657324975563,-0.0185098976598193));
#14160=DIRECTION('',(-0.0185098976596393,0.999657324975562,0.0185098976586193));
#14161=DIRECTION('',(0.026176948307769,-0.99965732497556,0.0));
#14162=DIRECTION('',(-0.026176948307769,0.99965732497556,0.0));
#14163=DIRECTION('',(0.0257728629016999,-0.999651311454298,0.00574587204455799));
#14164=DIRECTION('',(-0.0261679842648793,0.999315001988374,-0.0261679842649193));
#14165=DIRECTION('',(-0.0994658540687423,-0.994699988826623,0.0260475738350306));
#14166=DIRECTION('',(-1.0,0.0,0.0));
#14167=DIRECTION('',(1.0,0.0,0.0));
#14168=DIRECTION('',(0.0,0.0,1.0));
#14169=DIRECTION('',(-1.0,0.0,0.0));
#14170=DIRECTION('',(1.0,0.0,0.0));
#14171=DIRECTION('',(-0.0994658540686845,-0.994699988824945,-0.0260475738993412));
#14172=DIRECTION('',(-0.999999993420639,-0.000114641942750604,-3.99340704651315E-06));
#14173=DIRECTION('',(0.0261679842648793,-0.999315001988375,-0.0261679842648793));
#14174=DIRECTION('',(2.6821523085819E-05,6.96010759732673E-07,-0.999999999640061));
#14175=DIRECTION('',(1.43793174670601E-06,-1.78584064722301E-05,0.999999999839505));
#14176=DIRECTION('',(0.707106781186548,0.0,-0.707106781186548));
#14177=DIRECTION('',(-0.999999999839505,1.78584064712401E-05,-1.43793173423701E-06));
#14178=DIRECTION('',(0.999999999640061,-6.96010771287073E-07,-2.68215231520789E-05));
#14179=CARTESIAN_POINT('',(3.65,0.31,4.17));
#14180=DIRECTION('',(0.0,-1.0,0.0));
#14181=DIRECTION('',(0.0,0.0,1.0));
#14182=DIRECTION('',(1.0,1.404333174418E-14,0.0));
#14183=CARTESIAN_POINT('',(3.985992052357,0.31,4.57));
#14184=DIRECTION('',(0.0,-1.0,0.0));
#14185=DIRECTION('',(0.299370549440894,0.0,0.954136926299081));
#14186=DIRECTION('',(-0.707106781186548,0.0,0.707106781186548));
#14187=CARTESIAN_POINT('',(4.57,0.31,3.985992052357));
#14188=DIRECTION('',(0.0,-1.0,0.0));
#14189=DIRECTION('',(1.0,0.0,0.0));
#14190=DIRECTION('',(0.0,-1.404333174418E-14,-1.0));
#14191=CARTESIAN_POINT('',(4.17,0.31,3.65));
#14192=DIRECTION('',(0.0,-1.0,0.0));
#14193=DIRECTION('',(0.947813384223233,0.0,-0.318825639946511));
#14194=DIRECTION('',(-0.0257679511517805,0.999651332442319,0.00576422065287911));
#14195=DIRECTION('',(0.026176948307769,-0.99965732497556,0.0));
#14196=DIRECTION('',(-0.026176948307769,0.99965732497556,0.0));
#14197=DIRECTION('',(0.0,-0.99965732497556,0.026176948307769));
#14198=DIRECTION('',(0.0,0.99965732497556,-0.026176948307769));
#14199=DIRECTION('',(0.00574475922340023,0.99965130748464,-0.025773264940901));
#14200=DIRECTION('',(9.684924257369E-14,-1.0,-8.125887669597E-14));
#14201=DIRECTION('',(-1.0,0.0,0.0));
#14202=DIRECTION('',(-1.0,0.0,0.0));
#14203=DIRECTION('',(0.0,-0.999999999997673,-2.15741650301194E-06));
#14204=DIRECTION('',(-0.999999991312796,0.000131698382968399,5.47214247471998E-06));
#14205=DIRECTION('',(1.0,0.0,0.0));
#14206=DIRECTION('',(0.0,0.995038649527736,0.0994891247625536));
#14207=DIRECTION('',(1.0,0.0,0.0));
#14208=DIRECTION('',(0.0,0.99503822023928,0.099493418189578));
#14209=DIRECTION('',(-0.999999988722085,-0.000150069190495798,-5.92189231159391E-06));
#14210=DIRECTION('',(0.0,-1.0,0.0));
#14211=DIRECTION('',(-1.0,0.0,0.0));
#14212=DIRECTION('',(1.842497785548E-14,1.0,0.0));
#14213=DIRECTION('',(-0.707106781186548,0.0,-0.707106781186548));
#14214=DIRECTION('',(-8.078644136634E-14,1.0,-9.684924257369E-14));
#14215=DIRECTION('',(0.0,0.0,-1.0));
#14216=DIRECTION('',(0.0,1.0,0.0));
#14217=DIRECTION('',(5.92189246963891E-06,-0.000150069190490498,0.999999988722085));
#14218=DIRECTION('',(0.0994934181895681,-0.995038220239281,0.0));
#14219=DIRECTION('',(0.0,0.0,-1.0));
#14220=DIRECTION('',(-0.099493418189578,0.99503822023928,0.0));
#14221=DIRECTION('',(-5.92189231262491E-06,0.000150069190500398,0.999999988722085));
#14222=DIRECTION('',(0.0,0.0,-1.0));
#14223=DIRECTION('',(-1.0,0.0,0.0));
#14224=DIRECTION('',(0.0,0.0,-1.0));
#14225=DIRECTION('',(0.0,0.0,1.0));
#14226=DIRECTION('',(0.0,-1.0,0.0));
#14227=DIRECTION('',(0.0,0.0,-1.0));
#14228=DIRECTION('',(0.0,-1.0,-1.842497785548E-14));
#14229=DIRECTION('',(0.707106781186548,0.0,-0.707106781186548));
#14230=DIRECTION('',(0.678598344545828,0.678598344545828,0.281084637714912));
#14231=DIRECTION('',(0.707106781186548,0.707106781186548,0.0));
#14232=CARTESIAN_POINT('',(-3.675,1.554093010682,-0.875));
#14233=DIRECTION('',(0.0,0.0,1.0));
#14234=DIRECTION('',(-0.97333333333328,0.229395340454695,0.0));
#14235=DIRECTION('',(-9.004637792567E-14,-1.0,0.0));
#14236=DIRECTION('',(1.0,0.0,0.0));
#14237=DIRECTION('',(-1.0,0.0,0.0));
#14238=DIRECTION('',(1.0,0.0,0.0));
#14239=DIRECTION('',(0.0,0.0,-1.0));
#14240=DIRECTION('',(-1.0,0.0,0.0));
#14241=DIRECTION('',(0.0,0.0,1.0));
#14242=DIRECTION('',(-1.0,0.0,0.0));
#14243=DIRECTION('',(-1.0,0.0,0.0));
#14244=DIRECTION('',(-0.707106781186548,-0.707106781186548,0.0));
#14245=DIRECTION('',(8.854560496024E-14,1.0,0.0));
#14246=CARTESIAN_POINT('',(-3.675,1.554093010682,0.875));
#14247=DIRECTION('',(-0.0,0.0,-1.0));
#14248=DIRECTION('',(-0.973333333333419,-0.229395340454105,0.0));
#14249=DIRECTION('',(0.0,0.0,1.0));
#14250=DIRECTION('',(0.678598344545828,0.678598344545828,-0.281084637714912));
#14251=DIRECTION('',(0.281084637714912,0.678598344545828,-0.678598344545828));
#14252=DIRECTION('',(0.0,0.707106781186548,-0.707106781186548));
#14253=DIRECTION('',(0.0,-1.0,9.004637792567E-14));
#14254=DIRECTION('',(0.0,0.0,-1.0));
#14255=DIRECTION('',(0.0,-1.0,0.0));
#14256=DIRECTION('',(1.0,0.0,0.0));
#14257=DIRECTION('',(0.587785252292513,0.809016994374918,0.0));
#14258=DIRECTION('',(-1.258213249362E-14,1.0,0.0));
#14259=DIRECTION('',(0.0,3.243437264798E-14,-1.0));
#14260=DIRECTION('',(0.0,1.0,0.0));
#14261=DIRECTION('',(-0.587785252292513,-0.809016994374918,0.0));
#14262=DIRECTION('',(1.0,0.0,0.0));
#14263=DIRECTION('',(0.0,-1.0,0.0));
#14264=DIRECTION('',(0.0,0.0,1.0));
#14265=DIRECTION('',(0.0,-3.054630388896E-13,1.0));
#14266=DIRECTION('',(1.0,0.0,0.0));
#14267=DIRECTION('',(-0.281084637714912,0.678598344545828,-0.678598344545828));
#14268=DIRECTION('',(-0.707106781186548,0.0,0.707106781186548));
#14269=DIRECTION('',(-0.678598344545828,0.678598344545828,-0.281084637714912));
#14270=DIRECTION('',(0.0,0.0,1.0));
#14271=DIRECTION('',(0.0,-1.0,1.842497785548E-14));
#14272=DIRECTION('',(5.92189231207291E-06,0.000150069190490398,-0.999999988722085));
#14273=DIRECTION('',(0.0,0.0,1.0));
#14274=DIRECTION('',(-5.92189247217191E-06,-0.000150069190487098,-0.999999988722085));
#14275=DIRECTION('',(8.125887669597E-14,1.0,9.684924257368E-14));
#14276=DIRECTION('',(0.0,0.0,-1.0));
#14277=DIRECTION('',(7.549279496169E-14,1.0,0.0));
#14278=DIRECTION('',(0.587785252292513,-0.809016994374918,0.0));
#14279=DIRECTION('',(0.0,-1.0,0.0));
#14280=DIRECTION('',(-1.0,0.0,0.0));
#14281=DIRECTION('',(0.0,-1.0,0.0));
#14282=DIRECTION('',(0.0,0.0,-1.0));
#14283=DIRECTION('',(0.0,-1.0,0.0));
#14284=DIRECTION('',(-1.0,0.0,0.0));
#14285=DIRECTION('',(0.0,1.0,0.0));
#14286=DIRECTION('',(-0.587785252292513,0.809016994374918,0.0));
#14287=DIRECTION('',(7.86383280851E-14,1.0,0.0));
#14288=DIRECTION('',(0.0,3.214690418624E-14,1.0));
#14289=DIRECTION('',(0.0,3.211716606951E-14,1.0));
#14290=DIRECTION('',(0.0,-0.996194698091755,0.0871557427475461));
#14291=DIRECTION('',(0.0,0.99619469809176,0.0871557427474965));
#14292=DIRECTION('',(0.0,0.0,1.0));
#14293=DIRECTION('',(0.0,0.0,1.0));
#14294=DIRECTION('',(0.0,0.0,-1.0));
#14295=DIRECTION('',(-1.0,0.0,-9.749710991496E-14));
#14296=DIRECTION('',(-1.0,0.0,0.0));
#14297=DIRECTION('',(-0.257899784197197,-0.962495097884589,-0.0842074097640691));
#14298=DIRECTION('',(0.0,-0.996194698091755,-0.0871557427475461));
#14299=DIRECTION('',(0.0,0.996194698091755,-0.0871557427475461));
#14300=DIRECTION('',(-0.257899784197197,-0.962495097884589,0.0842074097640691));
#14301=DIRECTION('',(-0.257899784197197,-0.962495097884589,-0.0842074097640691));
#14302=DIRECTION('',(0.0,-0.996194698091743,-0.0871557427476838));
#14303=DIRECTION('',(1.0,0.0,0.0));
#14304=DIRECTION('',(0.0,0.996194698091751,0.0871557427475957));
#14305=DIRECTION('',(1.0,-2.023788544155E-12,4.440892098501E-14));
#14306=DIRECTION('',(0.0,1.0,-4.374278717001E-13));
#14307=DIRECTION('',(0.0,0.0,1.0));
#14308=DIRECTION('',(-1.0,0.0,0.0));
#14309=DIRECTION('',(0.0,0.0,1.0));
#14310=DIRECTION('',(0.0,0.0,-1.0));
#14311=DIRECTION('',(0.707106781186548,0.0,0.707106781186548));
#14312=DIRECTION('',(0.0,-1.0,0.0));
#14313=DIRECTION('',(0.0,-1.0,0.0));
#14314=DIRECTION('',(-0.0747899482416268,0.997199309888457,0.0));
#14315=DIRECTION('',(-0.0747899482416268,0.997199309888457,0.0));
#14316=DIRECTION('',(0.0,0.0,-1.0));
#14317=DIRECTION('',(-1.0,0.0,0.0));
#14318=DIRECTION('',(-0.0747899482416268,-0.997199309888457,0.0));
#14319=DIRECTION('',(-1.0,0.0,0.0));
#14320=DIRECTION('',(-1.0,2.823138548333E-14,0.0));
#14321=DIRECTION('',(0.0,1.0,1.830690533066E-14));
#14322=DIRECTION('',(1.0,0.0,0.0));
#14323=DIRECTION('',(0.0,-1.0,-1.830690533066E-14));
#14324=DIRECTION('',(0.0,0.0,-1.0));
#14325=DIRECTION('',(-1.0,0.0,0.0));
#14326=DIRECTION('',(0.0747899482416268,0.997199309888457,0.0));
#14327=DIRECTION('',(1.0,0.0,0.0));
#14328=DIRECTION('',(0.0,0.0,-1.0));
#14329=DIRECTION('',(-1.0,0.0,0.0));
#14330=DIRECTION('',(0.707106781186548,0.0,-0.707106781186548));
#14331=DIRECTION('',(0.0,0.0,1.0));
#14332=DIRECTION('',(0.0,-1.0,0.0));
#14333=DIRECTION('',(0.0,-1.0,0.0));
#14334=DIRECTION('',(-0.0747899482416268,-0.997199309888457,0.0));
#14335=DIRECTION('',(0.0,1.0,0.0));
#14336=DIRECTION('',(0.0,0.0,-1.0));
#14337=DIRECTION('',(0.0,-1.0,0.0));
#14338=DIRECTION('',(-1.0,0.0,0.0));
#14339=DIRECTION('',(0.0,-1.0,0.0));
#14340=DIRECTION('',(0.0,0.0,-1.0));
#14341=DIRECTION('',(0.0,1.0,-1.258213249362E-14));
#14342=DIRECTION('',(1.0,0.0,0.0));
#14343=DIRECTION('',(-1.0,0.0,0.0));
#14344=CARTESIAN_POINT('',(0.0,-16.38,0.0));
#14345=DIRECTION('',(0.0,0.0,-1.0));
#14346=DIRECTION('',(0.0970873786407755,0.995275861713054,0.0));
#14347=CARTESIAN_POINT('',(0.0,2.948257234467,0.0));
#14348=DIRECTION('',(0.0,-1.0,0.0));
#14349=DIRECTION('',(1.0,0.0,0.0));
#14350=CARTESIAN_POINT('',(0.0,-16.38,0.0));
#14351=DIRECTION('',(0.0,0.0,-1.0));
#14352=DIRECTION('',(-0.236306029104294,0.971678681771377,0.0));
#14353=CARTESIAN_POINT('',(0.0,2.948257234467,0.0));
#14354=DIRECTION('',(-0.0,1.0,0.0));
#14355=DIRECTION('',(1.0,0.0,0.0));
#14356=CARTESIAN_POINT('',(0.0,3.097548613724,0.0));
#14357=DIRECTION('',(-0.0,1.0,0.0));
#14358=DIRECTION('',(1.0,0.0,0.0));
#14359=CARTESIAN_POINT('',(0.0,3.097548613724,0.0));
#14360=DIRECTION('',(0.0,1.0,0.0));
#14361=DIRECTION('',(-1.0,0.0,-1.350153662624E-12));
#14362=DIRECTION('',(0.0,1.0,-4.032432557646E-11));
#14363=CARTESIAN_POINT('',(0.0,3.4,0.0));
#14364=DIRECTION('',(0.0,-1.0,0.0));
#14365=DIRECTION('',(1.0,0.0,0.0));
#14366=DIRECTION('',(0.0,1.0,4.032432557646E-11));
#14367=CARTESIAN_POINT('',(0.0,3.4,0.0));
#14368=DIRECTION('',(0.0,-1.0,-0.0));
#14369=DIRECTION('',(-1.0,0.0,-1.350153662624E-12));
#14370=CARTESIAN_POINT('',(0.0,3.6,0.0));
#14371=DIRECTION('',(0.0,-1.0,0.0));
#14372=DIRECTION('',(-1.0,0.0,0.0));
#14373=CARTESIAN_POINT('',(0.0,3.6,0.0));
#14374=DIRECTION('',(0.0,-1.0,0.0));
#14375=DIRECTION('',(1.0,0.0,0.0));
#14376=DIRECTION('',(-0.0257727919973091,-0.999651311819765,-0.0057461264941688));
#14377=DIRECTION('',(0.026176948307769,0.99965732497556,0.0));
#14378=DIRECTION('',(-0.026176948307769,-0.99965732497556,0.0));
#14379=DIRECTION('',(0.0185098976596393,0.999657324975562,-0.0185098976586193));
#14380=DIRECTION('',(-0.0185098976584293,-0.999657324975563,0.0185098976598193));
#14381=DIRECTION('',(0.0,0.99965732497556,-0.026176948307769));
#14382=DIRECTION('',(0.0,-0.99965732497556,0.026176948307769));
#14383=DIRECTION('',(0.00575407535482379,-0.999651320812763,0.025770669648059));
#14384=DIRECTION('',(0.637276462205206,-0.707106781187306,0.306396329478903));
#14385=CARTESIAN_POINT('',(5.143118958656,1.174852813742,3.552447729244));
#14386=DIRECTION('',(0.0,-1.0,0.0));
#14387=DIRECTION('',(0.876050748326087,0.0,-0.482218919534793));
#14388=DIRECTION('',(0.619461424826281,-0.707106781189979,-0.34098026797359));
#14389=CARTESIAN_POINT('',(11.59687754325,1.174852813742,0.0));
#14390=DIRECTION('',(0.0,1.0,0.0));
#14391=DIRECTION('',(-0.950958945578256,0.0,0.309317125010386));
#14392=DIRECTION('',(0.0,0.0,1.0));
#14393=CARTESIAN_POINT('',(11.59687754325,1.174852813742,0.0));
#14394=DIRECTION('',(0.0,1.0,0.0));
#14395=DIRECTION('',(-0.876103757793461,0.0,-0.482122604303279));
#14396=DIRECTION('',(0.619498908181002,-0.707106781190102,0.340912162818401));
#14397=CARTESIAN_POINT('',(5.142728444405,1.174852813742,-3.551738186735));
#14398=DIRECTION('',(0.0,-1.0,0.0));
#14399=DIRECTION('',(0.901671184113484,0.0,-0.432422334921992));
#14400=DIRECTION('',(0.305768765363389,-0.707106781189775,-0.637577808681877));
#14401=CARTESIAN_POINT('',(3.551738186735,1.174852813742,-5.142728444405));
#14402=DIRECTION('',(0.0,-1.0,-0.0));
#14403=DIRECTION('',(-0.482122604305006,0.0,-0.876103757792511));
#14404=DIRECTION('',(-0.340912162818585,-0.707106781192668,-0.619498908177972));
#14405=CARTESIAN_POINT('',(0.0,1.174852813742,-11.59687754325));
#14406=DIRECTION('',(-0.0,1.0,0.0));
#14407=DIRECTION('',(0.309317125010506,0.0,0.950958945578217));
#14408=DIRECTION('',(1.0,0.0,0.0));
#14409=CARTESIAN_POINT('',(0.0,1.174852813743,-11.59687754325));
#14410=DIRECTION('',(0.0,1.0,0.0));
#14411=DIRECTION('',(-0.482122604303279,0.0,0.876103757793462));
#14412=DIRECTION('',(0.340912162817202,-0.707106781192605,-0.619498908178804));
#14413=CARTESIAN_POINT('',(-3.551738186735,1.174852813742,-5.142728444405));
#14414=DIRECTION('',(0.0,-1.0,-0.0));
#14415=DIRECTION('',(-0.432422334921992,0.0,-0.901671184113484));
#14416=DIRECTION('',(-0.6375778086958,-0.7071067811898,-0.3057687653343));
#14417=CARTESIAN_POINT('',(-5.142728444405,1.174852813742,-3.551738186735));
#14418=DIRECTION('',(0.0,-1.0,0.0));
#14419=DIRECTION('',(-0.876103757792511,0.0,0.482122604305006));
#14420=DIRECTION('',(-0.619498908203195,-0.707106781192694,0.340912162772697));
#14421=CARTESIAN_POINT('',(-11.59687754325,1.174852813742,0.0));
#14422=DIRECTION('',(0.0,1.0,0.0));
#14423=DIRECTION('',(0.950958945578257,0.0,-0.309317125010386));
#14424=DIRECTION('',(0.0,0.0,-1.0));
#14425=CARTESIAN_POINT('',(-11.59687754325,1.174852813742,0.0));
#14426=DIRECTION('',(-0.0,1.0,0.0));
#14427=DIRECTION('',(0.876103757793461,0.0,0.482122604303279));
#14428=DIRECTION('',(-0.619498908204089,-0.707106781192587,-0.340912162771294));
#14429=CARTESIAN_POINT('',(-5.142728444405,1.174852813742,3.551738186735));
#14430=DIRECTION('',(0.0,-1.0,0.0));
#14431=DIRECTION('',(-0.901671184113484,0.0,0.432422334921992));
#14432=DIRECTION('',(-0.30576876536332,-0.707106781189747,0.637577808681942));
#14433=CARTESIAN_POINT('',(-3.551738186735,1.174852813742,5.142728444405));
#14434=DIRECTION('',(0.0,-1.0,0.0));
#14435=DIRECTION('',(0.482122604305006,0.0,0.876103757792511));
#14436=DIRECTION('',(0.340912162772718,-0.707106781192738,0.619498908203133));
#14437=CARTESIAN_POINT('',(0.0,1.174852813742,11.59687754325));
#14438=DIRECTION('',(0.0,1.0,0.0));
#14439=DIRECTION('',(-0.309317125010506,0.0,-0.950958945578217));
#14440=DIRECTION('',(-1.0,0.0,0.0));
#14441=CARTESIAN_POINT('',(0.0,1.174852813742,11.59687754325));
#14442=DIRECTION('',(0.0,1.0,0.0));
#14443=DIRECTION('',(0.482122604303279,0.0,-0.876103757793461));
#14444=DIRECTION('',(-0.340912162771096,-0.707106781192592,0.619498908204193));
#14445=CARTESIAN_POINT('',(3.551738186735,1.174852813742,5.142728444405));
#14446=DIRECTION('',(0.0,-1.0,0.0));
#14447=DIRECTION('',(0.432686531682617,0.0,0.901544433347835));
#14448=DIRECTION('',(-3.788935079744E-12,-1.0,1.068673996851E-12));
#14449=DIRECTION('',(-1.06737863443E-10,-1.0,-4.656827901429E-11));
#14450=DIRECTION('',(5.275363457185E-11,1.0,9.24564927579E-12));
#14451=DIRECTION('',(5.323939547951E-11,-1.0,-9.229457245535E-12));
#14452=DIRECTION('',(1.173112591998E-10,-1.0,-5.183068884727E-11));
#14453=DIRECTION('',(-6.37965992058E-12,-1.0,-2.239357784305E-11));
#14454=DIRECTION('',(4.66006630748E-11,-1.0,-1.067054793825E-10));
#14455=DIRECTION('',(-8.306511520981E-12,1.0,4.766124105655E-11));
#14456=DIRECTION('',(8.306511520981E-12,-1.0,4.788792948012E-11));
#14457=DIRECTION('',(5.014671770072E-11,-1.0,1.138947408159E-10));
#14458=DIRECTION('',(-4.541864486616E-12,-1.0,2.396420477787E-12));
#14459=DIRECTION('',(1.817555396155E-11,-1.0,1.080008418027E-11));
#14460=DIRECTION('',(-1.743072056982E-11,1.0,-5.408138105266E-12));
#14461=DIRECTION('',(-1.790028944722E-11,-1.0,5.408138105266E-12));
#14462=DIRECTION('',(-2.543767953104E-11,-1.0,1.439471489694E-11));
#14463=DIRECTION('',(6.37965992058E-12,-1.0,2.238548182792E-11));
#14464=DIRECTION('',(-2.75750275248E-11,-1.0,6.275221325448E-11));
#14465=DIRECTION('',(5.327177954002E-12,1.0,-3.045720891026E-11));
#14466=DIRECTION('',(-5.310985923746E-12,-1.0,-3.052197703129E-11));
#14467=DIRECTION('',(-2.9679991458E-11,-1.0,-6.633065194091E-11));
#14468=DIRECTION('',(0.0,-1.0,0.0));
#14469=DIRECTION('',(0.0,0.0,-1.0));
#14470=DIRECTION('',(0.0,1.0,1.258213249362E-14));
#14471=DIRECTION('',(-1.0,0.0,0.0));
#14472=DIRECTION('',(-1.0,0.0,0.0));
#14473=DIRECTION('',(1.0,0.0,0.0));
#14474=DIRECTION('',(0.0,-1.0,0.0));
#14475=DIRECTION('',(0.0,-1.0,0.0));
#14476=DIRECTION('',(0.0174524064371699,0.999847695156393,0.0));
#14477=CARTESIAN_POINT('',(-5.233102946887,-2.172396939792,2.935));
#14478=DIRECTION('',(0.0,0.0,1.0));
#14479=DIRECTION('',(0.866025403806092,-0.499999999962495,0.0));
#14480=DIRECTION('',(0.500000000000092,0.866025403784386,0.0));
#14481=CARTESIAN_POINT('',(-5.355,-3.183528829076,2.935));
#14482=DIRECTION('',(-0.0,0.0,-1.0));
#14483=DIRECTION('',(-0.85788446480208,-0.513842626736288,0.0));
#14484=DIRECTION('',(-0.513842626728093,0.857884464806989,0.0));
#14485=DIRECTION('',(0.0174524064374898,0.999847695156388,0.0));
#14486=DIRECTION('',(-1.0,0.0,0.0));
#14487=DIRECTION('',(-0.0174524064373898,-0.999847695156389,0.0));
#14488=DIRECTION('',(0.50000000000021,-0.866025403784317,0.0));
#14489=CARTESIAN_POINT('',(-5.352802519547,-3.17,2.935));
#14490=DIRECTION('',(0.0,0.0,1.0));
#14491=DIRECTION('',(-0.866025403805286,0.499999999963892,0.0));
#14492=DIRECTION('',(-0.500000000000092,-0.866025403784386,0.0));
#14493=CARTESIAN_POINT('',(-5.233102946887,-2.172396939792,2.935));
#14494=DIRECTION('',(0.0,0.0,-1.0));
#14495=DIRECTION('',(0.999847695156243,-0.0174524064457708,0.0));
#14496=DIRECTION('',(-0.0174524064373198,-0.99984769515639,0.0));
#14497=DIRECTION('',(0.0,0.0,-1.0));
#14498=DIRECTION('',(0.0,0.0,1.0));
#14499=DIRECTION('',(0.0,0.0,1.0));
#14500=DIRECTION('',(0.0,0.0,1.0));
#14501=DIRECTION('',(0.0,-3.552713678801E-14,1.0));
#14502=DIRECTION('',(-0.0123416547509399,-0.707052927141196,0.707052927141296));
#14503=DIRECTION('',(0.0123416547509408,0.707052927141246,0.707052927141246));
#14504=DIRECTION('',(-0.0123416547506808,-0.707052927141248,-0.707052927141248));
#14505=DIRECTION('',(-1.0,0.0,0.0));
#14506=DIRECTION('',(0.0,-3.552713678801E-14,1.0));
#14507=DIRECTION('',(-1.0,1.36524943147E-14,0.0));
#14508=DIRECTION('',(0.01234165475068,0.707052927141198,-0.707052927141298));
#14509=DIRECTION('',(0.0,0.0,-1.0));
#14510=DIRECTION('',(0.0,0.0,-1.0));
#14511=DIRECTION('',(0.0,0.0,-1.0));
#14512=DIRECTION('',(4.248713142191E-13,4.169244546744E-12,1.0));
#14513=DIRECTION('',(1.0,0.0,0.0));
#14514=CARTESIAN_POINT('',(-4.796868192529,-0.1,-2.935));
#14515=DIRECTION('',(0.0,-0.0,1.0));
#14516=DIRECTION('',(0.0,1.0,0.0));
#14517=CARTESIAN_POINT('',(-4.796868192529,-0.1,-2.935));
#14518=DIRECTION('',(0.0,0.0,1.0));
#14519=DIRECTION('',(-0.942809041582078,0.333333333333292,0.0));
#14520=DIRECTION('',(-4.695399364964E-13,-6.584726266519E-12,-1.0));
#14521=CARTESIAN_POINT('',(-4.796868192529,-0.1,-2.08));
#14522=DIRECTION('',(0.0,0.0,-1.0));
#14523=DIRECTION('',(-0.999847695155395,0.0174524064943499,0.0));
#14524=CARTESIAN_POINT('',(-4.796868192529,-0.1,-2.08));
#14525=DIRECTION('',(0.0,0.0,-1.0));
#14526=DIRECTION('',(-0.942809041582078,0.333333333333292,0.0));
#14527=DIRECTION('',(0.0,0.0,1.0));
#14528=DIRECTION('',(-1.0,0.0,0.0));
#14529=DIRECTION('',(0.0174524064371699,0.999847695156393,0.0));
#14530=CARTESIAN_POINT('',(-5.233102946887,-2.172396939792,-2.08));
#14531=DIRECTION('',(0.0,0.0,1.0));
#14532=DIRECTION('',(0.866025403806092,-0.499999999962495,0.0));
#14533=DIRECTION('',(0.500000000000092,0.866025403784386,0.0));
#14534=CARTESIAN_POINT('',(-5.355,-3.183528829076,-2.08));
#14535=DIRECTION('',(-0.0,0.0,-1.0));
#14536=DIRECTION('',(-0.85788446480201,-0.513842626736406,0.0));
#14537=DIRECTION('',(-0.513842626728093,0.857884464806989,0.0));
#14538=DIRECTION('',(0.0174524064375098,0.999847695156387,-1.89286655308898E-14));
#14539=DIRECTION('',(1.0,0.0,0.0));
#14540=DIRECTION('',(-0.0174524064373998,-0.999847695156389,1.90353321362098E-14));
#14541=DIRECTION('',(0.50000000000021,-0.866025403784317,0.0));
#14542=CARTESIAN_POINT('',(-5.352802519547,-3.17,-2.08));
#14543=DIRECTION('',(0.0,0.0,1.0));
#14544=DIRECTION('',(-1.0,0.0,0.0));
#14545=DIRECTION('',(-0.500000000000092,-0.866025403784386,0.0));
#14546=CARTESIAN_POINT('',(-5.233102946887,-2.172396939792,-2.08));
#14547=DIRECTION('',(0.0,0.0,-1.0));
#14548=DIRECTION('',(0.999847695156243,-0.0174524064457708,0.0));
#14549=DIRECTION('',(-0.0174524064373198,-0.99984769515639,0.0));
#14550=CARTESIAN_POINT('',(-4.801730273688,-0.1,-2.08));
#14551=DIRECTION('',(0.0,-0.0,1.0));
#14552=DIRECTION('',(0.0,1.0,0.0));
#14553=DIRECTION('',(0.0,0.0,1.0));
#14554=CARTESIAN_POINT('',(-4.801730273688,-0.1,-2.935));
#14555=DIRECTION('',(0.0,0.0,-1.0));
#14556=DIRECTION('',(-0.999847695156719,0.0174524064185203,0.0));
#14557=DIRECTION('',(0.0174524064373198,0.99984769515639,0.0));
#14558=CARTESIAN_POINT('',(-5.233102946887,-2.172396939792,-2.935));
#14559=DIRECTION('',(0.0,0.0,1.0));
#14560=DIRECTION('',(0.866025403782413,-0.500000000003508,0.0));
#14561=DIRECTION('',(0.500000000000092,0.866025403784386,0.0));
#14562=CARTESIAN_POINT('',(-5.352802519547,-3.17,-2.935));
#14563=DIRECTION('',(-0.0,0.0,-1.0));
#14564=DIRECTION('',(-0.866025403783331,-0.500000000001918,0.0));
#14565=DIRECTION('',(-0.50000000000021,0.866025403784317,0.0));
#14566=DIRECTION('',(-0.0174524064373898,-0.999847695156389,0.0));
#14567=DIRECTION('',(-1.0,0.0,0.0));
#14568=DIRECTION('',(0.0174524064374898,0.999847695156388,0.0));
#14569=DIRECTION('',(0.513842626728093,-0.857884464806989,0.0));
#14570=CARTESIAN_POINT('',(-5.355,-3.183528829076,-2.935));
#14571=DIRECTION('',(0.0,0.0,1.0));
#14572=DIRECTION('',(-0.866025403782817,0.50000000000281,0.0));
#14573=DIRECTION('',(-0.500000000000092,-0.866025403784386,0.0));
#14574=CARTESIAN_POINT('',(-5.233102946887,-2.172396939792,-2.935));
#14575=DIRECTION('',(0.0,0.0,-1.0));
#14576=DIRECTION('',(0.999847695155045,-0.0174524065143908,0.0));
#14577=DIRECTION('',(-0.0174524064371699,-0.999847695156393,0.0));
#14578=DIRECTION('',(4.248713142191E-13,4.169244546744E-12,1.0));
#14579=DIRECTION('',(0.0,0.0,-1.0));
#14580=DIRECTION('',(0.0,1.090745427702E-14,-1.0));
#14581=DIRECTION('',(0.0,0.0,-1.0));
#14582=DIRECTION('',(3.552713678801E-14,0.0,-1.0));
#14583=DIRECTION('',(-0.01234165475068,-0.707052927141198,-0.707052927141298));
#14584=DIRECTION('',(0.0123416547506808,0.707052927141248,-0.707052927141248));
#14585=DIRECTION('',(-0.0123416547509408,-0.707052927141246,0.707052927141246));
#14586=DIRECTION('',(-1.0,0.0,0.0));
#14587=DIRECTION('',(3.996802888651E-14,0.0,-1.0));
#14588=DIRECTION('',(-1.0,0.0,0.0));
#14589=DIRECTION('',(0.0123416547509499,0.707052927141196,0.707052927141296));
#14590=DIRECTION('',(0.0,0.0,1.0));
#14591=DIRECTION('',(0.0,0.0,1.0));
#14592=DIRECTION('',(0.0,0.0,1.0));
#14593=DIRECTION('',(0.0,0.0,-1.0));
#14594=DIRECTION('',(-0.0174524064371699,0.999847695156393,0.0));
#14595=CARTESIAN_POINT('',(5.233102946887,-2.172396939792,-2.935));
#14596=DIRECTION('',(-0.0,0.0,-1.0));
#14597=DIRECTION('',(-0.866025403785192,-0.499999999998695,0.0));
#14598=DIRECTION('',(-0.500000000000092,0.866025403784386,0.0));
#14599=CARTESIAN_POINT('',(5.355,-3.183528829076,-2.935));
#14600=DIRECTION('',(0.0,0.0,1.0));
#14601=DIRECTION('',(0.857884464795788,-0.513842626746793,0.0));
#14602=DIRECTION('',(0.513842626728093,0.857884464806989,0.0));
#14603=CARTESIAN_POINT('',(5.266907387603,-4.109052051366,-2.935));
#14604=DIRECTION('',(-0.0,0.0,-1.0));
#14605=DIRECTION('',(-0.999847695156893,-0.0174524064085299,0.0));
#14606=DIRECTION('',(0.0174524064374898,-0.999847695156388,0.0));
#14607=DIRECTION('',(-1.0,0.0,0.0));
#14608=DIRECTION('',(-0.0174524064373898,0.999847695156389,0.0));
#14609=DIRECTION('',(-0.50000000000021,-0.866025403784317,0.0));
#14610=CARTESIAN_POINT('',(5.352802519547,-3.17,-2.935));
#14611=DIRECTION('',(0.0,0.0,-1.0));
#14612=DIRECTION('',(1.0,0.0,0.0));
#14613=DIRECTION('',(0.500000000000092,-0.866025403784386,0.0));
#14614=CARTESIAN_POINT('',(5.233102946887,-2.172396939792,-2.935));
#14615=DIRECTION('',(0.0,0.0,1.0));
#14616=DIRECTION('',(-0.999847695156301,-0.01745240644246,0.0));
#14617=DIRECTION('',(0.0174524064373198,-0.99984769515639,0.0));
#14618=DIRECTION('',(0.0,1.381610875089E-13,1.0));
#14619=DIRECTION('',(0.0,0.0,-1.0));
#14620=DIRECTION('',(0.0,0.0,-1.0));
#14621=DIRECTION('',(0.0,0.0,-1.0));
#14622=DIRECTION('',(-1.7763568394E-14,0.0,-1.0));
#14623=DIRECTION('',(0.0123416547508699,-0.707052927141197,-0.707052927141297));
#14624=DIRECTION('',(-0.0123416547508708,0.707052927141247,-0.707052927141247));
#14625=DIRECTION('',(0.0123416547509408,-0.707052927141246,0.707052927141246));
#14626=DIRECTION('',(-1.0,0.0,0.0));
#14627=DIRECTION('',(-1.33226762955E-14,0.0,-1.0));
#14628=DIRECTION('',(-1.0,0.0,0.0));
#14629=DIRECTION('',(-0.0123416547509399,0.707052927141196,0.707052927141296));
#14630=DIRECTION('',(0.0,-1.662088270784E-14,1.0));
#14631=DIRECTION('',(0.0,0.0,1.0));
#14632=DIRECTION('',(0.0,0.0,1.0));
#14633=DIRECTION('',(-4.269489245576E-13,4.165608728652E-12,-1.0));
#14634=PRESENTATION_LAYER_ASSIGNMENT('','',(#24,#46,#47,#48,#49,#50,#51,#52,#53,#54,#55,#56,#57,#58,#59,#60,#61,#62,#63,#64,#65,#66,#67,#68,#69,#70,#71,#72,#73,#74,#75,#76,#77,#78,#79,#80,#81,#82,#83,#84,#85,#86,#87,#88,#89,#90,#91,#92,#93,#94,#95,#96,#97,#98,#99,#100,#101,#102,#103,#104,#105,#106,#107,#108,#109,#110,#111,#112,#113,#114,#115,#116,#117,#118,#119,#120,#121,#122,#123,#124,#125,#126,#127,#128,#129,#130,#131,#132,#133,#134,#135,#136,#137,#138,#139,#140,#141,#142,#143,#144,#145,#146,#147,#148,#149,#150,#151,#152,#153,#154,#155,#156,#157,#158,#159,#160,#161,#162,#163,#164,#165,#166,#167,#168,#169,#170,#171,#172,#173,#174,#175,#176,#177,#178,#179,#180,#181,#182,#183,#184,#185,#186,#187,#188,#189,#190,#191,#192,#193,#194,#195,#196,#197,#198,#199,#200,#201,#202,#203,#204,#205,#206,#207,#208,#209,#210,#211,#212,#213,#214,#215,#216,#217,#218,#219,#220,#221,#222,#223,#224,#225,#226,#227,#228,#229,#230,#231,#232,#233,#234,#235,#236,#237,#238,#239,#240,#241,#242,#243,#244,#245,#246,#247,#248,#249,#250,#251,#252,#253,#254,#255,#256,#257,#258,#259,#260,#261,#262,#263,#264,#265,#266,#267,#268,#269,#270,#271,#272,#273,#274,#275,#276,#277,#278,#279,#280,#281,#282,#283,#284,#285,#286,#287,#288,#289,#290,#291,#292,#293,#294,#295,#296,#297,#298,#299,#300,#301,#302,#303,#304,#305,#306,#307,#308,#309,#310,#311,#312,#313,#314,#315,#316,#317,#318,#319,#320,#321,#322,#323,#324,#325,#326,#327,#328,#329,#330,#331,#332,#333,#334,#335,#336,#337,#338,#339,#340,#341,#342,#343,#344,#345,#346,#347,#348,#349,#350,#351,#352,#353,#354,#355,#356,#357,#358,#359,#360,#361,#362,#363,#364,#365,#366,#367,#368,#369,#370,#371,#372,#373,#374,#375,#376,#377,#378,#379,#380,#381,#382,#383,#384,#385,#386,#387,#388,#389,#390,#391,#392,#393,#394,#395,#396,#397,#398,#399,#400,#401,#402,#403,#404,#405,#406,#407,#408,#409,#410,#411,#412,#413,#414,#415,#416,#417,#418,#419,#420,#421,#422,#423,#424,#425,#426,#427,#428,#429,#430,#431,#432,#433,#434,#435,#436,#437,#438,#439,#440,#441,#442,#443,#444,#445,#446,#447,#448,#449,#450,#451,#452,#453,#454,#455,#456,#457,#458,#459,#460,#461,#462,#463,#464,#465,#466,#467,#468,#469,#470,#471,#472,#473,#474,#475,#476,#477,#478,#479,#480,#481,#482,#483,#484,#485,#486,#487,#488,#489,#490,#491,#6176,#6177,#6178,#6180,#6181,#6182,#6184,#6185,#6186,#6188,#6189,#6190,#6192,#6193,#6194,#6196,#6197,#6198,#6200,#6201,#6202,#6204,#6205,#6206,#6208,#6209,#6210,#6212,#6213,#6214,#6216,#6217,#6218,#6220,#6221,#6222,#6224,#6225,#6226,#6228,#6229,#6230,#6232,#6233,#6234,#6236,#6237,#6238,#6240,#6241,#6242,#6244,#6245,#6246,#6248,#6249,#6250,#6252,#6253,#6254,#6256,#6257,#6258,#6260,#6261,#6262,#6264,#6265,#6266,#6268,#6269,#6270,#6272,#6273,#6274,#6276,#6277,#6278,#6280,#6281,#6282,#6284,#6285,#6286,#6287,#6288,#6289,#6290,#6291,#6292,#6293,#6294,#6295,#6296,#6297,#6298,#6299,#6300,#6301,#6302,#6303,#6304,#6305,#6306,#6307,#6308,#6309,#6310,#6311,#6312,#6313,#6314,#6315,#6316,#6317,#6318,#6319,#6320,#6321,#6322,#6323,#6324,#6325,#6326,#6327,#6328,#6329,#6330,#6331,#6332,#6333,#6334,#6335,#6336,#6337,#6338,#6339,#6340,#6341,#6342,#6343,#6344,#6345,#6346,#6347,#6348,#6349,#6350,#6351,#6352,#6353,#6354,#6355,#6356,#6357,#6358,#6359,#6360,#6361,#6362,#6363,#6364,#6365,#6366,#6367,#6368,#6369,#6370,#6371,#6372,#6373,#6374,#6375,#6376,#6377,#6378,#6379,#6380,#6381,#6382,#6383,#6384,#6385,#6386,#6387,#6388,#6389,#6390,#6391,#6392,#6393,#6394,#6395,#6396,#6397,#6398,#6399,#6400,#6401,#6402,#6403,#6404,#6405,#6406,#6407,#6408,#6409,#6410,#6411,#6412,#6413,#6414,#6415,#6416,#6417,#6418,#6419,#6420,#6421,#6422,#6423,#6424,#6425,#6426,#6427,#6428,#6429,#6430,#6431,#6432,#6433,#6434,#6435,#6436,#6437,#6438,#6439,#6440,#6441,#6442,#6443,#6444,#6445,#6446,#6447,#6448,#6449,#6450,#6451,#6452,#6453,#6454,#6455,#6456,#6457,#6458,#6459,#6460,#6461,#6462,#6463,#6464,#6465,#6466,#6467,#6468,#6469,#6470,#6471,#6472,#6473,#6474,#6475,#6476,#6477,#6478,#6479,#6480,#6481,#6482,#6483,#6484,#6485,#6486,#6487,#6488,#6489,#6490,#6491,#6492,#6493,#6494,#6495,#6496,#6497,#6498,#6499,#6500,#6501,#6502,#6503,#6504,#6505,#6506,#6507,#6508,#6509,#6510,#6511,#6512,#6513,#6514,#6515,#6516,#6517,#6518,#6519,#6520,#6521,#6522,#6523,#6524,#6525,#6526,#6527,#6528,#6529,#6530,#6531,#6532,#6533,#6534,#6535,#6536,#6537,#6538,#6539,#6540,#6541,#6542,#6543,#6544,#6545,#6546,#6547,#6548,#6549,#6550,#6551,#6552,#6553,#6554,#6555,#6556,#6557,#6558,#6559,#6560,#6561,#6562,#6563,#6564,#6565,#6566,#6567,#6568,#6569,#6570,#6571,#6572,#6573,#6574,#6575,#6576,#6577,#6578,#6579,#6580,#6581,#6582,#6583,#6584,#6585,#6586,#6587,#6588,#6589,#6590,#6591,#6592,#6593,#6594,#6595,#6596,#6597,#6598,#6599,#6600,#6601,#6602,#6603,#6604,#6605,#6606,#6607,#6608,#6609,#6610,#6611,#6612,#6613,#6614,#6615,#6616,#6617,#6618,#6619,#6620,#6621,#6622,#6623,#6624,#6625,#6626,#6627,#6628,#6629,#6630,#6631,#6632,#6633,#6634,#6635,#6636,#6637,#6638,#6639,#6640,#6641,#6642,#6643,#6644,#6645,#6646,#6647,#6648,#6649,#6650,#6651,#6652,#6653,#6654,#6655,#6656,#6657,#6658,#6659,#6660,#6661,#6662,#6663,#6664,#6665,#6666,#6667,#6668,#6669,#6670,#6671,#6672,#6673,#6674,#6675,#6676,#6677,#6678,#6679,#6680,#6681,#6682,#6683,#6684,#6685,#6686,#6687,#6688,#6689,#6690,#6691,#6692,#6693,#6694,#6695,#6696,#6697,#6698,#6699,#6700,#6701,#6702,#6703,#6704,#6705,#6706,#6707,#6708,#6709,#6710,#6711,#6712,#6713,#6714,#6715,#6716,#6717,#6718,#6719,#6720,#6721,#6722,#6723,#6724,#6725,#6726,#6727,#6728,#6729,#6730,#6731,#6732,#6733,#6734,#6735,#6736,#6737,#6738,#6739,#6740,#6741,#6742,#6743,#6744,#6745,#6746,#6747,#6748,#6749,#6750,#6751,#6752,#6753,#6754,#6755,#6756,#6757,#6758,#6759,#6760,#6761,#6762,#6763,#6764,#6765,#6766,#6767,#6768,#6769,#6770,#6771,#6772,#6773,#6774,#6775,#6776,#6777,#6778,#6779,#6780,#6781,#6782,#6783,#6784,#6785,#6786,#6787,#6788,#6789,#6790,#6791,#6792,#6793,#6794,#6795,#6796,#6797,#6798,#6799,#6800,#6801,#6802,#6803,#6804,#6805,#6806,#6807,#6808,#6809,#6810,#6811,#6812,#6813,#6814,#6815,#6816,#6817,#6818,#6819,#6820,#6821,#6822,#6823,#6824,#6825,#6826,#6827,#6828,#6829,#6830,#6831,#6832,#6833,#6834,#6835,#6836,#6837,#6838,#6839,#6840,#6841,#6842,#6843,#6844,#6845,#6846,#6847,#6848,#6849,#6850,#6851,#6852,#6853,#6854,#6855,#6856,#6857,#6858,#6859,#6860,#6861,#6862,#6863,#6864,#6865,#6866,#6867,#6868,#6869,#6870,#6871,#6872,#6873,#6874,#6875,#6876,#6877,#6878,#6879,#6880,#6881,#6882,#6883,#6884,#6885,#6886,#6887,#6888,#6889,#6890,#6891,#6892,#6893,#6894,#6895,#6896,#6897,#6898,#6899,#6900,#6901,#6902,#6903,#6904,#6905,#6906,#6907,#6908,#6909,#6910,#6911,#6912,#6913,#6914,#6915,#6916,#6917,#6918,#6919,#6920,#6921,#6922,#6923,#6924,#6925,#6926,#6927,#6928,#6929,#6930,#6931,#6932,#6933,#6934,#6935,#6936,#6937,#6938,#6939,#6940,#6941,#6942,#6943,#6944,#6945,#6946,#6947,#6948,#6949,#6950,#6951,#6952,#6953,#6954,#6955,#6956,#6957,#6958,#6959,#6960,#6961,#6962,#6963,#6964,#6965,#6966,#6967,#6968,#6969,#6970,#6971,#6972,#6973,#6974,#6975,#6976,#6977,#6978,#6979,#6980,#6981,#6982,#6983,#6984,#6985,#6986,#6987,#6988,#6989,#6990,#6991,#6992,#6993,#6994,#6995,#6996,#6997,#6998,#6999,#7000,#7001,#7002,#7003,#7004,#7005,#7006,#7007,#7008,#7009,#7010,#7011,#7012,#7013,#7014,#7015,#7016,#7017,#7018,#7019,#7020,#7021,#7022,#7023,#7024,#7025,#7026,#7027,#7028,#7029,#7030,#7031,#7032,#7033,#7034,#7035,#7036,#7037,#7038,#7039,#7040,#7041,#7042,#7043,#7044,#7045,#7046,#7047,#7048,#7049,#7050,#7051,#7052,#7053,#7054,#7055,#7056,#7057,#7058,#7059,#7060,#7061,#7062,#7063,#7064,#7065,#7066,#7067,#7068,#7069,#7070,#7071,#7072,#7073,#7074,#7075,#7076,#7077,#7078,#7079,#7080,#7081,#7082,#7083,#7084,#7085,#7086,#7087,#7088,#7089,#7090,#7091,#7092,#7093,#7094,#7095,#7096,#7097,#7098,#7099,#7100,#7101,#7102,#7103,#7104,#7105,#7106,#7107,#7108,#7109,#7110,#7111,#7112,#7113,#7114,#7115,#7116,#7117,#7118,#7119,#7120,#7121,#7122,#7123,#7124,#7125,#7126,#7127,#7128,#7129,#7130,#7131,#7132,#7133,#7134,#7135,#7136,#7137,#7138,#7139,#7140,#7141,#7142,#7143,#7144,#7145,#7146,#7147,#7148,#7149,#7150,#7151,#7152,#7153,#7154,#7155,#7156,#7157,#7158,#7159,#7160,#7161,#7162,#7163,#7164,#7165,#7166,#7167,#7168,#7169,#7170,#7171,#7172,#7173,#7174,#7175,#7176,#7177,#7178,#7179,#7180,#7181,#7182,#7183,#7184,#7185,#7186,#7187,#7188,#7189,#7190,#7191,#7192,#7193,#7194,#7195,#7196,#7197,#7198,#7199,#7200,#7201,#7202,#7203,#7204,#7205,#7206,#7207,#7208,#7209,#7210,#7211,#7212,#7213,#7214,#7215,#7216,#7217,#7218,#7219,#7220,#7221,#7222,#7223,#7224,#7225,#7226,#7227,#7228,#7229,#7230,#7231,#7232,#7233,#7234,#7235,#7236,#7237,#7238,#7239,#7240,#7241,#7242,#7243,#7244,#7245,#7246,#7247,#7248,#7249,#7250,#7251,#7252,#7253,#7254,#7255,#7256,#7257,#7258,#7259,#7260,#7261,#7262,#7263,#7264,#7265,#7266,#7267,#7268,#7269,#7270,#7271,#7272,#7273,#7274,#7275,#7276,#7277,#7278,#7279,#7280,#7281,#7282,#7283,#7284,#7285,#7286,#7287,#7288,#7289,#7290,#7291,#7292,#7293,#7294,#7295,#7296,#7297,#7298,#7299,#7300,#7301,#7302,#7303,#7304,#7305,#7306,#7307,#7308,#7309,#7310,#7311,#7312,#7313,#7314,#7315,#7316,#7317,#7318,#7319,#7320,#7321,#7322,#7323,#7324,#7325,#7326,#7327,#7328,#7329,#7330,#7331,#7332,#7333,#7334,#7335,#7336,#7337,#7338,#7339,#7340,#7341,#7342,#7343,#7344,#7345,#7346,#7347,#7348,#7349,#7350,#7351,#7352,#7353,#7354,#7355,#7356,#7357,#7358,#7359,#7360,#7361,#7362,#7363,#7364,#7365,#7366,#7367,#7368,#7369,#7370,#7371,#7372,#7373,#7374,#7375,#7376,#7377,#7378,#7379,#7380,#7381,#7382,#7383,#7384,#7385,#7386,#7387,#7388,#7389,#7390,#7391,#7392,#7393,#7394,#7395,#7396,#7397,#7398,#7399,#7400,#7401,#7402,#7403,#7404,#7405,#7406,#7407,#7408,#7409,#7410,#7411,#7412,#7413,#7414,#7415,#7416,#7417,#7418,#7419,#7420,#7421,#7422,#7423,#7424,#7425,#7426,#7427,#7428,#7429,#7430,#7431,#7432,#7433,#7434,#7435,#7436,#7437,#7438,#7439,#7440,#7441,#7442,#7443,#7444,#7447,#7449,#7455,#7457,#7463,#7465,#7469,#7471,#7473,#7477,#7479,#7481,#7487,#7489,#7495,#7497,#7500,#7503,#7505,#7511,#7513,#7519,#7521,#7527,#7529,#7535,#7537,#7541,#7543,#7545,#7549,#7551,#7553,#7556,#7557,#7559,#7561,#7565,#7567,#7569,#7572,#7574,#7576,#7579,#7581,#7583,#7586,#7588,#7590,#7593,#7595,#7597,#7600,#7601,#7603,#7605,#7608,#7609,#7611,#7613,#7619,#7621,#7627,#7629,#7635,#7637,#7643,#7645,#7651,#7653,#7659,#7661,#7664,#7665,#7667,#7669,#7672,#7674,#7676,#7678,#7681,#7684,#7685,#7688,#7690,#7692,#7694,#7696,#7699,#7700,#7704,#7706,#7708,#7710,#7712,#7715,#7717,#7720,#7723,#7725,#7727,#7729,#7733,#7735,#7738,#7740,#7743,#7745,#7747,#7750,#7753,#7755,#7757,#7759,#7762,#7765,#7767,#7770,#7773,#7776,#7779,#7781,#7783,#7785,#7788,#7791,#7793,#7795,#7803,#7805,#7808,#7811,#7818,#7820,#7823,#7824,#7826,#7828,#7830,#7832,#7834,#7836,#7838,#7840,#7842,#7844,#7846,#7848,#7850,#7852,#7854,#7856,#7858,#7860,#7862,#7866,#7867,#7869,#7872,#7874,#7876,#7878,#7880,#7883,#7885,#7887,#7889,#7891,#7894,#7896,#7898,#7900,#7902,#7905,#7907,#7910,#7913,#7915,#7918,#7919,#7921,#7924,#7926,#7928,#7930,#7932,#7934,#7937,#7939,#7942,#7944,#7947,#7950,#7952,#7954,#7956,#7959,#7962,#7964,#7966,#7969,#7971,#7974,#7977,#7979,#7984,#7986,#7989,#7992,#7993,#7995,#7998,#8000,#8003,#8005,#8008,#8010,#8012,#8015,#8017,#8021,#8024,#8026,#8028,#8030,#8033,#8034,#8036,#8038,#8040,#8043,#8046,#8048,#8051,#8053,#8056,#8059,#8061,#8063,#8065,#8067,#8072,#8073,#8077,#8078,#8081,#8083,#8085,#8087,#8091,#8093,#8095,#8098,#8101,#8103,#8105,#8108,#8110,#8113,#8115,#8117,#8119,#8122,#8125,#8126,#8128,#8130,#8134,#8137,#8138,#8140,#8143,#8145,#8147,#8149,#8151,#8154,#8156,#8159,#8161,#8164,#8167,#8169,#8171,#8173,#8176,#8179,#8181,#8183,#8186,#8188,#8191,#8194,#8196,#8201,#8203,#8206,#8209,#8210,#8212,#8215,#8217,#8220,#8222,#8225,#8227,#8229,#8232,#8234,#8238,#8242,#8244,#8247,#8249,#8252,#8254,#8256,#8259,#8263,#8265,#8267,#8269,#8271,#8273,#8275,#8277,#8279,#8281,#8283,#8285,#8287,#8289,#8292,#8294,#8296,#8298,#8300,#8302,#8304,#8306,#8308,#8312,#8314,#8316,#8321,#8323,#8325,#8330,#8334,#8337,#8338,#8340,#8342,#8348,#8349,#8351,#8354,#8356,#8359,#8360,#8362,#8364,#8367,#8369,#8372,#8373,#8375,#8377,#8379,#8381,#8383,#8385,#8387,#8390,#8393,#8395,#8397,#8399,#8401,#8403,#8405,#8408,#8412,#8414,#8416,#8418,#8420,#8422,#8424,#8426,#8428,#8430,#8432,#8434,#8436,#8438,#8440,#8442,#8444,#8446,#8448,#8450,#8452,#8454,#8456,#8458,#8460,#8462,#8464,#8466,#8468,#8470,#8472,#8474,#8476,#8478,#8480,#8482,#8484,#8486,#8488,#8490,#8492,#8494,#8496,#8498,#8500,#8502,#8504,#8506,#8508,#8510,#8512,#8514,#8516,#8518,#8520,#8522,#8524,#8526,#8528,#8530,#8532,#8534,#8537,#8538,#8540,#8542,#8544,#8547,#8549,#8551,#8553,#8555,#8558,#8560,#8562,#8564,#8566,#8569,#8571,#8573,#8575,#8577,#8581,#8583,#8585,#8588,#8590,#8592,#8595,#8598,#8600,#8602,#8605,#8607,#8610,#8613,#8614,#8616,#8618,#8620,#8622,#8624,#8626,#8628,#8630,#8633,#8635,#8637,#8641,#8643,#8646,#8648,#8650,#8652,#8654,#8657,#8659,#8662,#8664,#8666,#8668,#8671,#8673,#8676,#8679,#8680,#8682,#8684,#8686,#8688,#8690,#8692,#8694,#8696,#8699,#8701,#8703,#8706,#8708,#8711,#8713,#8726,#8727,#8729,#8732,#8734,#8736,#8739,#8741,#8743,#8746,#8748,#8751,#8752,#8754,#8756,#8759,#8762,#8765,#8767,#8769,#8772,#8774,#8777,#8782,#8784,#8786,#8789,#8793,#8795,#8797,#8799,#8803,#8806,#8809,#8810,#8812,#8814,#8816,#8819,#8821,#8823,#8825,#8827,#8829,#8831,#8833,#8835,#8838,#8840,#8842,#8845,#8846,#8849,#8852,#8854,#8856,#8858,#8861,#8862,#8865,#8867,#8869,#8871,#8874,#8877,#8879,#8882,#8883,#8885,#8887,#8890,#8893,#8895,#8898,#8902,#8905,#8909,#8912,#8914,#8916,#8918,#8920,#8922,#8924,#8926,#8928,#8930,#8932,#8934,#8936,#8938,#8943,#8945,#8948,#8951,#8966,#8969,#8971,#8973,#8976,#8979,#8981,#8983,#8986,#8988,#8991,#8994,#8996,#8999,#9001,#9003,#9005,#9007,#9009,#9011,#9013,#9015,#9027,#9030,#9032,#9036,#9040,#9042,#9045,#9047,#9050,#9053,#9055,#9058,#9060,#9062,#9064,#9066,#9069,#9072,#9074,#9079,#9081,#9087,#9093,#9094,#9096,#9098,#9103,#9112,#9115,#9118,#9122,#9129,#9140,#9142,#9144,#9146,#9149,#9152,#9154,#9156,#9161,#9163,#9167,#9168,#9177,#9179,#9181,#9186,#9187,#9190,#9196,#9200,#9203,#9204,#9206,#9208,#9211,#9214,#9217,#9219,#9221,#9227,#9229,#9232,#9235,#9239,#9241,#9268,#9271,#9274,#9277,#9282,#9285,#9288,#9291,#9296,#9299,#9302,#9305,#9310,#9313,#9316,#9319,#9343,#9346,#9348,#9356,#9358,#9361,#9364,#9366,#9368,#9370,#9373,#9376,#9378,#9385,#9386,#9390,#9393,#9401,#9404,#9406,#9409,#9413,#9415,#9418,#9421,#9423,#9425,#9427,#9430,#9433,#9435,#9437,#9440,#9443,#9445,#9448,#9451,#9453,#9455,#9457,#9460,#9463,#9465,#9472,#9473,#9477,#9480,#9488,#9490,#9493,#9496,#9498,#9500,#9502,#9505,#9508,#9510,#9517,#9518,#9522,#9525));
ENDSEC;
END-ISO-10303-21;
