ISO-10303-21;
HEADER;
/* Generated by software containing ST-Developer
 * from STEP Tools, Inc. (www.steptools.com) 
 */

FILE_DESCRIPTION(
/* description */ (''),
/* implementation_level */ '2;1');

FILE_NAME(
/* name */ 'SMT-1240-S-HT.ipt.step',
/* time_stamp */ '2024-02-07T22:40:48-05:00',
/* author */ ('mckenna'),
/* organization */ (''),
/* preprocessor_version */ 'ST-DEVELOPER v20',
/* originating_system */ 'Autodesk Inventor 2024',
/* authorisation */ '');

FILE_SCHEMA (('AUTOMOTIVE_DESIGN { 1 0 10303 214 3 1 1 }'));
ENDSEC;

DATA;
#10=MECHANICAL_DESIGN_GEOMETRIC_PRESENTATION_REPRESENTATION('',(#13),#2387);
#11=SHAPE_REPRESENTATION_RELATIONSHIP('SRR','None',#2394,#12);
#12=ADVANCED_BREP_SHAPE_REPRESENTATION('',(#14),#2386);
#13=STYLED_ITEM('',(#2403),#14);
#14=MANIFOLD_SOLID_BREP('Solid2',#1472);
#15=FACE_BOUND('',#138,.T.);
#16=FACE_BOUND('',#146,.T.);
#17=CIRCLE('',#1508,0.5);
#18=CIRCLE('',#1509,0.5);
#19=CIRCLE('',#1512,0.5);
#20=CIRCLE('',#1513,0.5);
#21=CIRCLE('',#1516,0.5);
#22=CIRCLE('',#1517,0.5);
#23=CIRCLE('',#1519,0.5);
#24=CIRCLE('',#1520,0.5);
#25=CIRCLE('',#1522,4.5);
#26=CIRCLE('',#1524,4.5);
#27=CIRCLE('',#1540,0.15);
#28=CIRCLE('',#1541,0.15);
#29=CIRCLE('',#1555,0.1);
#30=CIRCLE('',#1557,0.1);
#31=CIRCLE('',#1562,0.1);
#32=CIRCLE('',#1564,0.1);
#33=CIRCLE('',#1573,0.15);
#34=CIRCLE('',#1575,0.15);
#35=CYLINDRICAL_SURFACE('',#1507,0.5);
#36=CYLINDRICAL_SURFACE('',#1511,0.5);
#37=CYLINDRICAL_SURFACE('',#1515,0.5);
#38=CYLINDRICAL_SURFACE('',#1518,0.5);
#39=CYLINDRICAL_SURFACE('',#1523,4.5);
#40=CYLINDRICAL_SURFACE('',#1570,0.1);
#41=CYLINDRICAL_SURFACE('',#1571,0.1);
#42=CYLINDRICAL_SURFACE('',#1572,0.15);
#43=CYLINDRICAL_SURFACE('',#1574,0.15);
#44=FACE_OUTER_BOUND('',#119,.T.);
#45=FACE_OUTER_BOUND('',#120,.T.);
#46=FACE_OUTER_BOUND('',#121,.T.);
#47=FACE_OUTER_BOUND('',#122,.T.);
#48=FACE_OUTER_BOUND('',#123,.T.);
#49=FACE_OUTER_BOUND('',#124,.T.);
#50=FACE_OUTER_BOUND('',#125,.T.);
#51=FACE_OUTER_BOUND('',#126,.T.);
#52=FACE_OUTER_BOUND('',#127,.T.);
#53=FACE_OUTER_BOUND('',#128,.T.);
#54=FACE_OUTER_BOUND('',#129,.T.);
#55=FACE_OUTER_BOUND('',#130,.T.);
#56=FACE_OUTER_BOUND('',#131,.T.);
#57=FACE_OUTER_BOUND('',#132,.T.);
#58=FACE_OUTER_BOUND('',#133,.T.);
#59=FACE_OUTER_BOUND('',#134,.T.);
#60=FACE_OUTER_BOUND('',#135,.T.);
#61=FACE_OUTER_BOUND('',#136,.T.);
#62=FACE_OUTER_BOUND('',#137,.T.);
#63=FACE_OUTER_BOUND('',#139,.T.);
#64=FACE_OUTER_BOUND('',#140,.T.);
#65=FACE_OUTER_BOUND('',#141,.T.);
#66=FACE_OUTER_BOUND('',#142,.T.);
#67=FACE_OUTER_BOUND('',#143,.T.);
#68=FACE_OUTER_BOUND('',#144,.T.);
#69=FACE_OUTER_BOUND('',#145,.T.);
#70=FACE_OUTER_BOUND('',#147,.T.);
#71=FACE_OUTER_BOUND('',#148,.T.);
#72=FACE_OUTER_BOUND('',#149,.T.);
#73=FACE_OUTER_BOUND('',#150,.T.);
#74=FACE_OUTER_BOUND('',#151,.T.);
#75=FACE_OUTER_BOUND('',#152,.T.);
#76=FACE_OUTER_BOUND('',#153,.T.);
#77=FACE_OUTER_BOUND('',#154,.T.);
#78=FACE_OUTER_BOUND('',#155,.T.);
#79=FACE_OUTER_BOUND('',#156,.T.);
#80=FACE_OUTER_BOUND('',#157,.T.);
#81=FACE_OUTER_BOUND('',#158,.T.);
#82=FACE_OUTER_BOUND('',#159,.T.);
#83=FACE_OUTER_BOUND('',#160,.T.);
#84=FACE_OUTER_BOUND('',#161,.T.);
#85=FACE_OUTER_BOUND('',#162,.T.);
#86=FACE_OUTER_BOUND('',#163,.T.);
#87=FACE_OUTER_BOUND('',#164,.T.);
#88=FACE_OUTER_BOUND('',#165,.T.);
#89=FACE_OUTER_BOUND('',#166,.T.);
#90=FACE_OUTER_BOUND('',#167,.T.);
#91=FACE_OUTER_BOUND('',#168,.T.);
#92=FACE_OUTER_BOUND('',#169,.T.);
#93=FACE_OUTER_BOUND('',#170,.T.);
#94=FACE_OUTER_BOUND('',#171,.T.);
#95=FACE_OUTER_BOUND('',#172,.T.);
#96=FACE_OUTER_BOUND('',#173,.T.);
#97=FACE_OUTER_BOUND('',#174,.T.);
#98=FACE_OUTER_BOUND('',#175,.T.);
#99=FACE_OUTER_BOUND('',#176,.T.);
#100=FACE_OUTER_BOUND('',#177,.T.);
#101=FACE_OUTER_BOUND('',#178,.T.);
#102=FACE_OUTER_BOUND('',#179,.T.);
#103=FACE_OUTER_BOUND('',#180,.T.);
#104=FACE_OUTER_BOUND('',#181,.T.);
#105=FACE_OUTER_BOUND('',#182,.T.);
#106=FACE_OUTER_BOUND('',#183,.T.);
#107=FACE_OUTER_BOUND('',#184,.T.);
#108=FACE_OUTER_BOUND('',#185,.T.);
#109=FACE_OUTER_BOUND('',#186,.T.);
#110=FACE_OUTER_BOUND('',#187,.T.);
#111=FACE_OUTER_BOUND('',#188,.T.);
#112=FACE_OUTER_BOUND('',#189,.T.);
#113=FACE_OUTER_BOUND('',#190,.T.);
#114=FACE_OUTER_BOUND('',#191,.T.);
#115=FACE_OUTER_BOUND('',#192,.T.);
#116=FACE_OUTER_BOUND('',#193,.T.);
#117=FACE_OUTER_BOUND('',#194,.T.);
#118=FACE_OUTER_BOUND('',#195,.T.);
#119=EDGE_LOOP('',(#917,#918,#919,#920,#921,#922,#923,#924));
#120=EDGE_LOOP('',(#925,#926,#927,#928,#929,#930,#931,#932,#933,#934,#935,
#936));
#121=EDGE_LOOP('',(#937,#938,#939,#940));
#122=EDGE_LOOP('',(#941,#942,#943,#944));
#123=EDGE_LOOP('',(#945,#946,#947,#948));
#124=EDGE_LOOP('',(#949,#950,#951,#952));
#125=EDGE_LOOP('',(#953,#954,#955,#956));
#126=EDGE_LOOP('',(#957,#958,#959,#960,#961,#962,#963,#964,#965,#966,#967,
#968));
#127=EDGE_LOOP('',(#969,#970,#971,#972));
#128=EDGE_LOOP('',(#973,#974,#975,#976));
#129=EDGE_LOOP('',(#977,#978,#979,#980));
#130=EDGE_LOOP('',(#981,#982,#983,#984));
#131=EDGE_LOOP('',(#985,#986,#987,#988));
#132=EDGE_LOOP('',(#989,#990,#991,#992));
#133=EDGE_LOOP('',(#993,#994,#995,#996));
#134=EDGE_LOOP('',(#997,#998,#999,#1000));
#135=EDGE_LOOP('',(#1001,#1002,#1003,#1004));
#136=EDGE_LOOP('',(#1005,#1006,#1007,#1008));
#137=EDGE_LOOP('',(#1009,#1010,#1011,#1012,#1013,#1014,#1015,#1016));
#138=EDGE_LOOP('',(#1017));
#139=EDGE_LOOP('',(#1018,#1019,#1020,#1021));
#140=EDGE_LOOP('',(#1022));
#141=EDGE_LOOP('',(#1023,#1024,#1025,#1026));
#142=EDGE_LOOP('',(#1027,#1028,#1029,#1030));
#143=EDGE_LOOP('',(#1031,#1032,#1033,#1034));
#144=EDGE_LOOP('',(#1035,#1036,#1037,#1038,#1039,#1040,#1041,#1042,#1043,
#1044,#1045,#1046));
#145=EDGE_LOOP('',(#1047,#1048,#1049,#1050,#1051,#1052,#1053,#1054));
#146=EDGE_LOOP('',(#1055,#1056,#1057,#1058));
#147=EDGE_LOOP('',(#1059,#1060,#1061,#1062));
#148=EDGE_LOOP('',(#1063,#1064,#1065,#1066,#1067,#1068,#1069,#1070));
#149=EDGE_LOOP('',(#1071,#1072,#1073,#1074));
#150=EDGE_LOOP('',(#1075,#1076,#1077,#1078));
#151=EDGE_LOOP('',(#1079,#1080,#1081,#1082,#1083,#1084,#1085,#1086));
#152=EDGE_LOOP('',(#1087,#1088,#1089,#1090,#1091,#1092,#1093,#1094));
#153=EDGE_LOOP('',(#1095,#1096,#1097,#1098));
#154=EDGE_LOOP('',(#1099,#1100,#1101,#1102));
#155=EDGE_LOOP('',(#1103,#1104,#1105,#1106,#1107,#1108,#1109,#1110,#1111,
#1112,#1113,#1114,#1115,#1116,#1117,#1118,#1119,#1120,#1121,#1122,#1123,
#1124));
#156=EDGE_LOOP('',(#1125,#1126,#1127,#1128,#1129,#1130,#1131,#1132));
#157=EDGE_LOOP('',(#1133,#1134,#1135,#1136,#1137,#1138,#1139,#1140,#1141,
#1142,#1143,#1144));
#158=EDGE_LOOP('',(#1145,#1146,#1147,#1148));
#159=EDGE_LOOP('',(#1149,#1150,#1151,#1152));
#160=EDGE_LOOP('',(#1153,#1154,#1155,#1156));
#161=EDGE_LOOP('',(#1157,#1158,#1159,#1160));
#162=EDGE_LOOP('',(#1161,#1162,#1163,#1164));
#163=EDGE_LOOP('',(#1165,#1166,#1167,#1168));
#164=EDGE_LOOP('',(#1169,#1170,#1171,#1172));
#165=EDGE_LOOP('',(#1173,#1174,#1175,#1176,#1177));
#166=EDGE_LOOP('',(#1178,#1179,#1180,#1181,#1182));
#167=EDGE_LOOP('',(#1183,#1184,#1185,#1186));
#168=EDGE_LOOP('',(#1187,#1188,#1189,#1190,#1191,#1192,#1193));
#169=EDGE_LOOP('',(#1194,#1195,#1196,#1197,#1198,#1199,#1200));
#170=EDGE_LOOP('',(#1201,#1202,#1203,#1204,#1205,#1206));
#171=EDGE_LOOP('',(#1207,#1208,#1209,#1210));
#172=EDGE_LOOP('',(#1211,#1212,#1213,#1214));
#173=EDGE_LOOP('',(#1215,#1216,#1217,#1218,#1219,#1220,#1221));
#174=EDGE_LOOP('',(#1222,#1223,#1224,#1225,#1226,#1227,#1228));
#175=EDGE_LOOP('',(#1229,#1230,#1231,#1232,#1233,#1234));
#176=EDGE_LOOP('',(#1235,#1236,#1237,#1238));
#177=EDGE_LOOP('',(#1239,#1240,#1241,#1242));
#178=EDGE_LOOP('',(#1243,#1244,#1245,#1246));
#179=EDGE_LOOP('',(#1247,#1248,#1249,#1250));
#180=EDGE_LOOP('',(#1251,#1252,#1253,#1254));
#181=EDGE_LOOP('',(#1255,#1256,#1257,#1258));
#182=EDGE_LOOP('',(#1259,#1260,#1261,#1262));
#183=EDGE_LOOP('',(#1263,#1264,#1265,#1266));
#184=EDGE_LOOP('',(#1267,#1268,#1269,#1270,#1271,#1272,#1273,#1274,#1275,
#1276));
#185=EDGE_LOOP('',(#1277,#1278,#1279,#1280));
#186=EDGE_LOOP('',(#1281,#1282,#1283,#1284));
#187=EDGE_LOOP('',(#1285,#1286,#1287,#1288));
#188=EDGE_LOOP('',(#1289,#1290,#1291,#1292,#1293,#1294));
#189=EDGE_LOOP('',(#1295,#1296,#1297,#1298,#1299,#1300,#1301,#1302,#1303,
#1304,#1305,#1306));
#190=EDGE_LOOP('',(#1307,#1308,#1309,#1310));
#191=EDGE_LOOP('',(#1311,#1312,#1313,#1314));
#192=EDGE_LOOP('',(#1315,#1316,#1317,#1318));
#193=EDGE_LOOP('',(#1319,#1320,#1321,#1322));
#194=EDGE_LOOP('',(#1323,#1324,#1325,#1326));
#195=EDGE_LOOP('',(#1327,#1328,#1329,#1330));
#196=LINE('',#1969,#385);
#197=LINE('',#1971,#386);
#198=LINE('',#1973,#387);
#199=LINE('',#1975,#388);
#200=LINE('',#1977,#389);
#201=LINE('',#1979,#390);
#202=LINE('',#1981,#391);
#203=LINE('',#1982,#392);
#204=LINE('',#1986,#393);
#205=LINE('',#1988,#394);
#206=LINE('',#1990,#395);
#207=LINE('',#1992,#396);
#208=LINE('',#1994,#397);
#209=LINE('',#1996,#398);
#210=LINE('',#1998,#399);
#211=LINE('',#2000,#400);
#212=LINE('',#2002,#401);
#213=LINE('',#2004,#402);
#214=LINE('',#2006,#403);
#215=LINE('',#2007,#404);
#216=LINE('',#2010,#405);
#217=LINE('',#2012,#406);
#218=LINE('',#2013,#407);
#219=LINE('',#2016,#408);
#220=LINE('',#2018,#409);
#221=LINE('',#2019,#410);
#222=LINE('',#2022,#411);
#223=LINE('',#2023,#412);
#224=LINE('',#2026,#413);
#225=LINE('',#2027,#414);
#226=LINE('',#2029,#415);
#227=LINE('',#2033,#416);
#228=LINE('',#2034,#417);
#229=LINE('',#2036,#418);
#230=LINE('',#2038,#419);
#231=LINE('',#2040,#420);
#232=LINE('',#2042,#421);
#233=LINE('',#2043,#422);
#234=LINE('',#2045,#423);
#235=LINE('',#2047,#424);
#236=LINE('',#2051,#425);
#237=LINE('',#2053,#426);
#238=LINE('',#2055,#427);
#239=LINE('',#2056,#428);
#240=LINE('',#2060,#429);
#241=LINE('',#2062,#430);
#242=LINE('',#2064,#431);
#243=LINE('',#2065,#432);
#244=LINE('',#2070,#433);
#245=LINE('',#2074,#434);
#246=LINE('',#2076,#435);
#247=LINE('',#2077,#436);
#248=LINE('',#2082,#437);
#249=LINE('',#2086,#438);
#250=LINE('',#2088,#439);
#251=LINE('',#2089,#440);
#252=LINE('',#2094,#441);
#253=LINE('',#2101,#442);
#254=LINE('',#2103,#443);
#255=LINE('',#2108,#444);
#256=LINE('',#2113,#445);
#257=LINE('',#2115,#446);
#258=LINE('',#2116,#447);
#259=LINE('',#2119,#448);
#260=LINE('',#2121,#449);
#261=LINE('',#2122,#450);
#262=LINE('',#2125,#451);
#263=LINE('',#2126,#452);
#264=LINE('',#2129,#453);
#265=LINE('',#2130,#454);
#266=LINE('',#2132,#455);
#267=LINE('',#2133,#456);
#268=LINE('',#2136,#457);
#269=LINE('',#2138,#458);
#270=LINE('',#2140,#459);
#271=LINE('',#2142,#460);
#272=LINE('',#2144,#461);
#273=LINE('',#2146,#462);
#274=LINE('',#2147,#463);
#275=LINE('',#2149,#464);
#276=LINE('',#2150,#465);
#277=LINE('',#2152,#466);
#278=LINE('',#2154,#467);
#279=LINE('',#2155,#468);
#280=LINE('',#2158,#469);
#281=LINE('',#2160,#470);
#282=LINE('',#2161,#471);
#283=LINE('',#2164,#472);
#284=LINE('',#2166,#473);
#285=LINE('',#2167,#474);
#286=LINE('',#2171,#475);
#287=LINE('',#2173,#476);
#288=LINE('',#2175,#477);
#289=LINE('',#2177,#478);
#290=LINE('',#2179,#479);
#291=LINE('',#2180,#480);
#292=LINE('',#2181,#481);
#293=LINE('',#2185,#482);
#294=LINE('',#2187,#483);
#295=LINE('',#2189,#484);
#296=LINE('',#2190,#485);
#297=LINE('',#2192,#486);
#298=LINE('',#2194,#487);
#299=LINE('',#2195,#488);
#300=LINE('',#2199,#489);
#301=LINE('',#2201,#490);
#302=LINE('',#2203,#491);
#303=LINE('',#2204,#492);
#304=LINE('',#2208,#493);
#305=LINE('',#2210,#494);
#306=LINE('',#2212,#495);
#307=LINE('',#2213,#496);
#308=LINE('',#2217,#497);
#309=LINE('',#2221,#498);
#310=LINE('',#2225,#499);
#311=LINE('',#2226,#500);
#312=LINE('',#2228,#501);
#313=LINE('',#2230,#502);
#314=LINE('',#2231,#503);
#315=LINE('',#2232,#504);
#316=LINE('',#2233,#505);
#317=LINE('',#2235,#506);
#318=LINE('',#2237,#507);
#319=LINE('',#2238,#508);
#320=LINE('',#2239,#509);
#321=LINE('',#2243,#510);
#322=LINE('',#2244,#511);
#323=LINE('',#2245,#512);
#324=LINE('',#2246,#513);
#325=LINE('',#2248,#514);
#326=LINE('',#2249,#515);
#327=LINE('',#2251,#516);
#328=LINE('',#2253,#517);
#329=LINE('',#2254,#518);
#330=LINE('',#2257,#519);
#331=LINE('',#2258,#520);
#332=LINE('',#2261,#521);
#333=LINE('',#2262,#522);
#334=LINE('',#2264,#523);
#335=LINE('',#2267,#524);
#336=LINE('',#2268,#525);
#337=LINE('',#2271,#526);
#338=LINE('',#2272,#527);
#339=LINE('',#2274,#528);
#340=LINE('',#2277,#529);
#341=LINE('',#2279,#530);
#342=LINE('',#2280,#531);
#343=LINE('',#2283,#532);
#344=LINE('',#2285,#533);
#345=LINE('',#2286,#534);
#346=LINE('',#2289,#535);
#347=LINE('',#2291,#536);
#348=LINE('',#2292,#537);
#349=LINE('',#2294,#538);
#350=LINE('',#2298,#539);
#351=LINE('',#2302,#540);
#352=LINE('',#2303,#541);
#353=LINE('',#2304,#542);
#354=LINE('',#2308,#543);
#355=LINE('',#2312,#544);
#356=LINE('',#2313,#545);
#357=LINE('',#2314,#546);
#358=LINE('',#2316,#547);
#359=LINE('',#2318,#548);
#360=LINE('',#2319,#549);
#361=LINE('',#2321,#550);
#362=LINE('',#2325,#551);
#363=LINE('',#2329,#552);
#364=LINE('',#2330,#553);
#365=LINE('',#2331,#554);
#366=LINE('',#2335,#555);
#367=LINE('',#2339,#556);
#368=LINE('',#2340,#557);
#369=LINE('',#2341,#558);
#370=LINE('',#2343,#559);
#371=LINE('',#2345,#560);
#372=LINE('',#2346,#561);
#373=LINE('',#2348,#562);
#374=LINE('',#2359,#563);
#375=LINE('',#2361,#564);
#376=LINE('',#2363,#565);
#377=LINE('',#2365,#566);
#378=LINE('',#2366,#567);
#379=LINE('',#2368,#568);
#380=LINE('',#2369,#569);
#381=LINE('',#2371,#570);
#382=LINE('',#2373,#571);
#383=LINE('',#2377,#572);
#384=LINE('',#2379,#573);
#385=VECTOR('',#1592,10.);
#386=VECTOR('',#1593,10.);
#387=VECTOR('',#1594,10.);
#388=VECTOR('',#1595,10.);
#389=VECTOR('',#1596,10.);
#390=VECTOR('',#1597,10.);
#391=VECTOR('',#1598,10.);
#392=VECTOR('',#1599,1.);
#393=VECTOR('',#1602,1.);
#394=VECTOR('',#1603,10.);
#395=VECTOR('',#1604,1.);
#396=VECTOR('',#1605,10.);
#397=VECTOR('',#1606,1.);
#398=VECTOR('',#1607,1.);
#399=VECTOR('',#1608,1.);
#400=VECTOR('',#1609,1.);
#401=VECTOR('',#1610,1.);
#402=VECTOR('',#1611,1.);
#403=VECTOR('',#1612,1.);
#404=VECTOR('',#1613,1.);
#405=VECTOR('',#1616,1.);
#406=VECTOR('',#1617,1.);
#407=VECTOR('',#1618,1.);
#408=VECTOR('',#1621,1.);
#409=VECTOR('',#1622,1.);
#410=VECTOR('',#1623,1.);
#411=VECTOR('',#1626,1.);
#412=VECTOR('',#1627,1.);
#413=VECTOR('',#1630,1.);
#414=VECTOR('',#1631,1.);
#415=VECTOR('',#1634,1.);
#416=VECTOR('',#1637,10.);
#417=VECTOR('',#1638,1.);
#418=VECTOR('',#1639,1.);
#419=VECTOR('',#1640,10.);
#420=VECTOR('',#1641,10.);
#421=VECTOR('',#1642,10.);
#422=VECTOR('',#1643,10.);
#423=VECTOR('',#1646,10.);
#424=VECTOR('',#1649,10.);
#425=VECTOR('',#1652,1.);
#426=VECTOR('',#1653,1.);
#427=VECTOR('',#1654,1.);
#428=VECTOR('',#1655,1.);
#429=VECTOR('',#1658,10.);
#430=VECTOR('',#1659,1.);
#431=VECTOR('',#1660,1.);
#432=VECTOR('',#1661,1.);
#433=VECTOR('',#1666,1.);
#434=VECTOR('',#1671,10.);
#435=VECTOR('',#1672,1.);
#436=VECTOR('',#1673,1.);
#437=VECTOR('',#1678,1.);
#438=VECTOR('',#1683,10.);
#439=VECTOR('',#1684,1.);
#440=VECTOR('',#1685,1.);
#441=VECTOR('',#1690,10.);
#442=VECTOR('',#1699,10.);
#443=VECTOR('',#1702,10.);
#444=VECTOR('',#1707,4.5);
#445=VECTOR('',#1714,1.);
#446=VECTOR('',#1715,1.);
#447=VECTOR('',#1716,1.);
#448=VECTOR('',#1719,1.);
#449=VECTOR('',#1720,1.);
#450=VECTOR('',#1721,1.);
#451=VECTOR('',#1724,1.);
#452=VECTOR('',#1725,1.);
#453=VECTOR('',#1728,1.);
#454=VECTOR('',#1729,1.);
#455=VECTOR('',#1730,1.);
#456=VECTOR('',#1731,1.);
#457=VECTOR('',#1734,1.);
#458=VECTOR('',#1735,1.);
#459=VECTOR('',#1736,1.);
#460=VECTOR('',#1737,1.);
#461=VECTOR('',#1738,1.);
#462=VECTOR('',#1739,1.);
#463=VECTOR('',#1740,1.);
#464=VECTOR('',#1741,1.);
#465=VECTOR('',#1742,1.);
#466=VECTOR('',#1745,1.);
#467=VECTOR('',#1748,1.);
#468=VECTOR('',#1749,1.);
#469=VECTOR('',#1752,1.);
#470=VECTOR('',#1753,1.);
#471=VECTOR('',#1754,1.);
#472=VECTOR('',#1757,1.);
#473=VECTOR('',#1758,1.);
#474=VECTOR('',#1759,1.);
#475=VECTOR('',#1762,1.);
#476=VECTOR('',#1763,1.);
#477=VECTOR('',#1764,1.);
#478=VECTOR('',#1765,1.);
#479=VECTOR('',#1766,1.);
#480=VECTOR('',#1767,1.);
#481=VECTOR('',#1768,1.);
#482=VECTOR('',#1771,1.);
#483=VECTOR('',#1772,1.);
#484=VECTOR('',#1773,1.);
#485=VECTOR('',#1774,1.);
#486=VECTOR('',#1775,1.);
#487=VECTOR('',#1776,1.);
#488=VECTOR('',#1777,1.);
#489=VECTOR('',#1780,1.);
#490=VECTOR('',#1781,1.);
#491=VECTOR('',#1782,1.);
#492=VECTOR('',#1783,1.);
#493=VECTOR('',#1786,1.);
#494=VECTOR('',#1787,1.);
#495=VECTOR('',#1788,1.);
#496=VECTOR('',#1789,1.);
#497=VECTOR('',#1792,1.);
#498=VECTOR('',#1795,1.);
#499=VECTOR('',#1798,1.);
#500=VECTOR('',#1799,1.);
#501=VECTOR('',#1800,1.);
#502=VECTOR('',#1801,1.);
#503=VECTOR('',#1802,1.);
#504=VECTOR('',#1803,1.);
#505=VECTOR('',#1804,1.);
#506=VECTOR('',#1805,1.);
#507=VECTOR('',#1806,1.);
#508=VECTOR('',#1807,1.);
#509=VECTOR('',#1808,1.);
#510=VECTOR('',#1811,1.);
#511=VECTOR('',#1812,1.);
#512=VECTOR('',#1813,1.);
#513=VECTOR('',#1814,1.);
#514=VECTOR('',#1817,1.);
#515=VECTOR('',#1818,1.);
#516=VECTOR('',#1819,1.);
#517=VECTOR('',#1820,1.);
#518=VECTOR('',#1821,1.);
#519=VECTOR('',#1824,1.);
#520=VECTOR('',#1825,1.);
#521=VECTOR('',#1828,1.);
#522=VECTOR('',#1829,1.);
#523=VECTOR('',#1832,1.);
#524=VECTOR('',#1835,1.);
#525=VECTOR('',#1836,1.);
#526=VECTOR('',#1839,1.);
#527=VECTOR('',#1840,1.);
#528=VECTOR('',#1843,1.);
#529=VECTOR('',#1846,1.);
#530=VECTOR('',#1847,1.);
#531=VECTOR('',#1848,1.);
#532=VECTOR('',#1851,1.);
#533=VECTOR('',#1852,1.);
#534=VECTOR('',#1853,1.);
#535=VECTOR('',#1856,1.);
#536=VECTOR('',#1857,1.);
#537=VECTOR('',#1858,1.);
#538=VECTOR('',#1861,1.);
#539=VECTOR('',#1864,1.);
#540=VECTOR('',#1867,1.);
#541=VECTOR('',#1868,1.);
#542=VECTOR('',#1869,1.);
#543=VECTOR('',#1872,1.);
#544=VECTOR('',#1875,1.);
#545=VECTOR('',#1876,1.);
#546=VECTOR('',#1877,1.);
#547=VECTOR('',#1880,1.);
#548=VECTOR('',#1883,1.);
#549=VECTOR('',#1884,1.);
#550=VECTOR('',#1887,1.);
#551=VECTOR('',#1890,1.);
#552=VECTOR('',#1893,1.);
#553=VECTOR('',#1894,1.);
#554=VECTOR('',#1895,1.);
#555=VECTOR('',#1898,1.);
#556=VECTOR('',#1901,1.);
#557=VECTOR('',#1902,1.);
#558=VECTOR('',#1903,1.);
#559=VECTOR('',#1906,1.);
#560=VECTOR('',#1909,1.);
#561=VECTOR('',#1910,1.);
#562=VECTOR('',#1913,1.);
#563=VECTOR('',#1932,1.);
#564=VECTOR('',#1933,1.);
#565=VECTOR('',#1934,1.);
#566=VECTOR('',#1935,1.);
#567=VECTOR('',#1936,1.);
#568=VECTOR('',#1939,1.);
#569=VECTOR('',#1940,1.);
#570=VECTOR('',#1943,1.);
#571=VECTOR('',#1946,1.);
#572=VECTOR('',#1953,1.);
#573=VECTOR('',#1956,1.);
#574=VERTEX_POINT('',#1967);
#575=VERTEX_POINT('',#1968);
#576=VERTEX_POINT('',#1970);
#577=VERTEX_POINT('',#1972);
#578=VERTEX_POINT('',#1974);
#579=VERTEX_POINT('',#1976);
#580=VERTEX_POINT('',#1978);
#581=VERTEX_POINT('',#1980);
#582=VERTEX_POINT('',#1984);
#583=VERTEX_POINT('',#1985);
#584=VERTEX_POINT('',#1987);
#585=VERTEX_POINT('',#1989);
#586=VERTEX_POINT('',#1991);
#587=VERTEX_POINT('',#1993);
#588=VERTEX_POINT('',#1995);
#589=VERTEX_POINT('',#1997);
#590=VERTEX_POINT('',#1999);
#591=VERTEX_POINT('',#2001);
#592=VERTEX_POINT('',#2003);
#593=VERTEX_POINT('',#2005);
#594=VERTEX_POINT('',#2009);
#595=VERTEX_POINT('',#2011);
#596=VERTEX_POINT('',#2015);
#597=VERTEX_POINT('',#2017);
#598=VERTEX_POINT('',#2021);
#599=VERTEX_POINT('',#2025);
#600=VERTEX_POINT('',#2031);
#601=VERTEX_POINT('',#2032);
#602=VERTEX_POINT('',#2035);
#603=VERTEX_POINT('',#2037);
#604=VERTEX_POINT('',#2039);
#605=VERTEX_POINT('',#2041);
#606=VERTEX_POINT('',#2049);
#607=VERTEX_POINT('',#2050);
#608=VERTEX_POINT('',#2052);
#609=VERTEX_POINT('',#2054);
#610=VERTEX_POINT('',#2058);
#611=VERTEX_POINT('',#2059);
#612=VERTEX_POINT('',#2061);
#613=VERTEX_POINT('',#2063);
#614=VERTEX_POINT('',#2067);
#615=VERTEX_POINT('',#2069);
#616=VERTEX_POINT('',#2073);
#617=VERTEX_POINT('',#2075);
#618=VERTEX_POINT('',#2079);
#619=VERTEX_POINT('',#2081);
#620=VERTEX_POINT('',#2085);
#621=VERTEX_POINT('',#2087);
#622=VERTEX_POINT('',#2091);
#623=VERTEX_POINT('',#2093);
#624=VERTEX_POINT('',#2097);
#625=VERTEX_POINT('',#2099);
#626=VERTEX_POINT('',#2104);
#627=VERTEX_POINT('',#2107);
#628=VERTEX_POINT('',#2112);
#629=VERTEX_POINT('',#2114);
#630=VERTEX_POINT('',#2118);
#631=VERTEX_POINT('',#2120);
#632=VERTEX_POINT('',#2124);
#633=VERTEX_POINT('',#2128);
#634=VERTEX_POINT('',#2131);
#635=VERTEX_POINT('',#2135);
#636=VERTEX_POINT('',#2137);
#637=VERTEX_POINT('',#2139);
#638=VERTEX_POINT('',#2141);
#639=VERTEX_POINT('',#2143);
#640=VERTEX_POINT('',#2145);
#641=VERTEX_POINT('',#2148);
#642=VERTEX_POINT('',#2157);
#643=VERTEX_POINT('',#2159);
#644=VERTEX_POINT('',#2163);
#645=VERTEX_POINT('',#2165);
#646=VERTEX_POINT('',#2169);
#647=VERTEX_POINT('',#2170);
#648=VERTEX_POINT('',#2172);
#649=VERTEX_POINT('',#2174);
#650=VERTEX_POINT('',#2176);
#651=VERTEX_POINT('',#2178);
#652=VERTEX_POINT('',#2183);
#653=VERTEX_POINT('',#2184);
#654=VERTEX_POINT('',#2186);
#655=VERTEX_POINT('',#2188);
#656=VERTEX_POINT('',#2191);
#657=VERTEX_POINT('',#2193);
#658=VERTEX_POINT('',#2197);
#659=VERTEX_POINT('',#2198);
#660=VERTEX_POINT('',#2200);
#661=VERTEX_POINT('',#2202);
#662=VERTEX_POINT('',#2206);
#663=VERTEX_POINT('',#2207);
#664=VERTEX_POINT('',#2209);
#665=VERTEX_POINT('',#2211);
#666=VERTEX_POINT('',#2215);
#667=VERTEX_POINT('',#2216);
#668=VERTEX_POINT('',#2218);
#669=VERTEX_POINT('',#2220);
#670=VERTEX_POINT('',#2222);
#671=VERTEX_POINT('',#2224);
#672=VERTEX_POINT('',#2227);
#673=VERTEX_POINT('',#2229);
#674=VERTEX_POINT('',#2234);
#675=VERTEX_POINT('',#2236);
#676=VERTEX_POINT('',#2241);
#677=VERTEX_POINT('',#2242);
#678=VERTEX_POINT('',#2250);
#679=VERTEX_POINT('',#2252);
#680=VERTEX_POINT('',#2256);
#681=VERTEX_POINT('',#2260);
#682=VERTEX_POINT('',#2266);
#683=VERTEX_POINT('',#2270);
#684=VERTEX_POINT('',#2276);
#685=VERTEX_POINT('',#2278);
#686=VERTEX_POINT('',#2282);
#687=VERTEX_POINT('',#2284);
#688=VERTEX_POINT('',#2288);
#689=VERTEX_POINT('',#2290);
#690=VERTEX_POINT('',#2296);
#691=VERTEX_POINT('',#2297);
#692=VERTEX_POINT('',#2299);
#693=VERTEX_POINT('',#2301);
#694=VERTEX_POINT('',#2306);
#695=VERTEX_POINT('',#2307);
#696=VERTEX_POINT('',#2309);
#697=VERTEX_POINT('',#2311);
#698=VERTEX_POINT('',#2323);
#699=VERTEX_POINT('',#2324);
#700=VERTEX_POINT('',#2326);
#701=VERTEX_POINT('',#2328);
#702=VERTEX_POINT('',#2333);
#703=VERTEX_POINT('',#2334);
#704=VERTEX_POINT('',#2336);
#705=VERTEX_POINT('',#2338);
#706=VERTEX_POINT('',#2358);
#707=VERTEX_POINT('',#2360);
#708=VERTEX_POINT('',#2362);
#709=VERTEX_POINT('',#2364);
#710=EDGE_CURVE('',#574,#575,#196,.T.);
#711=EDGE_CURVE('',#576,#574,#197,.T.);
#712=EDGE_CURVE('',#577,#576,#198,.T.);
#713=EDGE_CURVE('',#578,#577,#199,.T.);
#714=EDGE_CURVE('',#579,#578,#200,.T.);
#715=EDGE_CURVE('',#580,#579,#201,.T.);
#716=EDGE_CURVE('',#581,#580,#202,.T.);
#717=EDGE_CURVE('',#575,#581,#203,.T.);
#718=EDGE_CURVE('',#582,#583,#204,.T.);
#719=EDGE_CURVE('',#584,#583,#205,.T.);
#720=EDGE_CURVE('',#585,#584,#206,.T.);
#721=EDGE_CURVE('',#586,#585,#207,.T.);
#722=EDGE_CURVE('',#586,#587,#208,.T.);
#723=EDGE_CURVE('',#587,#588,#209,.T.);
#724=EDGE_CURVE('',#589,#588,#210,.T.);
#725=EDGE_CURVE('',#590,#589,#211,.T.);
#726=EDGE_CURVE('',#591,#590,#212,.T.);
#727=EDGE_CURVE('',#592,#591,#213,.T.);
#728=EDGE_CURVE('',#593,#592,#214,.T.);
#729=EDGE_CURVE('',#593,#582,#215,.T.);
#730=EDGE_CURVE('',#593,#594,#216,.T.);
#731=EDGE_CURVE('',#595,#592,#217,.T.);
#732=EDGE_CURVE('',#594,#595,#218,.T.);
#733=EDGE_CURVE('',#596,#589,#219,.T.);
#734=EDGE_CURVE('',#597,#596,#220,.T.);
#735=EDGE_CURVE('',#597,#590,#221,.T.);
#736=EDGE_CURVE('',#588,#598,#222,.T.);
#737=EDGE_CURVE('',#596,#598,#223,.T.);
#738=EDGE_CURVE('',#599,#591,#224,.T.);
#739=EDGE_CURVE('',#595,#599,#225,.T.);
#740=EDGE_CURVE('',#599,#597,#226,.T.);
#741=EDGE_CURVE('',#600,#601,#227,.T.);
#742=EDGE_CURVE('',#594,#600,#228,.T.);
#743=EDGE_CURVE('',#602,#598,#229,.T.);
#744=EDGE_CURVE('',#603,#602,#230,.T.);
#745=EDGE_CURVE('',#604,#603,#231,.T.);
#746=EDGE_CURVE('',#605,#604,#232,.T.);
#747=EDGE_CURVE('',#601,#605,#233,.T.);
#748=EDGE_CURVE('',#602,#587,#234,.T.);
#749=EDGE_CURVE('',#582,#600,#235,.T.);
#750=EDGE_CURVE('',#606,#607,#236,.T.);
#751=EDGE_CURVE('',#607,#608,#237,.T.);
#752=EDGE_CURVE('',#608,#609,#238,.T.);
#753=EDGE_CURVE('',#609,#606,#239,.T.);
#754=EDGE_CURVE('',#610,#611,#240,.T.);
#755=EDGE_CURVE('',#612,#610,#241,.T.);
#756=EDGE_CURVE('',#613,#612,#242,.T.);
#757=EDGE_CURVE('',#613,#611,#243,.T.);
#758=EDGE_CURVE('',#614,#610,#17,.T.);
#759=EDGE_CURVE('',#615,#614,#244,.T.);
#760=EDGE_CURVE('',#612,#615,#18,.T.);
#761=EDGE_CURVE('',#616,#614,#245,.T.);
#762=EDGE_CURVE('',#617,#616,#246,.T.);
#763=EDGE_CURVE('',#615,#617,#247,.T.);
#764=EDGE_CURVE('',#618,#616,#19,.T.);
#765=EDGE_CURVE('',#619,#618,#248,.T.);
#766=EDGE_CURVE('',#617,#619,#20,.T.);
#767=EDGE_CURVE('',#620,#618,#249,.T.);
#768=EDGE_CURVE('',#621,#620,#250,.T.);
#769=EDGE_CURVE('',#619,#621,#251,.T.);
#770=EDGE_CURVE('',#622,#620,#21,.T.);
#771=EDGE_CURVE('',#623,#622,#252,.T.);
#772=EDGE_CURVE('',#621,#623,#22,.T.);
#773=EDGE_CURVE('',#611,#624,#23,.T.);
#774=EDGE_CURVE('',#625,#613,#24,.T.);
#775=EDGE_CURVE('',#625,#624,#253,.T.);
#776=EDGE_CURVE('',#625,#623,#254,.T.);
#777=EDGE_CURVE('',#626,#626,#25,.T.);
#778=EDGE_CURVE('',#626,#627,#255,.T.);
#779=EDGE_CURVE('',#627,#627,#26,.T.);
#780=EDGE_CURVE('',#628,#583,#256,.T.);
#781=EDGE_CURVE('',#629,#628,#257,.T.);
#782=EDGE_CURVE('',#629,#584,#258,.T.);
#783=EDGE_CURVE('',#605,#630,#259,.T.);
#784=EDGE_CURVE('',#631,#630,#260,.T.);
#785=EDGE_CURVE('',#601,#631,#261,.T.);
#786=EDGE_CURVE('',#604,#632,#262,.T.);
#787=EDGE_CURVE('',#630,#632,#263,.T.);
#788=EDGE_CURVE('',#633,#631,#264,.T.);
#789=EDGE_CURVE('',#603,#633,#265,.T.);
#790=EDGE_CURVE('',#634,#586,#266,.T.);
#791=EDGE_CURVE('',#634,#628,#267,.T.);
#792=EDGE_CURVE('',#581,#635,#268,.T.);
#793=EDGE_CURVE('',#635,#636,#269,.T.);
#794=EDGE_CURVE('',#637,#636,#270,.T.);
#795=EDGE_CURVE('',#638,#637,#271,.T.);
#796=EDGE_CURVE('',#638,#639,#272,.T.);
#797=EDGE_CURVE('',#639,#640,#273,.T.);
#798=EDGE_CURVE('',#575,#640,#274,.T.);
#799=EDGE_CURVE('',#629,#641,#275,.T.);
#800=EDGE_CURVE('',#641,#585,#276,.T.);
#801=EDGE_CURVE('',#634,#641,#277,.T.);
#802=EDGE_CURVE('',#624,#633,#278,.T.);
#803=EDGE_CURVE('',#632,#622,#279,.T.);
#804=EDGE_CURVE('',#574,#642,#280,.T.);
#805=EDGE_CURVE('',#643,#642,#281,.T.);
#806=EDGE_CURVE('',#643,#576,#282,.T.);
#807=EDGE_CURVE('',#644,#579,#283,.T.);
#808=EDGE_CURVE('',#645,#644,#284,.T.);
#809=EDGE_CURVE('',#645,#580,#285,.T.);
#810=EDGE_CURVE('',#646,#647,#286,.T.);
#811=EDGE_CURVE('',#648,#647,#287,.T.);
#812=EDGE_CURVE('',#648,#649,#288,.T.);
#813=EDGE_CURVE('',#650,#649,#289,.T.);
#814=EDGE_CURVE('',#650,#651,#290,.T.);
#815=EDGE_CURVE('',#651,#639,#291,.T.);
#816=EDGE_CURVE('',#646,#638,#292,.T.);
#817=EDGE_CURVE('',#652,#653,#293,.T.);
#818=EDGE_CURVE('',#654,#652,#294,.T.);
#819=EDGE_CURVE('',#654,#655,#295,.T.);
#820=EDGE_CURVE('',#637,#655,#296,.T.);
#821=EDGE_CURVE('',#636,#656,#297,.T.);
#822=EDGE_CURVE('',#657,#656,#298,.T.);
#823=EDGE_CURVE('',#653,#657,#299,.T.);
#824=EDGE_CURVE('',#658,#659,#300,.T.);
#825=EDGE_CURVE('',#658,#660,#301,.T.);
#826=EDGE_CURVE('',#661,#660,#302,.T.);
#827=EDGE_CURVE('',#659,#661,#303,.T.);
#828=EDGE_CURVE('',#662,#663,#304,.T.);
#829=EDGE_CURVE('',#662,#664,#305,.T.);
#830=EDGE_CURVE('',#664,#665,#306,.T.);
#831=EDGE_CURVE('',#665,#663,#307,.T.);
#832=EDGE_CURVE('',#666,#667,#308,.T.);
#833=EDGE_CURVE('',#666,#668,#27,.T.);
#834=EDGE_CURVE('',#669,#668,#309,.T.);
#835=EDGE_CURVE('',#669,#670,#28,.T.);
#836=EDGE_CURVE('',#671,#670,#310,.T.);
#837=EDGE_CURVE('',#671,#650,#311,.T.);
#838=EDGE_CURVE('',#672,#649,#312,.T.);
#839=EDGE_CURVE('',#673,#672,#313,.T.);
#840=EDGE_CURVE('',#664,#673,#314,.T.);
#841=EDGE_CURVE('',#646,#662,#315,.T.);
#842=EDGE_CURVE('',#655,#658,#316,.T.);
#843=EDGE_CURVE('',#659,#674,#317,.T.);
#844=EDGE_CURVE('',#674,#675,#318,.T.);
#845=EDGE_CURVE('',#675,#653,#319,.T.);
#846=EDGE_CURVE('',#657,#667,#320,.T.);
#847=EDGE_CURVE('',#676,#677,#321,.T.);
#848=EDGE_CURVE('',#676,#667,#322,.T.);
#849=EDGE_CURVE('',#656,#651,#323,.T.);
#850=EDGE_CURVE('',#677,#671,#324,.T.);
#851=EDGE_CURVE('',#642,#640,#325,.T.);
#852=EDGE_CURVE('',#635,#645,#326,.T.);
#853=EDGE_CURVE('',#644,#678,#327,.T.);
#854=EDGE_CURVE('',#678,#679,#328,.T.);
#855=EDGE_CURVE('',#679,#643,#329,.T.);
#856=EDGE_CURVE('',#673,#680,#330,.T.);
#857=EDGE_CURVE('',#680,#665,#331,.T.);
#858=EDGE_CURVE('',#672,#681,#332,.T.);
#859=EDGE_CURVE('',#681,#680,#333,.T.);
#860=EDGE_CURVE('',#663,#681,#334,.T.);
#861=EDGE_CURVE('',#682,#661,#335,.T.);
#862=EDGE_CURVE('',#674,#682,#336,.T.);
#863=EDGE_CURVE('',#675,#683,#337,.T.);
#864=EDGE_CURVE('',#683,#682,#338,.T.);
#865=EDGE_CURVE('',#660,#683,#339,.T.);
#866=EDGE_CURVE('',#668,#684,#340,.T.);
#867=EDGE_CURVE('',#684,#685,#341,.T.);
#868=EDGE_CURVE('',#685,#669,#342,.T.);
#869=EDGE_CURVE('',#676,#686,#343,.T.);
#870=EDGE_CURVE('',#686,#687,#344,.T.);
#871=EDGE_CURVE('',#687,#666,#345,.T.);
#872=EDGE_CURVE('',#670,#688,#346,.T.);
#873=EDGE_CURVE('',#688,#689,#347,.T.);
#874=EDGE_CURVE('',#689,#677,#348,.T.);
#875=EDGE_CURVE('',#686,#689,#349,.T.);
#876=EDGE_CURVE('',#690,#691,#350,.T.);
#877=EDGE_CURVE('',#690,#692,#29,.T.);
#878=EDGE_CURVE('',#693,#692,#351,.T.);
#879=EDGE_CURVE('',#693,#672,#352,.T.);
#880=EDGE_CURVE('',#691,#648,#353,.T.);
#881=EDGE_CURVE('',#694,#695,#354,.T.);
#882=EDGE_CURVE('',#694,#696,#30,.T.);
#883=EDGE_CURVE('',#696,#697,#355,.T.);
#884=EDGE_CURVE('',#647,#697,#356,.T.);
#885=EDGE_CURVE('',#695,#662,#357,.T.);
#886=EDGE_CURVE('',#695,#693,#358,.T.);
#887=EDGE_CURVE('',#696,#690,#359,.T.);
#888=EDGE_CURVE('',#697,#691,#360,.T.);
#889=EDGE_CURVE('',#692,#694,#361,.T.);
#890=EDGE_CURVE('',#698,#699,#362,.T.);
#891=EDGE_CURVE('',#699,#700,#31,.T.);
#892=EDGE_CURVE('',#700,#701,#363,.T.);
#893=EDGE_CURVE('',#652,#701,#364,.T.);
#894=EDGE_CURVE('',#698,#675,#365,.T.);
#895=EDGE_CURVE('',#702,#703,#366,.T.);
#896=EDGE_CURVE('',#702,#704,#32,.T.);
#897=EDGE_CURVE('',#704,#705,#367,.T.);
#898=EDGE_CURVE('',#705,#658,#368,.T.);
#899=EDGE_CURVE('',#703,#654,#369,.T.);
#900=EDGE_CURVE('',#705,#698,#370,.T.);
#901=EDGE_CURVE('',#700,#702,#371,.T.);
#902=EDGE_CURVE('',#701,#703,#372,.T.);
#903=EDGE_CURVE('',#704,#699,#373,.T.);
#904=EDGE_CURVE('',#688,#685,#33,.T.);
#905=EDGE_CURVE('',#684,#687,#34,.T.);
#906=EDGE_CURVE('',#686,#706,#374,.T.);
#907=EDGE_CURVE('',#706,#707,#375,.T.);
#908=EDGE_CURVE('',#707,#708,#376,.T.);
#909=EDGE_CURVE('',#708,#709,#377,.T.);
#910=EDGE_CURVE('',#709,#689,#378,.T.);
#911=EDGE_CURVE('',#606,#709,#379,.T.);
#912=EDGE_CURVE('',#607,#708,#380,.T.);
#913=EDGE_CURVE('',#608,#707,#381,.T.);
#914=EDGE_CURVE('',#609,#706,#382,.T.);
#915=EDGE_CURVE('',#679,#577,#383,.T.);
#916=EDGE_CURVE('',#678,#578,#384,.T.);
#917=ORIENTED_EDGE('',*,*,#710,.F.);
#918=ORIENTED_EDGE('',*,*,#711,.F.);
#919=ORIENTED_EDGE('',*,*,#712,.F.);
#920=ORIENTED_EDGE('',*,*,#713,.F.);
#921=ORIENTED_EDGE('',*,*,#714,.F.);
#922=ORIENTED_EDGE('',*,*,#715,.F.);
#923=ORIENTED_EDGE('',*,*,#716,.F.);
#924=ORIENTED_EDGE('',*,*,#717,.F.);
#925=ORIENTED_EDGE('',*,*,#718,.T.);
#926=ORIENTED_EDGE('',*,*,#719,.F.);
#927=ORIENTED_EDGE('',*,*,#720,.F.);
#928=ORIENTED_EDGE('',*,*,#721,.F.);
#929=ORIENTED_EDGE('',*,*,#722,.T.);
#930=ORIENTED_EDGE('',*,*,#723,.T.);
#931=ORIENTED_EDGE('',*,*,#724,.F.);
#932=ORIENTED_EDGE('',*,*,#725,.F.);
#933=ORIENTED_EDGE('',*,*,#726,.F.);
#934=ORIENTED_EDGE('',*,*,#727,.F.);
#935=ORIENTED_EDGE('',*,*,#728,.F.);
#936=ORIENTED_EDGE('',*,*,#729,.T.);
#937=ORIENTED_EDGE('',*,*,#730,.F.);
#938=ORIENTED_EDGE('',*,*,#728,.T.);
#939=ORIENTED_EDGE('',*,*,#731,.F.);
#940=ORIENTED_EDGE('',*,*,#732,.F.);
#941=ORIENTED_EDGE('',*,*,#725,.T.);
#942=ORIENTED_EDGE('',*,*,#733,.F.);
#943=ORIENTED_EDGE('',*,*,#734,.F.);
#944=ORIENTED_EDGE('',*,*,#735,.T.);
#945=ORIENTED_EDGE('',*,*,#724,.T.);
#946=ORIENTED_EDGE('',*,*,#736,.T.);
#947=ORIENTED_EDGE('',*,*,#737,.F.);
#948=ORIENTED_EDGE('',*,*,#733,.T.);
#949=ORIENTED_EDGE('',*,*,#727,.T.);
#950=ORIENTED_EDGE('',*,*,#738,.F.);
#951=ORIENTED_EDGE('',*,*,#739,.F.);
#952=ORIENTED_EDGE('',*,*,#731,.T.);
#953=ORIENTED_EDGE('',*,*,#726,.T.);
#954=ORIENTED_EDGE('',*,*,#735,.F.);
#955=ORIENTED_EDGE('',*,*,#740,.F.);
#956=ORIENTED_EDGE('',*,*,#738,.T.);
#957=ORIENTED_EDGE('',*,*,#741,.F.);
#958=ORIENTED_EDGE('',*,*,#742,.F.);
#959=ORIENTED_EDGE('',*,*,#732,.T.);
#960=ORIENTED_EDGE('',*,*,#739,.T.);
#961=ORIENTED_EDGE('',*,*,#740,.T.);
#962=ORIENTED_EDGE('',*,*,#734,.T.);
#963=ORIENTED_EDGE('',*,*,#737,.T.);
#964=ORIENTED_EDGE('',*,*,#743,.F.);
#965=ORIENTED_EDGE('',*,*,#744,.F.);
#966=ORIENTED_EDGE('',*,*,#745,.F.);
#967=ORIENTED_EDGE('',*,*,#746,.F.);
#968=ORIENTED_EDGE('',*,*,#747,.F.);
#969=ORIENTED_EDGE('',*,*,#748,.F.);
#970=ORIENTED_EDGE('',*,*,#743,.T.);
#971=ORIENTED_EDGE('',*,*,#736,.F.);
#972=ORIENTED_EDGE('',*,*,#723,.F.);
#973=ORIENTED_EDGE('',*,*,#749,.F.);
#974=ORIENTED_EDGE('',*,*,#729,.F.);
#975=ORIENTED_EDGE('',*,*,#730,.T.);
#976=ORIENTED_EDGE('',*,*,#742,.T.);
#977=ORIENTED_EDGE('',*,*,#750,.T.);
#978=ORIENTED_EDGE('',*,*,#751,.T.);
#979=ORIENTED_EDGE('',*,*,#752,.T.);
#980=ORIENTED_EDGE('',*,*,#753,.T.);
#981=ORIENTED_EDGE('',*,*,#754,.F.);
#982=ORIENTED_EDGE('',*,*,#755,.F.);
#983=ORIENTED_EDGE('',*,*,#756,.F.);
#984=ORIENTED_EDGE('',*,*,#757,.T.);
#985=ORIENTED_EDGE('',*,*,#758,.F.);
#986=ORIENTED_EDGE('',*,*,#759,.F.);
#987=ORIENTED_EDGE('',*,*,#760,.F.);
#988=ORIENTED_EDGE('',*,*,#755,.T.);
#989=ORIENTED_EDGE('',*,*,#761,.F.);
#990=ORIENTED_EDGE('',*,*,#762,.F.);
#991=ORIENTED_EDGE('',*,*,#763,.F.);
#992=ORIENTED_EDGE('',*,*,#759,.T.);
#993=ORIENTED_EDGE('',*,*,#764,.F.);
#994=ORIENTED_EDGE('',*,*,#765,.F.);
#995=ORIENTED_EDGE('',*,*,#766,.F.);
#996=ORIENTED_EDGE('',*,*,#762,.T.);
#997=ORIENTED_EDGE('',*,*,#767,.F.);
#998=ORIENTED_EDGE('',*,*,#768,.F.);
#999=ORIENTED_EDGE('',*,*,#769,.F.);
#1000=ORIENTED_EDGE('',*,*,#765,.T.);
#1001=ORIENTED_EDGE('',*,*,#770,.F.);
#1002=ORIENTED_EDGE('',*,*,#771,.F.);
#1003=ORIENTED_EDGE('',*,*,#772,.F.);
#1004=ORIENTED_EDGE('',*,*,#768,.T.);
#1005=ORIENTED_EDGE('',*,*,#773,.F.);
#1006=ORIENTED_EDGE('',*,*,#757,.F.);
#1007=ORIENTED_EDGE('',*,*,#774,.F.);
#1008=ORIENTED_EDGE('',*,*,#775,.T.);
#1009=ORIENTED_EDGE('',*,*,#756,.T.);
#1010=ORIENTED_EDGE('',*,*,#760,.T.);
#1011=ORIENTED_EDGE('',*,*,#763,.T.);
#1012=ORIENTED_EDGE('',*,*,#766,.T.);
#1013=ORIENTED_EDGE('',*,*,#769,.T.);
#1014=ORIENTED_EDGE('',*,*,#772,.T.);
#1015=ORIENTED_EDGE('',*,*,#776,.F.);
#1016=ORIENTED_EDGE('',*,*,#774,.T.);
#1017=ORIENTED_EDGE('',*,*,#777,.F.);
#1018=ORIENTED_EDGE('',*,*,#777,.T.);
#1019=ORIENTED_EDGE('',*,*,#778,.T.);
#1020=ORIENTED_EDGE('',*,*,#779,.F.);
#1021=ORIENTED_EDGE('',*,*,#778,.F.);
#1022=ORIENTED_EDGE('',*,*,#779,.T.);
#1023=ORIENTED_EDGE('',*,*,#719,.T.);
#1024=ORIENTED_EDGE('',*,*,#780,.F.);
#1025=ORIENTED_EDGE('',*,*,#781,.F.);
#1026=ORIENTED_EDGE('',*,*,#782,.T.);
#1027=ORIENTED_EDGE('',*,*,#747,.T.);
#1028=ORIENTED_EDGE('',*,*,#783,.T.);
#1029=ORIENTED_EDGE('',*,*,#784,.F.);
#1030=ORIENTED_EDGE('',*,*,#785,.F.);
#1031=ORIENTED_EDGE('',*,*,#746,.T.);
#1032=ORIENTED_EDGE('',*,*,#786,.T.);
#1033=ORIENTED_EDGE('',*,*,#787,.F.);
#1034=ORIENTED_EDGE('',*,*,#783,.F.);
#1035=ORIENTED_EDGE('',*,*,#749,.T.);
#1036=ORIENTED_EDGE('',*,*,#741,.T.);
#1037=ORIENTED_EDGE('',*,*,#785,.T.);
#1038=ORIENTED_EDGE('',*,*,#788,.F.);
#1039=ORIENTED_EDGE('',*,*,#789,.F.);
#1040=ORIENTED_EDGE('',*,*,#744,.T.);
#1041=ORIENTED_EDGE('',*,*,#748,.T.);
#1042=ORIENTED_EDGE('',*,*,#722,.F.);
#1043=ORIENTED_EDGE('',*,*,#790,.F.);
#1044=ORIENTED_EDGE('',*,*,#791,.T.);
#1045=ORIENTED_EDGE('',*,*,#780,.T.);
#1046=ORIENTED_EDGE('',*,*,#718,.F.);
#1047=ORIENTED_EDGE('',*,*,#717,.T.);
#1048=ORIENTED_EDGE('',*,*,#792,.T.);
#1049=ORIENTED_EDGE('',*,*,#793,.T.);
#1050=ORIENTED_EDGE('',*,*,#794,.F.);
#1051=ORIENTED_EDGE('',*,*,#795,.F.);
#1052=ORIENTED_EDGE('',*,*,#796,.T.);
#1053=ORIENTED_EDGE('',*,*,#797,.T.);
#1054=ORIENTED_EDGE('',*,*,#798,.F.);
#1055=ORIENTED_EDGE('',*,*,#782,.F.);
#1056=ORIENTED_EDGE('',*,*,#799,.T.);
#1057=ORIENTED_EDGE('',*,*,#800,.T.);
#1058=ORIENTED_EDGE('',*,*,#720,.T.);
#1059=ORIENTED_EDGE('',*,*,#721,.T.);
#1060=ORIENTED_EDGE('',*,*,#800,.F.);
#1061=ORIENTED_EDGE('',*,*,#801,.F.);
#1062=ORIENTED_EDGE('',*,*,#790,.T.);
#1063=ORIENTED_EDGE('',*,*,#745,.T.);
#1064=ORIENTED_EDGE('',*,*,#789,.T.);
#1065=ORIENTED_EDGE('',*,*,#802,.F.);
#1066=ORIENTED_EDGE('',*,*,#775,.F.);
#1067=ORIENTED_EDGE('',*,*,#776,.T.);
#1068=ORIENTED_EDGE('',*,*,#771,.T.);
#1069=ORIENTED_EDGE('',*,*,#803,.F.);
#1070=ORIENTED_EDGE('',*,*,#786,.F.);
#1071=ORIENTED_EDGE('',*,*,#711,.T.);
#1072=ORIENTED_EDGE('',*,*,#804,.T.);
#1073=ORIENTED_EDGE('',*,*,#805,.F.);
#1074=ORIENTED_EDGE('',*,*,#806,.T.);
#1075=ORIENTED_EDGE('',*,*,#715,.T.);
#1076=ORIENTED_EDGE('',*,*,#807,.F.);
#1077=ORIENTED_EDGE('',*,*,#808,.F.);
#1078=ORIENTED_EDGE('',*,*,#809,.T.);
#1079=ORIENTED_EDGE('',*,*,#810,.T.);
#1080=ORIENTED_EDGE('',*,*,#811,.F.);
#1081=ORIENTED_EDGE('',*,*,#812,.T.);
#1082=ORIENTED_EDGE('',*,*,#813,.F.);
#1083=ORIENTED_EDGE('',*,*,#814,.T.);
#1084=ORIENTED_EDGE('',*,*,#815,.T.);
#1085=ORIENTED_EDGE('',*,*,#796,.F.);
#1086=ORIENTED_EDGE('',*,*,#816,.F.);
#1087=ORIENTED_EDGE('',*,*,#817,.F.);
#1088=ORIENTED_EDGE('',*,*,#818,.F.);
#1089=ORIENTED_EDGE('',*,*,#819,.T.);
#1090=ORIENTED_EDGE('',*,*,#820,.F.);
#1091=ORIENTED_EDGE('',*,*,#794,.T.);
#1092=ORIENTED_EDGE('',*,*,#821,.T.);
#1093=ORIENTED_EDGE('',*,*,#822,.F.);
#1094=ORIENTED_EDGE('',*,*,#823,.F.);
#1095=ORIENTED_EDGE('',*,*,#824,.F.);
#1096=ORIENTED_EDGE('',*,*,#825,.T.);
#1097=ORIENTED_EDGE('',*,*,#826,.F.);
#1098=ORIENTED_EDGE('',*,*,#827,.F.);
#1099=ORIENTED_EDGE('',*,*,#828,.F.);
#1100=ORIENTED_EDGE('',*,*,#829,.T.);
#1101=ORIENTED_EDGE('',*,*,#830,.T.);
#1102=ORIENTED_EDGE('',*,*,#831,.T.);
#1103=ORIENTED_EDGE('',*,*,#832,.F.);
#1104=ORIENTED_EDGE('',*,*,#833,.T.);
#1105=ORIENTED_EDGE('',*,*,#834,.F.);
#1106=ORIENTED_EDGE('',*,*,#835,.T.);
#1107=ORIENTED_EDGE('',*,*,#836,.F.);
#1108=ORIENTED_EDGE('',*,*,#837,.T.);
#1109=ORIENTED_EDGE('',*,*,#813,.T.);
#1110=ORIENTED_EDGE('',*,*,#838,.F.);
#1111=ORIENTED_EDGE('',*,*,#839,.F.);
#1112=ORIENTED_EDGE('',*,*,#840,.F.);
#1113=ORIENTED_EDGE('',*,*,#829,.F.);
#1114=ORIENTED_EDGE('',*,*,#841,.F.);
#1115=ORIENTED_EDGE('',*,*,#816,.T.);
#1116=ORIENTED_EDGE('',*,*,#795,.T.);
#1117=ORIENTED_EDGE('',*,*,#820,.T.);
#1118=ORIENTED_EDGE('',*,*,#842,.T.);
#1119=ORIENTED_EDGE('',*,*,#824,.T.);
#1120=ORIENTED_EDGE('',*,*,#843,.T.);
#1121=ORIENTED_EDGE('',*,*,#844,.T.);
#1122=ORIENTED_EDGE('',*,*,#845,.T.);
#1123=ORIENTED_EDGE('',*,*,#823,.T.);
#1124=ORIENTED_EDGE('',*,*,#846,.T.);
#1125=ORIENTED_EDGE('',*,*,#847,.F.);
#1126=ORIENTED_EDGE('',*,*,#848,.T.);
#1127=ORIENTED_EDGE('',*,*,#846,.F.);
#1128=ORIENTED_EDGE('',*,*,#822,.T.);
#1129=ORIENTED_EDGE('',*,*,#849,.T.);
#1130=ORIENTED_EDGE('',*,*,#814,.F.);
#1131=ORIENTED_EDGE('',*,*,#837,.F.);
#1132=ORIENTED_EDGE('',*,*,#850,.F.);
#1133=ORIENTED_EDGE('',*,*,#805,.T.);
#1134=ORIENTED_EDGE('',*,*,#851,.T.);
#1135=ORIENTED_EDGE('',*,*,#797,.F.);
#1136=ORIENTED_EDGE('',*,*,#815,.F.);
#1137=ORIENTED_EDGE('',*,*,#849,.F.);
#1138=ORIENTED_EDGE('',*,*,#821,.F.);
#1139=ORIENTED_EDGE('',*,*,#793,.F.);
#1140=ORIENTED_EDGE('',*,*,#852,.T.);
#1141=ORIENTED_EDGE('',*,*,#808,.T.);
#1142=ORIENTED_EDGE('',*,*,#853,.T.);
#1143=ORIENTED_EDGE('',*,*,#854,.T.);
#1144=ORIENTED_EDGE('',*,*,#855,.T.);
#1145=ORIENTED_EDGE('',*,*,#840,.T.);
#1146=ORIENTED_EDGE('',*,*,#856,.T.);
#1147=ORIENTED_EDGE('',*,*,#857,.T.);
#1148=ORIENTED_EDGE('',*,*,#830,.F.);
#1149=ORIENTED_EDGE('',*,*,#839,.T.);
#1150=ORIENTED_EDGE('',*,*,#858,.T.);
#1151=ORIENTED_EDGE('',*,*,#859,.T.);
#1152=ORIENTED_EDGE('',*,*,#856,.F.);
#1153=ORIENTED_EDGE('',*,*,#860,.F.);
#1154=ORIENTED_EDGE('',*,*,#831,.F.);
#1155=ORIENTED_EDGE('',*,*,#857,.F.);
#1156=ORIENTED_EDGE('',*,*,#859,.F.);
#1157=ORIENTED_EDGE('',*,*,#843,.F.);
#1158=ORIENTED_EDGE('',*,*,#827,.T.);
#1159=ORIENTED_EDGE('',*,*,#861,.F.);
#1160=ORIENTED_EDGE('',*,*,#862,.F.);
#1161=ORIENTED_EDGE('',*,*,#863,.F.);
#1162=ORIENTED_EDGE('',*,*,#844,.F.);
#1163=ORIENTED_EDGE('',*,*,#862,.T.);
#1164=ORIENTED_EDGE('',*,*,#864,.F.);
#1165=ORIENTED_EDGE('',*,*,#826,.T.);
#1166=ORIENTED_EDGE('',*,*,#865,.T.);
#1167=ORIENTED_EDGE('',*,*,#864,.T.);
#1168=ORIENTED_EDGE('',*,*,#861,.T.);
#1169=ORIENTED_EDGE('',*,*,#834,.T.);
#1170=ORIENTED_EDGE('',*,*,#866,.T.);
#1171=ORIENTED_EDGE('',*,*,#867,.T.);
#1172=ORIENTED_EDGE('',*,*,#868,.T.);
#1173=ORIENTED_EDGE('',*,*,#869,.T.);
#1174=ORIENTED_EDGE('',*,*,#870,.T.);
#1175=ORIENTED_EDGE('',*,*,#871,.T.);
#1176=ORIENTED_EDGE('',*,*,#832,.T.);
#1177=ORIENTED_EDGE('',*,*,#848,.F.);
#1178=ORIENTED_EDGE('',*,*,#836,.T.);
#1179=ORIENTED_EDGE('',*,*,#872,.T.);
#1180=ORIENTED_EDGE('',*,*,#873,.T.);
#1181=ORIENTED_EDGE('',*,*,#874,.T.);
#1182=ORIENTED_EDGE('',*,*,#850,.T.);
#1183=ORIENTED_EDGE('',*,*,#875,.F.);
#1184=ORIENTED_EDGE('',*,*,#869,.F.);
#1185=ORIENTED_EDGE('',*,*,#847,.T.);
#1186=ORIENTED_EDGE('',*,*,#874,.F.);
#1187=ORIENTED_EDGE('',*,*,#876,.F.);
#1188=ORIENTED_EDGE('',*,*,#877,.T.);
#1189=ORIENTED_EDGE('',*,*,#878,.F.);
#1190=ORIENTED_EDGE('',*,*,#879,.T.);
#1191=ORIENTED_EDGE('',*,*,#838,.T.);
#1192=ORIENTED_EDGE('',*,*,#812,.F.);
#1193=ORIENTED_EDGE('',*,*,#880,.F.);
#1194=ORIENTED_EDGE('',*,*,#881,.F.);
#1195=ORIENTED_EDGE('',*,*,#882,.T.);
#1196=ORIENTED_EDGE('',*,*,#883,.T.);
#1197=ORIENTED_EDGE('',*,*,#884,.F.);
#1198=ORIENTED_EDGE('',*,*,#810,.F.);
#1199=ORIENTED_EDGE('',*,*,#841,.T.);
#1200=ORIENTED_EDGE('',*,*,#885,.F.);
#1201=ORIENTED_EDGE('',*,*,#860,.T.);
#1202=ORIENTED_EDGE('',*,*,#858,.F.);
#1203=ORIENTED_EDGE('',*,*,#879,.F.);
#1204=ORIENTED_EDGE('',*,*,#886,.F.);
#1205=ORIENTED_EDGE('',*,*,#885,.T.);
#1206=ORIENTED_EDGE('',*,*,#828,.T.);
#1207=ORIENTED_EDGE('',*,*,#883,.F.);
#1208=ORIENTED_EDGE('',*,*,#887,.T.);
#1209=ORIENTED_EDGE('',*,*,#876,.T.);
#1210=ORIENTED_EDGE('',*,*,#888,.F.);
#1211=ORIENTED_EDGE('',*,*,#878,.T.);
#1212=ORIENTED_EDGE('',*,*,#889,.T.);
#1213=ORIENTED_EDGE('',*,*,#881,.T.);
#1214=ORIENTED_EDGE('',*,*,#886,.T.);
#1215=ORIENTED_EDGE('',*,*,#890,.T.);
#1216=ORIENTED_EDGE('',*,*,#891,.T.);
#1217=ORIENTED_EDGE('',*,*,#892,.T.);
#1218=ORIENTED_EDGE('',*,*,#893,.F.);
#1219=ORIENTED_EDGE('',*,*,#817,.T.);
#1220=ORIENTED_EDGE('',*,*,#845,.F.);
#1221=ORIENTED_EDGE('',*,*,#894,.F.);
#1222=ORIENTED_EDGE('',*,*,#895,.F.);
#1223=ORIENTED_EDGE('',*,*,#896,.T.);
#1224=ORIENTED_EDGE('',*,*,#897,.T.);
#1225=ORIENTED_EDGE('',*,*,#898,.T.);
#1226=ORIENTED_EDGE('',*,*,#842,.F.);
#1227=ORIENTED_EDGE('',*,*,#819,.F.);
#1228=ORIENTED_EDGE('',*,*,#899,.F.);
#1229=ORIENTED_EDGE('',*,*,#865,.F.);
#1230=ORIENTED_EDGE('',*,*,#825,.F.);
#1231=ORIENTED_EDGE('',*,*,#898,.F.);
#1232=ORIENTED_EDGE('',*,*,#900,.T.);
#1233=ORIENTED_EDGE('',*,*,#894,.T.);
#1234=ORIENTED_EDGE('',*,*,#863,.T.);
#1235=ORIENTED_EDGE('',*,*,#892,.F.);
#1236=ORIENTED_EDGE('',*,*,#901,.T.);
#1237=ORIENTED_EDGE('',*,*,#895,.T.);
#1238=ORIENTED_EDGE('',*,*,#902,.F.);
#1239=ORIENTED_EDGE('',*,*,#897,.F.);
#1240=ORIENTED_EDGE('',*,*,#903,.T.);
#1241=ORIENTED_EDGE('',*,*,#890,.F.);
#1242=ORIENTED_EDGE('',*,*,#900,.F.);
#1243=ORIENTED_EDGE('',*,*,#899,.T.);
#1244=ORIENTED_EDGE('',*,*,#818,.T.);
#1245=ORIENTED_EDGE('',*,*,#893,.T.);
#1246=ORIENTED_EDGE('',*,*,#902,.T.);
#1247=ORIENTED_EDGE('',*,*,#884,.T.);
#1248=ORIENTED_EDGE('',*,*,#888,.T.);
#1249=ORIENTED_EDGE('',*,*,#880,.T.);
#1250=ORIENTED_EDGE('',*,*,#811,.T.);
#1251=ORIENTED_EDGE('',*,*,#891,.F.);
#1252=ORIENTED_EDGE('',*,*,#903,.F.);
#1253=ORIENTED_EDGE('',*,*,#896,.F.);
#1254=ORIENTED_EDGE('',*,*,#901,.F.);
#1255=ORIENTED_EDGE('',*,*,#877,.F.);
#1256=ORIENTED_EDGE('',*,*,#887,.F.);
#1257=ORIENTED_EDGE('',*,*,#882,.F.);
#1258=ORIENTED_EDGE('',*,*,#889,.F.);
#1259=ORIENTED_EDGE('',*,*,#835,.F.);
#1260=ORIENTED_EDGE('',*,*,#868,.F.);
#1261=ORIENTED_EDGE('',*,*,#904,.F.);
#1262=ORIENTED_EDGE('',*,*,#872,.F.);
#1263=ORIENTED_EDGE('',*,*,#833,.F.);
#1264=ORIENTED_EDGE('',*,*,#871,.F.);
#1265=ORIENTED_EDGE('',*,*,#905,.F.);
#1266=ORIENTED_EDGE('',*,*,#866,.F.);
#1267=ORIENTED_EDGE('',*,*,#906,.T.);
#1268=ORIENTED_EDGE('',*,*,#907,.T.);
#1269=ORIENTED_EDGE('',*,*,#908,.T.);
#1270=ORIENTED_EDGE('',*,*,#909,.T.);
#1271=ORIENTED_EDGE('',*,*,#910,.T.);
#1272=ORIENTED_EDGE('',*,*,#873,.F.);
#1273=ORIENTED_EDGE('',*,*,#904,.T.);
#1274=ORIENTED_EDGE('',*,*,#867,.F.);
#1275=ORIENTED_EDGE('',*,*,#905,.T.);
#1276=ORIENTED_EDGE('',*,*,#870,.F.);
#1277=ORIENTED_EDGE('',*,*,#750,.F.);
#1278=ORIENTED_EDGE('',*,*,#911,.T.);
#1279=ORIENTED_EDGE('',*,*,#909,.F.);
#1280=ORIENTED_EDGE('',*,*,#912,.F.);
#1281=ORIENTED_EDGE('',*,*,#751,.F.);
#1282=ORIENTED_EDGE('',*,*,#912,.T.);
#1283=ORIENTED_EDGE('',*,*,#908,.F.);
#1284=ORIENTED_EDGE('',*,*,#913,.F.);
#1285=ORIENTED_EDGE('',*,*,#752,.F.);
#1286=ORIENTED_EDGE('',*,*,#913,.T.);
#1287=ORIENTED_EDGE('',*,*,#907,.F.);
#1288=ORIENTED_EDGE('',*,*,#914,.F.);
#1289=ORIENTED_EDGE('',*,*,#753,.F.);
#1290=ORIENTED_EDGE('',*,*,#914,.T.);
#1291=ORIENTED_EDGE('',*,*,#906,.F.);
#1292=ORIENTED_EDGE('',*,*,#875,.T.);
#1293=ORIENTED_EDGE('',*,*,#910,.F.);
#1294=ORIENTED_EDGE('',*,*,#911,.F.);
#1295=ORIENTED_EDGE('',*,*,#773,.T.);
#1296=ORIENTED_EDGE('',*,*,#802,.T.);
#1297=ORIENTED_EDGE('',*,*,#788,.T.);
#1298=ORIENTED_EDGE('',*,*,#784,.T.);
#1299=ORIENTED_EDGE('',*,*,#787,.T.);
#1300=ORIENTED_EDGE('',*,*,#803,.T.);
#1301=ORIENTED_EDGE('',*,*,#770,.T.);
#1302=ORIENTED_EDGE('',*,*,#767,.T.);
#1303=ORIENTED_EDGE('',*,*,#764,.T.);
#1304=ORIENTED_EDGE('',*,*,#761,.T.);
#1305=ORIENTED_EDGE('',*,*,#758,.T.);
#1306=ORIENTED_EDGE('',*,*,#754,.T.);
#1307=ORIENTED_EDGE('',*,*,#712,.T.);
#1308=ORIENTED_EDGE('',*,*,#806,.F.);
#1309=ORIENTED_EDGE('',*,*,#855,.F.);
#1310=ORIENTED_EDGE('',*,*,#915,.T.);
#1311=ORIENTED_EDGE('',*,*,#714,.T.);
#1312=ORIENTED_EDGE('',*,*,#916,.F.);
#1313=ORIENTED_EDGE('',*,*,#853,.F.);
#1314=ORIENTED_EDGE('',*,*,#807,.T.);
#1315=ORIENTED_EDGE('',*,*,#713,.T.);
#1316=ORIENTED_EDGE('',*,*,#915,.F.);
#1317=ORIENTED_EDGE('',*,*,#854,.F.);
#1318=ORIENTED_EDGE('',*,*,#916,.T.);
#1319=ORIENTED_EDGE('',*,*,#710,.T.);
#1320=ORIENTED_EDGE('',*,*,#798,.T.);
#1321=ORIENTED_EDGE('',*,*,#851,.F.);
#1322=ORIENTED_EDGE('',*,*,#804,.F.);
#1323=ORIENTED_EDGE('',*,*,#716,.T.);
#1324=ORIENTED_EDGE('',*,*,#809,.F.);
#1325=ORIENTED_EDGE('',*,*,#852,.F.);
#1326=ORIENTED_EDGE('',*,*,#792,.F.);
#1327=ORIENTED_EDGE('',*,*,#781,.T.);
#1328=ORIENTED_EDGE('',*,*,#791,.F.);
#1329=ORIENTED_EDGE('',*,*,#801,.T.);
#1330=ORIENTED_EDGE('',*,*,#799,.F.);
#1331=PLANE('',#1495);
#1332=PLANE('',#1496);
#1333=PLANE('',#1497);
#1334=PLANE('',#1498);
#1335=PLANE('',#1499);
#1336=PLANE('',#1500);
#1337=PLANE('',#1501);
#1338=PLANE('',#1502);
#1339=PLANE('',#1503);
#1340=PLANE('',#1504);
#1341=PLANE('',#1505);
#1342=PLANE('',#1506);
#1343=PLANE('',#1510);
#1344=PLANE('',#1514);
#1345=PLANE('',#1521);
#1346=PLANE('',#1525);
#1347=PLANE('',#1526);
#1348=PLANE('',#1527);
#1349=PLANE('',#1528);
#1350=PLANE('',#1529);
#1351=PLANE('',#1530);
#1352=PLANE('',#1531);
#1353=PLANE('',#1532);
#1354=PLANE('',#1533);
#1355=PLANE('',#1534);
#1356=PLANE('',#1535);
#1357=PLANE('',#1536);
#1358=PLANE('',#1537);
#1359=PLANE('',#1538);
#1360=PLANE('',#1539);
#1361=PLANE('',#1542);
#1362=PLANE('',#1543);
#1363=PLANE('',#1544);
#1364=PLANE('',#1545);
#1365=PLANE('',#1546);
#1366=PLANE('',#1547);
#1367=PLANE('',#1548);
#1368=PLANE('',#1549);
#1369=PLANE('',#1550);
#1370=PLANE('',#1551);
#1371=PLANE('',#1552);
#1372=PLANE('',#1553);
#1373=PLANE('',#1554);
#1374=PLANE('',#1556);
#1375=PLANE('',#1558);
#1376=PLANE('',#1559);
#1377=PLANE('',#1560);
#1378=PLANE('',#1561);
#1379=PLANE('',#1563);
#1380=PLANE('',#1565);
#1381=PLANE('',#1566);
#1382=PLANE('',#1567);
#1383=PLANE('',#1568);
#1384=PLANE('',#1569);
#1385=PLANE('',#1576);
#1386=PLANE('',#1577);
#1387=PLANE('',#1578);
#1388=PLANE('',#1579);
#1389=PLANE('',#1580);
#1390=PLANE('',#1581);
#1391=PLANE('',#1582);
#1392=PLANE('',#1583);
#1393=PLANE('',#1584);
#1394=PLANE('',#1585);
#1395=PLANE('',#1586);
#1396=PLANE('',#1587);
#1397=ADVANCED_FACE('',(#44),#1331,.F.);
#1398=ADVANCED_FACE('',(#45),#1332,.T.);
#1399=ADVANCED_FACE('',(#46),#1333,.F.);
#1400=ADVANCED_FACE('',(#47),#1334,.F.);
#1401=ADVANCED_FACE('',(#48),#1335,.F.);
#1402=ADVANCED_FACE('',(#49),#1336,.F.);
#1403=ADVANCED_FACE('',(#50),#1337,.F.);
#1404=ADVANCED_FACE('',(#51),#1338,.T.);
#1405=ADVANCED_FACE('',(#52),#1339,.F.);
#1406=ADVANCED_FACE('',(#53),#1340,.F.);
#1407=ADVANCED_FACE('',(#54),#1341,.F.);
#1408=ADVANCED_FACE('',(#55),#1342,.F.);
#1409=ADVANCED_FACE('',(#56),#35,.T.);
#1410=ADVANCED_FACE('',(#57),#1343,.F.);
#1411=ADVANCED_FACE('',(#58),#36,.T.);
#1412=ADVANCED_FACE('',(#59),#1344,.F.);
#1413=ADVANCED_FACE('',(#60),#37,.T.);
#1414=ADVANCED_FACE('',(#61),#38,.T.);
#1415=ADVANCED_FACE('',(#62,#15),#1345,.T.);
#1416=ADVANCED_FACE('',(#63),#39,.T.);
#1417=ADVANCED_FACE('',(#64),#1346,.T.);
#1418=ADVANCED_FACE('',(#65),#1347,.T.);
#1419=ADVANCED_FACE('',(#66),#1348,.T.);
#1420=ADVANCED_FACE('',(#67),#1349,.T.);
#1421=ADVANCED_FACE('',(#68),#1350,.T.);
#1422=ADVANCED_FACE('',(#69,#16),#1351,.F.);
#1423=ADVANCED_FACE('',(#70),#1352,.T.);
#1424=ADVANCED_FACE('',(#71),#1353,.T.);
#1425=ADVANCED_FACE('',(#72),#1354,.T.);
#1426=ADVANCED_FACE('',(#73),#1355,.T.);
#1427=ADVANCED_FACE('',(#74),#1356,.F.);
#1428=ADVANCED_FACE('',(#75),#1357,.F.);
#1429=ADVANCED_FACE('',(#76),#1358,.T.);
#1430=ADVANCED_FACE('',(#77),#1359,.F.);
#1431=ADVANCED_FACE('',(#78),#1360,.T.);
#1432=ADVANCED_FACE('',(#79),#1361,.F.);
#1433=ADVANCED_FACE('',(#80),#1362,.F.);
#1434=ADVANCED_FACE('',(#81),#1363,.F.);
#1435=ADVANCED_FACE('',(#82),#1364,.F.);
#1436=ADVANCED_FACE('',(#83),#1365,.T.);
#1437=ADVANCED_FACE('',(#84),#1366,.T.);
#1438=ADVANCED_FACE('',(#85),#1367,.T.);
#1439=ADVANCED_FACE('',(#86),#1368,.F.);
#1440=ADVANCED_FACE('',(#87),#1369,.F.);
#1441=ADVANCED_FACE('',(#88),#1370,.F.);
#1442=ADVANCED_FACE('',(#89),#1371,.F.);
#1443=ADVANCED_FACE('',(#90),#1372,.T.);
#1444=ADVANCED_FACE('',(#91),#1373,.F.);
#1445=ADVANCED_FACE('',(#92),#1374,.F.);
#1446=ADVANCED_FACE('',(#93),#1375,.F.);
#1447=ADVANCED_FACE('',(#94),#1376,.F.);
#1448=ADVANCED_FACE('',(#95),#1377,.T.);
#1449=ADVANCED_FACE('',(#96),#1378,.T.);
#1450=ADVANCED_FACE('',(#97),#1379,.T.);
#1451=ADVANCED_FACE('',(#98),#1380,.T.);
#1452=ADVANCED_FACE('',(#99),#1381,.T.);
#1453=ADVANCED_FACE('',(#100),#1382,.F.);
#1454=ADVANCED_FACE('',(#101),#1383,.T.);
#1455=ADVANCED_FACE('',(#102),#1384,.T.);
#1456=ADVANCED_FACE('',(#103),#40,.T.);
#1457=ADVANCED_FACE('',(#104),#41,.T.);
#1458=ADVANCED_FACE('',(#105),#42,.F.);
#1459=ADVANCED_FACE('',(#106),#43,.F.);
#1460=ADVANCED_FACE('',(#107),#1385,.F.);
#1461=ADVANCED_FACE('',(#108),#1386,.T.);
#1462=ADVANCED_FACE('',(#109),#1387,.T.);
#1463=ADVANCED_FACE('',(#110),#1388,.T.);
#1464=ADVANCED_FACE('',(#111),#1389,.T.);
#1465=ADVANCED_FACE('',(#112),#1390,.F.);
#1466=ADVANCED_FACE('',(#113),#1391,.T.);
#1467=ADVANCED_FACE('',(#114),#1392,.T.);
#1468=ADVANCED_FACE('',(#115),#1393,.T.);
#1469=ADVANCED_FACE('',(#116),#1394,.T.);
#1470=ADVANCED_FACE('',(#117),#1395,.T.);
#1471=ADVANCED_FACE('',(#118),#1396,.F.);
#1472=CLOSED_SHELL('',(#1397,#1398,#1399,#1400,#1401,#1402,#1403,#1404,
#1405,#1406,#1407,#1408,#1409,#1410,#1411,#1412,#1413,#1414,#1415,#1416,
#1417,#1418,#1419,#1420,#1421,#1422,#1423,#1424,#1425,#1426,#1427,#1428,
#1429,#1430,#1431,#1432,#1433,#1434,#1435,#1436,#1437,#1438,#1439,#1440,
#1441,#1442,#1443,#1444,#1445,#1446,#1447,#1448,#1449,#1450,#1451,#1452,
#1453,#1454,#1455,#1456,#1457,#1458,#1459,#1460,#1461,#1462,#1463,#1464,
#1465,#1466,#1467,#1468,#1469,#1470,#1471));
#1473=DERIVED_UNIT_ELEMENT(#1476,1.);
#1474=DERIVED_UNIT_ELEMENT(#2389,-3.);
#1475=DIMENSIONAL_EXPONENTS(0.,1.,0.,0.,0.,0.,0.);
#1476=(
CONVERSION_BASED_UNIT('gram',#1478)
MASS_UNIT()
NAMED_UNIT(#1475)
);
#1477=(
MASS_UNIT()
NAMED_UNIT(*)
SI_UNIT(.KILO.,.GRAM.)
);
#1478=MASS_MEASURE_WITH_UNIT(MASS_MEASURE(0.001),#1477);
#1479=DERIVED_UNIT((#1473,#1474));
#1480=MEASURE_REPRESENTATION_ITEM('density measure',
POSITIVE_RATIO_MEASURE(1.),#1479);
#1481=PROPERTY_DEFINITION_REPRESENTATION(#1486,#1483);
#1482=PROPERTY_DEFINITION_REPRESENTATION(#1487,#1484);
#1483=REPRESENTATION('material name',(#1485),#2386);
#1484=REPRESENTATION('density',(#1480),#2386);
#1485=DESCRIPTIVE_REPRESENTATION_ITEM('Generic','Generic');
#1486=PROPERTY_DEFINITION('material property','material name',#2396);
#1487=PROPERTY_DEFINITION('material property','density of part',#2396);
#1488=DATE_TIME_ROLE('creation_date');
#1489=APPLIED_DATE_AND_TIME_ASSIGNMENT(#1490,#1488,(#2396));
#1490=DATE_AND_TIME(#1491,#1492);
#1491=CALENDAR_DATE(2024,11,1);
#1492=LOCAL_TIME(0,0,0.,#1493);
#1493=COORDINATED_UNIVERSAL_TIME_OFFSET(0,0,.BEHIND.);
#1494=AXIS2_PLACEMENT_3D('',#1965,#1588,#1589);
#1495=AXIS2_PLACEMENT_3D('',#1966,#1590,#1591);
#1496=AXIS2_PLACEMENT_3D('',#1983,#1600,#1601);
#1497=AXIS2_PLACEMENT_3D('',#2008,#1614,#1615);
#1498=AXIS2_PLACEMENT_3D('',#2014,#1619,#1620);
#1499=AXIS2_PLACEMENT_3D('',#2020,#1624,#1625);
#1500=AXIS2_PLACEMENT_3D('',#2024,#1628,#1629);
#1501=AXIS2_PLACEMENT_3D('',#2028,#1632,#1633);
#1502=AXIS2_PLACEMENT_3D('',#2030,#1635,#1636);
#1503=AXIS2_PLACEMENT_3D('',#2044,#1644,#1645);
#1504=AXIS2_PLACEMENT_3D('',#2046,#1647,#1648);
#1505=AXIS2_PLACEMENT_3D('',#2048,#1650,#1651);
#1506=AXIS2_PLACEMENT_3D('',#2057,#1656,#1657);
#1507=AXIS2_PLACEMENT_3D('',#2066,#1662,#1663);
#1508=AXIS2_PLACEMENT_3D('',#2068,#1664,#1665);
#1509=AXIS2_PLACEMENT_3D('',#2071,#1667,#1668);
#1510=AXIS2_PLACEMENT_3D('',#2072,#1669,#1670);
#1511=AXIS2_PLACEMENT_3D('',#2078,#1674,#1675);
#1512=AXIS2_PLACEMENT_3D('',#2080,#1676,#1677);
#1513=AXIS2_PLACEMENT_3D('',#2083,#1679,#1680);
#1514=AXIS2_PLACEMENT_3D('',#2084,#1681,#1682);
#1515=AXIS2_PLACEMENT_3D('',#2090,#1686,#1687);
#1516=AXIS2_PLACEMENT_3D('',#2092,#1688,#1689);
#1517=AXIS2_PLACEMENT_3D('',#2095,#1691,#1692);
#1518=AXIS2_PLACEMENT_3D('',#2096,#1693,#1694);
#1519=AXIS2_PLACEMENT_3D('',#2098,#1695,#1696);
#1520=AXIS2_PLACEMENT_3D('',#2100,#1697,#1698);
#1521=AXIS2_PLACEMENT_3D('',#2102,#1700,#1701);
#1522=AXIS2_PLACEMENT_3D('',#2105,#1703,#1704);
#1523=AXIS2_PLACEMENT_3D('',#2106,#1705,#1706);
#1524=AXIS2_PLACEMENT_3D('',#2109,#1708,#1709);
#1525=AXIS2_PLACEMENT_3D('',#2110,#1710,#1711);
#1526=AXIS2_PLACEMENT_3D('',#2111,#1712,#1713);
#1527=AXIS2_PLACEMENT_3D('',#2117,#1717,#1718);
#1528=AXIS2_PLACEMENT_3D('',#2123,#1722,#1723);
#1529=AXIS2_PLACEMENT_3D('',#2127,#1726,#1727);
#1530=AXIS2_PLACEMENT_3D('',#2134,#1732,#1733);
#1531=AXIS2_PLACEMENT_3D('',#2151,#1743,#1744);
#1532=AXIS2_PLACEMENT_3D('',#2153,#1746,#1747);
#1533=AXIS2_PLACEMENT_3D('',#2156,#1750,#1751);
#1534=AXIS2_PLACEMENT_3D('',#2162,#1755,#1756);
#1535=AXIS2_PLACEMENT_3D('',#2168,#1760,#1761);
#1536=AXIS2_PLACEMENT_3D('',#2182,#1769,#1770);
#1537=AXIS2_PLACEMENT_3D('',#2196,#1778,#1779);
#1538=AXIS2_PLACEMENT_3D('',#2205,#1784,#1785);
#1539=AXIS2_PLACEMENT_3D('',#2214,#1790,#1791);
#1540=AXIS2_PLACEMENT_3D('',#2219,#1793,#1794);
#1541=AXIS2_PLACEMENT_3D('',#2223,#1796,#1797);
#1542=AXIS2_PLACEMENT_3D('',#2240,#1809,#1810);
#1543=AXIS2_PLACEMENT_3D('',#2247,#1815,#1816);
#1544=AXIS2_PLACEMENT_3D('',#2255,#1822,#1823);
#1545=AXIS2_PLACEMENT_3D('',#2259,#1826,#1827);
#1546=AXIS2_PLACEMENT_3D('',#2263,#1830,#1831);
#1547=AXIS2_PLACEMENT_3D('',#2265,#1833,#1834);
#1548=AXIS2_PLACEMENT_3D('',#2269,#1837,#1838);
#1549=AXIS2_PLACEMENT_3D('',#2273,#1841,#1842);
#1550=AXIS2_PLACEMENT_3D('',#2275,#1844,#1845);
#1551=AXIS2_PLACEMENT_3D('',#2281,#1849,#1850);
#1552=AXIS2_PLACEMENT_3D('',#2287,#1854,#1855);
#1553=AXIS2_PLACEMENT_3D('',#2293,#1859,#1860);
#1554=AXIS2_PLACEMENT_3D('',#2295,#1862,#1863);
#1555=AXIS2_PLACEMENT_3D('',#2300,#1865,#1866);
#1556=AXIS2_PLACEMENT_3D('',#2305,#1870,#1871);
#1557=AXIS2_PLACEMENT_3D('',#2310,#1873,#1874);
#1558=AXIS2_PLACEMENT_3D('',#2315,#1878,#1879);
#1559=AXIS2_PLACEMENT_3D('',#2317,#1881,#1882);
#1560=AXIS2_PLACEMENT_3D('',#2320,#1885,#1886);
#1561=AXIS2_PLACEMENT_3D('',#2322,#1888,#1889);
#1562=AXIS2_PLACEMENT_3D('',#2327,#1891,#1892);
#1563=AXIS2_PLACEMENT_3D('',#2332,#1896,#1897);
#1564=AXIS2_PLACEMENT_3D('',#2337,#1899,#1900);
#1565=AXIS2_PLACEMENT_3D('',#2342,#1904,#1905);
#1566=AXIS2_PLACEMENT_3D('',#2344,#1907,#1908);
#1567=AXIS2_PLACEMENT_3D('',#2347,#1911,#1912);
#1568=AXIS2_PLACEMENT_3D('',#2349,#1914,#1915);
#1569=AXIS2_PLACEMENT_3D('',#2350,#1916,#1917);
#1570=AXIS2_PLACEMENT_3D('',#2351,#1918,#1919);
#1571=AXIS2_PLACEMENT_3D('',#2352,#1920,#1921);
#1572=AXIS2_PLACEMENT_3D('',#2353,#1922,#1923);
#1573=AXIS2_PLACEMENT_3D('',#2354,#1924,#1925);
#1574=AXIS2_PLACEMENT_3D('',#2355,#1926,#1927);
#1575=AXIS2_PLACEMENT_3D('',#2356,#1928,#1929);
#1576=AXIS2_PLACEMENT_3D('',#2357,#1930,#1931);
#1577=AXIS2_PLACEMENT_3D('',#2367,#1937,#1938);
#1578=AXIS2_PLACEMENT_3D('',#2370,#1941,#1942);
#1579=AXIS2_PLACEMENT_3D('',#2372,#1944,#1945);
#1580=AXIS2_PLACEMENT_3D('',#2374,#1947,#1948);
#1581=AXIS2_PLACEMENT_3D('',#2375,#1949,#1950);
#1582=AXIS2_PLACEMENT_3D('',#2376,#1951,#1952);
#1583=AXIS2_PLACEMENT_3D('',#2378,#1954,#1955);
#1584=AXIS2_PLACEMENT_3D('',#2380,#1957,#1958);
#1585=AXIS2_PLACEMENT_3D('',#2381,#1959,#1960);
#1586=AXIS2_PLACEMENT_3D('',#2382,#1961,#1962);
#1587=AXIS2_PLACEMENT_3D('',#2383,#1963,#1964);
#1588=DIRECTION('axis',(0.,0.,1.));
#1589=DIRECTION('refdir',(1.,0.,0.));
#1590=DIRECTION('center_axis',(0.,-1.,-2.22044604925031E-16));
#1591=DIRECTION('ref_axis',(0.,-2.22044604925031E-16,1.));
#1592=DIRECTION('',(-1.,-1.26705917393897E-31,5.70632722360791E-16));
#1593=DIRECTION('',(-4.64658073922359E-16,2.22044604925031E-16,-1.));
#1594=DIRECTION('',(-1.,-8.59790153744302E-32,3.87215061601966E-16));
#1595=DIRECTION('',(3.09772049281573E-16,-2.22044604925031E-16,1.));
#1596=DIRECTION('',(1.,8.59790153744302E-32,-3.87215061601966E-16));
#1597=DIRECTION('',(-4.64658073922359E-16,2.22044604925031E-16,-1.));
#1598=DIRECTION('',(1.,1.26705917393897E-31,-5.70632722360792E-16));
#1599=DIRECTION('',(0.,2.22044604925031E-16,-1.));
#1600=DIRECTION('center_axis',(0.,-1.,-2.22044604925031E-16));
#1601=DIRECTION('ref_axis',(0.,-2.22044604925031E-16,1.));
#1602=DIRECTION('',(-5.15264398804992E-16,2.22044604925031E-16,-1.));
#1603=DIRECTION('',(1.,1.26705917393897E-31,-5.70632722360791E-16));
#1604=DIRECTION('',(0.,-2.22044604925031E-16,1.));
#1605=DIRECTION('',(-1.,-1.26705917393897E-31,5.70632722360792E-16));
#1606=DIRECTION('',(-5.15264398804992E-16,2.22044604925031E-16,-1.));
#1607=DIRECTION('',(1.,0.,0.));
#1608=DIRECTION('',(0.,-2.22044604925031E-16,1.));
#1609=DIRECTION('',(-1.,-4.01235405080673E-32,1.80700362080917E-16));
#1610=DIRECTION('',(0.,2.22044604925031E-16,-1.));
#1611=DIRECTION('',(1.,-2.00617702540337E-32,9.03501810404587E-17));
#1612=DIRECTION('',(0.,-2.22044604925031E-16,1.));
#1613=DIRECTION('',(-1.,0.,0.));
#1614=DIRECTION('center_axis',(-1.,0.,0.));
#1615=DIRECTION('ref_axis',(0.,-1.,-2.22044604925031E-16));
#1616=DIRECTION('',(0.,-1.,-2.22044604925031E-16));
#1617=DIRECTION('',(0.,1.,2.22044604925031E-16));
#1618=DIRECTION('',(0.,-2.22044604925031E-16,1.));
#1619=DIRECTION('center_axis',(-1.80700362080917E-16,2.22044604925031E-16,
-1.));
#1620=DIRECTION('ref_axis',(1.,4.01235405080673E-32,-1.80700362080917E-16));
#1621=DIRECTION('',(0.,1.,2.22044604925031E-16));
#1622=DIRECTION('',(-1.,-4.01235405080673E-32,1.80700362080917E-16));
#1623=DIRECTION('',(0.,1.,2.22044604925031E-16));
#1624=DIRECTION('center_axis',(-1.,0.,0.));
#1625=DIRECTION('ref_axis',(0.,-1.,-2.22044604925031E-16));
#1626=DIRECTION('',(0.,-1.,-2.22044604925031E-16));
#1627=DIRECTION('',(0.,-2.22044604925031E-16,1.));
#1628=DIRECTION('center_axis',(-9.03501810404587E-17,-2.22044604925031E-16,
1.));
#1629=DIRECTION('ref_axis',(-1.,2.00617702540337E-32,-9.03501810404587E-17));
#1630=DIRECTION('',(0.,1.,2.22044604925031E-16));
#1631=DIRECTION('',(1.,-2.00617702540337E-32,9.03501810404587E-17));
#1632=DIRECTION('center_axis',(1.,0.,0.));
#1633=DIRECTION('ref_axis',(0.,1.,2.22044604925031E-16));
#1634=DIRECTION('',(0.,2.22044604925031E-16,-1.));
#1635=DIRECTION('center_axis',(0.,-1.,-2.22044604925031E-16));
#1636=DIRECTION('ref_axis',(0.,-2.22044604925031E-16,1.));
#1637=DIRECTION('',(5.15264398804992E-16,-2.22044604925031E-16,1.));
#1638=DIRECTION('',(-1.,0.,0.));
#1639=DIRECTION('',(1.,0.,0.));
#1640=DIRECTION('',(5.15264398804992E-16,-2.22044604925031E-16,1.));
#1641=DIRECTION('',(-1.,-7.62744532430588E-32,3.43509599203328E-16));
#1642=DIRECTION('',(-1.71754799601664E-16,2.22044604925031E-16,-1.));
#1643=DIRECTION('',(1.,7.62744532430588E-32,-3.43509599203328E-16));
#1644=DIRECTION('center_axis',(0.,2.22044604925031E-16,-1.));
#1645=DIRECTION('ref_axis',(0.,-1.,-2.22044604925031E-16));
#1646=DIRECTION('',(0.,1.,2.22044604925031E-16));
#1647=DIRECTION('center_axis',(0.,-2.22044604925031E-16,1.));
#1648=DIRECTION('ref_axis',(0.,1.,2.22044604925031E-16));
#1649=DIRECTION('',(0.,-1.,-2.22044604925031E-16));
#1650=DIRECTION('center_axis',(0.,1.,2.22044604925031E-16));
#1651=DIRECTION('ref_axis',(1.,0.,0.));
#1652=DIRECTION('',(-1.,-6.41976648129079E-32,2.89120579329468E-16));
#1653=DIRECTION('',(0.,2.22044604925031E-16,-1.));
#1654=DIRECTION('',(1.,4.27984432086053E-32,-1.92747052886312E-16));
#1655=DIRECTION('',(4.8186763221578E-16,-2.22044604925031E-16,1.));
#1656=DIRECTION('center_axis',(1.,0.,0.));
#1657=DIRECTION('ref_axis',(0.,-1.,-2.22044604925031E-16));
#1658=DIRECTION('',(0.,2.22044604925031E-16,-1.));
#1659=DIRECTION('',(0.,-1.,-2.22044604925031E-16));
#1660=DIRECTION('',(0.,-2.22044604925031E-16,1.));
#1661=DIRECTION('',(0.,-1.,-2.22044604925031E-16));
#1662=DIRECTION('center_axis',(0.,-1.,-2.22044604925031E-16));
#1663=DIRECTION('ref_axis',(-1.,0.,0.));
#1664=DIRECTION('center_axis',(0.,-1.,-2.22044604925031E-16));
#1665=DIRECTION('ref_axis',(-1.,0.,0.));
#1666=DIRECTION('',(0.,-1.,-2.22044604925031E-16));
#1667=DIRECTION('center_axis',(0.,1.,2.22044604925031E-16));
#1668=DIRECTION('ref_axis',(1.,0.,0.));
#1669=DIRECTION('center_axis',(0.,2.22044604925031E-16,-1.));
#1670=DIRECTION('ref_axis',(0.,1.,2.22044604925031E-16));
#1671=DIRECTION('',(-1.,0.,0.));
#1672=DIRECTION('',(0.,-1.,-2.22044604925031E-16));
#1673=DIRECTION('',(1.,0.,0.));
#1674=DIRECTION('center_axis',(0.,-1.,-2.22044604925031E-16));
#1675=DIRECTION('ref_axis',(-1.,0.,0.));
#1676=DIRECTION('center_axis',(0.,-1.,-2.22044604925031E-16));
#1677=DIRECTION('ref_axis',(-1.,0.,0.));
#1678=DIRECTION('',(0.,-1.,-2.22044604925031E-16));
#1679=DIRECTION('center_axis',(0.,1.,2.22044604925031E-16));
#1680=DIRECTION('ref_axis',(1.,0.,0.));
#1681=DIRECTION('center_axis',(-1.,0.,0.));
#1682=DIRECTION('ref_axis',(0.,1.,2.22044604925031E-16));
#1683=DIRECTION('',(0.,-2.22044604925031E-16,1.));
#1684=DIRECTION('',(0.,-1.,-2.22044604925031E-16));
#1685=DIRECTION('',(0.,2.22044604925031E-16,-1.));
#1686=DIRECTION('center_axis',(0.,-1.,-2.22044604925031E-16));
#1687=DIRECTION('ref_axis',(-1.,0.,0.));
#1688=DIRECTION('center_axis',(0.,-1.,-2.22044604925031E-16));
#1689=DIRECTION('ref_axis',(-1.,0.,0.));
#1690=DIRECTION('',(0.,-1.,-2.22044604925031E-16));
#1691=DIRECTION('center_axis',(0.,1.,2.22044604925031E-16));
#1692=DIRECTION('ref_axis',(1.,0.,0.));
#1693=DIRECTION('center_axis',(0.,-1.,-2.22044604925031E-16));
#1694=DIRECTION('ref_axis',(-1.,0.,0.));
#1695=DIRECTION('center_axis',(0.,-1.,-2.22044604925031E-16));
#1696=DIRECTION('ref_axis',(-1.,0.,0.));
#1697=DIRECTION('center_axis',(0.,1.,2.22044604925031E-16));
#1698=DIRECTION('ref_axis',(1.,0.,0.));
#1699=DIRECTION('',(0.,-1.,-2.22044604925031E-16));
#1700=DIRECTION('center_axis',(0.,1.,2.22044604925031E-16));
#1701=DIRECTION('ref_axis',(1.,0.,0.));
#1702=DIRECTION('',(1.,7.62744532430588E-32,-3.43509599203328E-16));
#1703=DIRECTION('center_axis',(0.,1.,2.22044604925031E-16));
#1704=DIRECTION('ref_axis',(1.,0.,0.));
#1705=DIRECTION('center_axis',(0.,-1.,-2.22044604925031E-16));
#1706=DIRECTION('ref_axis',(-1.,0.,0.));
#1707=DIRECTION('',(0.,1.,2.22044604925031E-16));
#1708=DIRECTION('center_axis',(0.,1.,2.22044604925031E-16));
#1709=DIRECTION('ref_axis',(1.,0.,0.));
#1710=DIRECTION('center_axis',(0.,1.,2.22044604925031E-16));
#1711=DIRECTION('ref_axis',(1.,0.,0.));
#1712=DIRECTION('center_axis',(-5.70632722360791E-16,2.22044604925031E-16,
-1.));
#1713=DIRECTION('ref_axis',(1.,1.26705917393897E-31,-5.70632722360791E-16));
#1714=DIRECTION('',(0.,1.,2.22044604925031E-16));
#1715=DIRECTION('',(1.,1.26705917393897E-31,-5.70632722360791E-16));
#1716=DIRECTION('',(0.,1.,2.22044604925031E-16));
#1717=DIRECTION('center_axis',(-3.43509599203328E-16,2.22044604925031E-16,
-1.));
#1718=DIRECTION('ref_axis',(1.,7.62744532430588E-32,-3.43509599203328E-16));
#1719=DIRECTION('',(0.,-1.,-2.22044604925031E-16));
#1720=DIRECTION('',(1.,7.62744532430588E-32,-3.43509599203328E-16));
#1721=DIRECTION('',(0.,-1.,-2.22044604925031E-16));
#1722=DIRECTION('center_axis',(-1.,-3.81372266215294E-32,1.71754799601664E-16));
#1723=DIRECTION('ref_axis',(-1.71754799601664E-16,2.22044604925031E-16,
-1.));
#1724=DIRECTION('',(0.,-1.,-2.22044604925031E-16));
#1725=DIRECTION('',(-1.71754799601664E-16,2.22044604925031E-16,-1.));
#1726=DIRECTION('center_axis',(1.,1.14411679864588E-31,-5.15264398804992E-16));
#1727=DIRECTION('ref_axis',(5.15264398804992E-16,-2.22044604925031E-16,
1.));
#1728=DIRECTION('',(5.15264398804992E-16,-2.22044604925031E-16,1.));
#1729=DIRECTION('',(0.,-1.,-2.22044604925031E-16));
#1730=DIRECTION('',(0.,1.,2.22044604925031E-16));
#1731=DIRECTION('',(5.25673780599033E-16,-2.22044604925031E-16,1.));
#1732=DIRECTION('center_axis',(1.,3.20988324064539E-32,-1.44560289664734E-16));
#1733=DIRECTION('ref_axis',(1.44560289664734E-16,-2.22044604925031E-16,
1.));
#1734=DIRECTION('',(0.,1.,2.22044604925031E-16));
#1735=DIRECTION('',(-1.44560289664734E-16,2.22044604925031E-16,-1.));
#1736=DIRECTION('',(0.,1.,2.22044604925031E-16));
#1737=DIRECTION('',(-1.44560289664734E-16,2.22044604925031E-16,-1.));
#1738=DIRECTION('',(0.,1.,2.22044604925031E-16));
#1739=DIRECTION('',(-1.44560289664734E-16,2.22044604925031E-16,-1.));
#1740=DIRECTION('',(0.,1.,2.22044604925031E-16));
#1741=DIRECTION('',(0.,2.22044604925031E-16,-1.));
#1742=DIRECTION('',(0.,1.,2.22044604925031E-16));
#1743=DIRECTION('center_axis',(5.70632722360792E-16,-2.22044604925031E-16,
1.));
#1744=DIRECTION('ref_axis',(-1.,-1.26705917393897E-31,5.70632722360792E-16));
#1745=DIRECTION('',(-1.,-1.26705917393897E-31,5.70632722360792E-16));
#1746=DIRECTION('center_axis',(3.43509599203328E-16,-2.22044604925031E-16,
1.));
#1747=DIRECTION('ref_axis',(-1.,-7.62744532430588E-32,3.43509599203328E-16));
#1748=DIRECTION('',(-1.,-7.62744532430588E-32,3.43509599203328E-16));
#1749=DIRECTION('',(-1.,-7.62744532430588E-32,3.43509599203328E-16));
#1750=DIRECTION('center_axis',(1.,1.03174818449316E-31,-4.64658073922359E-16));
#1751=DIRECTION('ref_axis',(4.64658073922359E-16,-2.22044604925031E-16,
1.));
#1752=DIRECTION('',(0.,1.,2.22044604925031E-16));
#1753=DIRECTION('',(-4.64658073922359E-16,2.22044604925031E-16,-1.));
#1754=DIRECTION('',(0.,-1.,-2.22044604925031E-16));
#1755=DIRECTION('center_axis',(1.,1.03174818449316E-31,-4.64658073922359E-16));
#1756=DIRECTION('ref_axis',(4.64658073922359E-16,-2.22044604925031E-16,
1.));
#1757=DIRECTION('',(0.,-1.,-2.22044604925031E-16));
#1758=DIRECTION('',(-4.64658073922359E-16,2.22044604925031E-16,-1.));
#1759=DIRECTION('',(0.,-1.,-2.22044604925031E-16));
#1760=DIRECTION('center_axis',(0.,2.22044604925031E-16,-1.));
#1761=DIRECTION('ref_axis',(0.,1.,2.22044604925031E-16));
#1762=DIRECTION('',(0.,1.,2.22044604925031E-16));
#1763=DIRECTION('',(-1.,1.92592994438724E-31,-8.67361737988404E-16));
#1764=DIRECTION('',(0.,-1.,-2.22044604925031E-16));
#1765=DIRECTION('',(-1.,0.,0.));
#1766=DIRECTION('',(0.,1.,2.22044604925031E-16));
#1767=DIRECTION('',(-1.,0.,0.));
#1768=DIRECTION('',(-1.,0.,0.));
#1769=DIRECTION('center_axis',(0.,-2.22044604925031E-16,1.));
#1770=DIRECTION('ref_axis',(0.,-1.,-2.22044604925031E-16));
#1771=DIRECTION('',(0.,-1.,-2.22044604925031E-16));
#1772=DIRECTION('',(1.,0.,0.));
#1773=DIRECTION('',(0.,-1.,-2.22044604925031E-16));
#1774=DIRECTION('',(1.,0.,0.));
#1775=DIRECTION('',(1.,0.,0.));
#1776=DIRECTION('',(0.,1.,2.22044604925031E-16));
#1777=DIRECTION('',(1.,0.,0.));
#1778=DIRECTION('center_axis',(1.,0.,0.));
#1779=DIRECTION('ref_axis',(0.,1.,2.22044604925031E-16));
#1780=DIRECTION('',(0.,-2.22044604925031E-16,1.));
#1781=DIRECTION('',(0.,1.,2.22044604925031E-16));
#1782=DIRECTION('',(0.,2.22044604925031E-16,-1.));
#1783=DIRECTION('',(0.,1.,2.22044604925031E-16));
#1784=DIRECTION('center_axis',(-1.,0.,0.));
#1785=DIRECTION('ref_axis',(0.,-1.,-2.22044604925031E-16));
#1786=DIRECTION('',(0.,1.,2.22044604925031E-16));
#1787=DIRECTION('',(0.,2.22044604925031E-16,-1.));
#1788=DIRECTION('',(0.,1.,2.22044604925031E-16));
#1789=DIRECTION('',(0.,-2.22044604925031E-16,1.));
#1790=DIRECTION('center_axis',(0.,-1.,-2.22044604925031E-16));
#1791=DIRECTION('ref_axis',(1.,0.,0.));
#1792=DIRECTION('',(1.,0.,0.));
#1793=DIRECTION('center_axis',(0.,1.,2.22044604925031E-16));
#1794=DIRECTION('ref_axis',(1.,0.,0.));
#1795=DIRECTION('',(1.33440267382831E-16,2.22044604925031E-16,-1.));
#1796=DIRECTION('center_axis',(0.,1.,2.22044604925031E-16));
#1797=DIRECTION('ref_axis',(1.,0.,0.));
#1798=DIRECTION('',(-1.,0.,0.));
#1799=DIRECTION('',(-1.44560289664734E-16,-2.22044604925031E-16,1.));
#1800=DIRECTION('',(0.,-2.22044604925031E-16,1.));
#1801=DIRECTION('',(0.,-2.22044604925031E-16,1.));
#1802=DIRECTION('',(1.,-9.62964972193618E-32,4.33680868994202E-16));
#1803=DIRECTION('',(0.,2.22044604925031E-16,-1.));
#1804=DIRECTION('',(0.,-2.22044604925031E-16,1.));
#1805=DIRECTION('',(1.,0.,0.));
#1806=DIRECTION('',(0.,2.22044604925031E-16,-1.));
#1807=DIRECTION('',(0.,2.22044604925031E-16,-1.));
#1808=DIRECTION('',(-1.44560289664734E-16,-2.22044604925031E-16,1.));
#1809=DIRECTION('center_axis',(-1.,3.20988324064539E-32,-1.44560289664734E-16));
#1810=DIRECTION('ref_axis',(1.44560289664734E-16,2.22044604925031E-16,-1.));
#1811=DIRECTION('',(-1.33440267382831E-16,-2.22044604925031E-16,1.));
#1812=DIRECTION('',(0.,-1.,-2.22044604925031E-16));
#1813=DIRECTION('',(-1.44560289664734E-16,-2.22044604925031E-16,1.));
#1814=DIRECTION('',(0.,-1.,-2.22044604925031E-16));
#1815=DIRECTION('center_axis',(0.,-1.,-2.22044604925031E-16));
#1816=DIRECTION('ref_axis',(1.,0.,0.));
#1817=DIRECTION('',(-1.,-1.26705917393897E-31,5.70632722360791E-16));
#1818=DIRECTION('',(1.,1.26705917393897E-31,-5.70632722360792E-16));
#1819=DIRECTION('',(1.,8.59790153744302E-32,-3.87215061601966E-16));
#1820=DIRECTION('',(3.09772049281573E-16,-2.22044604925031E-16,1.));
#1821=DIRECTION('',(-1.,-8.59790153744302E-32,3.87215061601966E-16));
#1822=DIRECTION('center_axis',(4.33680868994202E-16,2.22044604925031E-16,
-1.));
#1823=DIRECTION('ref_axis',(1.,-9.62964972193618E-32,4.33680868994202E-16));
#1824=DIRECTION('',(0.,1.,2.22044604925031E-16));
#1825=DIRECTION('',(-1.,9.62964972193618E-32,-4.33680868994202E-16));
#1826=DIRECTION('center_axis',(1.,0.,0.));
#1827=DIRECTION('ref_axis',(0.,1.,2.22044604925031E-16));
#1828=DIRECTION('',(0.,1.,2.22044604925031E-16));
#1829=DIRECTION('',(0.,2.22044604925031E-16,-1.));
#1830=DIRECTION('center_axis',(0.,-1.,-2.22044604925031E-16));
#1831=DIRECTION('ref_axis',(1.,0.,0.));
#1832=DIRECTION('',(1.,-9.62964972193618E-32,4.33680868994202E-16));
#1833=DIRECTION('center_axis',(0.,2.22044604925031E-16,-1.));
#1834=DIRECTION('ref_axis',(0.,1.,2.22044604925031E-16));
#1835=DIRECTION('',(-1.,0.,0.));
#1836=DIRECTION('',(0.,1.,2.22044604925031E-16));
#1837=DIRECTION('center_axis',(-1.,0.,0.));
#1838=DIRECTION('ref_axis',(0.,-1.,-2.22044604925031E-16));
#1839=DIRECTION('',(0.,1.,2.22044604925031E-16));
#1840=DIRECTION('',(0.,-2.22044604925031E-16,1.));
#1841=DIRECTION('center_axis',(0.,1.,2.22044604925031E-16));
#1842=DIRECTION('ref_axis',(-1.,0.,0.));
#1843=DIRECTION('',(1.,0.,0.));
#1844=DIRECTION('center_axis',(-1.,2.96296914521112E-32,-1.33440267382831E-16));
#1845=DIRECTION('ref_axis',(1.33440267382831E-16,2.22044604925031E-16,-1.));
#1846=DIRECTION('',(0.,1.,2.22044604925031E-16));
#1847=DIRECTION('',(-1.33440267382831E-16,-2.22044604925031E-16,1.));
#1848=DIRECTION('',(0.,-1.,-2.22044604925031E-16));
#1849=DIRECTION('center_axis',(0.,2.22044604925031E-16,-1.));
#1850=DIRECTION('ref_axis',(0.,1.,2.22044604925031E-16));
#1851=DIRECTION('',(-1.,0.,0.));
#1852=DIRECTION('',(-1.,0.,0.));
#1853=DIRECTION('',(0.,-1.,-2.22044604925031E-16));
#1854=DIRECTION('center_axis',(0.,-2.22044604925031E-16,1.));
#1855=DIRECTION('ref_axis',(0.,-1.,-2.22044604925031E-16));
#1856=DIRECTION('',(0.,1.,2.22044604925031E-16));
#1857=DIRECTION('',(1.,0.,0.));
#1858=DIRECTION('',(1.,0.,0.));
#1859=DIRECTION('center_axis',(0.,-1.,-2.22044604925031E-16));
#1860=DIRECTION('ref_axis',(1.,0.,0.));
#1861=DIRECTION('',(4.8186763221578E-16,-2.22044604925031E-16,1.));
#1862=DIRECTION('center_axis',(-1.,0.,0.));
#1863=DIRECTION('ref_axis',(0.,-1.,-2.22044604925031E-16));
#1864=DIRECTION('',(0.,1.,2.22044604925031E-16));
#1865=DIRECTION('center_axis',(1.,0.,0.));
#1866=DIRECTION('ref_axis',(0.,-1.,-2.22044604925031E-16));
#1867=DIRECTION('',(0.,-2.22044604925031E-16,1.));
#1868=DIRECTION('',(0.,1.,2.22044604925031E-16));
#1869=DIRECTION('',(0.,2.22044604925031E-16,-1.));
#1870=DIRECTION('center_axis',(1.,0.,0.));
#1871=DIRECTION('ref_axis',(0.,1.,2.22044604925031E-16));
#1872=DIRECTION('',(0.,2.22044604925031E-16,-1.));
#1873=DIRECTION('center_axis',(-1.,0.,0.));
#1874=DIRECTION('ref_axis',(0.,1.,2.22044604925031E-16));
#1875=DIRECTION('',(0.,1.,2.22044604925031E-16));
#1876=DIRECTION('',(0.,-2.22044604925031E-16,1.));
#1877=DIRECTION('',(0.,1.,2.22044604925031E-16));
#1878=DIRECTION('center_axis',(-4.33680868994202E-16,-2.22044604925031E-16,
1.));
#1879=DIRECTION('ref_axis',(-1.,9.62964972193618E-32,-4.33680868994202E-16));
#1880=DIRECTION('',(1.,-9.62964972193618E-32,4.33680868994202E-16));
#1881=DIRECTION('center_axis',(4.33680868994202E-16,2.22044604925031E-16,
-1.));
#1882=DIRECTION('ref_axis',(1.,-9.62964972193618E-32,4.33680868994202E-16));
#1883=DIRECTION('',(1.,-9.62964972193618E-32,4.33680868994202E-16));
#1884=DIRECTION('',(1.,-9.62964972193618E-32,4.33680868994202E-16));
#1885=DIRECTION('center_axis',(0.,-1.,-2.22044604925031E-16));
#1886=DIRECTION('ref_axis',(1.,0.,0.));
#1887=DIRECTION('',(-1.,9.62964972193618E-32,-4.33680868994202E-16));
#1888=DIRECTION('center_axis',(1.,0.,0.));
#1889=DIRECTION('ref_axis',(0.,1.,2.22044604925031E-16));
#1890=DIRECTION('',(0.,2.22044604925031E-16,-1.));
#1891=DIRECTION('center_axis',(1.,0.,0.));
#1892=DIRECTION('ref_axis',(0.,1.,2.22044604925031E-16));
#1893=DIRECTION('',(0.,1.,2.22044604925031E-16));
#1894=DIRECTION('',(0.,2.22044604925031E-16,-1.));
#1895=DIRECTION('',(0.,1.,2.22044604925031E-16));
#1896=DIRECTION('center_axis',(-1.,0.,0.));
#1897=DIRECTION('ref_axis',(0.,-1.,-2.22044604925031E-16));
#1898=DIRECTION('',(0.,1.,2.22044604925031E-16));
#1899=DIRECTION('center_axis',(-1.,0.,0.));
#1900=DIRECTION('ref_axis',(0.,-1.,-2.22044604925031E-16));
#1901=DIRECTION('',(0.,-2.22044604925031E-16,1.));
#1902=DIRECTION('',(0.,1.,2.22044604925031E-16));
#1903=DIRECTION('',(0.,-2.22044604925031E-16,1.));
#1904=DIRECTION('center_axis',(0.,-2.22044604925031E-16,1.));
#1905=DIRECTION('ref_axis',(0.,-1.,-2.22044604925031E-16));
#1906=DIRECTION('',(1.,0.,0.));
#1907=DIRECTION('center_axis',(0.,2.22044604925031E-16,-1.));
#1908=DIRECTION('ref_axis',(0.,1.,2.22044604925031E-16));
#1909=DIRECTION('',(-1.,0.,0.));
#1910=DIRECTION('',(-1.,0.,0.));
#1911=DIRECTION('center_axis',(0.,1.,2.22044604925031E-16));
#1912=DIRECTION('ref_axis',(-1.,0.,0.));
#1913=DIRECTION('',(1.,0.,0.));
#1914=DIRECTION('center_axis',(0.,1.,2.22044604925031E-16));
#1915=DIRECTION('ref_axis',(-1.,0.,0.));
#1916=DIRECTION('center_axis',(0.,1.,2.22044604925031E-16));
#1917=DIRECTION('ref_axis',(-1.,0.,0.));
#1918=DIRECTION('center_axis',(1.,0.,0.));
#1919=DIRECTION('ref_axis',(0.,1.,2.22044604925031E-16));
#1920=DIRECTION('center_axis',(1.,-9.62964972193618E-32,4.33680868994202E-16));
#1921=DIRECTION('ref_axis',(-4.33680868994202E-16,-2.22044604925031E-16,
1.));
#1922=DIRECTION('center_axis',(0.,-1.,-2.22044604925031E-16));
#1923=DIRECTION('ref_axis',(1.,0.,0.));
#1924=DIRECTION('center_axis',(0.,-1.,-2.22044604925031E-16));
#1925=DIRECTION('ref_axis',(1.,0.,0.));
#1926=DIRECTION('center_axis',(0.,-1.,-2.22044604925031E-16));
#1927=DIRECTION('ref_axis',(1.,0.,0.));
#1928=DIRECTION('center_axis',(0.,-1.,-2.22044604925031E-16));
#1929=DIRECTION('ref_axis',(1.,0.,0.));
#1930=DIRECTION('center_axis',(0.,-1.,-2.22044604925031E-16));
#1931=DIRECTION('ref_axis',(1.,0.,0.));
#1932=DIRECTION('',(-4.8186763221578E-16,2.22044604925031E-16,-1.));
#1933=DIRECTION('',(-1.,-4.27984432086053E-32,1.92747052886312E-16));
#1934=DIRECTION('',(0.,-2.22044604925031E-16,1.));
#1935=DIRECTION('',(1.,6.41976648129079E-32,-2.89120579329468E-16));
#1936=DIRECTION('',(-4.8186763221578E-16,2.22044604925031E-16,-1.));
#1937=DIRECTION('center_axis',(-2.89120579329468E-16,2.22044604925031E-16,
-1.));
#1938=DIRECTION('ref_axis',(1.,6.41976648129079E-32,-2.89120579329468E-16));
#1939=DIRECTION('',(0.,-1.,-2.22044604925031E-16));
#1940=DIRECTION('',(0.,-1.,-2.22044604925031E-16));
#1941=DIRECTION('center_axis',(1.,0.,0.));
#1942=DIRECTION('ref_axis',(0.,1.,2.22044604925031E-16));
#1943=DIRECTION('',(0.,-1.,-2.22044604925031E-16));
#1944=DIRECTION('center_axis',(1.92747052886312E-16,-2.22044604925031E-16,
1.));
#1945=DIRECTION('ref_axis',(-1.,-4.27984432086053E-32,1.92747052886312E-16));
#1946=DIRECTION('',(0.,-1.,-2.22044604925031E-16));
#1947=DIRECTION('center_axis',(-1.,-1.06996108021513E-31,4.8186763221578E-16));
#1948=DIRECTION('ref_axis',(-4.8186763221578E-16,2.22044604925031E-16,-1.));
#1949=DIRECTION('center_axis',(0.,-1.,-2.22044604925031E-16));
#1950=DIRECTION('ref_axis',(1.,0.,0.));
#1951=DIRECTION('center_axis',(-3.87215061601966E-16,2.22044604925031E-16,
-1.));
#1952=DIRECTION('ref_axis',(1.,8.59790153744302E-32,-3.87215061601966E-16));
#1953=DIRECTION('',(0.,-1.,-2.22044604925031E-16));
#1954=DIRECTION('center_axis',(3.87215061601966E-16,-2.22044604925031E-16,
1.));
#1955=DIRECTION('ref_axis',(-1.,-8.59790153744302E-32,3.87215061601966E-16));
#1956=DIRECTION('',(0.,-1.,-2.22044604925031E-16));
#1957=DIRECTION('center_axis',(-1.,-6.87832122995442E-32,3.09772049281573E-16));
#1958=DIRECTION('ref_axis',(-3.09772049281573E-16,2.22044604925031E-16,
-1.));
#1959=DIRECTION('center_axis',(-5.70632722360791E-16,2.22044604925031E-16,
-1.));
#1960=DIRECTION('ref_axis',(1.,1.26705917393897E-31,-5.70632722360791E-16));
#1961=DIRECTION('center_axis',(5.70632722360792E-16,-2.22044604925031E-16,
1.));
#1962=DIRECTION('ref_axis',(-1.,-1.26705917393897E-31,5.70632722360792E-16));
#1963=DIRECTION('center_axis',(0.,-1.,-2.22044604925031E-16));
#1964=DIRECTION('ref_axis',(1.,0.,0.));
#1965=CARTESIAN_POINT('',(0.,0.,0.));
#1966=CARTESIAN_POINT('Origin',(0.135000000000001,1.51009827249494,0.00199999999999916));
#1967=CARTESIAN_POINT('',(-5.465,1.51009827249494,0.827000000000002));
#1968=CARTESIAN_POINT('',(-5.865,1.51009827249494,0.827000000000002));
#1969=CARTESIAN_POINT('',(-2.39,1.51009827249494,0.827000000000001));
#1970=CARTESIAN_POINT('',(-5.465,1.51009827249494,5.602));
#1971=CARTESIAN_POINT('',(-5.465,1.51009827249494,2.802));
#1972=CARTESIAN_POINT('',(5.735,1.51009827249494,5.602));
#1973=CARTESIAN_POINT('',(2.935,1.51009827249494,5.602));
#1974=CARTESIAN_POINT('',(5.735,1.51009827249494,-5.598));
#1975=CARTESIAN_POINT('',(5.735,1.51009827249494,-2.798));
#1976=CARTESIAN_POINT('',(-5.465,1.51009827249494,-5.598));
#1977=CARTESIAN_POINT('',(-2.665,1.51009827249494,-5.598));
#1978=CARTESIAN_POINT('',(-5.465,1.51009827249494,-0.822999999999998));
#1979=CARTESIAN_POINT('',(-5.465,1.51009827249494,2.802));
#1980=CARTESIAN_POINT('',(-5.865,1.51009827249494,-0.822999999999998));
#1981=CARTESIAN_POINT('',(-2.865,1.51009827249494,-0.822999999999999));
#1982=CARTESIAN_POINT('',(-5.865,1.51009827249494,0.951999999999999));
#1983=CARTESIAN_POINT('Origin',(0.135000000000001,1.21009827249494,0.0019999999999991));
#1984=CARTESIAN_POINT('',(-4.915,1.21009827249494,1.252));
#1985=CARTESIAN_POINT('',(-4.915,1.21009827249494,0.827000000000002));
#1986=CARTESIAN_POINT('',(-4.915,1.21009827249494,5.052));
#1987=CARTESIAN_POINT('',(-5.865,1.21009827249494,0.827000000000002));
#1988=CARTESIAN_POINT('',(-2.39,1.21009827249494,0.827000000000001));
#1989=CARTESIAN_POINT('',(-5.865,1.21009827249494,-0.822999999999998));
#1990=CARTESIAN_POINT('',(-5.865,1.21009827249494,-0.948));
#1991=CARTESIAN_POINT('',(-4.915,1.21009827249494,-0.822999999999998));
#1992=CARTESIAN_POINT('',(-2.865,1.21009827249494,-0.822999999999999));
#1993=CARTESIAN_POINT('',(-4.915,1.21009827249494,-1.248));
#1994=CARTESIAN_POINT('',(-4.915,1.21009827249494,5.052));
#1995=CARTESIAN_POINT('',(-4.665,1.21009827249494,-1.248));
#1996=CARTESIAN_POINT('',(-4.965,1.21009827249494,-1.248));
#1997=CARTESIAN_POINT('',(-4.665,1.21009827249494,-4.798));
#1998=CARTESIAN_POINT('',(-4.665,1.21009827249494,-4.798));
#1999=CARTESIAN_POINT('',(4.935,1.21009827249494,-4.798));
#2000=CARTESIAN_POINT('',(4.935,1.21009827249494,-4.798));
#2001=CARTESIAN_POINT('',(4.935,1.21009827249494,4.802));
#2002=CARTESIAN_POINT('',(4.935,1.21009827249494,4.802));
#2003=CARTESIAN_POINT('',(-4.665,1.21009827249494,4.802));
#2004=CARTESIAN_POINT('',(-4.665,1.21009827249494,4.802));
#2005=CARTESIAN_POINT('',(-4.665,1.21009827249494,1.252));
#2006=CARTESIAN_POINT('',(-4.665,1.21009827249494,-4.798));
#2007=CARTESIAN_POINT('',(-4.665,1.21009827249494,1.252));
#2008=CARTESIAN_POINT('Origin',(-4.665,0.910098272494941,-4.798));
#2009=CARTESIAN_POINT('',(-4.665,0.91009827249494,1.252));
#2010=CARTESIAN_POINT('',(-4.665,1.21009827249494,1.252));
#2011=CARTESIAN_POINT('',(-4.665,0.910098272494939,4.802));
#2012=CARTESIAN_POINT('',(-4.665,0.910098272494939,4.802));
#2013=CARTESIAN_POINT('',(-4.665,0.910098272494941,-4.798));
#2014=CARTESIAN_POINT('Origin',(4.935,0.910098272494941,-4.798));
#2015=CARTESIAN_POINT('',(-4.665,0.910098272494941,-4.798));
#2016=CARTESIAN_POINT('',(-4.665,0.910098272494941,-4.798));
#2017=CARTESIAN_POINT('',(4.935,0.910098272494941,-4.798));
#2018=CARTESIAN_POINT('',(4.935,0.910098272494941,-4.798));
#2019=CARTESIAN_POINT('',(4.935,0.910098272494941,-4.798));
#2020=CARTESIAN_POINT('Origin',(-4.665,0.910098272494941,-4.798));
#2021=CARTESIAN_POINT('',(-4.665,0.91009827249494,-1.248));
#2022=CARTESIAN_POINT('',(-4.665,1.21009827249494,-1.248));
#2023=CARTESIAN_POINT('',(-4.665,0.910098272494941,-4.798));
#2024=CARTESIAN_POINT('Origin',(-4.665,0.910098272494939,4.802));
#2025=CARTESIAN_POINT('',(4.935,0.910098272494939,4.802));
#2026=CARTESIAN_POINT('',(4.935,0.910098272494939,4.802));
#2027=CARTESIAN_POINT('',(-4.665,0.910098272494939,4.802));
#2028=CARTESIAN_POINT('Origin',(4.935,0.910098272494939,4.802));
#2029=CARTESIAN_POINT('',(4.935,0.910098272494939,4.802));
#2030=CARTESIAN_POINT('Origin',(0.135000000000001,0.91009827249494,0.00199999999999903));
#2031=CARTESIAN_POINT('',(-4.915,0.91009827249494,1.252));
#2032=CARTESIAN_POINT('',(-4.915,0.910098272494939,5.052));
#2033=CARTESIAN_POINT('',(-4.915,0.910098272494939,2.527));
#2034=CARTESIAN_POINT('',(-4.665,0.91009827249494,1.252));
#2035=CARTESIAN_POINT('',(-4.915,0.91009827249494,-1.248));
#2036=CARTESIAN_POINT('',(-4.965,0.91009827249494,-1.248));
#2037=CARTESIAN_POINT('',(-4.915,0.910098272494941,-5.048));
#2038=CARTESIAN_POINT('',(-4.915,0.910098272494939,2.527));
#2039=CARTESIAN_POINT('',(5.185,0.910098272494941,-5.048));
#2040=CARTESIAN_POINT('',(-2.39,0.910098272494941,-5.048));
#2041=CARTESIAN_POINT('',(5.185,0.910098272494939,5.052));
#2042=CARTESIAN_POINT('',(5.185,0.91009827249494,-2.523));
#2043=CARTESIAN_POINT('',(2.66,0.910098272494939,5.052));
#2044=CARTESIAN_POINT('Origin',(-4.965,1.21009827249494,-1.248));
#2045=CARTESIAN_POINT('',(-4.915,0.39509827249494,-1.248));
#2046=CARTESIAN_POINT('Origin',(-4.665,1.21009827249494,1.252));
#2047=CARTESIAN_POINT('',(-4.915,0.39509827249494,1.252));
#2048=CARTESIAN_POINT('Origin',(-4.365,-0.419901727505062,4.452));
#2049=CARTESIAN_POINT('',(4.635,-0.419901727505061,4.502));
#2050=CARTESIAN_POINT('',(-4.365,-0.419901727505061,4.502));
#2051=CARTESIAN_POINT('',(4.635,-0.419901727505061,4.502));
#2052=CARTESIAN_POINT('',(-4.365,-0.419901727505059,-4.498));
#2053=CARTESIAN_POINT('',(-4.365,-0.419901727505061,4.502));
#2054=CARTESIAN_POINT('',(4.635,-0.419901727505059,-4.498));
#2055=CARTESIAN_POINT('',(-4.365,-0.419901727505059,-4.498));
#2056=CARTESIAN_POINT('',(4.635,-0.419901727505059,-4.498));
#2057=CARTESIAN_POINT('Origin',(-4.865,-0.36990172750506,-4.548));
#2058=CARTESIAN_POINT('',(-4.865,-0.419901727505062,4.452));
#2059=CARTESIAN_POINT('',(-4.865,-0.41990172750506,-4.548));
#2060=CARTESIAN_POINT('',(-4.865,-0.419901727505059,-2.273));
#2061=CARTESIAN_POINT('',(-4.865,-0.369901727505062,4.452));
#2062=CARTESIAN_POINT('',(-4.865,-0.369901727505062,4.452));
#2063=CARTESIAN_POINT('',(-4.865,-0.36990172750506,-4.548));
#2064=CARTESIAN_POINT('',(-4.865,-0.36990172750506,-4.548));
#2065=CARTESIAN_POINT('',(-4.865,-0.36990172750506,-4.548));
#2066=CARTESIAN_POINT('Origin',(-4.365,-0.369901727505062,4.452));
#2067=CARTESIAN_POINT('',(-4.365,-0.419901727505062,4.952));
#2068=CARTESIAN_POINT('Origin',(-4.365,-0.419901727505061,4.452));
#2069=CARTESIAN_POINT('',(-4.365,-0.369901727505062,4.952));
#2070=CARTESIAN_POINT('',(-4.365,-0.369901727505062,4.952));
#2071=CARTESIAN_POINT('Origin',(-4.365,-0.369901727505062,4.452));
#2072=CARTESIAN_POINT('Origin',(-4.365,-0.369901727505062,4.952));
#2073=CARTESIAN_POINT('',(4.635,-0.419901727505062,4.952));
#2074=CARTESIAN_POINT('',(-2.115,-0.419901727505061,4.952));
#2075=CARTESIAN_POINT('',(4.635,-0.369901727505062,4.952));
#2076=CARTESIAN_POINT('',(4.635,-0.369901727505062,4.952));
#2077=CARTESIAN_POINT('',(-4.365,-0.369901727505062,4.952));
#2078=CARTESIAN_POINT('Origin',(4.635,-0.369901727505062,4.452));
#2079=CARTESIAN_POINT('',(5.135,-0.419901727505062,4.452));
#2080=CARTESIAN_POINT('Origin',(4.635,-0.419901727505061,4.452));
#2081=CARTESIAN_POINT('',(5.135,-0.369901727505062,4.452));
#2082=CARTESIAN_POINT('',(5.135,-0.369901727505062,4.452));
#2083=CARTESIAN_POINT('Origin',(4.635,-0.369901727505062,4.452));
#2084=CARTESIAN_POINT('Origin',(5.135,-0.369901727505062,4.452));
#2085=CARTESIAN_POINT('',(5.135,-0.41990172750506,-4.548));
#2086=CARTESIAN_POINT('',(5.135,-0.419901727505061,2.227));
#2087=CARTESIAN_POINT('',(5.135,-0.36990172750506,-4.548));
#2088=CARTESIAN_POINT('',(5.135,-0.36990172750506,-4.548));
#2089=CARTESIAN_POINT('',(5.135,-0.369901727505062,4.452));
#2090=CARTESIAN_POINT('Origin',(4.635,-0.36990172750506,-4.548));
#2091=CARTESIAN_POINT('',(4.635,-0.41990172750506,-5.048));
#2092=CARTESIAN_POINT('Origin',(4.635,-0.419901727505059,-4.548));
#2093=CARTESIAN_POINT('',(4.635,-0.36990172750506,-5.048));
#2094=CARTESIAN_POINT('',(4.635,-0.36990172750506,-5.048));
#2095=CARTESIAN_POINT('Origin',(4.635,-0.36990172750506,-4.548));
#2096=CARTESIAN_POINT('Origin',(-4.365,-0.36990172750506,-4.548));
#2097=CARTESIAN_POINT('',(-4.365,-0.41990172750506,-5.048));
#2098=CARTESIAN_POINT('Origin',(-4.365,-0.419901727505059,-4.548));
#2099=CARTESIAN_POINT('',(-4.365,-0.36990172750506,-5.048));
#2100=CARTESIAN_POINT('Origin',(-4.365,-0.36990172750506,-4.548));
#2101=CARTESIAN_POINT('',(-4.365,-0.36990172750506,-5.048));
#2102=CARTESIAN_POINT('Origin',(-4.365,-0.369901727505062,4.452));
#2103=CARTESIAN_POINT('',(-4.64,-0.36990172750506,-5.048));
#2104=CARTESIAN_POINT('',(4.635,-0.369901727505061,-0.0479999999999996));
#2105=CARTESIAN_POINT('Origin',(0.135000000000001,-0.369901727505061,-0.0479999999999996));
#2106=CARTESIAN_POINT('Origin',(0.135000000000001,-0.319901727505061,-0.0479999999999995));
#2107=CARTESIAN_POINT('',(4.635,-0.319901727505061,-0.0479999999999995));
#2108=CARTESIAN_POINT('',(4.635,-0.319901727505061,-0.047999999999999));
#2109=CARTESIAN_POINT('Origin',(0.135000000000001,-0.319901727505061,-0.0479999999999995));
#2110=CARTESIAN_POINT('Origin',(0.135000000000001,-0.319901727505061,-0.0479999999999995));
#2111=CARTESIAN_POINT('Origin',(-4.915,0.21009827249494,0.827000000000002));
#2112=CARTESIAN_POINT('',(-4.915,0.21009827249494,0.827000000000002));
#2113=CARTESIAN_POINT('',(-4.915,0.21009827249494,0.827000000000002));
#2114=CARTESIAN_POINT('',(-5.865,0.21009827249494,0.827000000000002));
#2115=CARTESIAN_POINT('',(-4.915,0.21009827249494,0.827000000000002));
#2116=CARTESIAN_POINT('',(-5.865,0.21009827249494,0.827000000000002));
#2117=CARTESIAN_POINT('Origin',(5.185,-0.419901727505061,5.052));
#2118=CARTESIAN_POINT('',(5.185,-0.419901727505061,5.052));
#2119=CARTESIAN_POINT('',(5.185,-0.419901727505061,5.052));
#2120=CARTESIAN_POINT('',(-4.915,-0.419901727505061,5.052));
#2121=CARTESIAN_POINT('',(5.185,-0.419901727505061,5.052));
#2122=CARTESIAN_POINT('',(-4.915,-0.419901727505061,5.052));
#2123=CARTESIAN_POINT('Origin',(5.185,-0.419901727505059,-5.048));
#2124=CARTESIAN_POINT('',(5.185,-0.419901727505059,-5.048));
#2125=CARTESIAN_POINT('',(5.185,-0.419901727505059,-5.048));
#2126=CARTESIAN_POINT('',(5.185,-0.419901727505059,-5.048));
#2127=CARTESIAN_POINT('Origin',(-4.915,-0.419901727505061,5.052));
#2128=CARTESIAN_POINT('',(-4.915,-0.419901727505059,-5.048));
#2129=CARTESIAN_POINT('',(-4.915,-0.419901727505061,5.052));
#2130=CARTESIAN_POINT('',(-4.915,-0.419901727505059,-5.048));
#2131=CARTESIAN_POINT('',(-4.915,0.21009827249494,-0.822999999999998));
#2132=CARTESIAN_POINT('',(-4.915,0.21009827249494,-0.822999999999998));
#2133=CARTESIAN_POINT('',(-4.915,0.21009827249494,-0.822999999999998));
#2134=CARTESIAN_POINT('Origin',(-5.865,-1.26990172750506,6.002));
#2135=CARTESIAN_POINT('',(-5.865,1.53009827249494,-0.822999999999998));
#2136=CARTESIAN_POINT('',(-5.865,0.21009827249494,-0.822999999999998));
#2137=CARTESIAN_POINT('',(-5.865,1.53009827249494,-5.998));
#2138=CARTESIAN_POINT('',(-5.865,1.53009827249494,6.002));
#2139=CARTESIAN_POINT('',(-5.865,-1.26990172750506,-5.998));
#2140=CARTESIAN_POINT('',(-5.865,-1.26990172750506,-5.998));
#2141=CARTESIAN_POINT('',(-5.865,-1.26990172750506,6.002));
#2142=CARTESIAN_POINT('',(-5.865,-1.26990172750506,6.002));
#2143=CARTESIAN_POINT('',(-5.865,1.53009827249494,6.002));
#2144=CARTESIAN_POINT('',(-5.865,-1.26990172750506,6.002));
#2145=CARTESIAN_POINT('',(-5.865,1.53009827249494,0.827000000000002));
#2146=CARTESIAN_POINT('',(-5.865,1.53009827249494,6.002));
#2147=CARTESIAN_POINT('',(-5.865,0.21009827249494,0.827000000000002));
#2148=CARTESIAN_POINT('',(-5.865,0.21009827249494,-0.822999999999998));
#2149=CARTESIAN_POINT('',(-5.865,0.21009827249494,0.827000000000004));
#2150=CARTESIAN_POINT('',(-5.865,0.21009827249494,-0.822999999999998));
#2151=CARTESIAN_POINT('Origin',(-5.865,0.21009827249494,-0.822999999999998));
#2152=CARTESIAN_POINT('',(-5.865,0.21009827249494,-0.822999999999998));
#2153=CARTESIAN_POINT('Origin',(-4.915,-0.419901727505059,-5.048));
#2154=CARTESIAN_POINT('',(-4.915,-0.419901727505059,-5.048));
#2155=CARTESIAN_POINT('',(-4.915,-0.419901727505059,-5.048));
#2156=CARTESIAN_POINT('Origin',(-5.465,1.21009827249494,5.602));
#2157=CARTESIAN_POINT('',(-5.465,1.53009827249494,0.827000000000002));
#2158=CARTESIAN_POINT('',(-5.465,1.21009827249494,0.827000000000002));
#2159=CARTESIAN_POINT('',(-5.465,1.53009827249494,5.602));
#2160=CARTESIAN_POINT('',(-5.465,1.53009827249494,5.602));
#2161=CARTESIAN_POINT('',(-5.465,1.21009827249494,5.602));
#2162=CARTESIAN_POINT('Origin',(-5.465,1.21009827249494,5.602));
#2163=CARTESIAN_POINT('',(-5.465,1.53009827249494,-5.598));
#2164=CARTESIAN_POINT('',(-5.465,1.21009827249494,-5.598));
#2165=CARTESIAN_POINT('',(-5.465,1.53009827249494,-0.822999999999998));
#2166=CARTESIAN_POINT('',(-5.465,1.53009827249494,5.602));
#2167=CARTESIAN_POINT('',(-5.465,1.21009827249494,-0.822999999999998));
#2168=CARTESIAN_POINT('Origin',(6.135,-1.26990172750506,6.002));
#2169=CARTESIAN_POINT('',(-1.865,-1.26990172750506,6.002));
#2170=CARTESIAN_POINT('',(-1.865,0.180098272494939,6.002));
#2171=CARTESIAN_POINT('',(-1.865,-1.11990172750506,6.002));
#2172=CARTESIAN_POINT('',(2.135,0.180098272494939,6.002));
#2173=CARTESIAN_POINT('',(2.135,0.180098272494939,6.002));
#2174=CARTESIAN_POINT('',(2.135,-1.26990172750506,6.002));
#2175=CARTESIAN_POINT('',(2.135,-1.11990172750506,6.002));
#2176=CARTESIAN_POINT('',(6.135,-1.26990172750506,6.002));
#2177=CARTESIAN_POINT('',(6.135,-1.26990172750506,6.002));
#2178=CARTESIAN_POINT('',(6.135,1.53009827249494,6.002));
#2179=CARTESIAN_POINT('',(6.135,-1.26990172750506,6.002));
#2180=CARTESIAN_POINT('',(6.135,1.53009827249494,6.002));
#2181=CARTESIAN_POINT('',(6.135,-1.26990172750506,6.002));
#2182=CARTESIAN_POINT('Origin',(-5.865,-1.26990172750506,-5.998));
#2183=CARTESIAN_POINT('',(2.135,0.180098272494941,-5.998));
#2184=CARTESIAN_POINT('',(2.135,-1.26990172750506,-5.998));
#2185=CARTESIAN_POINT('',(2.135,-1.11990172750506,-5.998));
#2186=CARTESIAN_POINT('',(-1.865,0.180098272494941,-5.998));
#2187=CARTESIAN_POINT('',(-1.865,0.180098272494941,-5.998));
#2188=CARTESIAN_POINT('',(-1.865,-1.26990172750506,-5.998));
#2189=CARTESIAN_POINT('',(-1.865,-1.11990172750506,-5.998));
#2190=CARTESIAN_POINT('',(-5.865,-1.26990172750506,-5.998));
#2191=CARTESIAN_POINT('',(6.135,1.53009827249494,-5.998));
#2192=CARTESIAN_POINT('',(-5.865,1.53009827249494,-5.998));
#2193=CARTESIAN_POINT('',(6.135,-1.26990172750506,-5.998));
#2194=CARTESIAN_POINT('',(6.135,-1.26990172750506,-5.998));
#2195=CARTESIAN_POINT('',(-5.865,-1.26990172750506,-5.998));
#2196=CARTESIAN_POINT('Origin',(-1.865,-1.11990172750506,-5.998));
#2197=CARTESIAN_POINT('',(-1.865,-1.26990172750506,-4.998));
#2198=CARTESIAN_POINT('',(-1.865,-1.26990172750506,-4.748));
#2199=CARTESIAN_POINT('',(-1.865,-1.26990172750506,-5.998));
#2200=CARTESIAN_POINT('',(-1.865,-1.11990172750506,-4.998));
#2201=CARTESIAN_POINT('',(-1.865,-1.27490172750506,-4.998));
#2202=CARTESIAN_POINT('',(-1.865,-1.11990172750506,-4.748));
#2203=CARTESIAN_POINT('',(-1.865,-1.11990172750506,-5.998));
#2204=CARTESIAN_POINT('',(-1.865,-1.11990172750506,-4.748));
#2205=CARTESIAN_POINT('Origin',(-1.865,-1.11990172750506,6.002));
#2206=CARTESIAN_POINT('',(-1.865,-1.26990172750506,5.002));
#2207=CARTESIAN_POINT('',(-1.865,-1.11990172750506,5.002));
#2208=CARTESIAN_POINT('',(-1.865,-1.27490172750506,5.002));
#2209=CARTESIAN_POINT('',(-1.865,-1.26990172750506,4.752));
#2210=CARTESIAN_POINT('',(-1.865,-1.26990172750506,6.002));
#2211=CARTESIAN_POINT('',(-1.865,-1.11990172750506,4.752));
#2212=CARTESIAN_POINT('',(-1.865,-1.11990172750506,4.752));
#2213=CARTESIAN_POINT('',(-1.865,-1.11990172750506,6.002));
#2214=CARTESIAN_POINT('Origin',(0.135,-1.26990172750506,0.00199999999999966));
#2215=CARTESIAN_POINT('',(4.285,-1.26990172750506,-3.248));
#2216=CARTESIAN_POINT('',(6.135,-1.26990172750506,-3.248));
#2217=CARTESIAN_POINT('',(4.135,-1.26990172750506,-3.248));
#2218=CARTESIAN_POINT('',(4.135,-1.26990172750506,-3.098));
#2219=CARTESIAN_POINT('Origin',(4.285,-1.26990172750506,-3.098));
#2220=CARTESIAN_POINT('',(4.135,-1.26990172750506,3.102));
#2221=CARTESIAN_POINT('',(4.135,-1.26990172750506,3.252));
#2222=CARTESIAN_POINT('',(4.285,-1.26990172750506,3.252));
#2223=CARTESIAN_POINT('Origin',(4.285,-1.26990172750506,3.102));
#2224=CARTESIAN_POINT('',(6.135,-1.26990172750506,3.252));
#2225=CARTESIAN_POINT('',(6.135,-1.26990172750506,3.252));
#2226=CARTESIAN_POINT('',(6.135,-1.26990172750506,-5.998));
#2227=CARTESIAN_POINT('',(2.135,-1.26990172750506,5.002));
#2228=CARTESIAN_POINT('',(2.135,-1.26990172750506,4.752));
#2229=CARTESIAN_POINT('',(2.135,-1.26990172750506,4.752));
#2230=CARTESIAN_POINT('',(2.135,-1.26990172750506,4.752));
#2231=CARTESIAN_POINT('',(-1.865,-1.26990172750506,4.752));
#2232=CARTESIAN_POINT('',(-1.865,-1.26990172750506,6.002));
#2233=CARTESIAN_POINT('',(-1.865,-1.26990172750506,-5.998));
#2234=CARTESIAN_POINT('',(2.135,-1.26990172750506,-4.748));
#2235=CARTESIAN_POINT('',(-1.865,-1.26990172750506,-4.748));
#2236=CARTESIAN_POINT('',(2.135,-1.26990172750506,-4.998));
#2237=CARTESIAN_POINT('',(2.135,-1.26990172750506,-4.748));
#2238=CARTESIAN_POINT('',(2.135,-1.26990172750506,-4.748));
#2239=CARTESIAN_POINT('',(6.135,-1.26990172750506,-5.998));
#2240=CARTESIAN_POINT('Origin',(6.135,-1.26990172750506,-5.998));
#2241=CARTESIAN_POINT('',(6.135,-0.669901727505059,-3.248));
#2242=CARTESIAN_POINT('',(6.135,-0.669901727505061,3.252));
#2243=CARTESIAN_POINT('',(6.135,-0.669901727505059,-3.248));
#2244=CARTESIAN_POINT('',(6.135,-0.669901727505059,-3.248));
#2245=CARTESIAN_POINT('',(6.135,1.53009827249494,-5.998));
#2246=CARTESIAN_POINT('',(6.135,-0.669901727505061,3.252));
#2247=CARTESIAN_POINT('Origin',(0.135,1.53009827249494,0.00200000000000028));
#2248=CARTESIAN_POINT('',(-4.915,1.53009827249494,0.827000000000002));
#2249=CARTESIAN_POINT('',(-5.865,1.53009827249494,-0.822999999999998));
#2250=CARTESIAN_POINT('',(5.735,1.53009827249494,-5.598));
#2251=CARTESIAN_POINT('',(-5.465,1.53009827249494,-5.598));
#2252=CARTESIAN_POINT('',(5.735,1.53009827249494,5.602));
#2253=CARTESIAN_POINT('',(5.735,1.53009827249494,-5.598));
#2254=CARTESIAN_POINT('',(5.735,1.53009827249494,5.602));
#2255=CARTESIAN_POINT('Origin',(-1.865,-1.11990172750506,4.752));
#2256=CARTESIAN_POINT('',(2.135,-1.11990172750506,4.752));
#2257=CARTESIAN_POINT('',(2.135,-1.11990172750506,4.752));
#2258=CARTESIAN_POINT('',(-1.865,-1.11990172750506,4.752));
#2259=CARTESIAN_POINT('Origin',(2.135,-1.11990172750506,4.752));
#2260=CARTESIAN_POINT('',(2.135,-1.11990172750506,5.002));
#2261=CARTESIAN_POINT('',(2.135,-1.27490172750506,5.002));
#2262=CARTESIAN_POINT('',(2.135,-1.11990172750506,4.752));
#2263=CARTESIAN_POINT('Origin',(0.135,-1.11990172750506,0.00199999999999969));
#2264=CARTESIAN_POINT('',(-1.865,-1.11990172750506,5.002));
#2265=CARTESIAN_POINT('Origin',(-1.865,-1.11990172750506,-4.748));
#2266=CARTESIAN_POINT('',(2.135,-1.11990172750506,-4.748));
#2267=CARTESIAN_POINT('',(-1.865,-1.11990172750506,-4.748));
#2268=CARTESIAN_POINT('',(2.135,-1.11990172750506,-4.748));
#2269=CARTESIAN_POINT('Origin',(2.135,-1.11990172750506,-4.748));
#2270=CARTESIAN_POINT('',(2.135,-1.11990172750506,-4.998));
#2271=CARTESIAN_POINT('',(2.135,-1.27490172750506,-4.998));
#2272=CARTESIAN_POINT('',(2.135,-1.11990172750506,-4.748));
#2273=CARTESIAN_POINT('Origin',(0.135,-1.11990172750506,0.00199999999999969));
#2274=CARTESIAN_POINT('',(-1.865,-1.11990172750506,-4.998));
#2275=CARTESIAN_POINT('Origin',(4.135,-0.669901727505061,3.252));
#2276=CARTESIAN_POINT('',(4.135,-0.669901727505059,-3.098));
#2277=CARTESIAN_POINT('',(4.135,-0.669901727505059,-3.098));
#2278=CARTESIAN_POINT('',(4.135,-0.669901727505061,3.102));
#2279=CARTESIAN_POINT('',(4.135,-0.669901727505061,3.252));
#2280=CARTESIAN_POINT('',(4.135,-1.26990172750506,3.102));
#2281=CARTESIAN_POINT('Origin',(4.135,-0.669901727505059,-3.248));
#2282=CARTESIAN_POINT('',(4.635,-0.669901727505059,-3.248));
#2283=CARTESIAN_POINT('',(4.135,-0.669901727505059,-3.248));
#2284=CARTESIAN_POINT('',(4.285,-0.669901727505059,-3.248));
#2285=CARTESIAN_POINT('',(4.135,-0.669901727505059,-3.248));
#2286=CARTESIAN_POINT('',(4.285,-1.26990172750506,-3.248));
#2287=CARTESIAN_POINT('Origin',(6.135,-0.669901727505061,3.252));
#2288=CARTESIAN_POINT('',(4.285,-0.669901727505061,3.252));
#2289=CARTESIAN_POINT('',(4.285,-0.669901727505061,3.252));
#2290=CARTESIAN_POINT('',(4.635,-0.669901727505061,3.252));
#2291=CARTESIAN_POINT('',(6.135,-0.669901727505061,3.252));
#2292=CARTESIAN_POINT('',(6.135,-0.669901727505061,3.252));
#2293=CARTESIAN_POINT('Origin',(0.135,-0.66990172750506,0.00199999999999979));
#2294=CARTESIAN_POINT('',(4.635,-0.669901727505059,-4.498));
#2295=CARTESIAN_POINT('Origin',(2.135,-1.27490172750506,5.002));
#2296=CARTESIAN_POINT('',(2.135,-1.17490172750506,6.102));
#2297=CARTESIAN_POINT('',(2.135,0.180098272494939,6.102));
#2298=CARTESIAN_POINT('',(2.135,-1.27490172750506,6.102));
#2299=CARTESIAN_POINT('',(2.135,-1.27490172750506,6.002));
#2300=CARTESIAN_POINT('Origin',(2.135,-1.17490172750506,6.002));
#2301=CARTESIAN_POINT('',(2.135,-1.27490172750506,5.002));
#2302=CARTESIAN_POINT('',(2.135,-1.27490172750506,5.002));
#2303=CARTESIAN_POINT('',(2.135,-1.27490172750506,5.002));
#2304=CARTESIAN_POINT('',(2.135,0.180098272494939,6.102));
#2305=CARTESIAN_POINT('Origin',(-1.865,-1.27490172750506,6.102));
#2306=CARTESIAN_POINT('',(-1.865,-1.27490172750506,6.002));
#2307=CARTESIAN_POINT('',(-1.865,-1.27490172750506,5.002));
#2308=CARTESIAN_POINT('',(-1.865,-1.27490172750506,6.102));
#2309=CARTESIAN_POINT('',(-1.865,-1.17490172750506,6.102));
#2310=CARTESIAN_POINT('Origin',(-1.865,-1.17490172750506,6.002));
#2311=CARTESIAN_POINT('',(-1.865,0.180098272494939,6.102));
#2312=CARTESIAN_POINT('',(-1.865,-1.27490172750506,6.102));
#2313=CARTESIAN_POINT('',(-1.865,0.180098272494939,6.002));
#2314=CARTESIAN_POINT('',(-1.865,-1.27490172750506,5.002));
#2315=CARTESIAN_POINT('Origin',(-1.865,-1.27490172750506,5.002));
#2316=CARTESIAN_POINT('',(-1.865,-1.27490172750506,5.002));
#2317=CARTESIAN_POINT('Origin',(2.135,-1.27490172750506,6.102));
#2318=CARTESIAN_POINT('',(2.135,-1.17490172750506,6.102));
#2319=CARTESIAN_POINT('',(-1.865,0.180098272494939,6.102));
#2320=CARTESIAN_POINT('Origin',(0.135,-1.27490172750506,0.00199999999999966));
#2321=CARTESIAN_POINT('',(-1.865,-1.27490172750506,6.002));
#2322=CARTESIAN_POINT('Origin',(2.135,-1.27490172750506,-4.998));
#2323=CARTESIAN_POINT('',(2.135,-1.27490172750506,-4.998));
#2324=CARTESIAN_POINT('',(2.135,-1.27490172750506,-5.998));
#2325=CARTESIAN_POINT('',(2.135,-1.27490172750506,-4.998));
#2326=CARTESIAN_POINT('',(2.135,-1.17490172750506,-6.098));
#2327=CARTESIAN_POINT('Origin',(2.135,-1.17490172750506,-5.998));
#2328=CARTESIAN_POINT('',(2.135,0.180098272494941,-6.098));
#2329=CARTESIAN_POINT('',(2.135,-1.27490172750506,-6.098));
#2330=CARTESIAN_POINT('',(2.135,0.180098272494941,-5.998));
#2331=CARTESIAN_POINT('',(2.135,-1.27490172750506,-4.998));
#2332=CARTESIAN_POINT('Origin',(-1.865,-1.27490172750506,-6.098));
#2333=CARTESIAN_POINT('',(-1.865,-1.17490172750506,-6.098));
#2334=CARTESIAN_POINT('',(-1.865,0.180098272494941,-6.098));
#2335=CARTESIAN_POINT('',(-1.865,-1.27490172750506,-6.098));
#2336=CARTESIAN_POINT('',(-1.865,-1.27490172750506,-5.998));
#2337=CARTESIAN_POINT('Origin',(-1.865,-1.17490172750506,-5.998));
#2338=CARTESIAN_POINT('',(-1.865,-1.27490172750506,-4.998));
#2339=CARTESIAN_POINT('',(-1.865,-1.27490172750506,-6.098));
#2340=CARTESIAN_POINT('',(-1.865,-1.27490172750506,-4.998));
#2341=CARTESIAN_POINT('',(-1.865,0.180098272494941,-6.098));
#2342=CARTESIAN_POINT('Origin',(-1.865,-1.27490172750506,-4.998));
#2343=CARTESIAN_POINT('',(-1.865,-1.27490172750506,-4.998));
#2344=CARTESIAN_POINT('Origin',(2.135,-1.27490172750506,-6.098));
#2345=CARTESIAN_POINT('',(-1.865,-1.17490172750506,-6.098));
#2346=CARTESIAN_POINT('',(2.135,0.180098272494941,-6.098));
#2347=CARTESIAN_POINT('Origin',(0.135,-1.27490172750506,0.00199999999999966));
#2348=CARTESIAN_POINT('',(2.135,-1.27490172750506,-5.998));
#2349=CARTESIAN_POINT('Origin',(0.135,0.18009827249494,0.00199999999999998));
#2350=CARTESIAN_POINT('Origin',(0.135,0.18009827249494,0.00199999999999998));
#2351=CARTESIAN_POINT('Origin',(2.135,-1.17490172750506,-5.998));
#2352=CARTESIAN_POINT('Origin',(0.134999999999997,-1.17490172750506,6.002));
#2353=CARTESIAN_POINT('Origin',(4.285,-0.669901727505061,3.102));
#2354=CARTESIAN_POINT('Origin',(4.285,-0.669901727505061,3.102));
#2355=CARTESIAN_POINT('Origin',(4.285,-0.669901727505059,-3.098));
#2356=CARTESIAN_POINT('Origin',(4.285,-0.669901727505059,-3.098));
#2357=CARTESIAN_POINT('Origin',(0.135,-0.66990172750506,0.00199999999999979));
#2358=CARTESIAN_POINT('',(4.635,-0.669901727505059,-4.498));
#2359=CARTESIAN_POINT('',(4.635,-0.669901727505059,-4.498));
#2360=CARTESIAN_POINT('',(-4.365,-0.669901727505059,-4.498));
#2361=CARTESIAN_POINT('',(-4.365,-0.669901727505059,-4.498));
#2362=CARTESIAN_POINT('',(-4.365,-0.669901727505061,4.502));
#2363=CARTESIAN_POINT('',(-4.365,-0.669901727505061,4.502));
#2364=CARTESIAN_POINT('',(4.635,-0.669901727505061,4.502));
#2365=CARTESIAN_POINT('',(4.635,-0.669901727505061,4.502));
#2366=CARTESIAN_POINT('',(4.635,-0.669901727505059,-4.498));
#2367=CARTESIAN_POINT('Origin',(4.635,-0.669901727505061,4.502));
#2368=CARTESIAN_POINT('',(4.635,-0.669901727505061,4.502));
#2369=CARTESIAN_POINT('',(-4.365,-0.669901727505061,4.502));
#2370=CARTESIAN_POINT('Origin',(-4.365,-0.669901727505061,4.502));
#2371=CARTESIAN_POINT('',(-4.365,-0.669901727505059,-4.498));
#2372=CARTESIAN_POINT('Origin',(-4.365,-0.669901727505059,-4.498));
#2373=CARTESIAN_POINT('',(4.635,-0.669901727505059,-4.498));
#2374=CARTESIAN_POINT('Origin',(4.635,-0.669901727505059,-4.498));
#2375=CARTESIAN_POINT('Origin',(0.135,-0.41990172750506,0.00199999999999985));
#2376=CARTESIAN_POINT('Origin',(5.735,1.21009827249494,5.602));
#2377=CARTESIAN_POINT('',(5.735,1.21009827249494,5.602));
#2378=CARTESIAN_POINT('Origin',(-5.465,1.21009827249494,-5.598));
#2379=CARTESIAN_POINT('',(5.735,1.21009827249494,-5.598));
#2380=CARTESIAN_POINT('Origin',(5.735,1.21009827249494,-5.598));
#2381=CARTESIAN_POINT('Origin',(-4.915,0.21009827249494,0.827000000000002));
#2382=CARTESIAN_POINT('Origin',(-5.865,0.21009827249494,-0.822999999999998));
#2383=CARTESIAN_POINT('Origin',(0.135,0.21009827249494,0.00199999999999999));
#2384=UNCERTAINTY_MEASURE_WITH_UNIT(LENGTH_MEASURE(0.01),#2388,
'DISTANCE_ACCURACY_VALUE',
'Maximum model space distance between geometric entities at asserted c
onnectivities');
#2385=UNCERTAINTY_MEASURE_WITH_UNIT(LENGTH_MEASURE(0.01),#2388,
'DISTANCE_ACCURACY_VALUE',
'Maximum model space distance between geometric entities at asserted c
onnectivities');
#2386=(
GEOMETRIC_REPRESENTATION_CONTEXT(3)
GLOBAL_UNCERTAINTY_ASSIGNED_CONTEXT((#2384))
GLOBAL_UNIT_ASSIGNED_CONTEXT((#2388,#2390,#2391))
REPRESENTATION_CONTEXT('','3D')
);
#2387=(
GEOMETRIC_REPRESENTATION_CONTEXT(3)
GLOBAL_UNCERTAINTY_ASSIGNED_CONTEXT((#2385))
GLOBAL_UNIT_ASSIGNED_CONTEXT((#2388,#2390,#2391))
REPRESENTATION_CONTEXT('','3D')
);
#2388=(
LENGTH_UNIT()
NAMED_UNIT(*)
SI_UNIT(.MILLI.,.METRE.)
);
#2389=(
LENGTH_UNIT()
NAMED_UNIT(*)
SI_UNIT(.CENTI.,.METRE.)
);
#2390=(
NAMED_UNIT(*)
PLANE_ANGLE_UNIT()
SI_UNIT($,.RADIAN.)
);
#2391=(
NAMED_UNIT(*)
SI_UNIT($,.STERADIAN.)
SOLID_ANGLE_UNIT()
);
#2392=SHAPE_DEFINITION_REPRESENTATION(#2393,#2394);
#2393=PRODUCT_DEFINITION_SHAPE('',$,#2396);
#2394=SHAPE_REPRESENTATION('',(#1494),#2386);
#2395=PRODUCT_DEFINITION_CONTEXT('part definition',#2400,'design');
#2396=PRODUCT_DEFINITION('SMT-1240-S-HT','SMT-1240-S-HT',#2397,#2395);
#2397=PRODUCT_DEFINITION_FORMATION('',$,#2402);
#2398=PRODUCT_RELATED_PRODUCT_CATEGORY('SMT-1240-S-HT','SMT-1240-S-HT',
(#2402));
#2399=APPLICATION_PROTOCOL_DEFINITION('international standard',
'automotive_design',2009,#2400);
#2400=APPLICATION_CONTEXT(
'Core Data for Automotive Mechanical Design Process');
#2401=PRODUCT_CONTEXT('part definition',#2400,'mechanical');
#2402=PRODUCT('SMT-1240-S-HT','SMT-1240-S-HT',$,(#2401));
#2403=PRESENTATION_STYLE_ASSIGNMENT((#2404));
#2404=SURFACE_STYLE_USAGE(.BOTH.,#2407);
#2405=SURFACE_STYLE_RENDERING_WITH_PROPERTIES($,#2411,(#2406));
#2406=SURFACE_STYLE_TRANSPARENT(0.);
#2407=SURFACE_SIDE_STYLE('',(#2408,#2405));
#2408=SURFACE_STYLE_FILL_AREA(#2409);
#2409=FILL_AREA_STYLE('',(#2410));
#2410=FILL_AREA_STYLE_COLOUR('',#2411);
#2411=COLOUR_RGB('',0.749019607843137,0.749019607843137,0.749019607843137);
ENDSEC;
END-ISO-10303-21;
