ISO-10303-21;
HEADER;
/* Generated by software containing ST-Developer
 * from STEP Tools, Inc. (www.steptools.com) 
 */
/* OPTION: using custom renumber hook */

FILE_DESCRIPTION(
/* description */ ('STEP AP242',
'CAx-IF Rec.Pracs.---Representation and Presentation of Product Manufa
cturing Information (PMI)---4.0---2014-10-13',
'CAx-IF Rec.Pracs.---3D Tessellated Geometry---0.4---2014-09-14','2;1'),

/* implementation_level */ '2;1');

FILE_NAME(
/* name */ 'SWS065-030V12TSK',
/* time_stamp */ '2026-09-18T09:23:34+02:00',
/* author */ ('License CC BY-ND 4.0'),
/* organization */ ('CADENAS'),
/* preprocessor_version */ 'ST-DEVELOPER v20',
/* originating_system */ 'PARTsolutions',
/* authorisation */ '  ');

FILE_SCHEMA (('AP242_MANAGED_MODEL_BASED_3D_ENGINEERING_MIM_LF { 1 0 10303 442 1 1 4 }'));
ENDSEC;

DATA;
#10=(
BOUNDED_SURFACE()
B_SPLINE_SURFACE(3,2,((#6931,#6932,#6933),(#6934,#6935,#6936),(#6937,#6938,
#6939),(#6940,#6941,#6942)),.UNSPECIFIED.,.F.,.F.,.F.)
B_SPLINE_SURFACE_WITH_KNOTS((4,4),(3,3),(0.471665846297907,0.471818337683272),
(0.,1.),.PIECEWISE_BEZIER_KNOTS.)
GEOMETRIC_REPRESENTATION_ITEM()
RATIONAL_B_SPLINE_SURFACE(((1.,0.735307013961814,1.),(1.,0.735256719869917,
1.),(1.,0.735206423816863,1.),(1.,0.735156125807255,1.)))
REPRESENTATION_ITEM('')
SURFACE()
);
#11=(
BOUNDED_SURFACE()
B_SPLINE_SURFACE(3,2,((#6943,#6944,#6945),(#6946,#6947,#6948),(#6949,#6950,
#6951),(#6952,#6953,#6954)),.UNSPECIFIED.,.F.,.F.,.F.)
B_SPLINE_SURFACE_WITH_KNOTS((4,4),(3,3),(0.473166881887156,0.473319566683516),
(0.,1.),.PIECEWISE_BEZIER_KNOTS.)
GEOMETRIC_REPRESENTATION_ITEM()
RATIONAL_B_SPLINE_SURFACE(((1.,0.733821252714096,1.),(1.,0.733770856716206,
1.),(1.,0.733720458807767,1.),(1.,0.733670058994762,1.)))
REPRESENTATION_ITEM('')
SURFACE()
);
#12=ELLIPSE('',#4583,912.584278732722,0.380000000000047);
#13=ELLIPSE('',#4585,912.584278732722,0.380000000000047);
#14=ELLIPSE('',#4592,0.400000034677735,0.399999999999956);
#15=ELLIPSE('',#4596,0.380000032943937,0.380000000000047);
#16=ELLIPSE('',#4597,0.380000032943937,0.380000000000047);
#17=ELLIPSE('',#4600,0.380000032943937,0.380000000000047);
#18=ELLIPSE('',#4601,0.380000032943937,0.380000000000047);
#19=ELLIPSE('',#4603,0.400000034677735,0.399999999999956);
#20=ELLIPSE('',#4606,0.400000034677779,0.4);
#21=ELLIPSE('',#4607,0.400000034677779,0.4);
#22=ELLIPSE('',#4609,0.38000003294389,0.38);
#23=ELLIPSE('',#4614,0.38000003294389,0.38);
#24=ELLIPSE('',#4664,0.400000034677779,0.4);
#25=ELLIPSE('',#4665,0.400000034677779,0.4);
#26=ELLIPSE('',#4671,0.38000003294389,0.38);
#27=ELLIPSE('',#4674,0.38000003294389,0.38);
#28=DRAUGHTING_PRE_DEFINED_COLOUR('white');
#29=CONTEXT_DEPENDENT_SHAPE_REPRESENTATION(#37,#6981);
#30=CONTEXT_DEPENDENT_SHAPE_REPRESENTATION(#38,#6983);
#31=CONTEXT_DEPENDENT_SHAPE_REPRESENTATION(#39,#6985);
#32=CONTEXT_DEPENDENT_SHAPE_REPRESENTATION(#40,#6987);
#33=NEXT_ASSEMBLY_USAGE_OCCURRENCE('NAUO1','SWS065-030V12TSK_PART1',
'SWS065-030V12TSK_PART1',#6988,#6989,'');
#34=NEXT_ASSEMBLY_USAGE_OCCURRENCE('NAUO2','SWS065-030V12TSK_PART2',
'SWS065-030V12TSK_PART2',#6988,#6990,'');
#35=NEXT_ASSEMBLY_USAGE_OCCURRENCE('NAUO3','SWS065-030V12TSK_PART3',
'SWS065-030V12TSK_PART3',#6988,#6991,'');
#36=NEXT_ASSEMBLY_USAGE_OCCURRENCE('NAUO4','SWS065-030V12TSK_PART4',
'SWS065-030V12TSK_PART4',#6988,#6992,'');
#37=(
REPRESENTATION_RELATIONSHIP(' ',' ',#4457,#4456)
REPRESENTATION_RELATIONSHIP_WITH_TRANSFORMATION(#41)
SHAPE_REPRESENTATION_RELATIONSHIP()
);
#38=(
REPRESENTATION_RELATIONSHIP(' ',' ',#4458,#4456)
REPRESENTATION_RELATIONSHIP_WITH_TRANSFORMATION(#42)
SHAPE_REPRESENTATION_RELATIONSHIP()
);
#39=(
REPRESENTATION_RELATIONSHIP(' ',' ',#4459,#4456)
REPRESENTATION_RELATIONSHIP_WITH_TRANSFORMATION(#43)
SHAPE_REPRESENTATION_RELATIONSHIP()
);
#40=(
REPRESENTATION_RELATIONSHIP(' ',' ',#4460,#4456)
REPRESENTATION_RELATIONSHIP_WITH_TRANSFORMATION(#44)
SHAPE_REPRESENTATION_RELATIONSHIP()
);
#41=ITEM_DEFINED_TRANSFORMATION(' ',' ',#4461,#4545);
#42=ITEM_DEFINED_TRANSFORMATION(' ',' ',#4461,#4556);
#43=ITEM_DEFINED_TRANSFORMATION(' ',' ',#4461,#4566);
#44=ITEM_DEFINED_TRANSFORMATION(' ',' ',#4461,#4741);
#45=SHAPE_REPRESENTATION_RELATIONSHIP('','',#4457,#49);
#46=SHAPE_REPRESENTATION_RELATIONSHIP('','',#4458,#50);
#47=SHAPE_REPRESENTATION_RELATIONSHIP('','',#4459,#51);
#48=SHAPE_REPRESENTATION_RELATIONSHIP('','',#4460,#52);
#49=ADVANCED_BREP_SHAPE_REPRESENTATION('',(#4447),#6967);
#50=ADVANCED_BREP_SHAPE_REPRESENTATION('',(#4448),#6968);
#51=ADVANCED_BREP_SHAPE_REPRESENTATION('',(#4449),#6969);
#52=ADVANCED_BREP_SHAPE_REPRESENTATION('',(#4450),#6970);
#53=B_SPLINE_CURVE_WITH_KNOTS('',3,(#6027,#6028,#6029,#6030),
 .UNSPECIFIED.,.F.,.F.,(4,4),(0.,1.),.UNSPECIFIED.);
#54=B_SPLINE_CURVE_WITH_KNOTS('',3,(#6036,#6037,#6038,#6039),
 .UNSPECIFIED.,.F.,.F.,(4,4),(0.,1.),.UNSPECIFIED.);
#55=B_SPLINE_CURVE_WITH_KNOTS('',3,(#6043,#6044,#6045,#6046),
 .UNSPECIFIED.,.F.,.F.,(4,4),(0.,1.),.UNSPECIFIED.);
#56=B_SPLINE_CURVE_WITH_KNOTS('',3,(#6050,#6051,#6052,#6053),
 .UNSPECIFIED.,.F.,.F.,(4,4),(0.,1.),.UNSPECIFIED.);
#57=B_SPLINE_CURVE_WITH_KNOTS('',3,(#6057,#6058,#6059,#6060),
 .UNSPECIFIED.,.F.,.F.,(4,4),(0.,1.),.UNSPECIFIED.);
#58=B_SPLINE_CURVE_WITH_KNOTS('',3,(#6064,#6065,#6066,#6067),
 .UNSPECIFIED.,.F.,.F.,(4,4),(0.,1.),.UNSPECIFIED.);
#59=B_SPLINE_CURVE_WITH_KNOTS('',3,(#6071,#6072,#6073,#6074),
 .UNSPECIFIED.,.F.,.F.,(4,4),(0.,1.),.UNSPECIFIED.);
#60=B_SPLINE_CURVE_WITH_KNOTS('',3,(#6078,#6079,#6080,#6081),
 .UNSPECIFIED.,.F.,.F.,(4,4),(0.,1.),.UNSPECIFIED.);
#61=B_SPLINE_CURVE_WITH_KNOTS('',3,(#6087,#6088,#6089,#6090),
 .UNSPECIFIED.,.F.,.F.,(4,4),(0.,1.),.UNSPECIFIED.);
#62=B_SPLINE_CURVE_WITH_KNOTS('',3,(#6092,#6093,#6094,#6095),
 .UNSPECIFIED.,.F.,.F.,(4,4),(0.,1.),.UNSPECIFIED.);
#63=B_SPLINE_CURVE_WITH_KNOTS('',3,(#6099,#6100,#6101,#6102),
 .UNSPECIFIED.,.F.,.F.,(4,4),(0.,1.),.UNSPECIFIED.);
#64=B_SPLINE_CURVE_WITH_KNOTS('',3,(#6106,#6107,#6108,#6109),
 .UNSPECIFIED.,.F.,.F.,(4,4),(0.,1.),.UNSPECIFIED.);
#65=B_SPLINE_CURVE_WITH_KNOTS('',3,(#6278,#6279,#6280,#6281),
 .UNSPECIFIED.,.F.,.F.,(4,4),(0.,1.),.UNSPECIFIED.);
#66=B_SPLINE_CURVE_WITH_KNOTS('',3,(#6285,#6286,#6287,#6288),
 .UNSPECIFIED.,.F.,.F.,(4,4),(0.,1.),.UNSPECIFIED.);
#67=B_SPLINE_CURVE_WITH_KNOTS('',3,(#6428,#6429,#6430,#6431),
 .UNSPECIFIED.,.F.,.F.,(4,4),(1.11022302462516E-16,0.000562578251102018),
 .UNSPECIFIED.);
#68=B_SPLINE_CURVE_WITH_KNOTS('',3,(#6436,#6437,#6438,#6439),
 .UNSPECIFIED.,.F.,.F.,(4,4),(0.,0.000561063277805199),.UNSPECIFIED.);
#69=B_SPLINE_CURVE_WITH_KNOTS('',3,(#6503,#6504,#6505,#6506),
 .UNSPECIFIED.,.F.,.F.,(4,4),(2.22044604925031E-16,0.000562747352166328),
 .UNSPECIFIED.);
#70=B_SPLINE_CURVE_WITH_KNOTS('',3,(#6524,#6525,#6526,#6527),
 .UNSPECIFIED.,.F.,.F.,(4,4),(0.,0.000560894238784361),.UNSPECIFIED.);
#71=B_SPLINE_CURVE_WITH_KNOTS('',3,(#6686,#6687,#6688,#6689),
 .UNSPECIFIED.,.F.,.F.,(4,4),(0.,1.),.UNSPECIFIED.);
#72=B_SPLINE_CURVE_WITH_KNOTS('',3,(#6693,#6694,#6695,#6696),
 .UNSPECIFIED.,.F.,.F.,(4,4),(0.,1.),.UNSPECIFIED.);
#73=B_SPLINE_CURVE_WITH_KNOTS('',3,(#6888,#6889,#6890,#6891),
 .UNSPECIFIED.,.F.,.F.,(4,4),(0.,1.),.UNSPECIFIED.);
#74=B_SPLINE_CURVE_WITH_KNOTS('',3,(#6898,#6899,#6900,#6901),
 .UNSPECIFIED.,.F.,.F.,(4,4),(0.,1.),.UNSPECIFIED.);
#75=B_SPLINE_CURVE_WITH_KNOTS('',3,(#6909,#6910,#6911,#6912),
 .UNSPECIFIED.,.F.,.F.,(4,4),(0.,0.000400000034883344),.UNSPECIFIED.);
#76=B_SPLINE_CURVE_WITH_KNOTS('',3,(#6920,#6921,#6922,#6923),
 .UNSPECIFIED.,.F.,.F.,(4,4),(0.,0.000400000034907548),.UNSPECIFIED.);
#77=CYLINDRICAL_SURFACE('',#4473,0.249999999999972);
#78=CYLINDRICAL_SURFACE('',#4483,0.250000000000083);
#79=CYLINDRICAL_SURFACE('',#4493,0.250000000000083);
#80=CYLINDRICAL_SURFACE('',#4567,0.399999999999956);
#81=CYLINDRICAL_SURFACE('',#4570,0.399999999999956);
#82=CYLINDRICAL_SURFACE('',#4573,0.400000000000955);
#83=CYLINDRICAL_SURFACE('',#4591,0.399999999999956);
#84=CYLINDRICAL_SURFACE('',#4602,0.399999999999956);
#85=CYLINDRICAL_SURFACE('',#4605,0.4);
#86=CYLINDRICAL_SURFACE('',#4622,0.399999999999956);
#87=CYLINDRICAL_SURFACE('',#4628,0.399999999999956);
#88=CYLINDRICAL_SURFACE('',#4634,0.400000000000955);
#89=CYLINDRICAL_SURFACE('',#4663,0.4);
#90=CYLINDRICAL_SURFACE('',#4707,0.45);
#91=CYLINDRICAL_SURFACE('',#4708,0.45);
#92=CYLINDRICAL_SURFACE('',#4709,0.45);
#93=CYLINDRICAL_SURFACE('',#4710,0.45);
#94=CYLINDRICAL_SURFACE('',#4711,0.45);
#95=CYLINDRICAL_SURFACE('',#4712,0.45);
#96=CYLINDRICAL_SURFACE('',#4713,0.45);
#97=CYLINDRICAL_SURFACE('',#4714,0.44999999999995);
#98=CYLINDRICAL_SURFACE('',#4715,0.05);
#99=CYLINDRICAL_SURFACE('',#4716,0.0499999999999997);
#100=CYLINDRICAL_SURFACE('',#4717,0.05);
#101=CYLINDRICAL_SURFACE('',#4718,0.0499999999999997);
#102=CYLINDRICAL_SURFACE('',#4731,0.38);
#103=CYLINDRICAL_SURFACE('',#4732,0.38);
#104=CYLINDRICAL_SURFACE('',#4733,0.38);
#105=CYLINDRICAL_SURFACE('',#4734,0.38);
#106=CYLINDRICAL_SURFACE('',#4735,0.38);
#107=CYLINDRICAL_SURFACE('',#4736,0.380000000000047);
#108=CYLINDRICAL_SURFACE('',#4737,0.380000000000047);
#109=CYLINDRICAL_SURFACE('',#4738,0.38);
#110=CYLINDRICAL_SURFACE('',#4739,0.38);
#111=CYLINDRICAL_SURFACE('',#4740,0.38);
#112=CIRCLE('',#4463,0.249999999999972);
#113=CIRCLE('',#4465,0.250000000000083);
#114=CIRCLE('',#4467,0.250000000000083);
#115=CIRCLE('',#4474,0.249999999999972);
#116=CIRCLE('',#4484,0.250000000000083);
#117=CIRCLE('',#4494,0.250000000000083);
#118=CIRCLE('',#4568,0.399999999999956);
#119=CIRCLE('',#4569,0.399999999999956);
#120=CIRCLE('',#4571,0.399999999999956);
#121=CIRCLE('',#4572,0.399999999999956);
#122=CIRCLE('',#4574,0.400000000000955);
#123=CIRCLE('',#4575,0.400000000000955);
#124=CIRCLE('',#4587,0.38);
#125=CIRCLE('',#4588,0.38);
#126=CIRCLE('',#4589,0.38);
#127=CIRCLE('',#4590,0.38);
#128=CIRCLE('',#4593,0.399999999999956);
#129=CIRCLE('',#4604,0.399999999999956);
#130=CIRCLE('',#4610,0.399999999999956);
#131=CIRCLE('',#4611,0.399999999999956);
#132=CIRCLE('',#4612,0.38);
#133=CIRCLE('',#4615,0.380000000000047);
#134=CIRCLE('',#4616,0.400000000000955);
#135=CIRCLE('',#4618,0.38);
#136=CIRCLE('',#4619,0.38);
#137=CIRCLE('',#4620,0.38);
#138=CIRCLE('',#4621,0.38);
#139=CIRCLE('',#4623,0.399999999999956);
#140=CIRCLE('',#4629,0.399999999999956);
#141=CIRCLE('',#4635,0.400000000000955);
#142=CIRCLE('',#4649,0.45);
#143=CIRCLE('',#4650,0.05);
#144=CIRCLE('',#4654,0.45);
#145=CIRCLE('',#4655,0.05);
#146=CIRCLE('',#4657,0.05);
#147=CIRCLE('',#4658,0.45);
#148=CIRCLE('',#4661,0.45);
#149=CIRCLE('',#4662,0.05);
#150=CIRCLE('',#4672,0.38);
#151=CIRCLE('',#4675,0.38);
#152=CIRCLE('',#4677,0.45);
#153=CIRCLE('',#4678,0.0499999999999997);
#154=CIRCLE('',#4682,0.45);
#155=CIRCLE('',#4683,0.0499999999999997);
#156=CIRCLE('',#4685,0.45);
#157=CIRCLE('',#4686,0.0499999999999997);
#158=CIRCLE('',#4689,0.45);
#159=CIRCLE('',#4690,0.0499999999999997);
#160=CIRCLE('',#4692,0.44999999999995);
#161=CIRCLE('',#4694,0.45);
#162=CIRCLE('',#4696,0.45);
#163=CIRCLE('',#4698,0.45);
#164=CIRCLE('',#4700,0.45);
#165=CIRCLE('',#4702,0.44999999999995);
#166=CIRCLE('',#4704,0.45);
#167=CIRCLE('',#4706,0.45);
#168=ORIENTED_EDGE('',*,*,#1266,.T.);
#169=ORIENTED_EDGE('',*,*,#1267,.T.);
#170=ORIENTED_EDGE('',*,*,#1268,.T.);
#171=ORIENTED_EDGE('',*,*,#1269,.F.);
#172=ORIENTED_EDGE('',*,*,#1270,.T.);
#173=ORIENTED_EDGE('',*,*,#1271,.F.);
#174=ORIENTED_EDGE('',*,*,#1272,.T.);
#175=ORIENTED_EDGE('',*,*,#1273,.F.);
#176=ORIENTED_EDGE('',*,*,#1274,.T.);
#177=ORIENTED_EDGE('',*,*,#1275,.T.);
#178=ORIENTED_EDGE('',*,*,#1276,.T.);
#179=ORIENTED_EDGE('',*,*,#1277,.F.);
#180=ORIENTED_EDGE('',*,*,#1278,.T.);
#181=ORIENTED_EDGE('',*,*,#1279,.F.);
#182=ORIENTED_EDGE('',*,*,#1280,.T.);
#183=ORIENTED_EDGE('',*,*,#1281,.F.);
#184=ORIENTED_EDGE('',*,*,#1282,.T.);
#185=ORIENTED_EDGE('',*,*,#1283,.T.);
#186=ORIENTED_EDGE('',*,*,#1284,.T.);
#187=ORIENTED_EDGE('',*,*,#1285,.F.);
#188=ORIENTED_EDGE('',*,*,#1286,.T.);
#189=ORIENTED_EDGE('',*,*,#1287,.F.);
#190=ORIENTED_EDGE('',*,*,#1288,.T.);
#191=ORIENTED_EDGE('',*,*,#1289,.F.);
#192=ORIENTED_EDGE('',*,*,#1290,.T.);
#193=ORIENTED_EDGE('',*,*,#1291,.T.);
#194=ORIENTED_EDGE('',*,*,#1292,.T.);
#195=ORIENTED_EDGE('',*,*,#1293,.T.);
#196=ORIENTED_EDGE('',*,*,#1294,.T.);
#197=ORIENTED_EDGE('',*,*,#1295,.T.);
#198=ORIENTED_EDGE('',*,*,#1272,.F.);
#199=ORIENTED_EDGE('',*,*,#1296,.T.);
#200=ORIENTED_EDGE('',*,*,#1297,.T.);
#201=ORIENTED_EDGE('',*,*,#1298,.T.);
#202=ORIENTED_EDGE('',*,*,#1266,.F.);
#203=ORIENTED_EDGE('',*,*,#1291,.F.);
#204=ORIENTED_EDGE('',*,*,#1299,.T.);
#205=ORIENTED_EDGE('',*,*,#1300,.T.);
#206=ORIENTED_EDGE('',*,*,#1267,.F.);
#207=ORIENTED_EDGE('',*,*,#1298,.F.);
#208=ORIENTED_EDGE('',*,*,#1301,.T.);
#209=ORIENTED_EDGE('',*,*,#1302,.F.);
#210=ORIENTED_EDGE('',*,*,#1268,.F.);
#211=ORIENTED_EDGE('',*,*,#1300,.F.);
#212=ORIENTED_EDGE('',*,*,#1269,.T.);
#213=ORIENTED_EDGE('',*,*,#1302,.T.);
#214=ORIENTED_EDGE('',*,*,#1303,.T.);
#215=ORIENTED_EDGE('',*,*,#1304,.T.);
#216=ORIENTED_EDGE('',*,*,#1305,.T.);
#217=ORIENTED_EDGE('',*,*,#1306,.T.);
#218=ORIENTED_EDGE('',*,*,#1270,.F.);
#219=ORIENTED_EDGE('',*,*,#1304,.F.);
#220=ORIENTED_EDGE('',*,*,#1307,.T.);
#221=ORIENTED_EDGE('',*,*,#1296,.F.);
#222=ORIENTED_EDGE('',*,*,#1271,.T.);
#223=ORIENTED_EDGE('',*,*,#1306,.F.);
#224=ORIENTED_EDGE('',*,*,#1308,.T.);
#225=ORIENTED_EDGE('',*,*,#1309,.T.);
#226=ORIENTED_EDGE('',*,*,#1310,.T.);
#227=ORIENTED_EDGE('',*,*,#1295,.F.);
#228=ORIENTED_EDGE('',*,*,#1311,.T.);
#229=ORIENTED_EDGE('',*,*,#1312,.T.);
#230=ORIENTED_EDGE('',*,*,#1313,.T.);
#231=ORIENTED_EDGE('',*,*,#1314,.T.);
#232=ORIENTED_EDGE('',*,*,#1280,.F.);
#233=ORIENTED_EDGE('',*,*,#1315,.T.);
#234=ORIENTED_EDGE('',*,*,#1316,.T.);
#235=ORIENTED_EDGE('',*,*,#1317,.T.);
#236=ORIENTED_EDGE('',*,*,#1274,.F.);
#237=ORIENTED_EDGE('',*,*,#1314,.F.);
#238=ORIENTED_EDGE('',*,*,#1318,.T.);
#239=ORIENTED_EDGE('',*,*,#1319,.T.);
#240=ORIENTED_EDGE('',*,*,#1275,.F.);
#241=ORIENTED_EDGE('',*,*,#1319,.F.);
#242=ORIENTED_EDGE('',*,*,#1320,.T.);
#243=ORIENTED_EDGE('',*,*,#1321,.T.);
#244=ORIENTED_EDGE('',*,*,#1276,.F.);
#245=ORIENTED_EDGE('',*,*,#1321,.F.);
#246=ORIENTED_EDGE('',*,*,#1322,.T.);
#247=ORIENTED_EDGE('',*,*,#1323,.F.);
#248=ORIENTED_EDGE('',*,*,#1324,.T.);
#249=ORIENTED_EDGE('',*,*,#1325,.T.);
#250=ORIENTED_EDGE('',*,*,#1277,.T.);
#251=ORIENTED_EDGE('',*,*,#1323,.T.);
#252=ORIENTED_EDGE('',*,*,#1278,.F.);
#253=ORIENTED_EDGE('',*,*,#1325,.F.);
#254=ORIENTED_EDGE('',*,*,#1326,.T.);
#255=ORIENTED_EDGE('',*,*,#1327,.T.);
#256=ORIENTED_EDGE('',*,*,#1279,.T.);
#257=ORIENTED_EDGE('',*,*,#1327,.F.);
#258=ORIENTED_EDGE('',*,*,#1328,.T.);
#259=ORIENTED_EDGE('',*,*,#1315,.F.);
#260=ORIENTED_EDGE('',*,*,#1329,.T.);
#261=ORIENTED_EDGE('',*,*,#1317,.F.);
#262=ORIENTED_EDGE('',*,*,#1330,.T.);
#263=ORIENTED_EDGE('',*,*,#1331,.T.);
#264=ORIENTED_EDGE('',*,*,#1332,.T.);
#265=ORIENTED_EDGE('',*,*,#1333,.T.);
#266=ORIENTED_EDGE('',*,*,#1334,.T.);
#267=ORIENTED_EDGE('',*,*,#1335,.T.);
#268=ORIENTED_EDGE('',*,*,#1288,.F.);
#269=ORIENTED_EDGE('',*,*,#1336,.T.);
#270=ORIENTED_EDGE('',*,*,#1337,.T.);
#271=ORIENTED_EDGE('',*,*,#1338,.T.);
#272=ORIENTED_EDGE('',*,*,#1282,.F.);
#273=ORIENTED_EDGE('',*,*,#1335,.F.);
#274=ORIENTED_EDGE('',*,*,#1339,.T.);
#275=ORIENTED_EDGE('',*,*,#1340,.T.);
#276=ORIENTED_EDGE('',*,*,#1283,.F.);
#277=ORIENTED_EDGE('',*,*,#1340,.F.);
#278=ORIENTED_EDGE('',*,*,#1341,.T.);
#279=ORIENTED_EDGE('',*,*,#1342,.T.);
#280=ORIENTED_EDGE('',*,*,#1284,.F.);
#281=ORIENTED_EDGE('',*,*,#1342,.F.);
#282=ORIENTED_EDGE('',*,*,#1343,.T.);
#283=ORIENTED_EDGE('',*,*,#1344,.F.);
#284=ORIENTED_EDGE('',*,*,#1345,.T.);
#285=ORIENTED_EDGE('',*,*,#1346,.T.);
#286=ORIENTED_EDGE('',*,*,#1285,.T.);
#287=ORIENTED_EDGE('',*,*,#1344,.T.);
#288=ORIENTED_EDGE('',*,*,#1286,.F.);
#289=ORIENTED_EDGE('',*,*,#1346,.F.);
#290=ORIENTED_EDGE('',*,*,#1347,.T.);
#291=ORIENTED_EDGE('',*,*,#1348,.T.);
#292=ORIENTED_EDGE('',*,*,#1287,.T.);
#293=ORIENTED_EDGE('',*,*,#1348,.F.);
#294=ORIENTED_EDGE('',*,*,#1349,.T.);
#295=ORIENTED_EDGE('',*,*,#1336,.F.);
#296=ORIENTED_EDGE('',*,*,#1350,.T.);
#297=ORIENTED_EDGE('',*,*,#1338,.F.);
#298=ORIENTED_EDGE('',*,*,#1351,.T.);
#299=ORIENTED_EDGE('',*,*,#1352,.T.);
#300=ORIENTED_EDGE('',*,*,#1353,.T.);
#301=ORIENTED_EDGE('',*,*,#1354,.T.);
#302=ORIENTED_EDGE('',*,*,#1355,.T.);
#303=ORIENTED_EDGE('',*,*,#1309,.F.);
#304=ORIENTED_EDGE('',*,*,#1310,.F.);
#305=ORIENTED_EDGE('',*,*,#1355,.F.);
#306=ORIENTED_EDGE('',*,*,#1356,.T.);
#307=ORIENTED_EDGE('',*,*,#1357,.T.);
#308=ORIENTED_EDGE('',*,*,#1358,.T.);
#309=ORIENTED_EDGE('',*,*,#1292,.F.);
#310=ORIENTED_EDGE('',*,*,#1359,.T.);
#311=ORIENTED_EDGE('',*,*,#1293,.F.);
#312=ORIENTED_EDGE('',*,*,#1358,.F.);
#313=ORIENTED_EDGE('',*,*,#1360,.T.);
#314=ORIENTED_EDGE('',*,*,#1290,.F.);
#315=ORIENTED_EDGE('',*,*,#1359,.F.);
#316=ORIENTED_EDGE('',*,*,#1361,.T.);
#317=ORIENTED_EDGE('',*,*,#1305,.F.);
#318=ORIENTED_EDGE('',*,*,#1303,.F.);
#319=ORIENTED_EDGE('',*,*,#1301,.F.);
#320=ORIENTED_EDGE('',*,*,#1299,.F.);
#321=ORIENTED_EDGE('',*,*,#1297,.F.);
#322=ORIENTED_EDGE('',*,*,#1362,.T.);
#323=ORIENTED_EDGE('',*,*,#1294,.F.);
#324=ORIENTED_EDGE('',*,*,#1307,.F.);
#325=ORIENTED_EDGE('',*,*,#1363,.T.);
#326=ORIENTED_EDGE('',*,*,#1353,.F.);
#327=ORIENTED_EDGE('',*,*,#1308,.F.);
#328=ORIENTED_EDGE('',*,*,#1364,.T.);
#329=ORIENTED_EDGE('',*,*,#1311,.F.);
#330=ORIENTED_EDGE('',*,*,#1365,.T.);
#331=ORIENTED_EDGE('',*,*,#1364,.F.);
#332=ORIENTED_EDGE('',*,*,#1366,.T.);
#333=ORIENTED_EDGE('',*,*,#1367,.T.);
#334=ORIENTED_EDGE('',*,*,#1312,.F.);
#335=ORIENTED_EDGE('',*,*,#1368,.T.);
#336=ORIENTED_EDGE('',*,*,#1313,.F.);
#337=ORIENTED_EDGE('',*,*,#1367,.F.);
#338=ORIENTED_EDGE('',*,*,#1326,.F.);
#339=ORIENTED_EDGE('',*,*,#1324,.F.);
#340=ORIENTED_EDGE('',*,*,#1322,.F.);
#341=ORIENTED_EDGE('',*,*,#1320,.F.);
#342=ORIENTED_EDGE('',*,*,#1318,.F.);
#343=ORIENTED_EDGE('',*,*,#1369,.T.);
#344=ORIENTED_EDGE('',*,*,#1316,.F.);
#345=ORIENTED_EDGE('',*,*,#1328,.F.);
#346=ORIENTED_EDGE('',*,*,#1370,.T.);
#347=ORIENTED_EDGE('',*,*,#1371,.T.);
#348=ORIENTED_EDGE('',*,*,#1330,.F.);
#349=ORIENTED_EDGE('',*,*,#1372,.T.);
#350=ORIENTED_EDGE('',*,*,#1331,.F.);
#351=ORIENTED_EDGE('',*,*,#1371,.F.);
#352=ORIENTED_EDGE('',*,*,#1373,.T.);
#353=ORIENTED_EDGE('',*,*,#1329,.F.);
#354=ORIENTED_EDGE('',*,*,#1372,.F.);
#355=ORIENTED_EDGE('',*,*,#1374,.T.);
#356=ORIENTED_EDGE('',*,*,#1375,.T.);
#357=ORIENTED_EDGE('',*,*,#1332,.F.);
#358=ORIENTED_EDGE('',*,*,#1376,.T.);
#359=ORIENTED_EDGE('',*,*,#1375,.F.);
#360=ORIENTED_EDGE('',*,*,#1377,.T.);
#361=ORIENTED_EDGE('',*,*,#1378,.T.);
#362=ORIENTED_EDGE('',*,*,#1333,.F.);
#363=ORIENTED_EDGE('',*,*,#1379,.T.);
#364=ORIENTED_EDGE('',*,*,#1334,.F.);
#365=ORIENTED_EDGE('',*,*,#1378,.F.);
#366=ORIENTED_EDGE('',*,*,#1347,.F.);
#367=ORIENTED_EDGE('',*,*,#1345,.F.);
#368=ORIENTED_EDGE('',*,*,#1343,.F.);
#369=ORIENTED_EDGE('',*,*,#1341,.F.);
#370=ORIENTED_EDGE('',*,*,#1339,.F.);
#371=ORIENTED_EDGE('',*,*,#1380,.T.);
#372=ORIENTED_EDGE('',*,*,#1337,.F.);
#373=ORIENTED_EDGE('',*,*,#1349,.F.);
#374=ORIENTED_EDGE('',*,*,#1381,.T.);
#375=ORIENTED_EDGE('',*,*,#1382,.T.);
#376=ORIENTED_EDGE('',*,*,#1351,.F.);
#377=ORIENTED_EDGE('',*,*,#1383,.T.);
#378=ORIENTED_EDGE('',*,*,#1352,.F.);
#379=ORIENTED_EDGE('',*,*,#1382,.F.);
#380=ORIENTED_EDGE('',*,*,#1384,.T.);
#381=ORIENTED_EDGE('',*,*,#1350,.F.);
#382=ORIENTED_EDGE('',*,*,#1383,.F.);
#383=ORIENTED_EDGE('',*,*,#1385,.T.);
#384=ORIENTED_EDGE('',*,*,#1362,.F.);
#385=ORIENTED_EDGE('',*,*,#1361,.F.);
#386=ORIENTED_EDGE('',*,*,#1360,.F.);
#387=ORIENTED_EDGE('',*,*,#1357,.F.);
#388=ORIENTED_EDGE('',*,*,#1273,.T.);
#389=ORIENTED_EDGE('',*,*,#1356,.F.);
#390=ORIENTED_EDGE('',*,*,#1354,.F.);
#391=ORIENTED_EDGE('',*,*,#1363,.F.);
#392=ORIENTED_EDGE('',*,*,#1373,.F.);
#393=ORIENTED_EDGE('',*,*,#1370,.F.);
#394=ORIENTED_EDGE('',*,*,#1369,.F.);
#395=ORIENTED_EDGE('',*,*,#1368,.F.);
#396=ORIENTED_EDGE('',*,*,#1366,.F.);
#397=ORIENTED_EDGE('',*,*,#1365,.F.);
#398=ORIENTED_EDGE('',*,*,#1281,.T.);
#399=ORIENTED_EDGE('',*,*,#1374,.F.);
#400=ORIENTED_EDGE('',*,*,#1384,.F.);
#401=ORIENTED_EDGE('',*,*,#1381,.F.);
#402=ORIENTED_EDGE('',*,*,#1380,.F.);
#403=ORIENTED_EDGE('',*,*,#1379,.F.);
#404=ORIENTED_EDGE('',*,*,#1377,.F.);
#405=ORIENTED_EDGE('',*,*,#1376,.F.);
#406=ORIENTED_EDGE('',*,*,#1289,.T.);
#407=ORIENTED_EDGE('',*,*,#1385,.F.);
#408=ORIENTED_EDGE('',*,*,#1386,.T.);
#409=ORIENTED_EDGE('',*,*,#1387,.F.);
#410=ORIENTED_EDGE('',*,*,#1388,.T.);
#411=ORIENTED_EDGE('',*,*,#1389,.T.);
#412=ORIENTED_EDGE('',*,*,#1390,.T.);
#413=ORIENTED_EDGE('',*,*,#1391,.T.);
#414=ORIENTED_EDGE('',*,*,#1392,.T.);
#415=ORIENTED_EDGE('',*,*,#1393,.T.);
#416=ORIENTED_EDGE('',*,*,#1394,.T.);
#417=ORIENTED_EDGE('',*,*,#1395,.T.);
#418=ORIENTED_EDGE('',*,*,#1396,.T.);
#419=ORIENTED_EDGE('',*,*,#1397,.T.);
#420=ORIENTED_EDGE('',*,*,#1398,.F.);
#421=ORIENTED_EDGE('',*,*,#1399,.T.);
#422=ORIENTED_EDGE('',*,*,#1388,.F.);
#423=ORIENTED_EDGE('',*,*,#1400,.F.);
#424=ORIENTED_EDGE('',*,*,#1401,.F.);
#425=ORIENTED_EDGE('',*,*,#1402,.T.);
#426=ORIENTED_EDGE('',*,*,#1389,.F.);
#427=ORIENTED_EDGE('',*,*,#1399,.F.);
#428=ORIENTED_EDGE('',*,*,#1402,.F.);
#429=ORIENTED_EDGE('',*,*,#1403,.F.);
#430=ORIENTED_EDGE('',*,*,#1404,.T.);
#431=ORIENTED_EDGE('',*,*,#1390,.F.);
#432=ORIENTED_EDGE('',*,*,#1405,.F.);
#433=ORIENTED_EDGE('',*,*,#1406,.T.);
#434=ORIENTED_EDGE('',*,*,#1391,.F.);
#435=ORIENTED_EDGE('',*,*,#1404,.F.);
#436=ORIENTED_EDGE('',*,*,#1407,.F.);
#437=ORIENTED_EDGE('',*,*,#1408,.T.);
#438=ORIENTED_EDGE('',*,*,#1392,.F.);
#439=ORIENTED_EDGE('',*,*,#1406,.F.);
#440=ORIENTED_EDGE('',*,*,#1408,.F.);
#441=ORIENTED_EDGE('',*,*,#1409,.F.);
#442=ORIENTED_EDGE('',*,*,#1410,.T.);
#443=ORIENTED_EDGE('',*,*,#1393,.F.);
#444=ORIENTED_EDGE('',*,*,#1411,.F.);
#445=ORIENTED_EDGE('',*,*,#1412,.T.);
#446=ORIENTED_EDGE('',*,*,#1394,.F.);
#447=ORIENTED_EDGE('',*,*,#1410,.F.);
#448=ORIENTED_EDGE('',*,*,#1413,.F.);
#449=ORIENTED_EDGE('',*,*,#1414,.T.);
#450=ORIENTED_EDGE('',*,*,#1395,.F.);
#451=ORIENTED_EDGE('',*,*,#1412,.F.);
#452=ORIENTED_EDGE('',*,*,#1415,.T.);
#453=ORIENTED_EDGE('',*,*,#1396,.F.);
#454=ORIENTED_EDGE('',*,*,#1414,.F.);
#455=ORIENTED_EDGE('',*,*,#1416,.F.);
#456=ORIENTED_EDGE('',*,*,#1417,.F.);
#457=ORIENTED_EDGE('',*,*,#1418,.T.);
#458=ORIENTED_EDGE('',*,*,#1397,.F.);
#459=ORIENTED_EDGE('',*,*,#1415,.F.);
#460=ORIENTED_EDGE('',*,*,#1419,.F.);
#461=ORIENTED_EDGE('',*,*,#1420,.F.);
#462=ORIENTED_EDGE('',*,*,#1386,.F.);
#463=ORIENTED_EDGE('',*,*,#1418,.F.);
#464=ORIENTED_EDGE('',*,*,#1400,.T.);
#465=ORIENTED_EDGE('',*,*,#1387,.T.);
#466=ORIENTED_EDGE('',*,*,#1420,.T.);
#467=ORIENTED_EDGE('',*,*,#1421,.F.);
#468=ORIENTED_EDGE('',*,*,#1409,.T.);
#469=ORIENTED_EDGE('',*,*,#1422,.F.);
#470=ORIENTED_EDGE('',*,*,#1423,.F.);
#471=ORIENTED_EDGE('',*,*,#1424,.T.);
#472=ORIENTED_EDGE('',*,*,#1407,.T.);
#473=ORIENTED_EDGE('',*,*,#1425,.F.);
#474=ORIENTED_EDGE('',*,*,#1426,.F.);
#475=ORIENTED_EDGE('',*,*,#1422,.T.);
#476=ORIENTED_EDGE('',*,*,#1405,.T.);
#477=ORIENTED_EDGE('',*,*,#1427,.F.);
#478=ORIENTED_EDGE('',*,*,#1428,.F.);
#479=ORIENTED_EDGE('',*,*,#1425,.T.);
#480=ORIENTED_EDGE('',*,*,#1403,.T.);
#481=ORIENTED_EDGE('',*,*,#1429,.F.);
#482=ORIENTED_EDGE('',*,*,#1430,.F.);
#483=ORIENTED_EDGE('',*,*,#1427,.T.);
#484=ORIENTED_EDGE('',*,*,#1401,.T.);
#485=ORIENTED_EDGE('',*,*,#1431,.F.);
#486=ORIENTED_EDGE('',*,*,#1432,.F.);
#487=ORIENTED_EDGE('',*,*,#1429,.T.);
#488=ORIENTED_EDGE('',*,*,#1398,.T.);
#489=ORIENTED_EDGE('',*,*,#1433,.F.);
#490=ORIENTED_EDGE('',*,*,#1434,.F.);
#491=ORIENTED_EDGE('',*,*,#1431,.T.);
#492=ORIENTED_EDGE('',*,*,#1421,.T.);
#493=ORIENTED_EDGE('',*,*,#1435,.F.);
#494=ORIENTED_EDGE('',*,*,#1436,.F.);
#495=ORIENTED_EDGE('',*,*,#1433,.T.);
#496=ORIENTED_EDGE('',*,*,#1419,.T.);
#497=ORIENTED_EDGE('',*,*,#1437,.F.);
#498=ORIENTED_EDGE('',*,*,#1438,.F.);
#499=ORIENTED_EDGE('',*,*,#1435,.T.);
#500=ORIENTED_EDGE('',*,*,#1417,.T.);
#501=ORIENTED_EDGE('',*,*,#1439,.F.);
#502=ORIENTED_EDGE('',*,*,#1440,.F.);
#503=ORIENTED_EDGE('',*,*,#1437,.T.);
#504=ORIENTED_EDGE('',*,*,#1416,.T.);
#505=ORIENTED_EDGE('',*,*,#1441,.F.);
#506=ORIENTED_EDGE('',*,*,#1442,.F.);
#507=ORIENTED_EDGE('',*,*,#1439,.T.);
#508=ORIENTED_EDGE('',*,*,#1413,.T.);
#509=ORIENTED_EDGE('',*,*,#1443,.F.);
#510=ORIENTED_EDGE('',*,*,#1444,.F.);
#511=ORIENTED_EDGE('',*,*,#1441,.T.);
#512=ORIENTED_EDGE('',*,*,#1411,.T.);
#513=ORIENTED_EDGE('',*,*,#1424,.F.);
#514=ORIENTED_EDGE('',*,*,#1445,.F.);
#515=ORIENTED_EDGE('',*,*,#1443,.T.);
#516=ORIENTED_EDGE('',*,*,#1423,.T.);
#517=ORIENTED_EDGE('',*,*,#1426,.T.);
#518=ORIENTED_EDGE('',*,*,#1428,.T.);
#519=ORIENTED_EDGE('',*,*,#1430,.T.);
#520=ORIENTED_EDGE('',*,*,#1432,.T.);
#521=ORIENTED_EDGE('',*,*,#1434,.T.);
#522=ORIENTED_EDGE('',*,*,#1436,.T.);
#523=ORIENTED_EDGE('',*,*,#1438,.T.);
#524=ORIENTED_EDGE('',*,*,#1440,.T.);
#525=ORIENTED_EDGE('',*,*,#1442,.T.);
#526=ORIENTED_EDGE('',*,*,#1444,.T.);
#527=ORIENTED_EDGE('',*,*,#1445,.T.);
#528=ORIENTED_EDGE('',*,*,#1446,.F.);
#529=ORIENTED_EDGE('',*,*,#1447,.T.);
#530=ORIENTED_EDGE('',*,*,#1448,.T.);
#531=ORIENTED_EDGE('',*,*,#1449,.T.);
#532=ORIENTED_EDGE('',*,*,#1450,.T.);
#533=ORIENTED_EDGE('',*,*,#1451,.T.);
#534=ORIENTED_EDGE('',*,*,#1452,.T.);
#535=ORIENTED_EDGE('',*,*,#1453,.F.);
#536=ORIENTED_EDGE('',*,*,#1446,.T.);
#537=ORIENTED_EDGE('',*,*,#1454,.F.);
#538=ORIENTED_EDGE('',*,*,#1455,.T.);
#539=ORIENTED_EDGE('',*,*,#1456,.T.);
#540=ORIENTED_EDGE('',*,*,#1457,.T.);
#541=ORIENTED_EDGE('',*,*,#1447,.F.);
#542=ORIENTED_EDGE('',*,*,#1456,.F.);
#543=ORIENTED_EDGE('',*,*,#1458,.T.);
#544=ORIENTED_EDGE('',*,*,#1459,.T.);
#545=ORIENTED_EDGE('',*,*,#1460,.T.);
#546=ORIENTED_EDGE('',*,*,#1448,.F.);
#547=ORIENTED_EDGE('',*,*,#1457,.F.);
#548=ORIENTED_EDGE('',*,*,#1460,.F.);
#549=ORIENTED_EDGE('',*,*,#1461,.T.);
#550=ORIENTED_EDGE('',*,*,#1462,.T.);
#551=ORIENTED_EDGE('',*,*,#1449,.F.);
#552=ORIENTED_EDGE('',*,*,#1463,.T.);
#553=ORIENTED_EDGE('',*,*,#1464,.T.);
#554=ORIENTED_EDGE('',*,*,#1450,.F.);
#555=ORIENTED_EDGE('',*,*,#1462,.F.);
#556=ORIENTED_EDGE('',*,*,#1464,.F.);
#557=ORIENTED_EDGE('',*,*,#1465,.T.);
#558=ORIENTED_EDGE('',*,*,#1466,.T.);
#559=ORIENTED_EDGE('',*,*,#1451,.F.);
#560=ORIENTED_EDGE('',*,*,#1452,.F.);
#561=ORIENTED_EDGE('',*,*,#1466,.F.);
#562=ORIENTED_EDGE('',*,*,#1467,.T.);
#563=ORIENTED_EDGE('',*,*,#1468,.F.);
#564=ORIENTED_EDGE('',*,*,#1468,.T.);
#565=ORIENTED_EDGE('',*,*,#1469,.T.);
#566=ORIENTED_EDGE('',*,*,#1454,.T.);
#567=ORIENTED_EDGE('',*,*,#1453,.T.);
#568=ORIENTED_EDGE('',*,*,#1467,.F.);
#569=ORIENTED_EDGE('',*,*,#1465,.F.);
#570=ORIENTED_EDGE('',*,*,#1463,.F.);
#571=ORIENTED_EDGE('',*,*,#1461,.F.);
#572=ORIENTED_EDGE('',*,*,#1459,.F.);
#573=ORIENTED_EDGE('',*,*,#1458,.F.);
#574=ORIENTED_EDGE('',*,*,#1455,.F.);
#575=ORIENTED_EDGE('',*,*,#1469,.F.);
#576=ORIENTED_EDGE('',*,*,#1470,.F.);
#577=ORIENTED_EDGE('',*,*,#1471,.T.);
#578=ORIENTED_EDGE('',*,*,#1472,.F.);
#579=ORIENTED_EDGE('',*,*,#1473,.F.);
#580=ORIENTED_EDGE('',*,*,#1474,.T.);
#581=ORIENTED_EDGE('',*,*,#1475,.T.);
#582=ORIENTED_EDGE('',*,*,#1476,.F.);
#583=ORIENTED_EDGE('',*,*,#1477,.F.);
#584=ORIENTED_EDGE('',*,*,#1478,.F.);
#585=ORIENTED_EDGE('',*,*,#1476,.T.);
#586=ORIENTED_EDGE('',*,*,#1479,.T.);
#587=ORIENTED_EDGE('',*,*,#1480,.F.);
#588=ORIENTED_EDGE('',*,*,#1472,.T.);
#589=ORIENTED_EDGE('',*,*,#1481,.T.);
#590=ORIENTED_EDGE('',*,*,#1474,.F.);
#591=ORIENTED_EDGE('',*,*,#1482,.F.);
#592=ORIENTED_EDGE('',*,*,#1483,.T.);
#593=ORIENTED_EDGE('',*,*,#1480,.T.);
#594=ORIENTED_EDGE('',*,*,#1484,.F.);
#595=ORIENTED_EDGE('',*,*,#1485,.T.);
#596=ORIENTED_EDGE('',*,*,#1486,.T.);
#597=ORIENTED_EDGE('',*,*,#1487,.T.);
#598=ORIENTED_EDGE('',*,*,#1485,.F.);
#599=ORIENTED_EDGE('',*,*,#1488,.F.);
#600=ORIENTED_EDGE('',*,*,#1489,.T.);
#601=ORIENTED_EDGE('',*,*,#1473,.T.);
#602=ORIENTED_EDGE('',*,*,#1482,.T.);
#603=ORIENTED_EDGE('',*,*,#1477,.T.);
#604=ORIENTED_EDGE('',*,*,#1478,.T.);
#605=ORIENTED_EDGE('',*,*,#1483,.F.);
#606=ORIENTED_EDGE('',*,*,#1487,.F.);
#607=ORIENTED_EDGE('',*,*,#1471,.F.);
#608=ORIENTED_EDGE('',*,*,#1490,.T.);
#609=ORIENTED_EDGE('',*,*,#1488,.T.);
#610=ORIENTED_EDGE('',*,*,#1484,.T.);
#611=ORIENTED_EDGE('',*,*,#1479,.F.);
#612=ORIENTED_EDGE('',*,*,#1475,.F.);
#613=ORIENTED_EDGE('',*,*,#1481,.F.);
#614=ORIENTED_EDGE('',*,*,#1490,.F.);
#615=ORIENTED_EDGE('',*,*,#1470,.T.);
#616=ORIENTED_EDGE('',*,*,#1489,.F.);
#617=ORIENTED_EDGE('',*,*,#1486,.F.);
#618=ORIENTED_EDGE('',*,*,#1491,.T.);
#619=ORIENTED_EDGE('',*,*,#1492,.T.);
#620=ORIENTED_EDGE('',*,*,#1493,.F.);
#621=ORIENTED_EDGE('',*,*,#1494,.F.);
#622=ORIENTED_EDGE('',*,*,#1495,.T.);
#623=ORIENTED_EDGE('',*,*,#1496,.T.);
#624=ORIENTED_EDGE('',*,*,#1497,.F.);
#625=ORIENTED_EDGE('',*,*,#1498,.T.);
#626=ORIENTED_EDGE('',*,*,#1499,.T.);
#627=ORIENTED_EDGE('',*,*,#1500,.F.);
#628=ORIENTED_EDGE('',*,*,#1501,.T.);
#629=ORIENTED_EDGE('',*,*,#1502,.F.);
#630=ORIENTED_EDGE('',*,*,#1503,.F.);
#631=ORIENTED_EDGE('',*,*,#1504,.F.);
#632=ORIENTED_EDGE('',*,*,#1505,.F.);
#633=ORIENTED_EDGE('',*,*,#1506,.T.);
#634=ORIENTED_EDGE('',*,*,#1507,.F.);
#635=ORIENTED_EDGE('',*,*,#1508,.T.);
#636=ORIENTED_EDGE('',*,*,#1509,.T.);
#637=ORIENTED_EDGE('',*,*,#1510,.F.);
#638=ORIENTED_EDGE('',*,*,#1511,.F.);
#639=ORIENTED_EDGE('',*,*,#1512,.F.);
#640=ORIENTED_EDGE('',*,*,#1513,.F.);
#641=ORIENTED_EDGE('',*,*,#1514,.T.);
#642=ORIENTED_EDGE('',*,*,#1515,.F.);
#643=ORIENTED_EDGE('',*,*,#1516,.T.);
#644=ORIENTED_EDGE('',*,*,#1517,.T.);
#645=ORIENTED_EDGE('',*,*,#1518,.F.);
#646=ORIENTED_EDGE('',*,*,#1519,.F.);
#647=ORIENTED_EDGE('',*,*,#1520,.F.);
#648=ORIENTED_EDGE('',*,*,#1521,.F.);
#649=ORIENTED_EDGE('',*,*,#1522,.T.);
#650=ORIENTED_EDGE('',*,*,#1523,.F.);
#651=ORIENTED_EDGE('',*,*,#1524,.T.);
#652=ORIENTED_EDGE('',*,*,#1525,.T.);
#653=ORIENTED_EDGE('',*,*,#1526,.F.);
#654=ORIENTED_EDGE('',*,*,#1527,.F.);
#655=ORIENTED_EDGE('',*,*,#1528,.F.);
#656=ORIENTED_EDGE('',*,*,#1529,.F.);
#657=ORIENTED_EDGE('',*,*,#1530,.T.);
#658=ORIENTED_EDGE('',*,*,#1531,.F.);
#659=ORIENTED_EDGE('',*,*,#1532,.T.);
#660=ORIENTED_EDGE('',*,*,#1533,.T.);
#661=ORIENTED_EDGE('',*,*,#1534,.F.);
#662=ORIENTED_EDGE('',*,*,#1535,.F.);
#663=ORIENTED_EDGE('',*,*,#1536,.F.);
#664=ORIENTED_EDGE('',*,*,#1537,.F.);
#665=ORIENTED_EDGE('',*,*,#1538,.F.);
#666=ORIENTED_EDGE('',*,*,#1539,.T.);
#667=ORIENTED_EDGE('',*,*,#1540,.T.);
#668=ORIENTED_EDGE('',*,*,#1541,.T.);
#669=ORIENTED_EDGE('',*,*,#1542,.F.);
#670=ORIENTED_EDGE('',*,*,#1543,.T.);
#671=ORIENTED_EDGE('',*,*,#1544,.T.);
#672=ORIENTED_EDGE('',*,*,#1545,.T.);
#673=ORIENTED_EDGE('',*,*,#1546,.T.);
#674=ORIENTED_EDGE('',*,*,#1547,.T.);
#675=ORIENTED_EDGE('',*,*,#1548,.T.);
#676=ORIENTED_EDGE('',*,*,#1549,.T.);
#677=ORIENTED_EDGE('',*,*,#1550,.F.);
#678=ORIENTED_EDGE('',*,*,#1551,.T.);
#679=ORIENTED_EDGE('',*,*,#1552,.T.);
#680=ORIENTED_EDGE('',*,*,#1553,.T.);
#681=ORIENTED_EDGE('',*,*,#1554,.F.);
#682=ORIENTED_EDGE('',*,*,#1555,.F.);
#683=ORIENTED_EDGE('',*,*,#1556,.T.);
#684=ORIENTED_EDGE('',*,*,#1557,.F.);
#685=ORIENTED_EDGE('',*,*,#1558,.T.);
#686=ORIENTED_EDGE('',*,*,#1559,.F.);
#687=ORIENTED_EDGE('',*,*,#1560,.F.);
#688=ORIENTED_EDGE('',*,*,#1561,.F.);
#689=ORIENTED_EDGE('',*,*,#1562,.F.);
#690=ORIENTED_EDGE('',*,*,#1563,.F.);
#691=ORIENTED_EDGE('',*,*,#1564,.F.);
#692=ORIENTED_EDGE('',*,*,#1565,.F.);
#693=ORIENTED_EDGE('',*,*,#1566,.F.);
#694=ORIENTED_EDGE('',*,*,#1524,.F.);
#695=ORIENTED_EDGE('',*,*,#1567,.T.);
#696=ORIENTED_EDGE('',*,*,#1568,.T.);
#697=ORIENTED_EDGE('',*,*,#1554,.T.);
#698=ORIENTED_EDGE('',*,*,#1569,.T.);
#699=ORIENTED_EDGE('',*,*,#1570,.T.);
#700=ORIENTED_EDGE('',*,*,#1522,.F.);
#701=ORIENTED_EDGE('',*,*,#1571,.F.);
#702=ORIENTED_EDGE('',*,*,#1572,.F.);
#703=ORIENTED_EDGE('',*,*,#1573,.T.);
#704=ORIENTED_EDGE('',*,*,#1574,.F.);
#705=ORIENTED_EDGE('',*,*,#1575,.F.);
#706=ORIENTED_EDGE('',*,*,#1576,.F.);
#707=ORIENTED_EDGE('',*,*,#1577,.T.);
#708=ORIENTED_EDGE('',*,*,#1578,.F.);
#709=ORIENTED_EDGE('',*,*,#1579,.F.);
#710=ORIENTED_EDGE('',*,*,#1532,.F.);
#711=ORIENTED_EDGE('',*,*,#1580,.T.);
#712=ORIENTED_EDGE('',*,*,#1581,.T.);
#713=ORIENTED_EDGE('',*,*,#1546,.F.);
#714=ORIENTED_EDGE('',*,*,#1582,.T.);
#715=ORIENTED_EDGE('',*,*,#1583,.T.);
#716=ORIENTED_EDGE('',*,*,#1530,.F.);
#717=ORIENTED_EDGE('',*,*,#1584,.F.);
#718=ORIENTED_EDGE('',*,*,#1585,.F.);
#719=ORIENTED_EDGE('',*,*,#1586,.T.);
#720=ORIENTED_EDGE('',*,*,#1587,.F.);
#721=ORIENTED_EDGE('',*,*,#1588,.F.);
#722=ORIENTED_EDGE('',*,*,#1589,.F.);
#723=ORIENTED_EDGE('',*,*,#1590,.T.);
#724=ORIENTED_EDGE('',*,*,#1591,.F.);
#725=ORIENTED_EDGE('',*,*,#1592,.F.);
#726=ORIENTED_EDGE('',*,*,#1593,.T.);
#727=ORIENTED_EDGE('',*,*,#1594,.T.);
#728=ORIENTED_EDGE('',*,*,#1595,.T.);
#729=ORIENTED_EDGE('',*,*,#1596,.T.);
#730=ORIENTED_EDGE('',*,*,#1597,.T.);
#731=ORIENTED_EDGE('',*,*,#1598,.T.);
#732=ORIENTED_EDGE('',*,*,#1599,.T.);
#733=ORIENTED_EDGE('',*,*,#1600,.T.);
#734=ORIENTED_EDGE('',*,*,#1601,.F.);
#735=ORIENTED_EDGE('',*,*,#1602,.T.);
#736=ORIENTED_EDGE('',*,*,#1603,.T.);
#737=ORIENTED_EDGE('',*,*,#1526,.T.);
#738=ORIENTED_EDGE('',*,*,#1604,.T.);
#739=ORIENTED_EDGE('',*,*,#1605,.T.);
#740=ORIENTED_EDGE('',*,*,#1606,.T.);
#741=ORIENTED_EDGE('',*,*,#1607,.T.);
#742=ORIENTED_EDGE('',*,*,#1608,.T.);
#743=ORIENTED_EDGE('',*,*,#1609,.F.);
#744=ORIENTED_EDGE('',*,*,#1610,.T.);
#745=ORIENTED_EDGE('',*,*,#1611,.T.);
#746=ORIENTED_EDGE('',*,*,#1612,.T.);
#747=ORIENTED_EDGE('',*,*,#1520,.T.);
#748=ORIENTED_EDGE('',*,*,#1613,.T.);
#749=ORIENTED_EDGE('',*,*,#1614,.T.);
#750=ORIENTED_EDGE('',*,*,#1615,.F.);
#751=ORIENTED_EDGE('',*,*,#1616,.T.);
#752=ORIENTED_EDGE('',*,*,#1534,.T.);
#753=ORIENTED_EDGE('',*,*,#1617,.T.);
#754=ORIENTED_EDGE('',*,*,#1618,.T.);
#755=ORIENTED_EDGE('',*,*,#1619,.T.);
#756=ORIENTED_EDGE('',*,*,#1620,.T.);
#757=ORIENTED_EDGE('',*,*,#1621,.T.);
#758=ORIENTED_EDGE('',*,*,#1622,.T.);
#759=ORIENTED_EDGE('',*,*,#1623,.T.);
#760=ORIENTED_EDGE('',*,*,#1624,.T.);
#761=ORIENTED_EDGE('',*,*,#1625,.T.);
#762=ORIENTED_EDGE('',*,*,#1528,.T.);
#763=ORIENTED_EDGE('',*,*,#1626,.T.);
#764=ORIENTED_EDGE('',*,*,#1627,.F.);
#765=ORIENTED_EDGE('',*,*,#1628,.F.);
#766=ORIENTED_EDGE('',*,*,#1629,.F.);
#767=ORIENTED_EDGE('',*,*,#1630,.T.);
#768=ORIENTED_EDGE('',*,*,#1631,.F.);
#769=ORIENTED_EDGE('',*,*,#1632,.T.);
#770=ORIENTED_EDGE('',*,*,#1633,.F.);
#771=ORIENTED_EDGE('',*,*,#1601,.T.);
#772=ORIENTED_EDGE('',*,*,#1634,.F.);
#773=ORIENTED_EDGE('',*,*,#1635,.T.);
#774=ORIENTED_EDGE('',*,*,#1630,.F.);
#775=ORIENTED_EDGE('',*,*,#1636,.T.);
#776=ORIENTED_EDGE('',*,*,#1637,.T.);
#777=ORIENTED_EDGE('',*,*,#1638,.F.);
#778=ORIENTED_EDGE('',*,*,#1510,.T.);
#779=ORIENTED_EDGE('',*,*,#1639,.F.);
#780=ORIENTED_EDGE('',*,*,#1640,.T.);
#781=ORIENTED_EDGE('',*,*,#1641,.T.);
#782=ORIENTED_EDGE('',*,*,#1642,.T.);
#783=ORIENTED_EDGE('',*,*,#1501,.F.);
#784=ORIENTED_EDGE('',*,*,#1643,.T.);
#785=ORIENTED_EDGE('',*,*,#1644,.T.);
#786=ORIENTED_EDGE('',*,*,#1645,.T.);
#787=ORIENTED_EDGE('',*,*,#1646,.T.);
#788=ORIENTED_EDGE('',*,*,#1504,.T.);
#789=ORIENTED_EDGE('',*,*,#1647,.F.);
#790=ORIENTED_EDGE('',*,*,#1648,.T.);
#791=ORIENTED_EDGE('',*,*,#1649,.T.);
#792=ORIENTED_EDGE('',*,*,#1650,.F.);
#793=ORIENTED_EDGE('',*,*,#1651,.T.);
#794=ORIENTED_EDGE('',*,*,#1652,.T.);
#795=ORIENTED_EDGE('',*,*,#1558,.F.);
#796=ORIENTED_EDGE('',*,*,#1653,.T.);
#797=ORIENTED_EDGE('',*,*,#1654,.T.);
#798=ORIENTED_EDGE('',*,*,#1655,.F.);
#799=ORIENTED_EDGE('',*,*,#1518,.T.);
#800=ORIENTED_EDGE('',*,*,#1656,.F.);
#801=ORIENTED_EDGE('',*,*,#1497,.T.);
#802=ORIENTED_EDGE('',*,*,#1657,.T.);
#803=ORIENTED_EDGE('',*,*,#1658,.T.);
#804=ORIENTED_EDGE('',*,*,#1659,.F.);
#805=ORIENTED_EDGE('',*,*,#1660,.T.);
#806=ORIENTED_EDGE('',*,*,#1661,.T.);
#807=ORIENTED_EDGE('',*,*,#1493,.T.);
#808=ORIENTED_EDGE('',*,*,#1662,.T.);
#809=ORIENTED_EDGE('',*,*,#1512,.T.);
#810=ORIENTED_EDGE('',*,*,#1663,.T.);
#811=ORIENTED_EDGE('',*,*,#1664,.T.);
#812=ORIENTED_EDGE('',*,*,#1665,.T.);
#813=ORIENTED_EDGE('',*,*,#1666,.T.);
#814=ORIENTED_EDGE('',*,*,#1556,.F.);
#815=ORIENTED_EDGE('',*,*,#1667,.F.);
#816=ORIENTED_EDGE('',*,*,#1668,.T.);
#817=ORIENTED_EDGE('',*,*,#1669,.F.);
#818=ORIENTED_EDGE('',*,*,#1635,.F.);
#819=ORIENTED_EDGE('',*,*,#1670,.F.);
#820=ORIENTED_EDGE('',*,*,#1671,.T.);
#821=ORIENTED_EDGE('',*,*,#1672,.F.);
#822=ORIENTED_EDGE('',*,*,#1632,.F.);
#823=ORIENTED_EDGE('',*,*,#1673,.F.);
#824=ORIENTED_EDGE('',*,*,#1674,.T.);
#825=ORIENTED_EDGE('',*,*,#1675,.F.);
#826=ORIENTED_EDGE('',*,*,#1676,.F.);
#827=ORIENTED_EDGE('',*,*,#1677,.F.);
#828=ORIENTED_EDGE('',*,*,#1678,.T.);
#829=ORIENTED_EDGE('',*,*,#1679,.F.);
#830=ORIENTED_EDGE('',*,*,#1680,.T.);
#831=ORIENTED_EDGE('',*,*,#1681,.T.);
#832=ORIENTED_EDGE('',*,*,#1682,.T.);
#833=ORIENTED_EDGE('',*,*,#1640,.F.);
#834=ORIENTED_EDGE('',*,*,#1682,.F.);
#835=ORIENTED_EDGE('',*,*,#1683,.T.);
#836=ORIENTED_EDGE('',*,*,#1684,.T.);
#837=ORIENTED_EDGE('',*,*,#1641,.F.);
#838=ORIENTED_EDGE('',*,*,#1684,.F.);
#839=ORIENTED_EDGE('',*,*,#1685,.T.);
#840=ORIENTED_EDGE('',*,*,#1502,.T.);
#841=ORIENTED_EDGE('',*,*,#1642,.F.);
#842=ORIENTED_EDGE('',*,*,#1500,.T.);
#843=ORIENTED_EDGE('',*,*,#1686,.T.);
#844=ORIENTED_EDGE('',*,*,#1687,.T.);
#845=ORIENTED_EDGE('',*,*,#1643,.F.);
#846=ORIENTED_EDGE('',*,*,#1687,.F.);
#847=ORIENTED_EDGE('',*,*,#1688,.T.);
#848=ORIENTED_EDGE('',*,*,#1689,.T.);
#849=ORIENTED_EDGE('',*,*,#1644,.F.);
#850=ORIENTED_EDGE('',*,*,#1689,.F.);
#851=ORIENTED_EDGE('',*,*,#1690,.T.);
#852=ORIENTED_EDGE('',*,*,#1691,.T.);
#853=ORIENTED_EDGE('',*,*,#1645,.F.);
#854=ORIENTED_EDGE('',*,*,#1691,.F.);
#855=ORIENTED_EDGE('',*,*,#1692,.T.);
#856=ORIENTED_EDGE('',*,*,#1505,.T.);
#857=ORIENTED_EDGE('',*,*,#1646,.F.);
#858=ORIENTED_EDGE('',*,*,#1509,.F.);
#859=ORIENTED_EDGE('',*,*,#1693,.T.);
#860=ORIENTED_EDGE('',*,*,#1680,.F.);
#861=ORIENTED_EDGE('',*,*,#1639,.T.);
#862=ORIENTED_EDGE('',*,*,#1496,.F.);
#863=ORIENTED_EDGE('',*,*,#1694,.T.);
#864=ORIENTED_EDGE('',*,*,#1695,.T.);
#865=ORIENTED_EDGE('',*,*,#1657,.F.);
#866=ORIENTED_EDGE('',*,*,#1695,.F.);
#867=ORIENTED_EDGE('',*,*,#1696,.T.);
#868=ORIENTED_EDGE('',*,*,#1697,.T.);
#869=ORIENTED_EDGE('',*,*,#1658,.F.);
#870=ORIENTED_EDGE('',*,*,#1698,.T.);
#871=ORIENTED_EDGE('',*,*,#1699,.F.);
#872=ORIENTED_EDGE('',*,*,#1659,.T.);
#873=ORIENTED_EDGE('',*,*,#1697,.F.);
#874=ORIENTED_EDGE('',*,*,#1699,.T.);
#875=ORIENTED_EDGE('',*,*,#1700,.T.);
#876=ORIENTED_EDGE('',*,*,#1701,.T.);
#877=ORIENTED_EDGE('',*,*,#1660,.F.);
#878=ORIENTED_EDGE('',*,*,#1701,.F.);
#879=ORIENTED_EDGE('',*,*,#1702,.T.);
#880=ORIENTED_EDGE('',*,*,#1494,.T.);
#881=ORIENTED_EDGE('',*,*,#1661,.F.);
#882=ORIENTED_EDGE('',*,*,#1492,.F.);
#883=ORIENTED_EDGE('',*,*,#1703,.T.);
#884=ORIENTED_EDGE('',*,*,#1513,.T.);
#885=ORIENTED_EDGE('',*,*,#1662,.F.);
#886=ORIENTED_EDGE('',*,*,#1517,.F.);
#887=ORIENTED_EDGE('',*,*,#1704,.T.);
#888=ORIENTED_EDGE('',*,*,#1498,.F.);
#889=ORIENTED_EDGE('',*,*,#1656,.T.);
#890=ORIENTED_EDGE('',*,*,#1705,.T.);
#891=ORIENTED_EDGE('',*,*,#1565,.T.);
#892=ORIENTED_EDGE('',*,*,#1706,.T.);
#893=ORIENTED_EDGE('',*,*,#1599,.F.);
#894=ORIENTED_EDGE('',*,*,#1706,.F.);
#895=ORIENTED_EDGE('',*,*,#1564,.T.);
#896=ORIENTED_EDGE('',*,*,#1707,.T.);
#897=ORIENTED_EDGE('',*,*,#1600,.F.);
#898=ORIENTED_EDGE('',*,*,#1707,.F.);
#899=ORIENTED_EDGE('',*,*,#1563,.T.);
#900=ORIENTED_EDGE('',*,*,#1708,.T.);
#901=ORIENTED_EDGE('',*,*,#1597,.F.);
#902=ORIENTED_EDGE('',*,*,#1708,.F.);
#903=ORIENTED_EDGE('',*,*,#1566,.T.);
#904=ORIENTED_EDGE('',*,*,#1705,.F.);
#905=ORIENTED_EDGE('',*,*,#1598,.F.);
#906=ORIENTED_EDGE('',*,*,#1709,.T.);
#907=ORIENTED_EDGE('',*,*,#1561,.T.);
#908=ORIENTED_EDGE('',*,*,#1710,.T.);
#909=ORIENTED_EDGE('',*,*,#1595,.F.);
#910=ORIENTED_EDGE('',*,*,#1710,.F.);
#911=ORIENTED_EDGE('',*,*,#1560,.T.);
#912=ORIENTED_EDGE('',*,*,#1711,.T.);
#913=ORIENTED_EDGE('',*,*,#1596,.F.);
#914=ORIENTED_EDGE('',*,*,#1711,.F.);
#915=ORIENTED_EDGE('',*,*,#1559,.T.);
#916=ORIENTED_EDGE('',*,*,#1712,.T.);
#917=ORIENTED_EDGE('',*,*,#1593,.F.);
#918=ORIENTED_EDGE('',*,*,#1712,.F.);
#919=ORIENTED_EDGE('',*,*,#1562,.T.);
#920=ORIENTED_EDGE('',*,*,#1709,.F.);
#921=ORIENTED_EDGE('',*,*,#1594,.F.);
#922=ORIENTED_EDGE('',*,*,#1611,.F.);
#923=ORIENTED_EDGE('',*,*,#1713,.T.);
#924=ORIENTED_EDGE('',*,*,#1714,.F.);
#925=ORIENTED_EDGE('',*,*,#1715,.T.);
#926=ORIENTED_EDGE('',*,*,#1716,.T.);
#927=ORIENTED_EDGE('',*,*,#1717,.T.);
#928=ORIENTED_EDGE('',*,*,#1572,.T.);
#929=ORIENTED_EDGE('',*,*,#1718,.T.);
#930=ORIENTED_EDGE('',*,*,#1571,.T.);
#931=ORIENTED_EDGE('',*,*,#1521,.T.);
#932=ORIENTED_EDGE('',*,*,#1612,.F.);
#933=ORIENTED_EDGE('',*,*,#1718,.F.);
#934=ORIENTED_EDGE('',*,*,#1579,.T.);
#935=ORIENTED_EDGE('',*,*,#1719,.T.);
#936=ORIENTED_EDGE('',*,*,#1604,.F.);
#937=ORIENTED_EDGE('',*,*,#1525,.F.);
#938=ORIENTED_EDGE('',*,*,#1720,.F.);
#939=ORIENTED_EDGE('',*,*,#1721,.T.);
#940=ORIENTED_EDGE('',*,*,#1722,.F.);
#941=ORIENTED_EDGE('',*,*,#1723,.T.);
#942=ORIENTED_EDGE('',*,*,#1605,.F.);
#943=ORIENTED_EDGE('',*,*,#1719,.F.);
#944=ORIENTED_EDGE('',*,*,#1578,.T.);
#945=ORIENTED_EDGE('',*,*,#1724,.T.);
#946=ORIENTED_EDGE('',*,*,#1725,.F.);
#947=ORIENTED_EDGE('',*,*,#1726,.T.);
#948=ORIENTED_EDGE('',*,*,#1727,.T.);
#949=ORIENTED_EDGE('',*,*,#1728,.T.);
#950=ORIENTED_EDGE('',*,*,#1576,.T.);
#951=ORIENTED_EDGE('',*,*,#1729,.T.);
#952=ORIENTED_EDGE('',*,*,#1607,.F.);
#953=ORIENTED_EDGE('',*,*,#1730,.T.);
#954=ORIENTED_EDGE('',*,*,#1575,.T.);
#955=ORIENTED_EDGE('',*,*,#1731,.T.);
#956=ORIENTED_EDGE('',*,*,#1608,.F.);
#957=ORIENTED_EDGE('',*,*,#1729,.F.);
#958=ORIENTED_EDGE('',*,*,#1732,.F.);
#959=ORIENTED_EDGE('',*,*,#1733,.T.);
#960=ORIENTED_EDGE('',*,*,#1609,.T.);
#961=ORIENTED_EDGE('',*,*,#1731,.F.);
#962=ORIENTED_EDGE('',*,*,#1574,.T.);
#963=ORIENTED_EDGE('',*,*,#1734,.T.);
#964=ORIENTED_EDGE('',*,*,#1735,.F.);
#965=ORIENTED_EDGE('',*,*,#1736,.T.);
#966=ORIENTED_EDGE('',*,*,#1737,.F.);
#967=ORIENTED_EDGE('',*,*,#1628,.T.);
#968=ORIENTED_EDGE('',*,*,#1738,.F.);
#969=ORIENTED_EDGE('',*,*,#1676,.T.);
#970=ORIENTED_EDGE('',*,*,#1739,.T.);
#971=ORIENTED_EDGE('',*,*,#1665,.F.);
#972=ORIENTED_EDGE('',*,*,#1740,.T.);
#973=ORIENTED_EDGE('',*,*,#1537,.T.);
#974=ORIENTED_EDGE('',*,*,#1741,.T.);
#975=ORIENTED_EDGE('',*,*,#1666,.F.);
#976=ORIENTED_EDGE('',*,*,#1739,.F.);
#977=ORIENTED_EDGE('',*,*,#1536,.T.);
#978=ORIENTED_EDGE('',*,*,#1742,.T.);
#979=ORIENTED_EDGE('',*,*,#1663,.F.);
#980=ORIENTED_EDGE('',*,*,#1741,.F.);
#981=ORIENTED_EDGE('',*,*,#1535,.T.);
#982=ORIENTED_EDGE('',*,*,#1740,.F.);
#983=ORIENTED_EDGE('',*,*,#1664,.F.);
#984=ORIENTED_EDGE('',*,*,#1742,.F.);
#985=ORIENTED_EDGE('',*,*,#1538,.T.);
#986=ORIENTED_EDGE('',*,*,#1743,.F.);
#987=ORIENTED_EDGE('',*,*,#1744,.T.);
#988=ORIENTED_EDGE('',*,*,#1745,.T.);
#989=ORIENTED_EDGE('',*,*,#1550,.T.);
#990=ORIENTED_EDGE('',*,*,#1746,.T.);
#991=ORIENTED_EDGE('',*,*,#1747,.T.);
#992=ORIENTED_EDGE('',*,*,#1748,.F.);
#993=ORIENTED_EDGE('',*,*,#1506,.F.);
#994=ORIENTED_EDGE('',*,*,#1692,.F.);
#995=ORIENTED_EDGE('',*,*,#1690,.F.);
#996=ORIENTED_EDGE('',*,*,#1688,.F.);
#997=ORIENTED_EDGE('',*,*,#1686,.F.);
#998=ORIENTED_EDGE('',*,*,#1499,.F.);
#999=ORIENTED_EDGE('',*,*,#1685,.F.);
#1000=ORIENTED_EDGE('',*,*,#1683,.F.);
#1001=ORIENTED_EDGE('',*,*,#1681,.F.);
#1002=ORIENTED_EDGE('',*,*,#1693,.F.);
#1003=ORIENTED_EDGE('',*,*,#1508,.F.);
#1004=ORIENTED_EDGE('',*,*,#1542,.T.);
#1005=ORIENTED_EDGE('',*,*,#1749,.T.);
#1006=ORIENTED_EDGE('',*,*,#1750,.T.);
#1007=ORIENTED_EDGE('',*,*,#1751,.F.);
#1008=ORIENTED_EDGE('',*,*,#1514,.F.);
#1009=ORIENTED_EDGE('',*,*,#1703,.F.);
#1010=ORIENTED_EDGE('',*,*,#1491,.F.);
#1011=ORIENTED_EDGE('',*,*,#1702,.F.);
#1012=ORIENTED_EDGE('',*,*,#1700,.F.);
#1013=ORIENTED_EDGE('',*,*,#1698,.F.);
#1014=ORIENTED_EDGE('',*,*,#1696,.F.);
#1015=ORIENTED_EDGE('',*,*,#1694,.F.);
#1016=ORIENTED_EDGE('',*,*,#1495,.F.);
#1017=ORIENTED_EDGE('',*,*,#1704,.F.);
#1018=ORIENTED_EDGE('',*,*,#1516,.F.);
#1019=ORIENTED_EDGE('',*,*,#1752,.F.);
#1020=ORIENTED_EDGE('',*,*,#1753,.T.);
#1021=ORIENTED_EDGE('',*,*,#1754,.T.);
#1022=ORIENTED_EDGE('',*,*,#1624,.F.);
#1023=ORIENTED_EDGE('',*,*,#1755,.T.);
#1024=ORIENTED_EDGE('',*,*,#1756,.F.);
#1025=ORIENTED_EDGE('',*,*,#1757,.T.);
#1026=ORIENTED_EDGE('',*,*,#1758,.T.);
#1027=ORIENTED_EDGE('',*,*,#1759,.T.);
#1028=ORIENTED_EDGE('',*,*,#1585,.T.);
#1029=ORIENTED_EDGE('',*,*,#1760,.T.);
#1030=ORIENTED_EDGE('',*,*,#1584,.T.);
#1031=ORIENTED_EDGE('',*,*,#1529,.T.);
#1032=ORIENTED_EDGE('',*,*,#1625,.F.);
#1033=ORIENTED_EDGE('',*,*,#1760,.F.);
#1034=ORIENTED_EDGE('',*,*,#1592,.T.);
#1035=ORIENTED_EDGE('',*,*,#1761,.T.);
#1036=ORIENTED_EDGE('',*,*,#1617,.F.);
#1037=ORIENTED_EDGE('',*,*,#1533,.F.);
#1038=ORIENTED_EDGE('',*,*,#1762,.F.);
#1039=ORIENTED_EDGE('',*,*,#1763,.T.);
#1040=ORIENTED_EDGE('',*,*,#1618,.F.);
#1041=ORIENTED_EDGE('',*,*,#1761,.F.);
#1042=ORIENTED_EDGE('',*,*,#1591,.T.);
#1043=ORIENTED_EDGE('',*,*,#1764,.T.);
#1044=ORIENTED_EDGE('',*,*,#1765,.F.);
#1045=ORIENTED_EDGE('',*,*,#1766,.T.);
#1046=ORIENTED_EDGE('',*,*,#1620,.F.);
#1047=ORIENTED_EDGE('',*,*,#1767,.T.);
#1048=ORIENTED_EDGE('',*,*,#1768,.F.);
#1049=ORIENTED_EDGE('',*,*,#1769,.T.);
#1050=ORIENTED_EDGE('',*,*,#1770,.T.);
#1051=ORIENTED_EDGE('',*,*,#1771,.T.);
#1052=ORIENTED_EDGE('',*,*,#1589,.T.);
#1053=ORIENTED_EDGE('',*,*,#1772,.T.);
#1054=ORIENTED_EDGE('',*,*,#1621,.F.);
#1055=ORIENTED_EDGE('',*,*,#1772,.F.);
#1056=ORIENTED_EDGE('',*,*,#1588,.T.);
#1057=ORIENTED_EDGE('',*,*,#1773,.T.);
#1058=ORIENTED_EDGE('',*,*,#1774,.F.);
#1059=ORIENTED_EDGE('',*,*,#1775,.T.);
#1060=ORIENTED_EDGE('',*,*,#1622,.F.);
#1061=ORIENTED_EDGE('',*,*,#1773,.F.);
#1062=ORIENTED_EDGE('',*,*,#1587,.T.);
#1063=ORIENTED_EDGE('',*,*,#1776,.T.);
#1064=ORIENTED_EDGE('',*,*,#1777,.F.);
#1065=ORIENTED_EDGE('',*,*,#1778,.T.);
#1066=ORIENTED_EDGE('',*,*,#1768,.T.);
#1067=ORIENTED_EDGE('',*,*,#1779,.T.);
#1068=ORIENTED_EDGE('',*,*,#1762,.T.);
#1069=ORIENTED_EDGE('',*,*,#1780,.T.);
#1070=ORIENTED_EDGE('',*,*,#1756,.T.);
#1071=ORIENTED_EDGE('',*,*,#1781,.T.);
#1072=ORIENTED_EDGE('',*,*,#1774,.T.);
#1073=ORIENTED_EDGE('',*,*,#1782,.T.);
#1074=ORIENTED_EDGE('',*,*,#1783,.T.);
#1075=ORIENTED_EDGE('',*,*,#1725,.T.);
#1076=ORIENTED_EDGE('',*,*,#1784,.T.);
#1077=ORIENTED_EDGE('',*,*,#1722,.T.);
#1078=ORIENTED_EDGE('',*,*,#1714,.T.);
#1079=ORIENTED_EDGE('',*,*,#1785,.T.);
#1080=ORIENTED_EDGE('',*,*,#1732,.T.);
#1081=ORIENTED_EDGE('',*,*,#1786,.T.);
#1082=ORIENTED_EDGE('',*,*,#1777,.T.);
#1083=ORIENTED_EDGE('',*,*,#1787,.T.);
#1084=ORIENTED_EDGE('',*,*,#1758,.F.);
#1085=ORIENTED_EDGE('',*,*,#1788,.T.);
#1086=ORIENTED_EDGE('',*,*,#1765,.T.);
#1087=ORIENTED_EDGE('',*,*,#1789,.T.);
#1088=ORIENTED_EDGE('',*,*,#1770,.F.);
#1089=ORIENTED_EDGE('',*,*,#1790,.T.);
#1090=ORIENTED_EDGE('',*,*,#1735,.T.);
#1091=ORIENTED_EDGE('',*,*,#1791,.T.);
#1092=ORIENTED_EDGE('',*,*,#1716,.F.);
#1093=ORIENTED_EDGE('',*,*,#1792,.T.);
#1094=ORIENTED_EDGE('',*,*,#1720,.T.);
#1095=ORIENTED_EDGE('',*,*,#1793,.T.);
#1096=ORIENTED_EDGE('',*,*,#1727,.F.);
#1097=ORIENTED_EDGE('',*,*,#1794,.T.);
#1098=ORIENTED_EDGE('',*,*,#1755,.F.);
#1099=ORIENTED_EDGE('',*,*,#1623,.F.);
#1100=ORIENTED_EDGE('',*,*,#1775,.F.);
#1101=ORIENTED_EDGE('',*,*,#1781,.F.);
#1102=ORIENTED_EDGE('',*,*,#1757,.F.);
#1103=ORIENTED_EDGE('',*,*,#1782,.F.);
#1104=ORIENTED_EDGE('',*,*,#1778,.F.);
#1105=ORIENTED_EDGE('',*,*,#1788,.F.);
#1106=ORIENTED_EDGE('',*,*,#1721,.F.);
#1107=ORIENTED_EDGE('',*,*,#1794,.F.);
#1108=ORIENTED_EDGE('',*,*,#1726,.F.);
#1109=ORIENTED_EDGE('',*,*,#1783,.F.);
#1110=ORIENTED_EDGE('',*,*,#1730,.F.);
#1111=ORIENTED_EDGE('',*,*,#1606,.F.);
#1112=ORIENTED_EDGE('',*,*,#1723,.F.);
#1113=ORIENTED_EDGE('',*,*,#1784,.F.);
#1114=ORIENTED_EDGE('',*,*,#1713,.F.);
#1115=ORIENTED_EDGE('',*,*,#1610,.F.);
#1116=ORIENTED_EDGE('',*,*,#1733,.F.);
#1117=ORIENTED_EDGE('',*,*,#1785,.F.);
#1118=ORIENTED_EDGE('',*,*,#1715,.F.);
#1119=ORIENTED_EDGE('',*,*,#1786,.F.);
#1120=ORIENTED_EDGE('',*,*,#1736,.F.);
#1121=ORIENTED_EDGE('',*,*,#1792,.F.);
#1122=ORIENTED_EDGE('',*,*,#1767,.F.);
#1123=ORIENTED_EDGE('',*,*,#1619,.F.);
#1124=ORIENTED_EDGE('',*,*,#1763,.F.);
#1125=ORIENTED_EDGE('',*,*,#1779,.F.);
#1126=ORIENTED_EDGE('',*,*,#1769,.F.);
#1127=ORIENTED_EDGE('',*,*,#1780,.F.);
#1128=ORIENTED_EDGE('',*,*,#1766,.F.);
#1129=ORIENTED_EDGE('',*,*,#1790,.F.);
#1130=ORIENTED_EDGE('',*,*,#1724,.F.);
#1131=ORIENTED_EDGE('',*,*,#1577,.F.);
#1132=ORIENTED_EDGE('',*,*,#1728,.F.);
#1133=ORIENTED_EDGE('',*,*,#1793,.F.);
#1134=ORIENTED_EDGE('',*,*,#1776,.F.);
#1135=ORIENTED_EDGE('',*,*,#1586,.F.);
#1136=ORIENTED_EDGE('',*,*,#1759,.F.);
#1137=ORIENTED_EDGE('',*,*,#1787,.F.);
#1138=ORIENTED_EDGE('',*,*,#1734,.F.);
#1139=ORIENTED_EDGE('',*,*,#1573,.F.);
#1140=ORIENTED_EDGE('',*,*,#1717,.F.);
#1141=ORIENTED_EDGE('',*,*,#1791,.F.);
#1142=ORIENTED_EDGE('',*,*,#1764,.F.);
#1143=ORIENTED_EDGE('',*,*,#1590,.F.);
#1144=ORIENTED_EDGE('',*,*,#1771,.F.);
#1145=ORIENTED_EDGE('',*,*,#1789,.F.);
#1146=ORIENTED_EDGE('',*,*,#1581,.F.);
#1147=ORIENTED_EDGE('',*,*,#1795,.T.);
#1148=ORIENTED_EDGE('',*,*,#1615,.T.);
#1149=ORIENTED_EDGE('',*,*,#1737,.T.);
#1150=ORIENTED_EDGE('',*,*,#1675,.T.);
#1151=ORIENTED_EDGE('',*,*,#1796,.T.);
#1152=ORIENTED_EDGE('',*,*,#1547,.F.);
#1153=ORIENTED_EDGE('',*,*,#1649,.F.);
#1154=ORIENTED_EDGE('',*,*,#1797,.T.);
#1155=ORIENTED_EDGE('',*,*,#1746,.F.);
#1156=ORIENTED_EDGE('',*,*,#1549,.F.);
#1157=ORIENTED_EDGE('',*,*,#1798,.T.);
#1158=ORIENTED_EDGE('',*,*,#1673,.T.);
#1159=ORIENTED_EDGE('',*,*,#1631,.T.);
#1160=ORIENTED_EDGE('',*,*,#1748,.T.);
#1161=ORIENTED_EDGE('',*,*,#1799,.T.);
#1162=ORIENTED_EDGE('',*,*,#1647,.T.);
#1163=ORIENTED_EDGE('',*,*,#1503,.T.);
#1164=ORIENTED_EDGE('',*,*,#1545,.F.);
#1165=ORIENTED_EDGE('',*,*,#1800,.T.);
#1166=ORIENTED_EDGE('',*,*,#1677,.T.);
#1167=ORIENTED_EDGE('',*,*,#1738,.T.);
#1168=ORIENTED_EDGE('',*,*,#1627,.T.);
#1169=ORIENTED_EDGE('',*,*,#1801,.T.);
#1170=ORIENTED_EDGE('',*,*,#1582,.F.);
#1171=ORIENTED_EDGE('',*,*,#1754,.F.);
#1172=ORIENTED_EDGE('',*,*,#1802,.T.);
#1173=ORIENTED_EDGE('',*,*,#1653,.F.);
#1174=ORIENTED_EDGE('',*,*,#1557,.T.);
#1175=ORIENTED_EDGE('',*,*,#1679,.T.);
#1176=ORIENTED_EDGE('',*,*,#1803,.T.);
#1177=ORIENTED_EDGE('',*,*,#1543,.F.);
#1178=ORIENTED_EDGE('',*,*,#1655,.T.);
#1179=ORIENTED_EDGE('',*,*,#1804,.T.);
#1180=ORIENTED_EDGE('',*,*,#1752,.T.);
#1181=ORIENTED_EDGE('',*,*,#1515,.T.);
#1182=ORIENTED_EDGE('',*,*,#1568,.F.);
#1183=ORIENTED_EDGE('',*,*,#1805,.T.);
#1184=ORIENTED_EDGE('',*,*,#1602,.F.);
#1185=ORIENTED_EDGE('',*,*,#1633,.T.);
#1186=ORIENTED_EDGE('',*,*,#1669,.T.);
#1187=ORIENTED_EDGE('',*,*,#1806,.T.);
#1188=ORIENTED_EDGE('',*,*,#1539,.F.);
#1189=ORIENTED_EDGE('',*,*,#1541,.F.);
#1190=ORIENTED_EDGE('',*,*,#1807,.T.);
#1191=ORIENTED_EDGE('',*,*,#1667,.T.);
#1192=ORIENTED_EDGE('',*,*,#1555,.T.);
#1193=ORIENTED_EDGE('',*,*,#1652,.F.);
#1194=ORIENTED_EDGE('',*,*,#1808,.T.);
#1195=ORIENTED_EDGE('',*,*,#1749,.F.);
#1196=ORIENTED_EDGE('',*,*,#1751,.T.);
#1197=ORIENTED_EDGE('',*,*,#1809,.T.);
#1198=ORIENTED_EDGE('',*,*,#1650,.T.);
#1199=ORIENTED_EDGE('',*,*,#1511,.T.);
#1200=ORIENTED_EDGE('',*,*,#1614,.F.);
#1201=ORIENTED_EDGE('',*,*,#1810,.T.);
#1202=ORIENTED_EDGE('',*,*,#1569,.F.);
#1203=ORIENTED_EDGE('',*,*,#1553,.F.);
#1204=ORIENTED_EDGE('',*,*,#1811,.T.);
#1205=ORIENTED_EDGE('',*,*,#1670,.T.);
#1206=ORIENTED_EDGE('',*,*,#1634,.T.);
#1207=ORIENTED_EDGE('',*,*,#1745,.F.);
#1208=ORIENTED_EDGE('',*,*,#1812,.T.);
#1209=ORIENTED_EDGE('',*,*,#1636,.F.);
#1210=ORIENTED_EDGE('',*,*,#1629,.T.);
#1211=ORIENTED_EDGE('',*,*,#1672,.T.);
#1212=ORIENTED_EDGE('',*,*,#1813,.T.);
#1213=ORIENTED_EDGE('',*,*,#1551,.F.);
#1214=ORIENTED_EDGE('',*,*,#1638,.T.);
#1215=ORIENTED_EDGE('',*,*,#1814,.T.);
#1216=ORIENTED_EDGE('',*,*,#1743,.T.);
#1217=ORIENTED_EDGE('',*,*,#1507,.T.);
#1218=ORIENTED_EDGE('',*,*,#1637,.F.);
#1219=ORIENTED_EDGE('',*,*,#1812,.F.);
#1220=ORIENTED_EDGE('',*,*,#1744,.F.);
#1221=ORIENTED_EDGE('',*,*,#1814,.F.);
#1222=ORIENTED_EDGE('',*,*,#1570,.F.);
#1223=ORIENTED_EDGE('',*,*,#1810,.F.);
#1224=ORIENTED_EDGE('',*,*,#1613,.F.);
#1225=ORIENTED_EDGE('',*,*,#1519,.T.);
#1226=ORIENTED_EDGE('',*,*,#1603,.F.);
#1227=ORIENTED_EDGE('',*,*,#1805,.F.);
#1228=ORIENTED_EDGE('',*,*,#1567,.F.);
#1229=ORIENTED_EDGE('',*,*,#1523,.T.);
#1230=ORIENTED_EDGE('',*,*,#1540,.F.);
#1231=ORIENTED_EDGE('',*,*,#1806,.F.);
#1232=ORIENTED_EDGE('',*,*,#1668,.F.);
#1233=ORIENTED_EDGE('',*,*,#1807,.F.);
#1234=ORIENTED_EDGE('',*,*,#1750,.F.);
#1235=ORIENTED_EDGE('',*,*,#1808,.F.);
#1236=ORIENTED_EDGE('',*,*,#1651,.F.);
#1237=ORIENTED_EDGE('',*,*,#1809,.F.);
#1238=ORIENTED_EDGE('',*,*,#1654,.F.);
#1239=ORIENTED_EDGE('',*,*,#1802,.F.);
#1240=ORIENTED_EDGE('',*,*,#1753,.F.);
#1241=ORIENTED_EDGE('',*,*,#1804,.F.);
#1242=ORIENTED_EDGE('',*,*,#1544,.F.);
#1243=ORIENTED_EDGE('',*,*,#1803,.F.);
#1244=ORIENTED_EDGE('',*,*,#1678,.F.);
#1245=ORIENTED_EDGE('',*,*,#1800,.F.);
#1246=ORIENTED_EDGE('',*,*,#1583,.F.);
#1247=ORIENTED_EDGE('',*,*,#1801,.F.);
#1248=ORIENTED_EDGE('',*,*,#1626,.F.);
#1249=ORIENTED_EDGE('',*,*,#1527,.T.);
#1250=ORIENTED_EDGE('',*,*,#1616,.F.);
#1251=ORIENTED_EDGE('',*,*,#1795,.F.);
#1252=ORIENTED_EDGE('',*,*,#1580,.F.);
#1253=ORIENTED_EDGE('',*,*,#1531,.T.);
#1254=ORIENTED_EDGE('',*,*,#1747,.F.);
#1255=ORIENTED_EDGE('',*,*,#1797,.F.);
#1256=ORIENTED_EDGE('',*,*,#1648,.F.);
#1257=ORIENTED_EDGE('',*,*,#1799,.F.);
#1258=ORIENTED_EDGE('',*,*,#1548,.F.);
#1259=ORIENTED_EDGE('',*,*,#1796,.F.);
#1260=ORIENTED_EDGE('',*,*,#1674,.F.);
#1261=ORIENTED_EDGE('',*,*,#1798,.F.);
#1262=ORIENTED_EDGE('',*,*,#1552,.F.);
#1263=ORIENTED_EDGE('',*,*,#1813,.F.);
#1264=ORIENTED_EDGE('',*,*,#1671,.F.);
#1265=ORIENTED_EDGE('',*,*,#1811,.F.);
#1266=EDGE_CURVE('',#1815,#1816,#2169,.T.);
#1267=EDGE_CURVE('',#1816,#1817,#2170,.T.);
#1268=EDGE_CURVE('',#1817,#1818,#2171,.T.);
#1269=EDGE_CURVE('',#1819,#1818,#112,.T.);
#1270=EDGE_CURVE('',#1819,#1820,#2172,.T.);
#1271=EDGE_CURVE('',#1821,#1820,#2173,.T.);
#1272=EDGE_CURVE('',#1821,#1822,#2174,.T.);
#1273=EDGE_CURVE('',#1815,#1822,#2175,.T.);
#1274=EDGE_CURVE('',#1823,#1824,#2176,.T.);
#1275=EDGE_CURVE('',#1824,#1825,#2177,.T.);
#1276=EDGE_CURVE('',#1825,#1826,#2178,.T.);
#1277=EDGE_CURVE('',#1827,#1826,#113,.T.);
#1278=EDGE_CURVE('',#1827,#1828,#2179,.T.);
#1279=EDGE_CURVE('',#1829,#1828,#2180,.T.);
#1280=EDGE_CURVE('',#1829,#1830,#2181,.T.);
#1281=EDGE_CURVE('',#1823,#1830,#2182,.T.);
#1282=EDGE_CURVE('',#1831,#1832,#2183,.T.);
#1283=EDGE_CURVE('',#1832,#1833,#2184,.T.);
#1284=EDGE_CURVE('',#1833,#1834,#2185,.T.);
#1285=EDGE_CURVE('',#1835,#1834,#114,.T.);
#1286=EDGE_CURVE('',#1835,#1836,#2186,.T.);
#1287=EDGE_CURVE('',#1837,#1836,#2187,.T.);
#1288=EDGE_CURVE('',#1837,#1838,#2188,.T.);
#1289=EDGE_CURVE('',#1831,#1838,#2189,.T.);
#1290=EDGE_CURVE('',#1839,#1840,#2190,.T.);
#1291=EDGE_CURVE('',#1840,#1815,#2191,.T.);
#1292=EDGE_CURVE('',#1815,#1841,#2192,.T.);
#1293=EDGE_CURVE('',#1841,#1839,#2193,.T.);
#1294=EDGE_CURVE('',#1842,#1843,#2194,.T.);
#1295=EDGE_CURVE('',#1843,#1822,#2195,.T.);
#1296=EDGE_CURVE('',#1821,#1842,#2196,.T.);
#1297=EDGE_CURVE('',#1840,#1844,#2197,.T.);
#1298=EDGE_CURVE('',#1844,#1816,#2198,.T.);
#1299=EDGE_CURVE('',#1844,#1845,#2199,.T.);
#1300=EDGE_CURVE('',#1845,#1817,#2200,.T.);
#1301=EDGE_CURVE('',#1845,#1846,#2201,.T.);
#1302=EDGE_CURVE('',#1818,#1846,#2202,.T.);
#1303=EDGE_CURVE('',#1846,#1847,#115,.T.);
#1304=EDGE_CURVE('',#1847,#1819,#2203,.T.);
#1305=EDGE_CURVE('',#1847,#1848,#2204,.T.);
#1306=EDGE_CURVE('',#1848,#1820,#2205,.T.);
#1307=EDGE_CURVE('',#1848,#1842,#2206,.T.);
#1308=EDGE_CURVE('',#1843,#1849,#2207,.T.);
#1309=EDGE_CURVE('',#1849,#1850,#2208,.T.);
#1310=EDGE_CURVE('',#1850,#1822,#2209,.T.);
#1311=EDGE_CURVE('',#1823,#1851,#2210,.T.);
#1312=EDGE_CURVE('',#1851,#1852,#2211,.T.);
#1313=EDGE_CURVE('',#1852,#1853,#2212,.T.);
#1314=EDGE_CURVE('',#1853,#1823,#2213,.T.);
#1315=EDGE_CURVE('',#1829,#1854,#2214,.T.);
#1316=EDGE_CURVE('',#1854,#1855,#2215,.T.);
#1317=EDGE_CURVE('',#1855,#1830,#2216,.T.);
#1318=EDGE_CURVE('',#1853,#1856,#2217,.T.);
#1319=EDGE_CURVE('',#1856,#1824,#2218,.T.);
#1320=EDGE_CURVE('',#1856,#1857,#2219,.T.);
#1321=EDGE_CURVE('',#1857,#1825,#2220,.T.);
#1322=EDGE_CURVE('',#1857,#1858,#2221,.T.);
#1323=EDGE_CURVE('',#1826,#1858,#2222,.T.);
#1324=EDGE_CURVE('',#1858,#1859,#116,.T.);
#1325=EDGE_CURVE('',#1859,#1827,#2223,.T.);
#1326=EDGE_CURVE('',#1859,#1860,#2224,.T.);
#1327=EDGE_CURVE('',#1860,#1828,#2225,.T.);
#1328=EDGE_CURVE('',#1860,#1854,#2226,.T.);
#1329=EDGE_CURVE('',#1861,#1830,#2227,.T.);
#1330=EDGE_CURVE('',#1855,#1862,#2228,.T.);
#1331=EDGE_CURVE('',#1862,#1861,#2229,.T.);
#1332=EDGE_CURVE('',#1831,#1863,#2230,.T.);
#1333=EDGE_CURVE('',#1863,#1864,#2231,.T.);
#1334=EDGE_CURVE('',#1864,#1865,#2232,.T.);
#1335=EDGE_CURVE('',#1865,#1831,#2233,.T.);
#1336=EDGE_CURVE('',#1837,#1866,#2234,.T.);
#1337=EDGE_CURVE('',#1866,#1867,#2235,.T.);
#1338=EDGE_CURVE('',#1867,#1838,#2236,.T.);
#1339=EDGE_CURVE('',#1865,#1868,#2237,.T.);
#1340=EDGE_CURVE('',#1868,#1832,#2238,.T.);
#1341=EDGE_CURVE('',#1868,#1869,#2239,.T.);
#1342=EDGE_CURVE('',#1869,#1833,#2240,.T.);
#1343=EDGE_CURVE('',#1869,#1870,#2241,.T.);
#1344=EDGE_CURVE('',#1834,#1870,#2242,.T.);
#1345=EDGE_CURVE('',#1870,#1871,#117,.T.);
#1346=EDGE_CURVE('',#1871,#1835,#2243,.T.);
#1347=EDGE_CURVE('',#1871,#1872,#2244,.T.);
#1348=EDGE_CURVE('',#1872,#1836,#2245,.T.);
#1349=EDGE_CURVE('',#1872,#1866,#2246,.T.);
#1350=EDGE_CURVE('',#1873,#1838,#2247,.T.);
#1351=EDGE_CURVE('',#1867,#1874,#2248,.T.);
#1352=EDGE_CURVE('',#1874,#1873,#2249,.T.);
#1353=EDGE_CURVE('',#1849,#1875,#2250,.T.);
#1354=EDGE_CURVE('',#1875,#1876,#2251,.T.);
#1355=EDGE_CURVE('',#1876,#1850,#2252,.T.);
#1356=EDGE_CURVE('',#1876,#1822,#2253,.T.);
#1357=EDGE_CURVE('',#1815,#1877,#2254,.T.);
#1358=EDGE_CURVE('',#1877,#1841,#2255,.T.);
#1359=EDGE_CURVE('',#1878,#1839,#2256,.T.);
#1360=EDGE_CURVE('',#1877,#1878,#2257,.T.);
#1361=EDGE_CURVE('',#1878,#1840,#2258,.T.);
#1362=EDGE_CURVE('',#1840,#1843,#2259,.T.);
#1363=EDGE_CURVE('',#1843,#1875,#2260,.T.);
#1364=EDGE_CURVE('',#1879,#1851,#2261,.T.);
#1365=EDGE_CURVE('',#1823,#1879,#2262,.T.);
#1366=EDGE_CURVE('',#1879,#1880,#2263,.T.);
#1367=EDGE_CURVE('',#1880,#1852,#2264,.T.);
#1368=EDGE_CURVE('',#1880,#1853,#2265,.T.);
#1369=EDGE_CURVE('',#1853,#1855,#2266,.T.);
#1370=EDGE_CURVE('',#1855,#1881,#2267,.T.);
#1371=EDGE_CURVE('',#1881,#1862,#2268,.T.);
#1372=EDGE_CURVE('',#1882,#1861,#2269,.T.);
#1373=EDGE_CURVE('',#1881,#1882,#2270,.T.);
#1374=EDGE_CURVE('',#1882,#1830,#2271,.T.);
#1375=EDGE_CURVE('',#1883,#1863,#2272,.T.);
#1376=EDGE_CURVE('',#1831,#1883,#2273,.T.);
#1377=EDGE_CURVE('',#1883,#1884,#2274,.T.);
#1378=EDGE_CURVE('',#1884,#1864,#2275,.T.);
#1379=EDGE_CURVE('',#1884,#1865,#2276,.T.);
#1380=EDGE_CURVE('',#1865,#1867,#2277,.T.);
#1381=EDGE_CURVE('',#1867,#1885,#2278,.T.);
#1382=EDGE_CURVE('',#1885,#1874,#2279,.T.);
#1383=EDGE_CURVE('',#1886,#1873,#2280,.T.);
#1384=EDGE_CURVE('',#1885,#1886,#2281,.T.);
#1385=EDGE_CURVE('',#1886,#1838,#2282,.T.);
#1386=EDGE_CURVE('',#1887,#1888,#2283,.T.);
#1387=EDGE_CURVE('',#1889,#1888,#2284,.T.);
#1388=EDGE_CURVE('',#1889,#1890,#2285,.T.);
#1389=EDGE_CURVE('',#1890,#1891,#2286,.T.);
#1390=EDGE_CURVE('',#1891,#1892,#2287,.T.);
#1391=EDGE_CURVE('',#1892,#1893,#2288,.T.);
#1392=EDGE_CURVE('',#1893,#1894,#2289,.T.);
#1393=EDGE_CURVE('',#1894,#1895,#2290,.T.);
#1394=EDGE_CURVE('',#1895,#1896,#2291,.T.);
#1395=EDGE_CURVE('',#1896,#1897,#2292,.T.);
#1396=EDGE_CURVE('',#1897,#1898,#2293,.T.);
#1397=EDGE_CURVE('',#1898,#1887,#2294,.T.);
#1398=EDGE_CURVE('',#1899,#1900,#53,.F.);
#1399=EDGE_CURVE('',#1899,#1890,#2295,.T.);
#1400=EDGE_CURVE('',#1900,#1889,#2296,.T.);
#1401=EDGE_CURVE('',#1901,#1899,#54,.F.);
#1402=EDGE_CURVE('',#1901,#1891,#2297,.T.);
#1403=EDGE_CURVE('',#1902,#1901,#55,.F.);
#1404=EDGE_CURVE('',#1902,#1892,#2298,.T.);
#1405=EDGE_CURVE('',#1903,#1902,#56,.F.);
#1406=EDGE_CURVE('',#1903,#1893,#2299,.T.);
#1407=EDGE_CURVE('',#1904,#1903,#57,.F.);
#1408=EDGE_CURVE('',#1904,#1894,#2300,.T.);
#1409=EDGE_CURVE('',#1905,#1904,#58,.F.);
#1410=EDGE_CURVE('',#1905,#1895,#2301,.T.);
#1411=EDGE_CURVE('',#1906,#1905,#59,.F.);
#1412=EDGE_CURVE('',#1906,#1896,#2302,.T.);
#1413=EDGE_CURVE('',#1907,#1906,#60,.F.);
#1414=EDGE_CURVE('',#1907,#1897,#2303,.T.);
#1415=EDGE_CURVE('',#1908,#1898,#2304,.T.);
#1416=EDGE_CURVE('',#1908,#1907,#61,.F.);
#1417=EDGE_CURVE('',#1909,#1908,#62,.F.);
#1418=EDGE_CURVE('',#1909,#1887,#2305,.T.);
#1419=EDGE_CURVE('',#1910,#1909,#63,.F.);
#1420=EDGE_CURVE('',#1888,#1910,#2306,.T.);
#1421=EDGE_CURVE('',#1900,#1910,#64,.F.);
#1422=EDGE_CURVE('',#1911,#1904,#2307,.T.);
#1423=EDGE_CURVE('',#1912,#1911,#2308,.T.);
#1424=EDGE_CURVE('',#1912,#1905,#2309,.T.);
#1425=EDGE_CURVE('',#1913,#1903,#2310,.T.);
#1426=EDGE_CURVE('',#1911,#1913,#2311,.T.);
#1427=EDGE_CURVE('',#1914,#1902,#2312,.T.);
#1428=EDGE_CURVE('',#1913,#1914,#2313,.T.);
#1429=EDGE_CURVE('',#1915,#1901,#2314,.T.);
#1430=EDGE_CURVE('',#1914,#1915,#2315,.T.);
#1431=EDGE_CURVE('',#1916,#1899,#2316,.T.);
#1432=EDGE_CURVE('',#1915,#1916,#2317,.T.);
#1433=EDGE_CURVE('',#1917,#1900,#2318,.T.);
#1434=EDGE_CURVE('',#1916,#1917,#2319,.T.);
#1435=EDGE_CURVE('',#1918,#1910,#2320,.T.);
#1436=EDGE_CURVE('',#1917,#1918,#2321,.T.);
#1437=EDGE_CURVE('',#1919,#1909,#2322,.T.);
#1438=EDGE_CURVE('',#1918,#1919,#2323,.T.);
#1439=EDGE_CURVE('',#1920,#1908,#2324,.T.);
#1440=EDGE_CURVE('',#1919,#1920,#2325,.T.);
#1441=EDGE_CURVE('',#1921,#1907,#2326,.T.);
#1442=EDGE_CURVE('',#1920,#1921,#2327,.T.);
#1443=EDGE_CURVE('',#1922,#1906,#2328,.T.);
#1444=EDGE_CURVE('',#1921,#1922,#2329,.T.);
#1445=EDGE_CURVE('',#1922,#1912,#2330,.T.);
#1446=EDGE_CURVE('',#1923,#1924,#2331,.T.);
#1447=EDGE_CURVE('',#1923,#1925,#2332,.T.);
#1448=EDGE_CURVE('',#1925,#1926,#2333,.T.);
#1449=EDGE_CURVE('',#1926,#1927,#2334,.T.);
#1450=EDGE_CURVE('',#1927,#1928,#2335,.T.);
#1451=EDGE_CURVE('',#1928,#1929,#2336,.T.);
#1452=EDGE_CURVE('',#1929,#1930,#2337,.T.);
#1453=EDGE_CURVE('',#1924,#1930,#2338,.T.);
#1454=EDGE_CURVE('',#1931,#1924,#2339,.T.);
#1455=EDGE_CURVE('',#1931,#1932,#2340,.T.);
#1456=EDGE_CURVE('',#1932,#1923,#2341,.T.);
#1457=EDGE_CURVE('',#1933,#1925,#2342,.T.);
#1458=EDGE_CURVE('',#1932,#1933,#2343,.T.);
#1459=EDGE_CURVE('',#1933,#1934,#2344,.T.);
#1460=EDGE_CURVE('',#1934,#1926,#2345,.T.);
#1461=EDGE_CURVE('',#1934,#1935,#2346,.T.);
#1462=EDGE_CURVE('',#1935,#1927,#2347,.T.);
#1463=EDGE_CURVE('',#1935,#1936,#2348,.T.);
#1464=EDGE_CURVE('',#1936,#1928,#2349,.T.);
#1465=EDGE_CURVE('',#1936,#1937,#2350,.T.);
#1466=EDGE_CURVE('',#1937,#1929,#2351,.T.);
#1467=EDGE_CURVE('',#1937,#1938,#2352,.T.);
#1468=EDGE_CURVE('',#1930,#1938,#2353,.T.);
#1469=EDGE_CURVE('',#1938,#1931,#2354,.T.);
#1470=EDGE_CURVE('',#1939,#1940,#2355,.T.);
#1471=EDGE_CURVE('',#1939,#1941,#2356,.T.);
#1472=EDGE_CURVE('',#1942,#1941,#2357,.T.);
#1473=EDGE_CURVE('',#1940,#1942,#2358,.T.);
#1474=EDGE_CURVE('',#1943,#1944,#2359,.T.);
#1475=EDGE_CURVE('',#1944,#1945,#2360,.T.);
#1476=EDGE_CURVE('',#1946,#1945,#2361,.T.);
#1477=EDGE_CURVE('',#1943,#1946,#2362,.T.);
#1478=EDGE_CURVE('',#1946,#1947,#2363,.T.);
#1479=EDGE_CURVE('',#1945,#1948,#2364,.T.);
#1480=EDGE_CURVE('',#1947,#1948,#2365,.T.);
#1481=EDGE_CURVE('',#1941,#1944,#2366,.T.);
#1482=EDGE_CURVE('',#1942,#1943,#2367,.T.);
#1483=EDGE_CURVE('',#1949,#1947,#2368,.T.);
#1484=EDGE_CURVE('',#1950,#1948,#2369,.T.);
#1485=EDGE_CURVE('',#1950,#1949,#2370,.T.);
#1486=EDGE_CURVE('',#1951,#1952,#2371,.T.);
#1487=EDGE_CURVE('',#1952,#1949,#2372,.T.);
#1488=EDGE_CURVE('',#1951,#1950,#2373,.T.);
#1489=EDGE_CURVE('',#1952,#1940,#2374,.T.);
#1490=EDGE_CURVE('',#1939,#1951,#2375,.T.);
#1491=EDGE_CURVE('',#1953,#1954,#118,.T.);
#1492=EDGE_CURVE('',#1954,#1955,#2376,.T.);
#1493=EDGE_CURVE('',#1956,#1955,#119,.T.);
#1494=EDGE_CURVE('',#1953,#1956,#2377,.T.);
#1495=EDGE_CURVE('',#1957,#1958,#120,.T.);
#1496=EDGE_CURVE('',#1958,#1959,#2378,.T.);
#1497=EDGE_CURVE('',#1960,#1959,#121,.T.);
#1498=EDGE_CURVE('',#1960,#1957,#2379,.T.);
#1499=EDGE_CURVE('',#1961,#1962,#122,.T.);
#1500=EDGE_CURVE('',#1963,#1962,#65,.T.);
#1501=EDGE_CURVE('',#1963,#1964,#123,.T.);
#1502=EDGE_CURVE('',#1961,#1964,#66,.T.);
#1503=EDGE_CURVE('',#1965,#1966,#2380,.T.);
#1504=EDGE_CURVE('',#1967,#1965,#2381,.T.);
#1505=EDGE_CURVE('',#1968,#1967,#2382,.T.);
#1506=EDGE_CURVE('',#1968,#1966,#2383,.T.);
#1507=EDGE_CURVE('',#1969,#1970,#2384,.T.);
#1508=EDGE_CURVE('',#1969,#1971,#2385,.T.);
#1509=EDGE_CURVE('',#1971,#1972,#2386,.T.);
#1510=EDGE_CURVE('',#1970,#1972,#2387,.T.);
#1511=EDGE_CURVE('',#1973,#1974,#2388,.T.);
#1512=EDGE_CURVE('',#1975,#1973,#2389,.T.);
#1513=EDGE_CURVE('',#1976,#1975,#2390,.T.);
#1514=EDGE_CURVE('',#1976,#1974,#2391,.T.);
#1515=EDGE_CURVE('',#1977,#1978,#2392,.T.);
#1516=EDGE_CURVE('',#1977,#1979,#2393,.T.);
#1517=EDGE_CURVE('',#1979,#1980,#2394,.T.);
#1518=EDGE_CURVE('',#1978,#1980,#2395,.T.);
#1519=EDGE_CURVE('',#1981,#1982,#2396,.T.);
#1520=EDGE_CURVE('',#1983,#1981,#2397,.T.);
#1521=EDGE_CURVE('',#1984,#1983,#2398,.T.);
#1522=EDGE_CURVE('',#1984,#1982,#2399,.T.);
#1523=EDGE_CURVE('',#1985,#1986,#2400,.T.);
#1524=EDGE_CURVE('',#1985,#1987,#2401,.T.);
#1525=EDGE_CURVE('',#1987,#1988,#2402,.T.);
#1526=EDGE_CURVE('',#1986,#1988,#2403,.T.);
#1527=EDGE_CURVE('',#1989,#1990,#12,.F.);
#1528=EDGE_CURVE('',#1991,#1989,#2404,.T.);
#1529=EDGE_CURVE('',#1992,#1991,#2405,.T.);
#1530=EDGE_CURVE('',#1992,#1990,#2406,.T.);
#1531=EDGE_CURVE('',#1993,#1994,#13,.F.);
#1532=EDGE_CURVE('',#1993,#1995,#2407,.T.);
#1533=EDGE_CURVE('',#1995,#1996,#2408,.T.);
#1534=EDGE_CURVE('',#1994,#1996,#2409,.T.);
#1535=EDGE_CURVE('',#1997,#1998,#2410,.T.);
#1536=EDGE_CURVE('',#1999,#1997,#2411,.T.);
#1537=EDGE_CURVE('',#2000,#1999,#2412,.T.);
#1538=EDGE_CURVE('',#1998,#2000,#2413,.T.);
#1539=EDGE_CURVE('',#2001,#2002,#2414,.T.);
#1540=EDGE_CURVE('',#2002,#2003,#124,.T.);
#1541=EDGE_CURVE('',#2003,#2004,#2415,.T.);
#1542=EDGE_CURVE('',#2005,#2004,#2416,.T.);
#1543=EDGE_CURVE('',#2005,#2006,#2417,.T.);
#1544=EDGE_CURVE('',#2006,#2007,#125,.T.);
#1545=EDGE_CURVE('',#2007,#2008,#2418,.T.);
#1546=EDGE_CURVE('',#2008,#2009,#2419,.T.);
#1547=EDGE_CURVE('',#2009,#2010,#2420,.T.);
#1548=EDGE_CURVE('',#2010,#2011,#126,.T.);
#1549=EDGE_CURVE('',#2011,#2012,#2421,.T.);
#1550=EDGE_CURVE('',#2013,#2012,#2422,.T.);
#1551=EDGE_CURVE('',#2013,#2014,#2423,.T.);
#1552=EDGE_CURVE('',#2014,#2015,#127,.T.);
#1553=EDGE_CURVE('',#2015,#2016,#2424,.T.);
#1554=EDGE_CURVE('',#2001,#2016,#2425,.T.);
#1555=EDGE_CURVE('',#2017,#2018,#14,.T.);
#1556=EDGE_CURVE('',#2017,#2019,#2426,.T.);
#1557=EDGE_CURVE('',#2020,#2019,#128,.T.);
#1558=EDGE_CURVE('',#2020,#2018,#2427,.T.);
#1559=EDGE_CURVE('',#2021,#2022,#2428,.T.);
#1560=EDGE_CURVE('',#2023,#2021,#2429,.T.);
#1561=EDGE_CURVE('',#2024,#2023,#2430,.T.);
#1562=EDGE_CURVE('',#2022,#2024,#2431,.T.);
#1563=EDGE_CURVE('',#2025,#2026,#2432,.T.);
#1564=EDGE_CURVE('',#2027,#2025,#2433,.T.);
#1565=EDGE_CURVE('',#2028,#2027,#2434,.T.);
#1566=EDGE_CURVE('',#2026,#2028,#2435,.T.);
#1567=EDGE_CURVE('',#1985,#2029,#67,.T.);
#1568=EDGE_CURVE('',#2029,#2001,#2436,.T.);
#1569=EDGE_CURVE('',#2016,#2030,#2437,.T.);
#1570=EDGE_CURVE('',#2030,#1982,#68,.T.);
#1571=EDGE_CURVE('',#2031,#1984,#2438,.T.);
#1572=EDGE_CURVE('',#2032,#2031,#2439,.T.);
#1573=EDGE_CURVE('',#2032,#2033,#2440,.T.);
#1574=EDGE_CURVE('',#2034,#2033,#2441,.T.);
#1575=EDGE_CURVE('',#2035,#2034,#2442,.T.);
#1576=EDGE_CURVE('',#2036,#2035,#2443,.T.);
#1577=EDGE_CURVE('',#2036,#2037,#2444,.T.);
#1578=EDGE_CURVE('',#2038,#2037,#2445,.T.);
#1579=EDGE_CURVE('',#1987,#2038,#2446,.T.);
#1580=EDGE_CURVE('',#1993,#2039,#15,.T.);
#1581=EDGE_CURVE('',#2039,#2009,#2447,.T.);
#1582=EDGE_CURVE('',#2008,#2040,#2448,.T.);
#1583=EDGE_CURVE('',#2040,#1990,#16,.T.);
#1584=EDGE_CURVE('',#2041,#1992,#2449,.T.);
#1585=EDGE_CURVE('',#2042,#2041,#2450,.T.);
#1586=EDGE_CURVE('',#2042,#2043,#2451,.T.);
#1587=EDGE_CURVE('',#2044,#2043,#2452,.T.);
#1588=EDGE_CURVE('',#2045,#2044,#2453,.T.);
#1589=EDGE_CURVE('',#2046,#2045,#2454,.T.);
#1590=EDGE_CURVE('',#2046,#2047,#2455,.T.);
#1591=EDGE_CURVE('',#2048,#2047,#2456,.T.);
#1592=EDGE_CURVE('',#1995,#2048,#2457,.T.);
#1593=EDGE_CURVE('',#2049,#2050,#2458,.T.);
#1594=EDGE_CURVE('',#2050,#2051,#2459,.T.);
#1595=EDGE_CURVE('',#2051,#2052,#2460,.T.);
#1596=EDGE_CURVE('',#2052,#2049,#2461,.T.);
#1597=EDGE_CURVE('',#2053,#2054,#2462,.T.);
#1598=EDGE_CURVE('',#2054,#2055,#2463,.T.);
#1599=EDGE_CURVE('',#2055,#2056,#2464,.T.);
#1600=EDGE_CURVE('',#2056,#2053,#2465,.T.);
#1601=EDGE_CURVE('',#2057,#2058,#2466,.T.);
#1602=EDGE_CURVE('',#2057,#2059,#2467,.T.);
#1603=EDGE_CURVE('',#2059,#1986,#69,.T.);
#1604=EDGE_CURVE('',#1988,#2060,#2468,.T.);
#1605=EDGE_CURVE('',#2060,#2061,#2469,.T.);
#1606=EDGE_CURVE('',#2061,#2062,#2470,.T.);
#1607=EDGE_CURVE('',#2062,#2063,#2471,.T.);
#1608=EDGE_CURVE('',#2063,#2064,#2472,.T.);
#1609=EDGE_CURVE('',#2065,#2064,#2473,.T.);
#1610=EDGE_CURVE('',#2065,#2066,#2474,.T.);
#1611=EDGE_CURVE('',#2066,#2067,#2475,.T.);
#1612=EDGE_CURVE('',#2067,#1983,#2476,.T.);
#1613=EDGE_CURVE('',#1981,#2068,#70,.T.);
#1614=EDGE_CURVE('',#2068,#2058,#2477,.T.);
#1615=EDGE_CURVE('',#2069,#2070,#2478,.T.);
#1616=EDGE_CURVE('',#2069,#1994,#17,.F.);
#1617=EDGE_CURVE('',#1996,#2071,#2479,.T.);
#1618=EDGE_CURVE('',#2071,#2072,#2480,.T.);
#1619=EDGE_CURVE('',#2072,#2073,#2481,.T.);
#1620=EDGE_CURVE('',#2073,#2074,#2482,.T.);
#1621=EDGE_CURVE('',#2074,#2075,#2483,.T.);
#1622=EDGE_CURVE('',#2075,#2076,#2484,.T.);
#1623=EDGE_CURVE('',#2076,#2077,#2485,.T.);
#1624=EDGE_CURVE('',#2077,#2078,#2486,.T.);
#1625=EDGE_CURVE('',#2078,#1991,#2487,.T.);
#1626=EDGE_CURVE('',#1989,#2079,#18,.F.);
#1627=EDGE_CURVE('',#2080,#2079,#2488,.T.);
#1628=EDGE_CURVE('',#2070,#2080,#2489,.T.);
#1629=EDGE_CURVE('',#2081,#2082,#19,.T.);
#1630=EDGE_CURVE('',#2081,#2083,#2490,.T.);
#1631=EDGE_CURVE('',#2084,#2083,#129,.T.);
#1632=EDGE_CURVE('',#2084,#2082,#2491,.T.);
#1633=EDGE_CURVE('',#2057,#2085,#20,.T.);
#1634=EDGE_CURVE('',#2086,#2058,#21,.T.);
#1635=EDGE_CURVE('',#2086,#2085,#2492,.T.);
#1636=EDGE_CURVE('',#2081,#2087,#2493,.T.);
#1637=EDGE_CURVE('',#2087,#2088,#22,.T.);
#1638=EDGE_CURVE('',#1970,#2088,#2494,.T.);
#1639=EDGE_CURVE('',#2089,#1972,#2495,.T.);
#1640=EDGE_CURVE('',#2089,#2090,#130,.T.);
#1641=EDGE_CURVE('',#2090,#2091,#2496,.T.);
#1642=EDGE_CURVE('',#2091,#1964,#2497,.T.);
#1643=EDGE_CURVE('',#1963,#2092,#2498,.T.);
#1644=EDGE_CURVE('',#2092,#2093,#2499,.T.);
#1645=EDGE_CURVE('',#2093,#2094,#131,.T.);
#1646=EDGE_CURVE('',#2094,#1967,#2500,.T.);
#1647=EDGE_CURVE('',#2095,#1965,#2501,.T.);
#1648=EDGE_CURVE('',#2095,#2096,#132,.T.);
#1649=EDGE_CURVE('',#2096,#2083,#2502,.T.);
#1650=EDGE_CURVE('',#2097,#1973,#2503,.T.);
#1651=EDGE_CURVE('',#2097,#2098,#23,.T.);
#1652=EDGE_CURVE('',#2098,#2018,#2504,.T.);
#1653=EDGE_CURVE('',#2020,#2099,#2505,.T.);
#1654=EDGE_CURVE('',#2099,#2100,#133,.T.);
#1655=EDGE_CURVE('',#1978,#2100,#2506,.T.);
#1656=EDGE_CURVE('',#1960,#1980,#2507,.T.);
#1657=EDGE_CURVE('',#1959,#2101,#2508,.T.);
#1658=EDGE_CURVE('',#2101,#2102,#2509,.T.);
#1659=EDGE_CURVE('',#2103,#2102,#134,.T.);
#1660=EDGE_CURVE('',#2103,#2104,#2510,.T.);
#1661=EDGE_CURVE('',#2104,#1956,#2511,.T.);
#1662=EDGE_CURVE('',#1955,#1975,#2512,.T.);
#1663=EDGE_CURVE('',#2105,#2106,#2513,.T.);
#1664=EDGE_CURVE('',#2106,#2107,#2514,.T.);
#1665=EDGE_CURVE('',#2107,#2108,#2515,.T.);
#1666=EDGE_CURVE('',#2108,#2105,#2516,.T.);
#1667=EDGE_CURVE('',#2109,#2017,#2517,.T.);
#1668=EDGE_CURVE('',#2109,#2110,#135,.T.);
#1669=EDGE_CURVE('',#2085,#2110,#2518,.T.);
#1670=EDGE_CURVE('',#2111,#2086,#2519,.T.);
#1671=EDGE_CURVE('',#2111,#2112,#136,.T.);
#1672=EDGE_CURVE('',#2082,#2112,#2520,.T.);
#1673=EDGE_CURVE('',#2113,#2084,#2521,.T.);
#1674=EDGE_CURVE('',#2113,#2114,#137,.T.);
#1675=EDGE_CURVE('',#2115,#2114,#2522,.T.);
#1676=EDGE_CURVE('',#2116,#2115,#2523,.T.);
#1677=EDGE_CURVE('',#2117,#2116,#2524,.T.);
#1678=EDGE_CURVE('',#2117,#2118,#138,.T.);
#1679=EDGE_CURVE('',#2019,#2118,#2525,.T.);
#1680=EDGE_CURVE('',#2089,#2119,#2526,.T.);
#1681=EDGE_CURVE('',#2119,#2120,#139,.T.);
#1682=EDGE_CURVE('',#2120,#2090,#2527,.T.);
#1683=EDGE_CURVE('',#2120,#2121,#2528,.T.);
#1684=EDGE_CURVE('',#2121,#2091,#2529,.T.);
#1685=EDGE_CURVE('',#2121,#1961,#2530,.T.);
#1686=EDGE_CURVE('',#1962,#2122,#2531,.T.);
#1687=EDGE_CURVE('',#2122,#2092,#2532,.T.);
#1688=EDGE_CURVE('',#2122,#2123,#2533,.T.);
#1689=EDGE_CURVE('',#2123,#2093,#2534,.T.);
#1690=EDGE_CURVE('',#2123,#2124,#140,.T.);
#1691=EDGE_CURVE('',#2124,#2094,#2535,.T.);
#1692=EDGE_CURVE('',#2124,#1968,#2536,.T.);
#1693=EDGE_CURVE('',#1971,#2119,#2537,.T.);
#1694=EDGE_CURVE('',#1958,#2125,#2538,.T.);
#1695=EDGE_CURVE('',#2125,#2101,#2539,.T.);
#1696=EDGE_CURVE('',#2125,#2126,#2540,.T.);
#1697=EDGE_CURVE('',#2126,#2102,#71,.T.);
#1698=EDGE_CURVE('',#2126,#2127,#141,.T.);
#1699=EDGE_CURVE('',#2103,#2127,#72,.T.);
#1700=EDGE_CURVE('',#2127,#2128,#2541,.T.);
#1701=EDGE_CURVE('',#2128,#2104,#2542,.T.);
#1702=EDGE_CURVE('',#2128,#1953,#2543,.T.);
#1703=EDGE_CURVE('',#1954,#1976,#2544,.T.);
#1704=EDGE_CURVE('',#1979,#1957,#2545,.T.);
#1705=EDGE_CURVE('',#2055,#2028,#2546,.T.);
#1706=EDGE_CURVE('',#2027,#2056,#2547,.T.);
#1707=EDGE_CURVE('',#2025,#2053,#2548,.T.);
#1708=EDGE_CURVE('',#2026,#2054,#2549,.T.);
#1709=EDGE_CURVE('',#2051,#2024,#2550,.T.);
#1710=EDGE_CURVE('',#2023,#2052,#2551,.T.);
#1711=EDGE_CURVE('',#2021,#2049,#2552,.T.);
#1712=EDGE_CURVE('',#2022,#2050,#2553,.T.);
#1713=EDGE_CURVE('',#2066,#2129,#142,.T.);
#1714=EDGE_CURVE('',#2130,#2129,#2554,.T.);
#1715=EDGE_CURVE('',#2130,#2131,#2555,.T.);
#1716=EDGE_CURVE('',#2131,#2132,#2556,.T.);
#1717=EDGE_CURVE('',#2132,#2032,#143,.T.);
#1718=EDGE_CURVE('',#2031,#2067,#2557,.T.);
#1719=EDGE_CURVE('',#2038,#2060,#2558,.T.);
#1720=EDGE_CURVE('',#2133,#2134,#2559,.T.);
#1721=EDGE_CURVE('',#2133,#2135,#2560,.T.);
#1722=EDGE_CURVE('',#2136,#2135,#2561,.T.);
#1723=EDGE_CURVE('',#2136,#2061,#144,.T.);
#1724=EDGE_CURVE('',#2037,#2134,#145,.T.);
#1725=EDGE_CURVE('',#2137,#2138,#2562,.T.);
#1726=EDGE_CURVE('',#2137,#2139,#2563,.T.);
#1727=EDGE_CURVE('',#2139,#2140,#2564,.T.);
#1728=EDGE_CURVE('',#2140,#2036,#146,.T.);
#1729=EDGE_CURVE('',#2035,#2063,#2565,.T.);
#1730=EDGE_CURVE('',#2062,#2138,#147,.T.);
#1731=EDGE_CURVE('',#2034,#2064,#2566,.T.);
#1732=EDGE_CURVE('',#2141,#2142,#2567,.T.);
#1733=EDGE_CURVE('',#2141,#2065,#148,.T.);
#1734=EDGE_CURVE('',#2033,#2143,#149,.T.);
#1735=EDGE_CURVE('',#2144,#2143,#2568,.T.);
#1736=EDGE_CURVE('',#2144,#2142,#2569,.T.);
#1737=EDGE_CURVE('',#2070,#2115,#24,.F.);
#1738=EDGE_CURVE('',#2116,#2080,#25,.F.);
#1739=EDGE_CURVE('',#1999,#2108,#2570,.T.);
#1740=EDGE_CURVE('',#2107,#2000,#2571,.T.);
#1741=EDGE_CURVE('',#1997,#2105,#2572,.T.);
#1742=EDGE_CURVE('',#1998,#2106,#2573,.T.);
#1743=EDGE_CURVE('',#2145,#1969,#2574,.T.);
#1744=EDGE_CURVE('',#2145,#2146,#26,.T.);
#1745=EDGE_CURVE('',#2146,#2013,#2575,.T.);
#1746=EDGE_CURVE('',#2012,#2147,#2576,.T.);
#1747=EDGE_CURVE('',#2147,#2148,#150,.T.);
#1748=EDGE_CURVE('',#1966,#2148,#2577,.T.);
#1749=EDGE_CURVE('',#2004,#2149,#2578,.T.);
#1750=EDGE_CURVE('',#2149,#2150,#27,.T.);
#1751=EDGE_CURVE('',#1974,#2150,#2579,.T.);
#1752=EDGE_CURVE('',#2151,#1977,#2580,.T.);
#1753=EDGE_CURVE('',#2151,#2152,#151,.T.);
#1754=EDGE_CURVE('',#2152,#2005,#2581,.T.);
#1755=EDGE_CURVE('',#2077,#2153,#152,.T.);
#1756=EDGE_CURVE('',#2154,#2153,#2582,.T.);
#1757=EDGE_CURVE('',#2154,#2155,#2583,.T.);
#1758=EDGE_CURVE('',#2155,#2156,#2584,.T.);
#1759=EDGE_CURVE('',#2156,#2042,#153,.T.);
#1760=EDGE_CURVE('',#2041,#2078,#2585,.T.);
#1761=EDGE_CURVE('',#2048,#2071,#2586,.T.);
#1762=EDGE_CURVE('',#2157,#2158,#2587,.T.);
#1763=EDGE_CURVE('',#2157,#2072,#154,.T.);
#1764=EDGE_CURVE('',#2047,#2159,#155,.T.);
#1765=EDGE_CURVE('',#2160,#2159,#2588,.T.);
#1766=EDGE_CURVE('',#2160,#2158,#2589,.T.);
#1767=EDGE_CURVE('',#2073,#2161,#156,.T.);
#1768=EDGE_CURVE('',#2162,#2161,#2590,.T.);
#1769=EDGE_CURVE('',#2162,#2163,#2591,.T.);
#1770=EDGE_CURVE('',#2163,#2164,#2592,.T.);
#1771=EDGE_CURVE('',#2164,#2046,#157,.T.);
#1772=EDGE_CURVE('',#2045,#2074,#2593,.T.);
#1773=EDGE_CURVE('',#2044,#2075,#2594,.T.);
#1774=EDGE_CURVE('',#2165,#2166,#2595,.T.);
#1775=EDGE_CURVE('',#2165,#2076,#158,.T.);
#1776=EDGE_CURVE('',#2043,#2167,#159,.T.);
#1777=EDGE_CURVE('',#2168,#2167,#2596,.T.);
#1778=EDGE_CURVE('',#2168,#2166,#2597,.T.);
#1779=EDGE_CURVE('',#2161,#2157,#2598,.T.);
#1780=EDGE_CURVE('',#2158,#2162,#160,.T.);
#1781=EDGE_CURVE('',#2153,#2165,#2599,.T.);
#1782=EDGE_CURVE('',#2166,#2154,#161,.T.);
#1783=EDGE_CURVE('',#2135,#2137,#162,.T.);
#1784=EDGE_CURVE('',#2138,#2136,#2600,.T.);
#1785=EDGE_CURVE('',#2129,#2141,#2601,.T.);
#1786=EDGE_CURVE('',#2142,#2130,#163,.T.);
#1787=EDGE_CURVE('',#2167,#2156,#2602,.T.);
#1788=EDGE_CURVE('',#2155,#2168,#164,.T.);
#1789=EDGE_CURVE('',#2159,#2164,#2603,.T.);
#1790=EDGE_CURVE('',#2163,#2160,#165,.T.);
#1791=EDGE_CURVE('',#2143,#2132,#2604,.T.);
#1792=EDGE_CURVE('',#2131,#2144,#166,.T.);
#1793=EDGE_CURVE('',#2134,#2140,#2605,.T.);
#1794=EDGE_CURVE('',#2139,#2133,#167,.T.);
#1795=EDGE_CURVE('',#2039,#2069,#2606,.F.);
#1796=EDGE_CURVE('',#2114,#2010,#73,.T.);
#1797=EDGE_CURVE('',#2096,#2147,#2607,.T.);
#1798=EDGE_CURVE('',#2011,#2113,#2608,.T.);
#1799=EDGE_CURVE('',#2148,#2095,#2609,.T.);
#1800=EDGE_CURVE('',#2007,#2117,#74,.T.);
#1801=EDGE_CURVE('',#2079,#2040,#2610,.F.);
#1802=EDGE_CURVE('',#2152,#2099,#2611,.T.);
#1803=EDGE_CURVE('',#2118,#2006,#2612,.T.);
#1804=EDGE_CURVE('',#2100,#2151,#2613,.T.);
#1805=EDGE_CURVE('',#2029,#2059,#75,.T.);
#1806=EDGE_CURVE('',#2110,#2002,#2614,.T.);
#1807=EDGE_CURVE('',#2003,#2109,#2615,.T.);
#1808=EDGE_CURVE('',#2098,#2149,#2616,.T.);
#1809=EDGE_CURVE('',#2150,#2097,#2617,.T.);
#1810=EDGE_CURVE('',#2068,#2030,#76,.T.);
#1811=EDGE_CURVE('',#2015,#2111,#2618,.T.);
#1812=EDGE_CURVE('',#2146,#2087,#2619,.T.);
#1813=EDGE_CURVE('',#2112,#2014,#2620,.T.);
#1814=EDGE_CURVE('',#2088,#2145,#2621,.T.);
#1815=VERTEX_POINT('',#5760);
#1816=VERTEX_POINT('',#5761);
#1817=VERTEX_POINT('',#5763);
#1818=VERTEX_POINT('',#5765);
#1819=VERTEX_POINT('',#5767);
#1820=VERTEX_POINT('',#5769);
#1821=VERTEX_POINT('',#5771);
#1822=VERTEX_POINT('',#5773);
#1823=VERTEX_POINT('',#5777);
#1824=VERTEX_POINT('',#5778);
#1825=VERTEX_POINT('',#5780);
#1826=VERTEX_POINT('',#5782);
#1827=VERTEX_POINT('',#5784);
#1828=VERTEX_POINT('',#5786);
#1829=VERTEX_POINT('',#5788);
#1830=VERTEX_POINT('',#5790);
#1831=VERTEX_POINT('',#5794);
#1832=VERTEX_POINT('',#5795);
#1833=VERTEX_POINT('',#5797);
#1834=VERTEX_POINT('',#5799);
#1835=VERTEX_POINT('',#5801);
#1836=VERTEX_POINT('',#5803);
#1837=VERTEX_POINT('',#5805);
#1838=VERTEX_POINT('',#5807);
#1839=VERTEX_POINT('',#5811);
#1840=VERTEX_POINT('',#5812);
#1841=VERTEX_POINT('',#5815);
#1842=VERTEX_POINT('',#5819);
#1843=VERTEX_POINT('',#5820);
#1844=VERTEX_POINT('',#5825);
#1845=VERTEX_POINT('',#5829);
#1846=VERTEX_POINT('',#5833);
#1847=VERTEX_POINT('',#5837);
#1848=VERTEX_POINT('',#5841);
#1849=VERTEX_POINT('',#5847);
#1850=VERTEX_POINT('',#5849);
#1851=VERTEX_POINT('',#5853);
#1852=VERTEX_POINT('',#5855);
#1853=VERTEX_POINT('',#5857);
#1854=VERTEX_POINT('',#5861);
#1855=VERTEX_POINT('',#5863);
#1856=VERTEX_POINT('',#5867);
#1857=VERTEX_POINT('',#5871);
#1858=VERTEX_POINT('',#5875);
#1859=VERTEX_POINT('',#5879);
#1860=VERTEX_POINT('',#5883);
#1861=VERTEX_POINT('',#5889);
#1862=VERTEX_POINT('',#5891);
#1863=VERTEX_POINT('',#5895);
#1864=VERTEX_POINT('',#5897);
#1865=VERTEX_POINT('',#5899);
#1866=VERTEX_POINT('',#5903);
#1867=VERTEX_POINT('',#5905);
#1868=VERTEX_POINT('',#5909);
#1869=VERTEX_POINT('',#5913);
#1870=VERTEX_POINT('',#5917);
#1871=VERTEX_POINT('',#5921);
#1872=VERTEX_POINT('',#5925);
#1873=VERTEX_POINT('',#5931);
#1874=VERTEX_POINT('',#5933);
#1875=VERTEX_POINT('',#5937);
#1876=VERTEX_POINT('',#5939);
#1877=VERTEX_POINT('',#5945);
#1878=VERTEX_POINT('',#5949);
#1879=VERTEX_POINT('',#5959);
#1880=VERTEX_POINT('',#5963);
#1881=VERTEX_POINT('',#5971);
#1882=VERTEX_POINT('',#5975);
#1883=VERTEX_POINT('',#5981);
#1884=VERTEX_POINT('',#5985);
#1885=VERTEX_POINT('',#5993);
#1886=VERTEX_POINT('',#5997);
#1887=VERTEX_POINT('',#6003);
#1888=VERTEX_POINT('',#6004);
#1889=VERTEX_POINT('',#6006);
#1890=VERTEX_POINT('',#6008);
#1891=VERTEX_POINT('',#6010);
#1892=VERTEX_POINT('',#6012);
#1893=VERTEX_POINT('',#6014);
#1894=VERTEX_POINT('',#6016);
#1895=VERTEX_POINT('',#6018);
#1896=VERTEX_POINT('',#6020);
#1897=VERTEX_POINT('',#6022);
#1898=VERTEX_POINT('',#6024);
#1899=VERTEX_POINT('',#6031);
#1900=VERTEX_POINT('',#6032);
#1901=VERTEX_POINT('',#6040);
#1902=VERTEX_POINT('',#6047);
#1903=VERTEX_POINT('',#6054);
#1904=VERTEX_POINT('',#6061);
#1905=VERTEX_POINT('',#6068);
#1906=VERTEX_POINT('',#6075);
#1907=VERTEX_POINT('',#6082);
#1908=VERTEX_POINT('',#6086);
#1909=VERTEX_POINT('',#6096);
#1910=VERTEX_POINT('',#6103);
#1911=VERTEX_POINT('',#6112);
#1912=VERTEX_POINT('',#6114);
#1913=VERTEX_POINT('',#6118);
#1914=VERTEX_POINT('',#6122);
#1915=VERTEX_POINT('',#6126);
#1916=VERTEX_POINT('',#6130);
#1917=VERTEX_POINT('',#6134);
#1918=VERTEX_POINT('',#6138);
#1919=VERTEX_POINT('',#6142);
#1920=VERTEX_POINT('',#6146);
#1921=VERTEX_POINT('',#6150);
#1922=VERTEX_POINT('',#6154);
#1923=VERTEX_POINT('',#6162);
#1924=VERTEX_POINT('',#6163);
#1925=VERTEX_POINT('',#6165);
#1926=VERTEX_POINT('',#6167);
#1927=VERTEX_POINT('',#6169);
#1928=VERTEX_POINT('',#6171);
#1929=VERTEX_POINT('',#6173);
#1930=VERTEX_POINT('',#6175);
#1931=VERTEX_POINT('',#6179);
#1932=VERTEX_POINT('',#6181);
#1933=VERTEX_POINT('',#6185);
#1934=VERTEX_POINT('',#6189);
#1935=VERTEX_POINT('',#6193);
#1936=VERTEX_POINT('',#6197);
#1937=VERTEX_POINT('',#6201);
#1938=VERTEX_POINT('',#6205);
#1939=VERTEX_POINT('',#6213);
#1940=VERTEX_POINT('',#6214);
#1941=VERTEX_POINT('',#6216);
#1942=VERTEX_POINT('',#6218);
#1943=VERTEX_POINT('',#6222);
#1944=VERTEX_POINT('',#6223);
#1945=VERTEX_POINT('',#6225);
#1946=VERTEX_POINT('',#6227);
#1947=VERTEX_POINT('',#6231);
#1948=VERTEX_POINT('',#6233);
#1949=VERTEX_POINT('',#6240);
#1950=VERTEX_POINT('',#6242);
#1951=VERTEX_POINT('',#6246);
#1952=VERTEX_POINT('',#6247);
#1953=VERTEX_POINT('',#6258);
#1954=VERTEX_POINT('',#6259);
#1955=VERTEX_POINT('',#6261);
#1956=VERTEX_POINT('',#6263);
#1957=VERTEX_POINT('',#6267);
#1958=VERTEX_POINT('',#6268);
#1959=VERTEX_POINT('',#6270);
#1960=VERTEX_POINT('',#6272);
#1961=VERTEX_POINT('',#6276);
#1962=VERTEX_POINT('',#6277);
#1963=VERTEX_POINT('',#6282);
#1964=VERTEX_POINT('',#6284);
#1965=VERTEX_POINT('',#6291);
#1966=VERTEX_POINT('',#6292);
#1967=VERTEX_POINT('',#6294);
#1968=VERTEX_POINT('',#6296);
#1969=VERTEX_POINT('',#6300);
#1970=VERTEX_POINT('',#6301);
#1971=VERTEX_POINT('',#6303);
#1972=VERTEX_POINT('',#6305);
#1973=VERTEX_POINT('',#6309);
#1974=VERTEX_POINT('',#6310);
#1975=VERTEX_POINT('',#6312);
#1976=VERTEX_POINT('',#6314);
#1977=VERTEX_POINT('',#6318);
#1978=VERTEX_POINT('',#6319);
#1979=VERTEX_POINT('',#6321);
#1980=VERTEX_POINT('',#6323);
#1981=VERTEX_POINT('',#6327);
#1982=VERTEX_POINT('',#6328);
#1983=VERTEX_POINT('',#6330);
#1984=VERTEX_POINT('',#6332);
#1985=VERTEX_POINT('',#6336);
#1986=VERTEX_POINT('',#6337);
#1987=VERTEX_POINT('',#6339);
#1988=VERTEX_POINT('',#6341);
#1989=VERTEX_POINT('',#6345);
#1990=VERTEX_POINT('',#6346);
#1991=VERTEX_POINT('',#6348);
#1992=VERTEX_POINT('',#6350);
#1993=VERTEX_POINT('',#6354);
#1994=VERTEX_POINT('',#6355);
#1995=VERTEX_POINT('',#6357);
#1996=VERTEX_POINT('',#6359);
#1997=VERTEX_POINT('',#6363);
#1998=VERTEX_POINT('',#6364);
#1999=VERTEX_POINT('',#6366);
#2000=VERTEX_POINT('',#6368);
#2001=VERTEX_POINT('',#6371);
#2002=VERTEX_POINT('',#6372);
#2003=VERTEX_POINT('',#6374);
#2004=VERTEX_POINT('',#6376);
#2005=VERTEX_POINT('',#6378);
#2006=VERTEX_POINT('',#6380);
#2007=VERTEX_POINT('',#6382);
#2008=VERTEX_POINT('',#6384);
#2009=VERTEX_POINT('',#6386);
#2010=VERTEX_POINT('',#6388);
#2011=VERTEX_POINT('',#6390);
#2012=VERTEX_POINT('',#6392);
#2013=VERTEX_POINT('',#6394);
#2014=VERTEX_POINT('',#6396);
#2015=VERTEX_POINT('',#6398);
#2016=VERTEX_POINT('',#6400);
#2017=VERTEX_POINT('',#6404);
#2018=VERTEX_POINT('',#6405);
#2019=VERTEX_POINT('',#6407);
#2020=VERTEX_POINT('',#6409);
#2021=VERTEX_POINT('',#6413);
#2022=VERTEX_POINT('',#6414);
#2023=VERTEX_POINT('',#6416);
#2024=VERTEX_POINT('',#6418);
#2025=VERTEX_POINT('',#6421);
#2026=VERTEX_POINT('',#6422);
#2027=VERTEX_POINT('',#6424);
#2028=VERTEX_POINT('',#6426);
#2029=VERTEX_POINT('',#6432);
#2030=VERTEX_POINT('',#6435);
#2031=VERTEX_POINT('',#6441);
#2032=VERTEX_POINT('',#6443);
#2033=VERTEX_POINT('',#6445);
#2034=VERTEX_POINT('',#6447);
#2035=VERTEX_POINT('',#6449);
#2036=VERTEX_POINT('',#6451);
#2037=VERTEX_POINT('',#6453);
#2038=VERTEX_POINT('',#6455);
#2039=VERTEX_POINT('',#6459);
#2040=VERTEX_POINT('',#6462);
#2041=VERTEX_POINT('',#6465);
#2042=VERTEX_POINT('',#6467);
#2043=VERTEX_POINT('',#6469);
#2044=VERTEX_POINT('',#6471);
#2045=VERTEX_POINT('',#6473);
#2046=VERTEX_POINT('',#6475);
#2047=VERTEX_POINT('',#6477);
#2048=VERTEX_POINT('',#6479);
#2049=VERTEX_POINT('',#6483);
#2050=VERTEX_POINT('',#6484);
#2051=VERTEX_POINT('',#6486);
#2052=VERTEX_POINT('',#6488);
#2053=VERTEX_POINT('',#6491);
#2054=VERTEX_POINT('',#6492);
#2055=VERTEX_POINT('',#6494);
#2056=VERTEX_POINT('',#6496);
#2057=VERTEX_POINT('',#6499);
#2058=VERTEX_POINT('',#6500);
#2059=VERTEX_POINT('',#6502);
#2060=VERTEX_POINT('',#6508);
#2061=VERTEX_POINT('',#6510);
#2062=VERTEX_POINT('',#6512);
#2063=VERTEX_POINT('',#6514);
#2064=VERTEX_POINT('',#6516);
#2065=VERTEX_POINT('',#6518);
#2066=VERTEX_POINT('',#6520);
#2067=VERTEX_POINT('',#6522);
#2068=VERTEX_POINT('',#6528);
#2069=VERTEX_POINT('',#6532);
#2070=VERTEX_POINT('',#6533);
#2071=VERTEX_POINT('',#6536);
#2072=VERTEX_POINT('',#6538);
#2073=VERTEX_POINT('',#6540);
#2074=VERTEX_POINT('',#6542);
#2075=VERTEX_POINT('',#6544);
#2076=VERTEX_POINT('',#6546);
#2077=VERTEX_POINT('',#6548);
#2078=VERTEX_POINT('',#6550);
#2079=VERTEX_POINT('',#6553);
#2080=VERTEX_POINT('',#6555);
#2081=VERTEX_POINT('',#6559);
#2082=VERTEX_POINT('',#6560);
#2083=VERTEX_POINT('',#6562);
#2084=VERTEX_POINT('',#6564);
#2085=VERTEX_POINT('',#6568);
#2086=VERTEX_POINT('',#6570);
#2087=VERTEX_POINT('',#6574);
#2088=VERTEX_POINT('',#6576);
#2089=VERTEX_POINT('',#6579);
#2090=VERTEX_POINT('',#6581);
#2091=VERTEX_POINT('',#6583);
#2092=VERTEX_POINT('',#6586);
#2093=VERTEX_POINT('',#6588);
#2094=VERTEX_POINT('',#6590);
#2095=VERTEX_POINT('',#6593);
#2096=VERTEX_POINT('',#6595);
#2097=VERTEX_POINT('',#6599);
#2098=VERTEX_POINT('',#6601);
#2099=VERTEX_POINT('',#6604);
#2100=VERTEX_POINT('',#6606);
#2101=VERTEX_POINT('',#6610);
#2102=VERTEX_POINT('',#6612);
#2103=VERTEX_POINT('',#6614);
#2104=VERTEX_POINT('',#6616);
#2105=VERTEX_POINT('',#6621);
#2106=VERTEX_POINT('',#6622);
#2107=VERTEX_POINT('',#6624);
#2108=VERTEX_POINT('',#6626);
#2109=VERTEX_POINT('',#6629);
#2110=VERTEX_POINT('',#6631);
#2111=VERTEX_POINT('',#6634);
#2112=VERTEX_POINT('',#6636);
#2113=VERTEX_POINT('',#6639);
#2114=VERTEX_POINT('',#6641);
#2115=VERTEX_POINT('',#6643);
#2116=VERTEX_POINT('',#6645);
#2117=VERTEX_POINT('',#6647);
#2118=VERTEX_POINT('',#6649);
#2119=VERTEX_POINT('',#6653);
#2120=VERTEX_POINT('',#6655);
#2121=VERTEX_POINT('',#6659);
#2122=VERTEX_POINT('',#6665);
#2123=VERTEX_POINT('',#6669);
#2124=VERTEX_POINT('',#6673);
#2125=VERTEX_POINT('',#6681);
#2126=VERTEX_POINT('',#6685);
#2127=VERTEX_POINT('',#6692);
#2128=VERTEX_POINT('',#6699);
#2129=VERTEX_POINT('',#6725);
#2130=VERTEX_POINT('',#6727);
#2131=VERTEX_POINT('',#6729);
#2132=VERTEX_POINT('',#6731);
#2133=VERTEX_POINT('',#6739);
#2134=VERTEX_POINT('',#6740);
#2135=VERTEX_POINT('',#6742);
#2136=VERTEX_POINT('',#6744);
#2137=VERTEX_POINT('',#6749);
#2138=VERTEX_POINT('',#6750);
#2139=VERTEX_POINT('',#6752);
#2140=VERTEX_POINT('',#6754);
#2141=VERTEX_POINT('',#6762);
#2142=VERTEX_POINT('',#6763);
#2143=VERTEX_POINT('',#6766);
#2144=VERTEX_POINT('',#6768);
#2145=VERTEX_POINT('',#6783);
#2146=VERTEX_POINT('',#6785);
#2147=VERTEX_POINT('',#6788);
#2148=VERTEX_POINT('',#6790);
#2149=VERTEX_POINT('',#6794);
#2150=VERTEX_POINT('',#6796);
#2151=VERTEX_POINT('',#6799);
#2152=VERTEX_POINT('',#6801);
#2153=VERTEX_POINT('',#6805);
#2154=VERTEX_POINT('',#6807);
#2155=VERTEX_POINT('',#6809);
#2156=VERTEX_POINT('',#6811);
#2157=VERTEX_POINT('',#6819);
#2158=VERTEX_POINT('',#6820);
#2159=VERTEX_POINT('',#6823);
#2160=VERTEX_POINT('',#6825);
#2161=VERTEX_POINT('',#6829);
#2162=VERTEX_POINT('',#6831);
#2163=VERTEX_POINT('',#6833);
#2164=VERTEX_POINT('',#6835);
#2165=VERTEX_POINT('',#6842);
#2166=VERTEX_POINT('',#6843);
#2167=VERTEX_POINT('',#6846);
#2168=VERTEX_POINT('',#6848);
#2169=LINE('',#5759,#2622);
#2170=LINE('',#5762,#2623);
#2171=LINE('',#5764,#2624);
#2172=LINE('',#5768,#2625);
#2173=LINE('',#5770,#2626);
#2174=LINE('',#5772,#2627);
#2175=LINE('',#5774,#2628);
#2176=LINE('',#5776,#2629);
#2177=LINE('',#5779,#2630);
#2178=LINE('',#5781,#2631);
#2179=LINE('',#5785,#2632);
#2180=LINE('',#5787,#2633);
#2181=LINE('',#5789,#2634);
#2182=LINE('',#5791,#2635);
#2183=LINE('',#5793,#2636);
#2184=LINE('',#5796,#2637);
#2185=LINE('',#5798,#2638);
#2186=LINE('',#5802,#2639);
#2187=LINE('',#5804,#2640);
#2188=LINE('',#5806,#2641);
#2189=LINE('',#5808,#2642);
#2190=LINE('',#5810,#2643);
#2191=LINE('',#5813,#2644);
#2192=LINE('',#5814,#2645);
#2193=LINE('',#5816,#2646);
#2194=LINE('',#5818,#2647);
#2195=LINE('',#5821,#2648);
#2196=LINE('',#5822,#2649);
#2197=LINE('',#5824,#2650);
#2198=LINE('',#5826,#2651);
#2199=LINE('',#5828,#2652);
#2200=LINE('',#5830,#2653);
#2201=LINE('',#5832,#2654);
#2202=LINE('',#5834,#2655);
#2203=LINE('',#5838,#2656);
#2204=LINE('',#5840,#2657);
#2205=LINE('',#5842,#2658);
#2206=LINE('',#5844,#2659);
#2207=LINE('',#5846,#2660);
#2208=LINE('',#5848,#2661);
#2209=LINE('',#5850,#2662);
#2210=LINE('',#5852,#2663);
#2211=LINE('',#5854,#2664);
#2212=LINE('',#5856,#2665);
#2213=LINE('',#5858,#2666);
#2214=LINE('',#5860,#2667);
#2215=LINE('',#5862,#2668);
#2216=LINE('',#5864,#2669);
#2217=LINE('',#5866,#2670);
#2218=LINE('',#5868,#2671);
#2219=LINE('',#5870,#2672);
#2220=LINE('',#5872,#2673);
#2221=LINE('',#5874,#2674);
#2222=LINE('',#5876,#2675);
#2223=LINE('',#5880,#2676);
#2224=LINE('',#5882,#2677);
#2225=LINE('',#5884,#2678);
#2226=LINE('',#5886,#2679);
#2227=LINE('',#5888,#2680);
#2228=LINE('',#5890,#2681);
#2229=LINE('',#5892,#2682);
#2230=LINE('',#5894,#2683);
#2231=LINE('',#5896,#2684);
#2232=LINE('',#5898,#2685);
#2233=LINE('',#5900,#2686);
#2234=LINE('',#5902,#2687);
#2235=LINE('',#5904,#2688);
#2236=LINE('',#5906,#2689);
#2237=LINE('',#5908,#2690);
#2238=LINE('',#5910,#2691);
#2239=LINE('',#5912,#2692);
#2240=LINE('',#5914,#2693);
#2241=LINE('',#5916,#2694);
#2242=LINE('',#5918,#2695);
#2243=LINE('',#5922,#2696);
#2244=LINE('',#5924,#2697);
#2245=LINE('',#5926,#2698);
#2246=LINE('',#5928,#2699);
#2247=LINE('',#5930,#2700);
#2248=LINE('',#5932,#2701);
#2249=LINE('',#5934,#2702);
#2250=LINE('',#5936,#2703);
#2251=LINE('',#5938,#2704);
#2252=LINE('',#5940,#2705);
#2253=LINE('',#5942,#2706);
#2254=LINE('',#5944,#2707);
#2255=LINE('',#5946,#2708);
#2256=LINE('',#5948,#2709);
#2257=LINE('',#5950,#2710);
#2258=LINE('',#5952,#2711);
#2259=LINE('',#5954,#2712);
#2260=LINE('',#5956,#2713);
#2261=LINE('',#5958,#2714);
#2262=LINE('',#5960,#2715);
#2263=LINE('',#5962,#2716);
#2264=LINE('',#5964,#2717);
#2265=LINE('',#5966,#2718);
#2266=LINE('',#5968,#2719);
#2267=LINE('',#5970,#2720);
#2268=LINE('',#5972,#2721);
#2269=LINE('',#5974,#2722);
#2270=LINE('',#5976,#2723);
#2271=LINE('',#5978,#2724);
#2272=LINE('',#5980,#2725);
#2273=LINE('',#5982,#2726);
#2274=LINE('',#5984,#2727);
#2275=LINE('',#5986,#2728);
#2276=LINE('',#5988,#2729);
#2277=LINE('',#5990,#2730);
#2278=LINE('',#5992,#2731);
#2279=LINE('',#5994,#2732);
#2280=LINE('',#5996,#2733);
#2281=LINE('',#5998,#2734);
#2282=LINE('',#6000,#2735);
#2283=LINE('',#6002,#2736);
#2284=LINE('',#6005,#2737);
#2285=LINE('',#6007,#2738);
#2286=LINE('',#6009,#2739);
#2287=LINE('',#6011,#2740);
#2288=LINE('',#6013,#2741);
#2289=LINE('',#6015,#2742);
#2290=LINE('',#6017,#2743);
#2291=LINE('',#6019,#2744);
#2292=LINE('',#6021,#2745);
#2293=LINE('',#6023,#2746);
#2294=LINE('',#6025,#2747);
#2295=LINE('',#6033,#2748);
#2296=LINE('',#6034,#2749);
#2297=LINE('',#6041,#2750);
#2298=LINE('',#6048,#2751);
#2299=LINE('',#6055,#2752);
#2300=LINE('',#6062,#2753);
#2301=LINE('',#6069,#2754);
#2302=LINE('',#6076,#2755);
#2303=LINE('',#6083,#2756);
#2304=LINE('',#6085,#2757);
#2305=LINE('',#6097,#2758);
#2306=LINE('',#6104,#2759);
#2307=LINE('',#6111,#2760);
#2308=LINE('',#6113,#2761);
#2309=LINE('',#6115,#2762);
#2310=LINE('',#6117,#2763);
#2311=LINE('',#6119,#2764);
#2312=LINE('',#6121,#2765);
#2313=LINE('',#6123,#2766);
#2314=LINE('',#6125,#2767);
#2315=LINE('',#6127,#2768);
#2316=LINE('',#6129,#2769);
#2317=LINE('',#6131,#2770);
#2318=LINE('',#6133,#2771);
#2319=LINE('',#6135,#2772);
#2320=LINE('',#6137,#2773);
#2321=LINE('',#6139,#2774);
#2322=LINE('',#6141,#2775);
#2323=LINE('',#6143,#2776);
#2324=LINE('',#6145,#2777);
#2325=LINE('',#6147,#2778);
#2326=LINE('',#6149,#2779);
#2327=LINE('',#6151,#2780);
#2328=LINE('',#6153,#2781);
#2329=LINE('',#6155,#2782);
#2330=LINE('',#6157,#2783);
#2331=LINE('',#6161,#2784);
#2332=LINE('',#6164,#2785);
#2333=LINE('',#6166,#2786);
#2334=LINE('',#6168,#2787);
#2335=LINE('',#6170,#2788);
#2336=LINE('',#6172,#2789);
#2337=LINE('',#6174,#2790);
#2338=LINE('',#6176,#2791);
#2339=LINE('',#6178,#2792);
#2340=LINE('',#6180,#2793);
#2341=LINE('',#6182,#2794);
#2342=LINE('',#6184,#2795);
#2343=LINE('',#6186,#2796);
#2344=LINE('',#6188,#2797);
#2345=LINE('',#6190,#2798);
#2346=LINE('',#6192,#2799);
#2347=LINE('',#6194,#2800);
#2348=LINE('',#6196,#2801);
#2349=LINE('',#6198,#2802);
#2350=LINE('',#6200,#2803);
#2351=LINE('',#6202,#2804);
#2352=LINE('',#6204,#2805);
#2353=LINE('',#6206,#2806);
#2354=LINE('',#6208,#2807);
#2355=LINE('',#6212,#2808);
#2356=LINE('',#6215,#2809);
#2357=LINE('',#6217,#2810);
#2358=LINE('',#6219,#2811);
#2359=LINE('',#6221,#2812);
#2360=LINE('',#6224,#2813);
#2361=LINE('',#6226,#2814);
#2362=LINE('',#6228,#2815);
#2363=LINE('',#6230,#2816);
#2364=LINE('',#6232,#2817);
#2365=LINE('',#6234,#2818);
#2366=LINE('',#6236,#2819);
#2367=LINE('',#6237,#2820);
#2368=LINE('',#6239,#2821);
#2369=LINE('',#6241,#2822);
#2370=LINE('',#6243,#2823);
#2371=LINE('',#6245,#2824);
#2372=LINE('',#6248,#2825);
#2373=LINE('',#6249,#2826);
#2374=LINE('',#6251,#2827);
#2375=LINE('',#6253,#2828);
#2376=LINE('',#6260,#2829);
#2377=LINE('',#6264,#2830);
#2378=LINE('',#6269,#2831);
#2379=LINE('',#6273,#2832);
#2380=LINE('',#6290,#2833);
#2381=LINE('',#6293,#2834);
#2382=LINE('',#6295,#2835);
#2383=LINE('',#6297,#2836);
#2384=LINE('',#6299,#2837);
#2385=LINE('',#6302,#2838);
#2386=LINE('',#6304,#2839);
#2387=LINE('',#6306,#2840);
#2388=LINE('',#6308,#2841);
#2389=LINE('',#6311,#2842);
#2390=LINE('',#6313,#2843);
#2391=LINE('',#6315,#2844);
#2392=LINE('',#6317,#2845);
#2393=LINE('',#6320,#2846);
#2394=LINE('',#6322,#2847);
#2395=LINE('',#6324,#2848);
#2396=LINE('',#6326,#2849);
#2397=LINE('',#6329,#2850);
#2398=LINE('',#6331,#2851);
#2399=LINE('',#6333,#2852);
#2400=LINE('',#6335,#2853);
#2401=LINE('',#6338,#2854);
#2402=LINE('',#6340,#2855);
#2403=LINE('',#6342,#2856);
#2404=LINE('',#6347,#2857);
#2405=LINE('',#6349,#2858);
#2406=LINE('',#6351,#2859);
#2407=LINE('',#6356,#2860);
#2408=LINE('',#6358,#2861);
#2409=LINE('',#6360,#2862);
#2410=LINE('',#6362,#2863);
#2411=LINE('',#6365,#2864);
#2412=LINE('',#6367,#2865);
#2413=LINE('',#6369,#2866);
#2414=LINE('',#6370,#2867);
#2415=LINE('',#6375,#2868);
#2416=LINE('',#6377,#2869);
#2417=LINE('',#6379,#2870);
#2418=LINE('',#6383,#2871);
#2419=LINE('',#6385,#2872);
#2420=LINE('',#6387,#2873);
#2421=LINE('',#6391,#2874);
#2422=LINE('',#6393,#2875);
#2423=LINE('',#6395,#2876);
#2424=LINE('',#6399,#2877);
#2425=LINE('',#6401,#2878);
#2426=LINE('',#6406,#2879);
#2427=LINE('',#6410,#2880);
#2428=LINE('',#6412,#2881);
#2429=LINE('',#6415,#2882);
#2430=LINE('',#6417,#2883);
#2431=LINE('',#6419,#2884);
#2432=LINE('',#6420,#2885);
#2433=LINE('',#6423,#2886);
#2434=LINE('',#6425,#2887);
#2435=LINE('',#6427,#2888);
#2436=LINE('',#6433,#2889);
#2437=LINE('',#6434,#2890);
#2438=LINE('',#6440,#2891);
#2439=LINE('',#6442,#2892);
#2440=LINE('',#6444,#2893);
#2441=LINE('',#6446,#2894);
#2442=LINE('',#6448,#2895);
#2443=LINE('',#6450,#2896);
#2444=LINE('',#6452,#2897);
#2445=LINE('',#6454,#2898);
#2446=LINE('',#6456,#2899);
#2447=LINE('',#6460,#2900);
#2448=LINE('',#6461,#2901);
#2449=LINE('',#6464,#2902);
#2450=LINE('',#6466,#2903);
#2451=LINE('',#6468,#2904);
#2452=LINE('',#6470,#2905);
#2453=LINE('',#6472,#2906);
#2454=LINE('',#6474,#2907);
#2455=LINE('',#6476,#2908);
#2456=LINE('',#6478,#2909);
#2457=LINE('',#6480,#2910);
#2458=LINE('',#6482,#2911);
#2459=LINE('',#6485,#2912);
#2460=LINE('',#6487,#2913);
#2461=LINE('',#6489,#2914);
#2462=LINE('',#6490,#2915);
#2463=LINE('',#6493,#2916);
#2464=LINE('',#6495,#2917);
#2465=LINE('',#6497,#2918);
#2466=LINE('',#6498,#2919);
#2467=LINE('',#6501,#2920);
#2468=LINE('',#6507,#2921);
#2469=LINE('',#6509,#2922);
#2470=LINE('',#6511,#2923);
#2471=LINE('',#6513,#2924);
#2472=LINE('',#6515,#2925);
#2473=LINE('',#6517,#2926);
#2474=LINE('',#6519,#2927);
#2475=LINE('',#6521,#2928);
#2476=LINE('',#6523,#2929);
#2477=LINE('',#6529,#2930);
#2478=LINE('',#6531,#2931);
#2479=LINE('',#6535,#2932);
#2480=LINE('',#6537,#2933);
#2481=LINE('',#6539,#2934);
#2482=LINE('',#6541,#2935);
#2483=LINE('',#6543,#2936);
#2484=LINE('',#6545,#2937);
#2485=LINE('',#6547,#2938);
#2486=LINE('',#6549,#2939);
#2487=LINE('',#6551,#2940);
#2488=LINE('',#6554,#2941);
#2489=LINE('',#6556,#2942);
#2490=LINE('',#6561,#2943);
#2491=LINE('',#6565,#2944);
#2492=LINE('',#6571,#2945);
#2493=LINE('',#6573,#2946);
#2494=LINE('',#6577,#2947);
#2495=LINE('',#6578,#2948);
#2496=LINE('',#6582,#2949);
#2497=LINE('',#6584,#2950);
#2498=LINE('',#6585,#2951);
#2499=LINE('',#6587,#2952);
#2500=LINE('',#6591,#2953);
#2501=LINE('',#6592,#2954);
#2502=LINE('',#6596,#2955);
#2503=LINE('',#6598,#2956);
#2504=LINE('',#6602,#2957);
#2505=LINE('',#6603,#2958);
#2506=LINE('',#6607,#2959);
#2507=LINE('',#6608,#2960);
#2508=LINE('',#6609,#2961);
#2509=LINE('',#6611,#2962);
#2510=LINE('',#6615,#2963);
#2511=LINE('',#6617,#2964);
#2512=LINE('',#6618,#2965);
#2513=LINE('',#6620,#2966);
#2514=LINE('',#6623,#2967);
#2515=LINE('',#6625,#2968);
#2516=LINE('',#6627,#2969);
#2517=LINE('',#6628,#2970);
#2518=LINE('',#6632,#2971);
#2519=LINE('',#6633,#2972);
#2520=LINE('',#6637,#2973);
#2521=LINE('',#6638,#2974);
#2522=LINE('',#6642,#2975);
#2523=LINE('',#6644,#2976);
#2524=LINE('',#6646,#2977);
#2525=LINE('',#6650,#2978);
#2526=LINE('',#6652,#2979);
#2527=LINE('',#6656,#2980);
#2528=LINE('',#6658,#2981);
#2529=LINE('',#6660,#2982);
#2530=LINE('',#6662,#2983);
#2531=LINE('',#6664,#2984);
#2532=LINE('',#6666,#2985);
#2533=LINE('',#6668,#2986);
#2534=LINE('',#6670,#2987);
#2535=LINE('',#6674,#2988);
#2536=LINE('',#6676,#2989);
#2537=LINE('',#6678,#2990);
#2538=LINE('',#6680,#2991);
#2539=LINE('',#6682,#2992);
#2540=LINE('',#6684,#2993);
#2541=LINE('',#6698,#2994);
#2542=LINE('',#6700,#2995);
#2543=LINE('',#6702,#2996);
#2544=LINE('',#6704,#2997);
#2545=LINE('',#6706,#2998);
#2546=LINE('',#6708,#2999);
#2547=LINE('',#6709,#3000);
#2548=LINE('',#6711,#3001);
#2549=LINE('',#6713,#3002);
#2550=LINE('',#6716,#3003);
#2551=LINE('',#6717,#3004);
#2552=LINE('',#6719,#3005);
#2553=LINE('',#6721,#3006);
#2554=LINE('',#6726,#3007);
#2555=LINE('',#6728,#3008);
#2556=LINE('',#6730,#3009);
#2557=LINE('',#6733,#3010);
#2558=LINE('',#6736,#3011);
#2559=LINE('',#6738,#3012);
#2560=LINE('',#6741,#3013);
#2561=LINE('',#6743,#3014);
#2562=LINE('',#6748,#3015);
#2563=LINE('',#6751,#3016);
#2564=LINE('',#6753,#3017);
#2565=LINE('',#6756,#3018);
#2566=LINE('',#6759,#3019);
#2567=LINE('',#6761,#3020);
#2568=LINE('',#6767,#3021);
#2569=LINE('',#6769,#3022);
#2570=LINE('',#6774,#3023);
#2571=LINE('',#6775,#3024);
#2572=LINE('',#6777,#3025);
#2573=LINE('',#6779,#3026);
#2574=LINE('',#6782,#3027);
#2575=LINE('',#6786,#3028);
#2576=LINE('',#6787,#3029);
#2577=LINE('',#6791,#3030);
#2578=LINE('',#6793,#3031);
#2579=LINE('',#6797,#3032);
#2580=LINE('',#6798,#3033);
#2581=LINE('',#6802,#3034);
#2582=LINE('',#6806,#3035);
#2583=LINE('',#6808,#3036);
#2584=LINE('',#6810,#3037);
#2585=LINE('',#6813,#3038);
#2586=LINE('',#6816,#3039);
#2587=LINE('',#6818,#3040);
#2588=LINE('',#6824,#3041);
#2589=LINE('',#6826,#3042);
#2590=LINE('',#6830,#3043);
#2591=LINE('',#6832,#3044);
#2592=LINE('',#6834,#3045);
#2593=LINE('',#6837,#3046);
#2594=LINE('',#6839,#3047);
#2595=LINE('',#6841,#3048);
#2596=LINE('',#6847,#3049);
#2597=LINE('',#6849,#3050);
#2598=LINE('',#6851,#3051);
#2599=LINE('',#6854,#3052);
#2600=LINE('',#6858,#3053);
#2601=LINE('',#6860,#3054);
#2602=LINE('',#6863,#3055);
#2603=LINE('',#6866,#3056);
#2604=LINE('',#6869,#3057);
#2605=LINE('',#6872,#3058);
#2606=LINE('',#6887,#3059);
#2607=LINE('',#6893,#3060);
#2608=LINE('',#6894,#3061);
#2609=LINE('',#6896,#3062);
#2610=LINE('',#6902,#3063);
#2611=LINE('',#6904,#3064);
#2612=LINE('',#6905,#3065);
#2613=LINE('',#6907,#3066);
#2614=LINE('',#6913,#3067);
#2615=LINE('',#6915,#3068);
#2616=LINE('',#6916,#3069);
#2617=LINE('',#6918,#3070);
#2618=LINE('',#6924,#3071);
#2619=LINE('',#6926,#3072);
#2620=LINE('',#6927,#3073);
#2621=LINE('',#6929,#3074);
#2622=VECTOR('',#4746,1000.);
#2623=VECTOR('',#4747,1000.);
#2624=VECTOR('',#4748,1000.);
#2625=VECTOR('',#4751,1000.);
#2626=VECTOR('',#4752,1000.);
#2627=VECTOR('',#4753,1000.);
#2628=VECTOR('',#4754,1000.);
#2629=VECTOR('',#4757,1000.);
#2630=VECTOR('',#4758,1000.);
#2631=VECTOR('',#4759,1000.);
#2632=VECTOR('',#4762,1000.);
#2633=VECTOR('',#4763,1000.);
#2634=VECTOR('',#4764,1000.);
#2635=VECTOR('',#4765,1000.);
#2636=VECTOR('',#4768,1000.);
#2637=VECTOR('',#4769,1000.);
#2638=VECTOR('',#4770,1000.);
#2639=VECTOR('',#4773,1000.);
#2640=VECTOR('',#4774,1000.);
#2641=VECTOR('',#4775,1000.);
#2642=VECTOR('',#4776,1000.);
#2643=VECTOR('',#4779,1000.);
#2644=VECTOR('',#4780,1000.);
#2645=VECTOR('',#4781,1000.);
#2646=VECTOR('',#4782,1000.);
#2647=VECTOR('',#4785,1000.);
#2648=VECTOR('',#4786,1000.);
#2649=VECTOR('',#4787,1000.);
#2650=VECTOR('',#4790,1000.);
#2651=VECTOR('',#4791,1000.);
#2652=VECTOR('',#4794,1000.);
#2653=VECTOR('',#4795,1000.);
#2654=VECTOR('',#4798,1000.);
#2655=VECTOR('',#4799,1000.);
#2656=VECTOR('',#4804,1000.);
#2657=VECTOR('',#4807,1000.);
#2658=VECTOR('',#4808,1000.);
#2659=VECTOR('',#4811,1000.);
#2660=VECTOR('',#4814,1000.);
#2661=VECTOR('',#4815,1000.);
#2662=VECTOR('',#4816,1000.);
#2663=VECTOR('',#4819,1000.);
#2664=VECTOR('',#4820,1000.);
#2665=VECTOR('',#4821,1000.);
#2666=VECTOR('',#4822,1000.);
#2667=VECTOR('',#4825,1000.);
#2668=VECTOR('',#4826,1000.);
#2669=VECTOR('',#4827,1000.);
#2670=VECTOR('',#4830,1000.);
#2671=VECTOR('',#4831,1000.);
#2672=VECTOR('',#4834,1000.);
#2673=VECTOR('',#4835,1000.);
#2674=VECTOR('',#4838,1000.);
#2675=VECTOR('',#4839,1000.);
#2676=VECTOR('',#4844,1000.);
#2677=VECTOR('',#4847,1000.);
#2678=VECTOR('',#4848,1000.);
#2679=VECTOR('',#4851,1000.);
#2680=VECTOR('',#4854,1000.);
#2681=VECTOR('',#4855,1000.);
#2682=VECTOR('',#4856,1000.);
#2683=VECTOR('',#4859,1000.);
#2684=VECTOR('',#4860,1000.);
#2685=VECTOR('',#4861,1000.);
#2686=VECTOR('',#4862,1000.);
#2687=VECTOR('',#4865,1000.);
#2688=VECTOR('',#4866,1000.);
#2689=VECTOR('',#4867,1000.);
#2690=VECTOR('',#4870,1000.);
#2691=VECTOR('',#4871,1000.);
#2692=VECTOR('',#4874,1000.);
#2693=VECTOR('',#4875,1000.);
#2694=VECTOR('',#4878,1000.);
#2695=VECTOR('',#4879,1000.);
#2696=VECTOR('',#4884,1000.);
#2697=VECTOR('',#4887,1000.);
#2698=VECTOR('',#4888,1000.);
#2699=VECTOR('',#4891,1000.);
#2700=VECTOR('',#4894,1000.);
#2701=VECTOR('',#4895,1000.);
#2702=VECTOR('',#4896,1000.);
#2703=VECTOR('',#4899,1000.);
#2704=VECTOR('',#4900,1000.);
#2705=VECTOR('',#4901,1000.);
#2706=VECTOR('',#4904,1000.);
#2707=VECTOR('',#4907,1000.);
#2708=VECTOR('',#4908,1000.);
#2709=VECTOR('',#4911,1000.);
#2710=VECTOR('',#4912,1000.);
#2711=VECTOR('',#4915,1000.);
#2712=VECTOR('',#4918,1000.);
#2713=VECTOR('',#4921,1000.);
#2714=VECTOR('',#4924,1000.);
#2715=VECTOR('',#4925,1000.);
#2716=VECTOR('',#4928,1000.);
#2717=VECTOR('',#4929,1000.);
#2718=VECTOR('',#4932,1000.);
#2719=VECTOR('',#4935,1000.);
#2720=VECTOR('',#4938,1000.);
#2721=VECTOR('',#4939,1000.);
#2722=VECTOR('',#4942,1000.);
#2723=VECTOR('',#4943,1000.);
#2724=VECTOR('',#4946,1000.);
#2725=VECTOR('',#4949,1000.);
#2726=VECTOR('',#4950,1000.);
#2727=VECTOR('',#4953,1000.);
#2728=VECTOR('',#4954,1000.);
#2729=VECTOR('',#4957,1000.);
#2730=VECTOR('',#4960,1000.);
#2731=VECTOR('',#4963,1000.);
#2732=VECTOR('',#4964,1000.);
#2733=VECTOR('',#4967,1000.);
#2734=VECTOR('',#4968,1000.);
#2735=VECTOR('',#4971,1000.);
#2736=VECTOR('',#4974,1000.);
#2737=VECTOR('',#4975,1000.);
#2738=VECTOR('',#4976,1000.);
#2739=VECTOR('',#4977,1000.);
#2740=VECTOR('',#4978,1000.);
#2741=VECTOR('',#4979,1000.);
#2742=VECTOR('',#4980,1000.);
#2743=VECTOR('',#4981,1000.);
#2744=VECTOR('',#4982,1000.);
#2745=VECTOR('',#4983,1000.);
#2746=VECTOR('',#4984,1000.);
#2747=VECTOR('',#4985,1000.);
#2748=VECTOR('',#4988,1000.);
#2749=VECTOR('',#4989,1000.);
#2750=VECTOR('',#4992,1000.);
#2751=VECTOR('',#4995,1000.);
#2752=VECTOR('',#4998,1000.);
#2753=VECTOR('',#5001,1000.);
#2754=VECTOR('',#5004,1000.);
#2755=VECTOR('',#5007,1000.);
#2756=VECTOR('',#5010,1000.);
#2757=VECTOR('',#5013,1000.);
#2758=VECTOR('',#5016,1000.);
#2759=VECTOR('',#5019,1000.);
#2760=VECTOR('',#5024,1000.);
#2761=VECTOR('',#5025,1000.);
#2762=VECTOR('',#5026,1000.);
#2763=VECTOR('',#5029,1000.);
#2764=VECTOR('',#5030,1000.);
#2765=VECTOR('',#5033,1000.);
#2766=VECTOR('',#5034,1000.);
#2767=VECTOR('',#5037,1000.);
#2768=VECTOR('',#5038,1000.);
#2769=VECTOR('',#5041,1000.);
#2770=VECTOR('',#5042,1000.);
#2771=VECTOR('',#5045,1000.);
#2772=VECTOR('',#5046,1000.);
#2773=VECTOR('',#5049,1000.);
#2774=VECTOR('',#5050,1000.);
#2775=VECTOR('',#5053,1000.);
#2776=VECTOR('',#5054,1000.);
#2777=VECTOR('',#5057,1000.);
#2778=VECTOR('',#5058,1000.);
#2779=VECTOR('',#5061,1000.);
#2780=VECTOR('',#5062,1000.);
#2781=VECTOR('',#5065,1000.);
#2782=VECTOR('',#5066,1000.);
#2783=VECTOR('',#5069,1000.);
#2784=VECTOR('',#5076,1000.);
#2785=VECTOR('',#5077,1000.);
#2786=VECTOR('',#5078,1000.);
#2787=VECTOR('',#5079,1000.);
#2788=VECTOR('',#5080,1000.);
#2789=VECTOR('',#5081,1000.);
#2790=VECTOR('',#5082,1000.);
#2791=VECTOR('',#5083,1000.);
#2792=VECTOR('',#5086,1000.);
#2793=VECTOR('',#5087,1000.);
#2794=VECTOR('',#5088,1000.);
#2795=VECTOR('',#5091,1000.);
#2796=VECTOR('',#5092,1000.);
#2797=VECTOR('',#5095,1000.);
#2798=VECTOR('',#5096,1000.);
#2799=VECTOR('',#5099,1000.);
#2800=VECTOR('',#5100,1000.);
#2801=VECTOR('',#5103,1000.);
#2802=VECTOR('',#5104,1000.);
#2803=VECTOR('',#5107,1000.);
#2804=VECTOR('',#5108,1000.);
#2805=VECTOR('',#5111,1000.);
#2806=VECTOR('',#5112,1000.);
#2807=VECTOR('',#5115,1000.);
#2808=VECTOR('',#5122,1000.);
#2809=VECTOR('',#5123,1000.);
#2810=VECTOR('',#5124,1000.);
#2811=VECTOR('',#5125,1000.);
#2812=VECTOR('',#5128,1000.);
#2813=VECTOR('',#5129,1000.);
#2814=VECTOR('',#5130,1000.);
#2815=VECTOR('',#5131,1000.);
#2816=VECTOR('',#5134,1000.);
#2817=VECTOR('',#5135,1000.);
#2818=VECTOR('',#5136,1000.);
#2819=VECTOR('',#5139,1000.);
#2820=VECTOR('',#5140,1000.);
#2821=VECTOR('',#5143,1000.);
#2822=VECTOR('',#5144,1000.);
#2823=VECTOR('',#5145,1000.);
#2824=VECTOR('',#5148,1000.);
#2825=VECTOR('',#5149,1000.);
#2826=VECTOR('',#5150,1000.);
#2827=VECTOR('',#5153,1000.);
#2828=VECTOR('',#5156,1000.);
#2829=VECTOR('',#5165,1000.);
#2830=VECTOR('',#5168,1000.);
#2831=VECTOR('',#5173,1000.);
#2832=VECTOR('',#5176,1000.);
#2833=VECTOR('',#5185,1000.);
#2834=VECTOR('',#5186,1000.);
#2835=VECTOR('',#5187,1000.);
#2836=VECTOR('',#5188,1000.);
#2837=VECTOR('',#5191,1000.);
#2838=VECTOR('',#5192,1000.);
#2839=VECTOR('',#5193,1000.);
#2840=VECTOR('',#5194,1000.);
#2841=VECTOR('',#5197,1000.);
#2842=VECTOR('',#5198,1000.);
#2843=VECTOR('',#5199,1000.);
#2844=VECTOR('',#5200,1000.);
#2845=VECTOR('',#5203,1000.);
#2846=VECTOR('',#5204,1000.);
#2847=VECTOR('',#5205,1000.);
#2848=VECTOR('',#5206,1000.);
#2849=VECTOR('',#5209,1000.);
#2850=VECTOR('',#5210,1000.);
#2851=VECTOR('',#5211,1000.);
#2852=VECTOR('',#5212,1000.);
#2853=VECTOR('',#5215,1000.);
#2854=VECTOR('',#5216,1000.);
#2855=VECTOR('',#5217,1000.);
#2856=VECTOR('',#5218,1000.);
#2857=VECTOR('',#5223,1000.);
#2858=VECTOR('',#5224,1000.);
#2859=VECTOR('',#5225,1000.);
#2860=VECTOR('',#5230,1000.);
#2861=VECTOR('',#5231,1000.);
#2862=VECTOR('',#5232,1000.);
#2863=VECTOR('',#5235,1000.);
#2864=VECTOR('',#5236,1000.);
#2865=VECTOR('',#5237,1000.);
#2866=VECTOR('',#5238,1000.);
#2867=VECTOR('',#5239,1000.);
#2868=VECTOR('',#5242,1000.);
#2869=VECTOR('',#5243,1000.);
#2870=VECTOR('',#5244,1000.);
#2871=VECTOR('',#5247,1000.);
#2872=VECTOR('',#5248,1000.);
#2873=VECTOR('',#5249,1000.);
#2874=VECTOR('',#5252,1000.);
#2875=VECTOR('',#5253,1000.);
#2876=VECTOR('',#5254,1000.);
#2877=VECTOR('',#5257,1000.);
#2878=VECTOR('',#5258,1000.);
#2879=VECTOR('',#5263,1000.);
#2880=VECTOR('',#5266,1000.);
#2881=VECTOR('',#5269,1000.);
#2882=VECTOR('',#5270,1000.);
#2883=VECTOR('',#5271,1000.);
#2884=VECTOR('',#5272,1000.);
#2885=VECTOR('',#5273,1000.);
#2886=VECTOR('',#5274,1000.);
#2887=VECTOR('',#5275,1000.);
#2888=VECTOR('',#5276,1000.);
#2889=VECTOR('',#5277,1000.);
#2890=VECTOR('',#5278,1000.);
#2891=VECTOR('',#5279,1000.);
#2892=VECTOR('',#5280,1000.);
#2893=VECTOR('',#5281,1000.);
#2894=VECTOR('',#5282,1000.);
#2895=VECTOR('',#5283,1000.);
#2896=VECTOR('',#5284,1000.);
#2897=VECTOR('',#5285,1000.);
#2898=VECTOR('',#5286,1000.);
#2899=VECTOR('',#5287,1000.);
#2900=VECTOR('',#5292,1000.);
#2901=VECTOR('',#5293,1000.);
#2902=VECTOR('',#5296,1000.);
#2903=VECTOR('',#5297,1000.);
#2904=VECTOR('',#5298,1000.);
#2905=VECTOR('',#5299,1000.);
#2906=VECTOR('',#5300,1000.);
#2907=VECTOR('',#5301,1000.);
#2908=VECTOR('',#5302,1000.);
#2909=VECTOR('',#5303,1000.);
#2910=VECTOR('',#5304,1000.);
#2911=VECTOR('',#5307,1000.);
#2912=VECTOR('',#5308,1000.);
#2913=VECTOR('',#5309,1000.);
#2914=VECTOR('',#5310,1000.);
#2915=VECTOR('',#5311,1000.);
#2916=VECTOR('',#5312,1000.);
#2917=VECTOR('',#5313,1000.);
#2918=VECTOR('',#5314,1000.);
#2919=VECTOR('',#5315,1000.);
#2920=VECTOR('',#5316,1000.);
#2921=VECTOR('',#5317,1000.);
#2922=VECTOR('',#5318,1000.);
#2923=VECTOR('',#5319,1000.);
#2924=VECTOR('',#5320,1000.);
#2925=VECTOR('',#5321,1000.);
#2926=VECTOR('',#5322,1000.);
#2927=VECTOR('',#5323,1000.);
#2928=VECTOR('',#5324,1000.);
#2929=VECTOR('',#5325,1000.);
#2930=VECTOR('',#5326,1000.);
#2931=VECTOR('',#5329,1000.);
#2932=VECTOR('',#5332,1000.);
#2933=VECTOR('',#5333,1000.);
#2934=VECTOR('',#5334,1000.);
#2935=VECTOR('',#5335,1000.);
#2936=VECTOR('',#5336,1000.);
#2937=VECTOR('',#5337,1000.);
#2938=VECTOR('',#5338,1000.);
#2939=VECTOR('',#5339,1000.);
#2940=VECTOR('',#5340,1000.);
#2941=VECTOR('',#5343,1000.);
#2942=VECTOR('',#5344,1000.);
#2943=VECTOR('',#5349,1000.);
#2944=VECTOR('',#5352,1000.);
#2945=VECTOR('',#5359,1000.);
#2946=VECTOR('',#5362,1000.);
#2947=VECTOR('',#5365,1000.);
#2948=VECTOR('',#5366,1000.);
#2949=VECTOR('',#5369,1000.);
#2950=VECTOR('',#5370,1000.);
#2951=VECTOR('',#5371,1000.);
#2952=VECTOR('',#5372,1000.);
#2953=VECTOR('',#5375,1000.);
#2954=VECTOR('',#5376,1000.);
#2955=VECTOR('',#5379,1000.);
#2956=VECTOR('',#5382,1000.);
#2957=VECTOR('',#5385,1000.);
#2958=VECTOR('',#5386,1000.);
#2959=VECTOR('',#5389,1000.);
#2960=VECTOR('',#5390,1000.);
#2961=VECTOR('',#5391,1000.);
#2962=VECTOR('',#5392,1000.);
#2963=VECTOR('',#5395,1000.);
#2964=VECTOR('',#5396,1000.);
#2965=VECTOR('',#5397,1000.);
#2966=VECTOR('',#5400,1000.);
#2967=VECTOR('',#5401,1000.);
#2968=VECTOR('',#5402,1000.);
#2969=VECTOR('',#5403,1000.);
#2970=VECTOR('',#5404,1000.);
#2971=VECTOR('',#5407,1000.);
#2972=VECTOR('',#5408,1000.);
#2973=VECTOR('',#5411,1000.);
#2974=VECTOR('',#5412,1000.);
#2975=VECTOR('',#5415,1000.);
#2976=VECTOR('',#5416,1000.);
#2977=VECTOR('',#5417,1000.);
#2978=VECTOR('',#5420,1000.);
#2979=VECTOR('',#5423,1000.);
#2980=VECTOR('',#5426,1000.);
#2981=VECTOR('',#5429,1000.);
#2982=VECTOR('',#5430,1000.);
#2983=VECTOR('',#5433,1000.);
#2984=VECTOR('',#5436,1000.);
#2985=VECTOR('',#5437,1000.);
#2986=VECTOR('',#5440,1000.);
#2987=VECTOR('',#5441,1000.);
#2988=VECTOR('',#5446,1000.);
#2989=VECTOR('',#5449,1000.);
#2990=VECTOR('',#5452,1000.);
#2991=VECTOR('',#5455,1000.);
#2992=VECTOR('',#5456,1000.);
#2993=VECTOR('',#5459,1000.);
#2994=VECTOR('',#5466,1000.);
#2995=VECTOR('',#5467,1000.);
#2996=VECTOR('',#5470,1000.);
#2997=VECTOR('',#5473,1000.);
#2998=VECTOR('',#5476,1000.);
#2999=VECTOR('',#5479,1000.);
#3000=VECTOR('',#5480,1000.);
#3001=VECTOR('',#5483,1000.);
#3002=VECTOR('',#5486,1000.);
#3003=VECTOR('',#5491,1000.);
#3004=VECTOR('',#5492,1000.);
#3005=VECTOR('',#5495,1000.);
#3006=VECTOR('',#5498,1000.);
#3007=VECTOR('',#5505,1000.);
#3008=VECTOR('',#5506,1000.);
#3009=VECTOR('',#5507,1000.);
#3010=VECTOR('',#5510,1000.);
#3011=VECTOR('',#5515,1000.);
#3012=VECTOR('',#5518,1000.);
#3013=VECTOR('',#5519,1000.);
#3014=VECTOR('',#5520,1000.);
#3015=VECTOR('',#5527,1000.);
#3016=VECTOR('',#5528,1000.);
#3017=VECTOR('',#5529,1000.);
#3018=VECTOR('',#5532,1000.);
#3019=VECTOR('',#5537,1000.);
#3020=VECTOR('',#5540,1000.);
#3021=VECTOR('',#5545,1000.);
#3022=VECTOR('',#5546,1000.);
#3023=VECTOR('',#5555,1000.);
#3024=VECTOR('',#5556,1000.);
#3025=VECTOR('',#5559,1000.);
#3026=VECTOR('',#5562,1000.);
#3027=VECTOR('',#5567,1000.);
#3028=VECTOR('',#5570,1000.);
#3029=VECTOR('',#5571,1000.);
#3030=VECTOR('',#5574,1000.);
#3031=VECTOR('',#5577,1000.);
#3032=VECTOR('',#5580,1000.);
#3033=VECTOR('',#5581,1000.);
#3034=VECTOR('',#5584,1000.);
#3035=VECTOR('',#5589,1000.);
#3036=VECTOR('',#5590,1000.);
#3037=VECTOR('',#5591,1000.);
#3038=VECTOR('',#5594,1000.);
#3039=VECTOR('',#5599,1000.);
#3040=VECTOR('',#5602,1000.);
#3041=VECTOR('',#5607,1000.);
#3042=VECTOR('',#5608,1000.);
#3043=VECTOR('',#5613,1000.);
#3044=VECTOR('',#5614,1000.);
#3045=VECTOR('',#5615,1000.);
#3046=VECTOR('',#5618,1000.);
#3047=VECTOR('',#5621,1000.);
#3048=VECTOR('',#5624,1000.);
#3049=VECTOR('',#5629,1000.);
#3050=VECTOR('',#5630,1000.);
#3051=VECTOR('',#5633,1000.);
#3052=VECTOR('',#5638,1000.);
#3053=VECTOR('',#5645,1000.);
#3054=VECTOR('',#5648,1000.);
#3055=VECTOR('',#5653,1000.);
#3056=VECTOR('',#5658,1000.);
#3057=VECTOR('',#5663,1000.);
#3058=VECTOR('',#5668,1000.);
#3059=VECTOR('',#5697,1000.);
#3060=VECTOR('',#5700,1000.);
#3061=VECTOR('',#5701,1000.);
#3062=VECTOR('',#5704,1000.);
#3063=VECTOR('',#5707,1000.);
#3064=VECTOR('',#5710,1000.);
#3065=VECTOR('',#5711,1000.);
#3066=VECTOR('',#5714,1000.);
#3067=VECTOR('',#5717,1000.);
#3068=VECTOR('',#5720,1000.);
#3069=VECTOR('',#5721,1000.);
#3070=VECTOR('',#5724,1000.);
#3071=VECTOR('',#5727,1000.);
#3072=VECTOR('',#5730,1000.);
#3073=VECTOR('',#5731,1000.);
#3074=VECTOR('',#5734,1000.);
#3075=EDGE_LOOP('',(#168,#169,#170,#171,#172,#173,#174,#175));
#3076=EDGE_LOOP('',(#176,#177,#178,#179,#180,#181,#182,#183));
#3077=EDGE_LOOP('',(#184,#185,#186,#187,#188,#189,#190,#191));
#3078=EDGE_LOOP('',(#192,#193,#194,#195));
#3079=EDGE_LOOP('',(#196,#197,#198,#199));
#3080=EDGE_LOOP('',(#200,#201,#202,#203));
#3081=EDGE_LOOP('',(#204,#205,#206,#207));
#3082=EDGE_LOOP('',(#208,#209,#210,#211));
#3083=EDGE_LOOP('',(#212,#213,#214,#215));
#3084=EDGE_LOOP('',(#216,#217,#218,#219));
#3085=EDGE_LOOP('',(#220,#221,#222,#223));
#3086=EDGE_LOOP('',(#224,#225,#226,#227));
#3087=EDGE_LOOP('',(#228,#229,#230,#231));
#3088=EDGE_LOOP('',(#232,#233,#234,#235));
#3089=EDGE_LOOP('',(#236,#237,#238,#239));
#3090=EDGE_LOOP('',(#240,#241,#242,#243));
#3091=EDGE_LOOP('',(#244,#245,#246,#247));
#3092=EDGE_LOOP('',(#248,#249,#250,#251));
#3093=EDGE_LOOP('',(#252,#253,#254,#255));
#3094=EDGE_LOOP('',(#256,#257,#258,#259));
#3095=EDGE_LOOP('',(#260,#261,#262,#263));
#3096=EDGE_LOOP('',(#264,#265,#266,#267));
#3097=EDGE_LOOP('',(#268,#269,#270,#271));
#3098=EDGE_LOOP('',(#272,#273,#274,#275));
#3099=EDGE_LOOP('',(#276,#277,#278,#279));
#3100=EDGE_LOOP('',(#280,#281,#282,#283));
#3101=EDGE_LOOP('',(#284,#285,#286,#287));
#3102=EDGE_LOOP('',(#288,#289,#290,#291));
#3103=EDGE_LOOP('',(#292,#293,#294,#295));
#3104=EDGE_LOOP('',(#296,#297,#298,#299));
#3105=EDGE_LOOP('',(#300,#301,#302,#303));
#3106=EDGE_LOOP('',(#304,#305,#306));
#3107=EDGE_LOOP('',(#307,#308,#309));
#3108=EDGE_LOOP('',(#310,#311,#312,#313));
#3109=EDGE_LOOP('',(#314,#315,#316));
#3110=EDGE_LOOP('',(#317,#318,#319,#320,#321,#322,#323,#324));
#3111=EDGE_LOOP('',(#325,#326,#327));
#3112=EDGE_LOOP('',(#328,#329,#330));
#3113=EDGE_LOOP('',(#331,#332,#333,#334));
#3114=EDGE_LOOP('',(#335,#336,#337));
#3115=EDGE_LOOP('',(#338,#339,#340,#341,#342,#343,#344,#345));
#3116=EDGE_LOOP('',(#346,#347,#348));
#3117=EDGE_LOOP('',(#349,#350,#351,#352));
#3118=EDGE_LOOP('',(#353,#354,#355));
#3119=EDGE_LOOP('',(#356,#357,#358));
#3120=EDGE_LOOP('',(#359,#360,#361,#362));
#3121=EDGE_LOOP('',(#363,#364,#365));
#3122=EDGE_LOOP('',(#366,#367,#368,#369,#370,#371,#372,#373));
#3123=EDGE_LOOP('',(#374,#375,#376));
#3124=EDGE_LOOP('',(#377,#378,#379,#380));
#3125=EDGE_LOOP('',(#381,#382,#383));
#3126=EDGE_LOOP('',(#384,#385,#386,#387,#388,#389,#390,#391));
#3127=EDGE_LOOP('',(#392,#393,#394,#395,#396,#397,#398,#399));
#3128=EDGE_LOOP('',(#400,#401,#402,#403,#404,#405,#406,#407));
#3129=EDGE_LOOP('',(#408,#409,#410,#411,#412,#413,#414,#415,#416,#417,#418,
#419));
#3130=EDGE_LOOP('',(#420,#421,#422,#423));
#3131=EDGE_LOOP('',(#424,#425,#426,#427));
#3132=EDGE_LOOP('',(#428,#429,#430,#431));
#3133=EDGE_LOOP('',(#432,#433,#434,#435));
#3134=EDGE_LOOP('',(#436,#437,#438,#439));
#3135=EDGE_LOOP('',(#440,#441,#442,#443));
#3136=EDGE_LOOP('',(#444,#445,#446,#447));
#3137=EDGE_LOOP('',(#448,#449,#450,#451));
#3138=EDGE_LOOP('',(#452,#453,#454,#455));
#3139=EDGE_LOOP('',(#456,#457,#458,#459));
#3140=EDGE_LOOP('',(#460,#461,#462,#463));
#3141=EDGE_LOOP('',(#464,#465,#466,#467));
#3142=EDGE_LOOP('',(#468,#469,#470,#471));
#3143=EDGE_LOOP('',(#472,#473,#474,#475));
#3144=EDGE_LOOP('',(#476,#477,#478,#479));
#3145=EDGE_LOOP('',(#480,#481,#482,#483));
#3146=EDGE_LOOP('',(#484,#485,#486,#487));
#3147=EDGE_LOOP('',(#488,#489,#490,#491));
#3148=EDGE_LOOP('',(#492,#493,#494,#495));
#3149=EDGE_LOOP('',(#496,#497,#498,#499));
#3150=EDGE_LOOP('',(#500,#501,#502,#503));
#3151=EDGE_LOOP('',(#504,#505,#506,#507));
#3152=EDGE_LOOP('',(#508,#509,#510,#511));
#3153=EDGE_LOOP('',(#512,#513,#514,#515));
#3154=EDGE_LOOP('',(#516,#517,#518,#519,#520,#521,#522,#523,#524,#525,#526,
#527));
#3155=EDGE_LOOP('',(#528,#529,#530,#531,#532,#533,#534,#535));
#3156=EDGE_LOOP('',(#536,#537,#538,#539));
#3157=EDGE_LOOP('',(#540,#541,#542,#543));
#3158=EDGE_LOOP('',(#544,#545,#546,#547));
#3159=EDGE_LOOP('',(#548,#549,#550,#551));
#3160=EDGE_LOOP('',(#552,#553,#554,#555));
#3161=EDGE_LOOP('',(#556,#557,#558,#559));
#3162=EDGE_LOOP('',(#560,#561,#562,#563));
#3163=EDGE_LOOP('',(#564,#565,#566,#567));
#3164=EDGE_LOOP('',(#568,#569,#570,#571,#572,#573,#574,#575));
#3165=EDGE_LOOP('',(#576,#577,#578,#579));
#3166=EDGE_LOOP('',(#580,#581,#582,#583));
#3167=EDGE_LOOP('',(#584,#585,#586,#587));
#3168=EDGE_LOOP('',(#588,#589,#590,#591));
#3169=EDGE_LOOP('',(#592,#593,#594,#595));
#3170=EDGE_LOOP('',(#596,#597,#598,#599));
#3171=EDGE_LOOP('',(#600,#601,#602,#603,#604,#605,#606));
#3172=EDGE_LOOP('',(#607,#608,#609,#610,#611,#612,#613));
#3173=EDGE_LOOP('',(#614,#615,#616,#617));
#3174=EDGE_LOOP('',(#618,#619,#620,#621));
#3175=EDGE_LOOP('',(#622,#623,#624,#625));
#3176=EDGE_LOOP('',(#626,#627,#628,#629));
#3177=EDGE_LOOP('',(#630,#631,#632,#633));
#3178=EDGE_LOOP('',(#634,#635,#636,#637));
#3179=EDGE_LOOP('',(#638,#639,#640,#641));
#3180=EDGE_LOOP('',(#642,#643,#644,#645));
#3181=EDGE_LOOP('',(#646,#647,#648,#649));
#3182=EDGE_LOOP('',(#650,#651,#652,#653));
#3183=EDGE_LOOP('',(#654,#655,#656,#657));
#3184=EDGE_LOOP('',(#658,#659,#660,#661));
#3185=EDGE_LOOP('',(#662,#663,#664,#665));
#3186=EDGE_LOOP('',(#666,#667,#668,#669,#670,#671,#672,#673,#674,#675,#676,
#677,#678,#679,#680,#681));
#3187=EDGE_LOOP('',(#682,#683,#684,#685));
#3188=EDGE_LOOP('',(#686,#687,#688,#689));
#3189=EDGE_LOOP('',(#690,#691,#692,#693));
#3190=EDGE_LOOP('',(#694,#695,#696,#697,#698,#699,#700,#701,#702,#703,#704,
#705,#706,#707,#708,#709));
#3191=EDGE_LOOP('',(#710,#711,#712,#713,#714,#715,#716,#717,#718,#719,#720,
#721,#722,#723,#724,#725));
#3192=EDGE_LOOP('',(#726,#727,#728,#729));
#3193=EDGE_LOOP('',(#730,#731,#732,#733));
#3194=EDGE_LOOP('',(#734,#735,#736,#737,#738,#739,#740,#741,#742,#743,#744,
#745,#746,#747,#748,#749));
#3195=EDGE_LOOP('',(#750,#751,#752,#753,#754,#755,#756,#757,#758,#759,#760,
#761,#762,#763,#764,#765));
#3196=EDGE_LOOP('',(#766,#767,#768,#769));
#3197=EDGE_LOOP('',(#770,#771,#772,#773));
#3198=EDGE_LOOP('',(#774,#775,#776,#777,#778,#779,#780,#781,#782,#783,#784,
#785,#786,#787,#788,#789,#790,#791));
#3199=EDGE_LOOP('',(#792,#793,#794,#795,#796,#797,#798,#799,#800,#801,#802,
#803,#804,#805,#806,#807,#808,#809));
#3200=EDGE_LOOP('',(#810,#811,#812,#813));
#3201=EDGE_LOOP('',(#814,#815,#816,#817,#818,#819,#820,#821,#822,#823,#824,
#825,#826,#827,#828,#829));
#3202=EDGE_LOOP('',(#830,#831,#832,#833));
#3203=EDGE_LOOP('',(#834,#835,#836,#837));
#3204=EDGE_LOOP('',(#838,#839,#840,#841));
#3205=EDGE_LOOP('',(#842,#843,#844,#845));
#3206=EDGE_LOOP('',(#846,#847,#848,#849));
#3207=EDGE_LOOP('',(#850,#851,#852,#853));
#3208=EDGE_LOOP('',(#854,#855,#856,#857));
#3209=EDGE_LOOP('',(#858,#859,#860,#861));
#3210=EDGE_LOOP('',(#862,#863,#864,#865));
#3211=EDGE_LOOP('',(#866,#867,#868,#869));
#3212=EDGE_LOOP('',(#870,#871,#872,#873));
#3213=EDGE_LOOP('',(#874,#875,#876,#877));
#3214=EDGE_LOOP('',(#878,#879,#880,#881));
#3215=EDGE_LOOP('',(#882,#883,#884,#885));
#3216=EDGE_LOOP('',(#886,#887,#888,#889));
#3217=EDGE_LOOP('',(#890,#891,#892,#893));
#3218=EDGE_LOOP('',(#894,#895,#896,#897));
#3219=EDGE_LOOP('',(#898,#899,#900,#901));
#3220=EDGE_LOOP('',(#902,#903,#904,#905));
#3221=EDGE_LOOP('',(#906,#907,#908,#909));
#3222=EDGE_LOOP('',(#910,#911,#912,#913));
#3223=EDGE_LOOP('',(#914,#915,#916,#917));
#3224=EDGE_LOOP('',(#918,#919,#920,#921));
#3225=EDGE_LOOP('',(#922,#923,#924,#925,#926,#927,#928,#929));
#3226=EDGE_LOOP('',(#930,#931,#932,#933));
#3227=EDGE_LOOP('',(#934,#935,#936,#937));
#3228=EDGE_LOOP('',(#938,#939,#940,#941,#942,#943,#944,#945));
#3229=EDGE_LOOP('',(#946,#947,#948,#949,#950,#951,#952,#953));
#3230=EDGE_LOOP('',(#954,#955,#956,#957));
#3231=EDGE_LOOP('',(#958,#959,#960,#961,#962,#963,#964,#965));
#3232=EDGE_LOOP('',(#966,#967,#968,#969));
#3233=EDGE_LOOP('',(#970,#971,#972,#973));
#3234=EDGE_LOOP('',(#974,#975,#976,#977));
#3235=EDGE_LOOP('',(#978,#979,#980,#981));
#3236=EDGE_LOOP('',(#982,#983,#984,#985));
#3237=EDGE_LOOP('',(#986,#987,#988,#989,#990,#991,#992,#993,#994,#995,#996,
#997,#998,#999,#1000,#1001,#1002,#1003));
#3238=EDGE_LOOP('',(#1004,#1005,#1006,#1007,#1008,#1009,#1010,#1011,#1012,
#1013,#1014,#1015,#1016,#1017,#1018,#1019,#1020,#1021));
#3239=EDGE_LOOP('',(#1022,#1023,#1024,#1025,#1026,#1027,#1028,#1029));
#3240=EDGE_LOOP('',(#1030,#1031,#1032,#1033));
#3241=EDGE_LOOP('',(#1034,#1035,#1036,#1037));
#3242=EDGE_LOOP('',(#1038,#1039,#1040,#1041,#1042,#1043,#1044,#1045));
#3243=EDGE_LOOP('',(#1046,#1047,#1048,#1049,#1050,#1051,#1052,#1053));
#3244=EDGE_LOOP('',(#1054,#1055,#1056,#1057));
#3245=EDGE_LOOP('',(#1058,#1059,#1060,#1061,#1062,#1063,#1064,#1065));
#3246=EDGE_LOOP('',(#1066,#1067,#1068,#1069));
#3247=EDGE_LOOP('',(#1070,#1071,#1072,#1073));
#3248=EDGE_LOOP('',(#1074,#1075,#1076,#1077));
#3249=EDGE_LOOP('',(#1078,#1079,#1080,#1081));
#3250=EDGE_LOOP('',(#1082,#1083,#1084,#1085));
#3251=EDGE_LOOP('',(#1086,#1087,#1088,#1089));
#3252=EDGE_LOOP('',(#1090,#1091,#1092,#1093));
#3253=EDGE_LOOP('',(#1094,#1095,#1096,#1097));
#3254=EDGE_LOOP('',(#1098,#1099,#1100,#1101));
#3255=EDGE_LOOP('',(#1102,#1103,#1104,#1105));
#3256=EDGE_LOOP('',(#1106,#1107,#1108,#1109));
#3257=EDGE_LOOP('',(#1110,#1111,#1112,#1113));
#3258=EDGE_LOOP('',(#1114,#1115,#1116,#1117));
#3259=EDGE_LOOP('',(#1118,#1119,#1120,#1121));
#3260=EDGE_LOOP('',(#1122,#1123,#1124,#1125));
#3261=EDGE_LOOP('',(#1126,#1127,#1128,#1129));
#3262=EDGE_LOOP('',(#1130,#1131,#1132,#1133));
#3263=EDGE_LOOP('',(#1134,#1135,#1136,#1137));
#3264=EDGE_LOOP('',(#1138,#1139,#1140,#1141));
#3265=EDGE_LOOP('',(#1142,#1143,#1144,#1145));
#3266=EDGE_LOOP('',(#1146,#1147,#1148,#1149,#1150,#1151,#1152));
#3267=EDGE_LOOP('',(#1153,#1154,#1155,#1156,#1157,#1158,#1159));
#3268=EDGE_LOOP('',(#1160,#1161,#1162,#1163));
#3269=EDGE_LOOP('',(#1164,#1165,#1166,#1167,#1168,#1169,#1170));
#3270=EDGE_LOOP('',(#1171,#1172,#1173,#1174,#1175,#1176,#1177));
#3271=EDGE_LOOP('',(#1178,#1179,#1180,#1181));
#3272=EDGE_LOOP('',(#1182,#1183,#1184,#1185,#1186,#1187,#1188));
#3273=EDGE_LOOP('',(#1189,#1190,#1191,#1192,#1193,#1194,#1195));
#3274=EDGE_LOOP('',(#1196,#1197,#1198,#1199));
#3275=EDGE_LOOP('',(#1200,#1201,#1202,#1203,#1204,#1205,#1206));
#3276=EDGE_LOOP('',(#1207,#1208,#1209,#1210,#1211,#1212,#1213));
#3277=EDGE_LOOP('',(#1214,#1215,#1216,#1217));
#3278=EDGE_LOOP('',(#1218,#1219,#1220,#1221));
#3279=EDGE_LOOP('',(#1222,#1223,#1224,#1225));
#3280=EDGE_LOOP('',(#1226,#1227,#1228,#1229));
#3281=EDGE_LOOP('',(#1230,#1231,#1232,#1233));
#3282=EDGE_LOOP('',(#1234,#1235,#1236,#1237));
#3283=EDGE_LOOP('',(#1238,#1239,#1240,#1241));
#3284=EDGE_LOOP('',(#1242,#1243,#1244,#1245));
#3285=EDGE_LOOP('',(#1246,#1247,#1248,#1249));
#3286=EDGE_LOOP('',(#1250,#1251,#1252,#1253));
#3287=EDGE_LOOP('',(#1254,#1255,#1256,#1257));
#3288=EDGE_LOOP('',(#1258,#1259,#1260,#1261));
#3289=EDGE_LOOP('',(#1262,#1263,#1264,#1265));
#3290=FACE_BOUND('',#3075,.T.);
#3291=FACE_BOUND('',#3076,.T.);
#3292=FACE_BOUND('',#3077,.T.);
#3293=FACE_BOUND('',#3078,.T.);
#3294=FACE_BOUND('',#3079,.T.);
#3295=FACE_BOUND('',#3080,.T.);
#3296=FACE_BOUND('',#3081,.T.);
#3297=FACE_BOUND('',#3082,.T.);
#3298=FACE_BOUND('',#3083,.T.);
#3299=FACE_BOUND('',#3084,.T.);
#3300=FACE_BOUND('',#3085,.T.);
#3301=FACE_BOUND('',#3086,.T.);
#3302=FACE_BOUND('',#3087,.T.);
#3303=FACE_BOUND('',#3088,.T.);
#3304=FACE_BOUND('',#3089,.T.);
#3305=FACE_BOUND('',#3090,.T.);
#3306=FACE_BOUND('',#3091,.T.);
#3307=FACE_BOUND('',#3092,.T.);
#3308=FACE_BOUND('',#3093,.T.);
#3309=FACE_BOUND('',#3094,.T.);
#3310=FACE_BOUND('',#3095,.T.);
#3311=FACE_BOUND('',#3096,.T.);
#3312=FACE_BOUND('',#3097,.T.);
#3313=FACE_BOUND('',#3098,.T.);
#3314=FACE_BOUND('',#3099,.T.);
#3315=FACE_BOUND('',#3100,.T.);
#3316=FACE_BOUND('',#3101,.T.);
#3317=FACE_BOUND('',#3102,.T.);
#3318=FACE_BOUND('',#3103,.T.);
#3319=FACE_BOUND('',#3104,.T.);
#3320=FACE_BOUND('',#3105,.T.);
#3321=FACE_BOUND('',#3106,.T.);
#3322=FACE_BOUND('',#3107,.T.);
#3323=FACE_BOUND('',#3108,.T.);
#3324=FACE_BOUND('',#3109,.T.);
#3325=FACE_BOUND('',#3110,.T.);
#3326=FACE_BOUND('',#3111,.T.);
#3327=FACE_BOUND('',#3112,.T.);
#3328=FACE_BOUND('',#3113,.T.);
#3329=FACE_BOUND('',#3114,.T.);
#3330=FACE_BOUND('',#3115,.T.);
#3331=FACE_BOUND('',#3116,.T.);
#3332=FACE_BOUND('',#3117,.T.);
#3333=FACE_BOUND('',#3118,.T.);
#3334=FACE_BOUND('',#3119,.T.);
#3335=FACE_BOUND('',#3120,.T.);
#3336=FACE_BOUND('',#3121,.T.);
#3337=FACE_BOUND('',#3122,.T.);
#3338=FACE_BOUND('',#3123,.T.);
#3339=FACE_BOUND('',#3124,.T.);
#3340=FACE_BOUND('',#3125,.T.);
#3341=FACE_BOUND('',#3126,.T.);
#3342=FACE_BOUND('',#3127,.T.);
#3343=FACE_BOUND('',#3128,.T.);
#3344=FACE_BOUND('',#3129,.T.);
#3345=FACE_BOUND('',#3130,.T.);
#3346=FACE_BOUND('',#3131,.T.);
#3347=FACE_BOUND('',#3132,.T.);
#3348=FACE_BOUND('',#3133,.T.);
#3349=FACE_BOUND('',#3134,.T.);
#3350=FACE_BOUND('',#3135,.T.);
#3351=FACE_BOUND('',#3136,.T.);
#3352=FACE_BOUND('',#3137,.T.);
#3353=FACE_BOUND('',#3138,.T.);
#3354=FACE_BOUND('',#3139,.T.);
#3355=FACE_BOUND('',#3140,.T.);
#3356=FACE_BOUND('',#3141,.T.);
#3357=FACE_BOUND('',#3142,.T.);
#3358=FACE_BOUND('',#3143,.T.);
#3359=FACE_BOUND('',#3144,.T.);
#3360=FACE_BOUND('',#3145,.T.);
#3361=FACE_BOUND('',#3146,.T.);
#3362=FACE_BOUND('',#3147,.T.);
#3363=FACE_BOUND('',#3148,.T.);
#3364=FACE_BOUND('',#3149,.T.);
#3365=FACE_BOUND('',#3150,.T.);
#3366=FACE_BOUND('',#3151,.T.);
#3367=FACE_BOUND('',#3152,.T.);
#3368=FACE_BOUND('',#3153,.T.);
#3369=FACE_BOUND('',#3154,.T.);
#3370=FACE_BOUND('',#3155,.T.);
#3371=FACE_BOUND('',#3156,.T.);
#3372=FACE_BOUND('',#3157,.T.);
#3373=FACE_BOUND('',#3158,.T.);
#3374=FACE_BOUND('',#3159,.T.);
#3375=FACE_BOUND('',#3160,.T.);
#3376=FACE_BOUND('',#3161,.T.);
#3377=FACE_BOUND('',#3162,.T.);
#3378=FACE_BOUND('',#3163,.T.);
#3379=FACE_BOUND('',#3164,.T.);
#3380=FACE_BOUND('',#3165,.T.);
#3381=FACE_BOUND('',#3166,.T.);
#3382=FACE_BOUND('',#3167,.T.);
#3383=FACE_BOUND('',#3168,.T.);
#3384=FACE_BOUND('',#3169,.T.);
#3385=FACE_BOUND('',#3170,.T.);
#3386=FACE_BOUND('',#3171,.T.);
#3387=FACE_BOUND('',#3172,.T.);
#3388=FACE_BOUND('',#3173,.T.);
#3389=FACE_BOUND('',#3174,.T.);
#3390=FACE_BOUND('',#3175,.T.);
#3391=FACE_BOUND('',#3176,.T.);
#3392=FACE_BOUND('',#3177,.T.);
#3393=FACE_BOUND('',#3178,.T.);
#3394=FACE_BOUND('',#3179,.T.);
#3395=FACE_BOUND('',#3180,.T.);
#3396=FACE_BOUND('',#3181,.T.);
#3397=FACE_BOUND('',#3182,.T.);
#3398=FACE_BOUND('',#3183,.T.);
#3399=FACE_BOUND('',#3184,.T.);
#3400=FACE_BOUND('',#3185,.T.);
#3401=FACE_BOUND('',#3186,.T.);
#3402=FACE_BOUND('',#3187,.T.);
#3403=FACE_BOUND('',#3188,.T.);
#3404=FACE_BOUND('',#3189,.T.);
#3405=FACE_BOUND('',#3190,.T.);
#3406=FACE_BOUND('',#3191,.T.);
#3407=FACE_BOUND('',#3192,.T.);
#3408=FACE_BOUND('',#3193,.T.);
#3409=FACE_BOUND('',#3194,.T.);
#3410=FACE_BOUND('',#3195,.T.);
#3411=FACE_BOUND('',#3196,.T.);
#3412=FACE_BOUND('',#3197,.T.);
#3413=FACE_BOUND('',#3198,.T.);
#3414=FACE_BOUND('',#3199,.T.);
#3415=FACE_BOUND('',#3200,.T.);
#3416=FACE_BOUND('',#3201,.T.);
#3417=FACE_BOUND('',#3202,.T.);
#3418=FACE_BOUND('',#3203,.T.);
#3419=FACE_BOUND('',#3204,.T.);
#3420=FACE_BOUND('',#3205,.T.);
#3421=FACE_BOUND('',#3206,.T.);
#3422=FACE_BOUND('',#3207,.T.);
#3423=FACE_BOUND('',#3208,.T.);
#3424=FACE_BOUND('',#3209,.T.);
#3425=FACE_BOUND('',#3210,.T.);
#3426=FACE_BOUND('',#3211,.T.);
#3427=FACE_BOUND('',#3212,.T.);
#3428=FACE_BOUND('',#3213,.T.);
#3429=FACE_BOUND('',#3214,.T.);
#3430=FACE_BOUND('',#3215,.T.);
#3431=FACE_BOUND('',#3216,.T.);
#3432=FACE_BOUND('',#3217,.T.);
#3433=FACE_BOUND('',#3218,.T.);
#3434=FACE_BOUND('',#3219,.T.);
#3435=FACE_BOUND('',#3220,.T.);
#3436=FACE_BOUND('',#3221,.T.);
#3437=FACE_BOUND('',#3222,.T.);
#3438=FACE_BOUND('',#3223,.T.);
#3439=FACE_BOUND('',#3224,.T.);
#3440=FACE_BOUND('',#3225,.T.);
#3441=FACE_BOUND('',#3226,.T.);
#3442=FACE_BOUND('',#3227,.T.);
#3443=FACE_BOUND('',#3228,.T.);
#3444=FACE_BOUND('',#3229,.T.);
#3445=FACE_BOUND('',#3230,.T.);
#3446=FACE_BOUND('',#3231,.T.);
#3447=FACE_BOUND('',#3232,.T.);
#3448=FACE_BOUND('',#3233,.T.);
#3449=FACE_BOUND('',#3234,.T.);
#3450=FACE_BOUND('',#3235,.T.);
#3451=FACE_BOUND('',#3236,.T.);
#3452=FACE_BOUND('',#3237,.T.);
#3453=FACE_BOUND('',#3238,.T.);
#3454=FACE_BOUND('',#3239,.T.);
#3455=FACE_BOUND('',#3240,.T.);
#3456=FACE_BOUND('',#3241,.T.);
#3457=FACE_BOUND('',#3242,.T.);
#3458=FACE_BOUND('',#3243,.T.);
#3459=FACE_BOUND('',#3244,.T.);
#3460=FACE_BOUND('',#3245,.T.);
#3461=FACE_BOUND('',#3246,.T.);
#3462=FACE_BOUND('',#3247,.T.);
#3463=FACE_BOUND('',#3248,.T.);
#3464=FACE_BOUND('',#3249,.T.);
#3465=FACE_BOUND('',#3250,.T.);
#3466=FACE_BOUND('',#3251,.T.);
#3467=FACE_BOUND('',#3252,.T.);
#3468=FACE_BOUND('',#3253,.T.);
#3469=FACE_BOUND('',#3254,.T.);
#3470=FACE_BOUND('',#3255,.T.);
#3471=FACE_BOUND('',#3256,.T.);
#3472=FACE_BOUND('',#3257,.T.);
#3473=FACE_BOUND('',#3258,.T.);
#3474=FACE_BOUND('',#3259,.T.);
#3475=FACE_BOUND('',#3260,.T.);
#3476=FACE_BOUND('',#3261,.T.);
#3477=FACE_BOUND('',#3262,.T.);
#3478=FACE_BOUND('',#3263,.T.);
#3479=FACE_BOUND('',#3264,.T.);
#3480=FACE_BOUND('',#3265,.T.);
#3481=FACE_BOUND('',#3266,.T.);
#3482=FACE_BOUND('',#3267,.T.);
#3483=FACE_BOUND('',#3268,.T.);
#3484=FACE_BOUND('',#3269,.T.);
#3485=FACE_BOUND('',#3270,.T.);
#3486=FACE_BOUND('',#3271,.T.);
#3487=FACE_BOUND('',#3272,.T.);
#3488=FACE_BOUND('',#3273,.T.);
#3489=FACE_BOUND('',#3274,.T.);
#3490=FACE_BOUND('',#3275,.T.);
#3491=FACE_BOUND('',#3276,.T.);
#3492=FACE_BOUND('',#3277,.T.);
#3493=FACE_BOUND('',#3278,.T.);
#3494=FACE_BOUND('',#3279,.T.);
#3495=FACE_BOUND('',#3280,.T.);
#3496=FACE_BOUND('',#3281,.T.);
#3497=FACE_BOUND('',#3282,.T.);
#3498=FACE_BOUND('',#3283,.T.);
#3499=FACE_BOUND('',#3284,.T.);
#3500=FACE_BOUND('',#3285,.T.);
#3501=FACE_BOUND('',#3286,.T.);
#3502=FACE_BOUND('',#3287,.T.);
#3503=FACE_BOUND('',#3288,.T.);
#3504=FACE_BOUND('',#3289,.T.);
#3505=PLANE('',#4462);
#3506=PLANE('',#4464);
#3507=PLANE('',#4466);
#3508=PLANE('',#4468);
#3509=PLANE('',#4469);
#3510=PLANE('',#4470);
#3511=PLANE('',#4471);
#3512=PLANE('',#4472);
#3513=PLANE('',#4475);
#3514=PLANE('',#4476);
#3515=PLANE('',#4477);
#3516=PLANE('',#4478);
#3517=PLANE('',#4479);
#3518=PLANE('',#4480);
#3519=PLANE('',#4481);
#3520=PLANE('',#4482);
#3521=PLANE('',#4485);
#3522=PLANE('',#4486);
#3523=PLANE('',#4487);
#3524=PLANE('',#4488);
#3525=PLANE('',#4489);
#3526=PLANE('',#4490);
#3527=PLANE('',#4491);
#3528=PLANE('',#4492);
#3529=PLANE('',#4495);
#3530=PLANE('',#4496);
#3531=PLANE('',#4497);
#3532=PLANE('',#4498);
#3533=PLANE('',#4499);
#3534=PLANE('',#4500);
#3535=PLANE('',#4501);
#3536=PLANE('',#4502);
#3537=PLANE('',#4503);
#3538=PLANE('',#4504);
#3539=PLANE('',#4505);
#3540=PLANE('',#4506);
#3541=PLANE('',#4507);
#3542=PLANE('',#4508);
#3543=PLANE('',#4509);
#3544=PLANE('',#4510);
#3545=PLANE('',#4511);
#3546=PLANE('',#4512);
#3547=PLANE('',#4513);
#3548=PLANE('',#4514);
#3549=PLANE('',#4515);
#3550=PLANE('',#4516);
#3551=PLANE('',#4517);
#3552=PLANE('',#4518);
#3553=PLANE('',#4519);
#3554=PLANE('',#4520);
#3555=PLANE('',#4521);
#3556=PLANE('',#4522);
#3557=PLANE('',#4523);
#3558=PLANE('',#4524);
#3559=PLANE('',#4525);
#3560=PLANE('',#4526);
#3561=PLANE('',#4527);
#3562=PLANE('',#4528);
#3563=PLANE('',#4529);
#3564=PLANE('',#4530);
#3565=PLANE('',#4531);
#3566=PLANE('',#4532);
#3567=PLANE('',#4533);
#3568=PLANE('',#4534);
#3569=PLANE('',#4535);
#3570=PLANE('',#4536);
#3571=PLANE('',#4537);
#3572=PLANE('',#4538);
#3573=PLANE('',#4539);
#3574=PLANE('',#4540);
#3575=PLANE('',#4541);
#3576=PLANE('',#4542);
#3577=PLANE('',#4543);
#3578=PLANE('',#4544);
#3579=PLANE('',#4546);
#3580=PLANE('',#4547);
#3581=PLANE('',#4548);
#3582=PLANE('',#4549);
#3583=PLANE('',#4550);
#3584=PLANE('',#4551);
#3585=PLANE('',#4552);
#3586=PLANE('',#4553);
#3587=PLANE('',#4554);
#3588=PLANE('',#4555);
#3589=PLANE('',#4557);
#3590=PLANE('',#4558);
#3591=PLANE('',#4559);
#3592=PLANE('',#4560);
#3593=PLANE('',#4561);
#3594=PLANE('',#4562);
#3595=PLANE('',#4563);
#3596=PLANE('',#4564);
#3597=PLANE('',#4565);
#3598=PLANE('',#4576);
#3599=PLANE('',#4577);
#3600=PLANE('',#4578);
#3601=PLANE('',#4579);
#3602=PLANE('',#4580);
#3603=PLANE('',#4581);
#3604=PLANE('',#4582);
#3605=PLANE('',#4584);
#3606=PLANE('',#4586);
#3607=PLANE('',#4594);
#3608=PLANE('',#4595);
#3609=PLANE('',#4598);
#3610=PLANE('',#4599);
#3611=PLANE('',#4608);
#3612=PLANE('',#4613);
#3613=PLANE('',#4617);
#3614=PLANE('',#4624);
#3615=PLANE('',#4625);
#3616=PLANE('',#4626);
#3617=PLANE('',#4627);
#3618=PLANE('',#4630);
#3619=PLANE('',#4631);
#3620=PLANE('',#4632);
#3621=PLANE('',#4633);
#3622=PLANE('',#4636);
#3623=PLANE('',#4637);
#3624=PLANE('',#4638);
#3625=PLANE('',#4639);
#3626=PLANE('',#4640);
#3627=PLANE('',#4641);
#3628=PLANE('',#4642);
#3629=PLANE('',#4643);
#3630=PLANE('',#4644);
#3631=PLANE('',#4645);
#3632=PLANE('',#4646);
#3633=PLANE('',#4647);
#3634=PLANE('',#4648);
#3635=PLANE('',#4651);
#3636=PLANE('',#4652);
#3637=PLANE('',#4653);
#3638=PLANE('',#4656);
#3639=PLANE('',#4659);
#3640=PLANE('',#4660);
#3641=PLANE('',#4666);
#3642=PLANE('',#4667);
#3643=PLANE('',#4668);
#3644=PLANE('',#4669);
#3645=PLANE('',#4670);
#3646=PLANE('',#4673);
#3647=PLANE('',#4676);
#3648=PLANE('',#4679);
#3649=PLANE('',#4680);
#3650=PLANE('',#4681);
#3651=PLANE('',#4684);
#3652=PLANE('',#4687);
#3653=PLANE('',#4688);
#3654=PLANE('',#4691);
#3655=PLANE('',#4693);
#3656=PLANE('',#4695);
#3657=PLANE('',#4697);
#3658=PLANE('',#4699);
#3659=PLANE('',#4701);
#3660=PLANE('',#4703);
#3661=PLANE('',#4705);
#3662=PLANE('',#4719);
#3663=PLANE('',#4720);
#3664=PLANE('',#4721);
#3665=PLANE('',#4722);
#3666=PLANE('',#4723);
#3667=PLANE('',#4724);
#3668=PLANE('',#4725);
#3669=PLANE('',#4726);
#3670=PLANE('',#4727);
#3671=PLANE('',#4728);
#3672=PLANE('',#4729);
#3673=PLANE('',#4730);
#3674=STYLED_ITEM('',(#3754),#4237);
#3675=STYLED_ITEM('',(#3755),#4238);
#3676=STYLED_ITEM('',(#3756),#4239);
#3677=STYLED_ITEM('',(#3757),#4240);
#3678=STYLED_ITEM('',(#3758),#4241);
#3679=STYLED_ITEM('',(#3759),#4242);
#3680=STYLED_ITEM('',(#3760),#4243);
#3681=STYLED_ITEM('',(#3761),#4244);
#3682=STYLED_ITEM('',(#3762),#4245);
#3683=STYLED_ITEM('',(#3763),#4246);
#3684=STYLED_ITEM('',(#3764),#4247);
#3685=STYLED_ITEM('',(#3765),#4248);
#3686=STYLED_ITEM('',(#3766),#4249);
#3687=STYLED_ITEM('',(#3767),#4250);
#3688=STYLED_ITEM('',(#3768),#4251);
#3689=STYLED_ITEM('',(#3769),#4252);
#3690=STYLED_ITEM('',(#3770),#4253);
#3691=STYLED_ITEM('',(#3771),#4254);
#3692=STYLED_ITEM('',(#3772),#4255);
#3693=STYLED_ITEM('',(#3773),#4256);
#3694=STYLED_ITEM('',(#3774),#4257);
#3695=STYLED_ITEM('',(#3775),#4258);
#3696=STYLED_ITEM('',(#3776),#4259);
#3697=STYLED_ITEM('',(#3777),#4260);
#3698=STYLED_ITEM('',(#3778),#4261);
#3699=STYLED_ITEM('',(#3779),#4262);
#3700=STYLED_ITEM('',(#3780),#4263);
#3701=STYLED_ITEM('',(#3781),#4264);
#3702=STYLED_ITEM('',(#3782),#4265);
#3703=STYLED_ITEM('',(#3783),#4266);
#3704=STYLED_ITEM('',(#3784),#4267);
#3705=STYLED_ITEM('',(#3785),#4268);
#3706=STYLED_ITEM('',(#3786),#4269);
#3707=STYLED_ITEM('',(#3787),#4270);
#3708=STYLED_ITEM('',(#3788),#4271);
#3709=STYLED_ITEM('',(#3789),#4272);
#3710=STYLED_ITEM('',(#3790),#4273);
#3711=STYLED_ITEM('',(#3791),#4274);
#3712=STYLED_ITEM('',(#3792),#4275);
#3713=STYLED_ITEM('',(#3793),#4276);
#3714=STYLED_ITEM('',(#3794),#4277);
#3715=STYLED_ITEM('',(#3795),#4278);
#3716=STYLED_ITEM('',(#3796),#4279);
#3717=STYLED_ITEM('',(#3797),#4280);
#3718=STYLED_ITEM('',(#3798),#4281);
#3719=STYLED_ITEM('',(#3799),#4282);
#3720=STYLED_ITEM('',(#3800),#4283);
#3721=STYLED_ITEM('',(#3801),#4284);
#3722=STYLED_ITEM('',(#3802),#4285);
#3723=STYLED_ITEM('',(#3803),#4286);
#3724=STYLED_ITEM('',(#3804),#4287);
#3725=STYLED_ITEM('',(#3805),#4288);
#3726=STYLED_ITEM('',(#3806),#4289);
#3727=STYLED_ITEM('',(#3807),#4290);
#3728=STYLED_ITEM('',(#3808),#4291);
#3729=STYLED_ITEM('',(#3809),#4292);
#3730=STYLED_ITEM('',(#3810),#4293);
#3731=STYLED_ITEM('',(#3811),#4294);
#3732=STYLED_ITEM('',(#3812),#4295);
#3733=STYLED_ITEM('',(#3813),#4296);
#3734=STYLED_ITEM('',(#3814),#4297);
#3735=STYLED_ITEM('',(#3815),#4298);
#3736=STYLED_ITEM('',(#3816),#4299);
#3737=STYLED_ITEM('',(#3817),#4300);
#3738=STYLED_ITEM('',(#3818),#4301);
#3739=STYLED_ITEM('',(#3819),#4302);
#3740=STYLED_ITEM('',(#3820),#4303);
#3741=STYLED_ITEM('',(#3821),#4304);
#3742=STYLED_ITEM('',(#3822),#4305);
#3743=STYLED_ITEM('',(#3823),#4306);
#3744=STYLED_ITEM('',(#3824),#4307);
#3745=STYLED_ITEM('',(#3825),#4308);
#3746=STYLED_ITEM('',(#3826),#4309);
#3747=STYLED_ITEM('',(#3827),#4310);
#3748=STYLED_ITEM('',(#3828),#4311);
#3749=STYLED_ITEM('',(#3829),#4312);
#3750=STYLED_ITEM('',(#3830),#4313);
#3751=STYLED_ITEM('',(#3831),#4448);
#3752=STYLED_ITEM('',(#3832),#4449);
#3753=STYLED_ITEM('',(#3833),#4450);
#3754=PRESENTATION_STYLE_ASSIGNMENT((#3834));
#3755=PRESENTATION_STYLE_ASSIGNMENT((#3835));
#3756=PRESENTATION_STYLE_ASSIGNMENT((#3836));
#3757=PRESENTATION_STYLE_ASSIGNMENT((#3837));
#3758=PRESENTATION_STYLE_ASSIGNMENT((#3838));
#3759=PRESENTATION_STYLE_ASSIGNMENT((#3839));
#3760=PRESENTATION_STYLE_ASSIGNMENT((#3840));
#3761=PRESENTATION_STYLE_ASSIGNMENT((#3841));
#3762=PRESENTATION_STYLE_ASSIGNMENT((#3842));
#3763=PRESENTATION_STYLE_ASSIGNMENT((#3843));
#3764=PRESENTATION_STYLE_ASSIGNMENT((#3844));
#3765=PRESENTATION_STYLE_ASSIGNMENT((#3845));
#3766=PRESENTATION_STYLE_ASSIGNMENT((#3846));
#3767=PRESENTATION_STYLE_ASSIGNMENT((#3847));
#3768=PRESENTATION_STYLE_ASSIGNMENT((#3848));
#3769=PRESENTATION_STYLE_ASSIGNMENT((#3849));
#3770=PRESENTATION_STYLE_ASSIGNMENT((#3850));
#3771=PRESENTATION_STYLE_ASSIGNMENT((#3851));
#3772=PRESENTATION_STYLE_ASSIGNMENT((#3852));
#3773=PRESENTATION_STYLE_ASSIGNMENT((#3853));
#3774=PRESENTATION_STYLE_ASSIGNMENT((#3854));
#3775=PRESENTATION_STYLE_ASSIGNMENT((#3855));
#3776=PRESENTATION_STYLE_ASSIGNMENT((#3856));
#3777=PRESENTATION_STYLE_ASSIGNMENT((#3857));
#3778=PRESENTATION_STYLE_ASSIGNMENT((#3858));
#3779=PRESENTATION_STYLE_ASSIGNMENT((#3859));
#3780=PRESENTATION_STYLE_ASSIGNMENT((#3860));
#3781=PRESENTATION_STYLE_ASSIGNMENT((#3861));
#3782=PRESENTATION_STYLE_ASSIGNMENT((#3862));
#3783=PRESENTATION_STYLE_ASSIGNMENT((#3863));
#3784=PRESENTATION_STYLE_ASSIGNMENT((#3864));
#3785=PRESENTATION_STYLE_ASSIGNMENT((#3865));
#3786=PRESENTATION_STYLE_ASSIGNMENT((#3866));
#3787=PRESENTATION_STYLE_ASSIGNMENT((#3867));
#3788=PRESENTATION_STYLE_ASSIGNMENT((#3868));
#3789=PRESENTATION_STYLE_ASSIGNMENT((#3869));
#3790=PRESENTATION_STYLE_ASSIGNMENT((#3870));
#3791=PRESENTATION_STYLE_ASSIGNMENT((#3871));
#3792=PRESENTATION_STYLE_ASSIGNMENT((#3872));
#3793=PRESENTATION_STYLE_ASSIGNMENT((#3873));
#3794=PRESENTATION_STYLE_ASSIGNMENT((#3874));
#3795=PRESENTATION_STYLE_ASSIGNMENT((#3875));
#3796=PRESENTATION_STYLE_ASSIGNMENT((#3876));
#3797=PRESENTATION_STYLE_ASSIGNMENT((#3877));
#3798=PRESENTATION_STYLE_ASSIGNMENT((#3878));
#3799=PRESENTATION_STYLE_ASSIGNMENT((#3879));
#3800=PRESENTATION_STYLE_ASSIGNMENT((#3880));
#3801=PRESENTATION_STYLE_ASSIGNMENT((#3881));
#3802=PRESENTATION_STYLE_ASSIGNMENT((#3882));
#3803=PRESENTATION_STYLE_ASSIGNMENT((#3883));
#3804=PRESENTATION_STYLE_ASSIGNMENT((#3884));
#3805=PRESENTATION_STYLE_ASSIGNMENT((#3885));
#3806=PRESENTATION_STYLE_ASSIGNMENT((#3886));
#3807=PRESENTATION_STYLE_ASSIGNMENT((#3887));
#3808=PRESENTATION_STYLE_ASSIGNMENT((#3888));
#3809=PRESENTATION_STYLE_ASSIGNMENT((#3889));
#3810=PRESENTATION_STYLE_ASSIGNMENT((#3890));
#3811=PRESENTATION_STYLE_ASSIGNMENT((#3891));
#3812=PRESENTATION_STYLE_ASSIGNMENT((#3892));
#3813=PRESENTATION_STYLE_ASSIGNMENT((#3893));
#3814=PRESENTATION_STYLE_ASSIGNMENT((#3894));
#3815=PRESENTATION_STYLE_ASSIGNMENT((#3895));
#3816=PRESENTATION_STYLE_ASSIGNMENT((#3896));
#3817=PRESENTATION_STYLE_ASSIGNMENT((#3897));
#3818=PRESENTATION_STYLE_ASSIGNMENT((#3898));
#3819=PRESENTATION_STYLE_ASSIGNMENT((#3899));
#3820=PRESENTATION_STYLE_ASSIGNMENT((#3900));
#3821=PRESENTATION_STYLE_ASSIGNMENT((#3901));
#3822=PRESENTATION_STYLE_ASSIGNMENT((#3902));
#3823=PRESENTATION_STYLE_ASSIGNMENT((#3903));
#3824=PRESENTATION_STYLE_ASSIGNMENT((#3904));
#3825=PRESENTATION_STYLE_ASSIGNMENT((#3905));
#3826=PRESENTATION_STYLE_ASSIGNMENT((#3906));
#3827=PRESENTATION_STYLE_ASSIGNMENT((#3907));
#3828=PRESENTATION_STYLE_ASSIGNMENT((#3908));
#3829=PRESENTATION_STYLE_ASSIGNMENT((#3909));
#3830=PRESENTATION_STYLE_ASSIGNMENT((#3910));
#3831=PRESENTATION_STYLE_ASSIGNMENT((#3911));
#3832=PRESENTATION_STYLE_ASSIGNMENT((#3912));
#3833=PRESENTATION_STYLE_ASSIGNMENT((#3913));
#3834=SURFACE_STYLE_USAGE(.BOTH.,#3914);
#3835=SURFACE_STYLE_USAGE(.BOTH.,#3915);
#3836=SURFACE_STYLE_USAGE(.BOTH.,#3916);
#3837=SURFACE_STYLE_USAGE(.BOTH.,#3917);
#3838=SURFACE_STYLE_USAGE(.BOTH.,#3918);
#3839=SURFACE_STYLE_USAGE(.BOTH.,#3919);
#3840=SURFACE_STYLE_USAGE(.BOTH.,#3920);
#3841=SURFACE_STYLE_USAGE(.BOTH.,#3921);
#3842=SURFACE_STYLE_USAGE(.BOTH.,#3922);
#3843=SURFACE_STYLE_USAGE(.BOTH.,#3923);
#3844=SURFACE_STYLE_USAGE(.BOTH.,#3924);
#3845=SURFACE_STYLE_USAGE(.BOTH.,#3925);
#3846=SURFACE_STYLE_USAGE(.BOTH.,#3926);
#3847=SURFACE_STYLE_USAGE(.BOTH.,#3927);
#3848=SURFACE_STYLE_USAGE(.BOTH.,#3928);
#3849=SURFACE_STYLE_USAGE(.BOTH.,#3929);
#3850=SURFACE_STYLE_USAGE(.BOTH.,#3930);
#3851=SURFACE_STYLE_USAGE(.BOTH.,#3931);
#3852=SURFACE_STYLE_USAGE(.BOTH.,#3932);
#3853=SURFACE_STYLE_USAGE(.BOTH.,#3933);
#3854=SURFACE_STYLE_USAGE(.BOTH.,#3934);
#3855=SURFACE_STYLE_USAGE(.BOTH.,#3935);
#3856=SURFACE_STYLE_USAGE(.BOTH.,#3936);
#3857=SURFACE_STYLE_USAGE(.BOTH.,#3937);
#3858=SURFACE_STYLE_USAGE(.BOTH.,#3938);
#3859=SURFACE_STYLE_USAGE(.BOTH.,#3939);
#3860=SURFACE_STYLE_USAGE(.BOTH.,#3940);
#3861=SURFACE_STYLE_USAGE(.BOTH.,#3941);
#3862=SURFACE_STYLE_USAGE(.BOTH.,#3942);
#3863=SURFACE_STYLE_USAGE(.BOTH.,#3943);
#3864=SURFACE_STYLE_USAGE(.BOTH.,#3944);
#3865=SURFACE_STYLE_USAGE(.BOTH.,#3945);
#3866=SURFACE_STYLE_USAGE(.BOTH.,#3946);
#3867=SURFACE_STYLE_USAGE(.BOTH.,#3947);
#3868=SURFACE_STYLE_USAGE(.BOTH.,#3948);
#3869=SURFACE_STYLE_USAGE(.BOTH.,#3949);
#3870=SURFACE_STYLE_USAGE(.BOTH.,#3950);
#3871=SURFACE_STYLE_USAGE(.BOTH.,#3951);
#3872=SURFACE_STYLE_USAGE(.BOTH.,#3952);
#3873=SURFACE_STYLE_USAGE(.BOTH.,#3953);
#3874=SURFACE_STYLE_USAGE(.BOTH.,#3954);
#3875=SURFACE_STYLE_USAGE(.BOTH.,#3955);
#3876=SURFACE_STYLE_USAGE(.BOTH.,#3956);
#3877=SURFACE_STYLE_USAGE(.BOTH.,#3957);
#3878=SURFACE_STYLE_USAGE(.BOTH.,#3958);
#3879=SURFACE_STYLE_USAGE(.BOTH.,#3959);
#3880=SURFACE_STYLE_USAGE(.BOTH.,#3960);
#3881=SURFACE_STYLE_USAGE(.BOTH.,#3961);
#3882=SURFACE_STYLE_USAGE(.BOTH.,#3962);
#3883=SURFACE_STYLE_USAGE(.BOTH.,#3963);
#3884=SURFACE_STYLE_USAGE(.BOTH.,#3964);
#3885=SURFACE_STYLE_USAGE(.BOTH.,#3965);
#3886=SURFACE_STYLE_USAGE(.BOTH.,#3966);
#3887=SURFACE_STYLE_USAGE(.BOTH.,#3967);
#3888=SURFACE_STYLE_USAGE(.BOTH.,#3968);
#3889=SURFACE_STYLE_USAGE(.BOTH.,#3969);
#3890=SURFACE_STYLE_USAGE(.BOTH.,#3970);
#3891=SURFACE_STYLE_USAGE(.BOTH.,#3971);
#3892=SURFACE_STYLE_USAGE(.BOTH.,#3972);
#3893=SURFACE_STYLE_USAGE(.BOTH.,#3973);
#3894=SURFACE_STYLE_USAGE(.BOTH.,#3974);
#3895=SURFACE_STYLE_USAGE(.BOTH.,#3975);
#3896=SURFACE_STYLE_USAGE(.BOTH.,#3976);
#3897=SURFACE_STYLE_USAGE(.BOTH.,#3977);
#3898=SURFACE_STYLE_USAGE(.BOTH.,#3978);
#3899=SURFACE_STYLE_USAGE(.BOTH.,#3979);
#3900=SURFACE_STYLE_USAGE(.BOTH.,#3980);
#3901=SURFACE_STYLE_USAGE(.BOTH.,#3981);
#3902=SURFACE_STYLE_USAGE(.BOTH.,#3982);
#3903=SURFACE_STYLE_USAGE(.BOTH.,#3983);
#3904=SURFACE_STYLE_USAGE(.BOTH.,#3984);
#3905=SURFACE_STYLE_USAGE(.BOTH.,#3985);
#3906=SURFACE_STYLE_USAGE(.BOTH.,#3986);
#3907=SURFACE_STYLE_USAGE(.BOTH.,#3987);
#3908=SURFACE_STYLE_USAGE(.BOTH.,#3988);
#3909=SURFACE_STYLE_USAGE(.BOTH.,#3989);
#3910=SURFACE_STYLE_USAGE(.BOTH.,#3990);
#3911=SURFACE_STYLE_USAGE(.BOTH.,#3991);
#3912=SURFACE_STYLE_USAGE(.BOTH.,#3992);
#3913=SURFACE_STYLE_USAGE(.BOTH.,#3993);
#3914=SURFACE_SIDE_STYLE('',(#3994));
#3915=SURFACE_SIDE_STYLE('',(#3995));
#3916=SURFACE_SIDE_STYLE('',(#3996));
#3917=SURFACE_SIDE_STYLE('',(#3997));
#3918=SURFACE_SIDE_STYLE('',(#3998));
#3919=SURFACE_SIDE_STYLE('',(#3999));
#3920=SURFACE_SIDE_STYLE('',(#4000));
#3921=SURFACE_SIDE_STYLE('',(#4001));
#3922=SURFACE_SIDE_STYLE('',(#4002));
#3923=SURFACE_SIDE_STYLE('',(#4003));
#3924=SURFACE_SIDE_STYLE('',(#4004));
#3925=SURFACE_SIDE_STYLE('',(#4005));
#3926=SURFACE_SIDE_STYLE('',(#4006));
#3927=SURFACE_SIDE_STYLE('',(#4007));
#3928=SURFACE_SIDE_STYLE('',(#4008));
#3929=SURFACE_SIDE_STYLE('',(#4009));
#3930=SURFACE_SIDE_STYLE('',(#4010));
#3931=SURFACE_SIDE_STYLE('',(#4011));
#3932=SURFACE_SIDE_STYLE('',(#4012));
#3933=SURFACE_SIDE_STYLE('',(#4013));
#3934=SURFACE_SIDE_STYLE('',(#4014));
#3935=SURFACE_SIDE_STYLE('',(#4015));
#3936=SURFACE_SIDE_STYLE('',(#4016));
#3937=SURFACE_SIDE_STYLE('',(#4017));
#3938=SURFACE_SIDE_STYLE('',(#4018));
#3939=SURFACE_SIDE_STYLE('',(#4019));
#3940=SURFACE_SIDE_STYLE('',(#4020));
#3941=SURFACE_SIDE_STYLE('',(#4021));
#3942=SURFACE_SIDE_STYLE('',(#4022));
#3943=SURFACE_SIDE_STYLE('',(#4023));
#3944=SURFACE_SIDE_STYLE('',(#4024));
#3945=SURFACE_SIDE_STYLE('',(#4025));
#3946=SURFACE_SIDE_STYLE('',(#4026));
#3947=SURFACE_SIDE_STYLE('',(#4027));
#3948=SURFACE_SIDE_STYLE('',(#4028));
#3949=SURFACE_SIDE_STYLE('',(#4029));
#3950=SURFACE_SIDE_STYLE('',(#4030));
#3951=SURFACE_SIDE_STYLE('',(#4031));
#3952=SURFACE_SIDE_STYLE('',(#4032));
#3953=SURFACE_SIDE_STYLE('',(#4033));
#3954=SURFACE_SIDE_STYLE('',(#4034));
#3955=SURFACE_SIDE_STYLE('',(#4035));
#3956=SURFACE_SIDE_STYLE('',(#4036));
#3957=SURFACE_SIDE_STYLE('',(#4037));
#3958=SURFACE_SIDE_STYLE('',(#4038));
#3959=SURFACE_SIDE_STYLE('',(#4039));
#3960=SURFACE_SIDE_STYLE('',(#4040));
#3961=SURFACE_SIDE_STYLE('',(#4041));
#3962=SURFACE_SIDE_STYLE('',(#4042));
#3963=SURFACE_SIDE_STYLE('',(#4043));
#3964=SURFACE_SIDE_STYLE('',(#4044));
#3965=SURFACE_SIDE_STYLE('',(#4045));
#3966=SURFACE_SIDE_STYLE('',(#4046));
#3967=SURFACE_SIDE_STYLE('',(#4047));
#3968=SURFACE_SIDE_STYLE('',(#4048));
#3969=SURFACE_SIDE_STYLE('',(#4049));
#3970=SURFACE_SIDE_STYLE('',(#4050));
#3971=SURFACE_SIDE_STYLE('',(#4051));
#3972=SURFACE_SIDE_STYLE('',(#4052));
#3973=SURFACE_SIDE_STYLE('',(#4053));
#3974=SURFACE_SIDE_STYLE('',(#4054));
#3975=SURFACE_SIDE_STYLE('',(#4055));
#3976=SURFACE_SIDE_STYLE('',(#4056));
#3977=SURFACE_SIDE_STYLE('',(#4057));
#3978=SURFACE_SIDE_STYLE('',(#4058));
#3979=SURFACE_SIDE_STYLE('',(#4059));
#3980=SURFACE_SIDE_STYLE('',(#4060));
#3981=SURFACE_SIDE_STYLE('',(#4061));
#3982=SURFACE_SIDE_STYLE('',(#4062));
#3983=SURFACE_SIDE_STYLE('',(#4063));
#3984=SURFACE_SIDE_STYLE('',(#4064));
#3985=SURFACE_SIDE_STYLE('',(#4065));
#3986=SURFACE_SIDE_STYLE('',(#4066));
#3987=SURFACE_SIDE_STYLE('',(#4067));
#3988=SURFACE_SIDE_STYLE('',(#4068));
#3989=SURFACE_SIDE_STYLE('',(#4069));
#3990=SURFACE_SIDE_STYLE('',(#4070));
#3991=SURFACE_SIDE_STYLE('',(#4071));
#3992=SURFACE_SIDE_STYLE('',(#4072));
#3993=SURFACE_SIDE_STYLE('',(#4073));
#3994=SURFACE_STYLE_FILL_AREA(#4074);
#3995=SURFACE_STYLE_FILL_AREA(#4075);
#3996=SURFACE_STYLE_FILL_AREA(#4076);
#3997=SURFACE_STYLE_FILL_AREA(#4077);
#3998=SURFACE_STYLE_FILL_AREA(#4078);
#3999=SURFACE_STYLE_FILL_AREA(#4079);
#4000=SURFACE_STYLE_FILL_AREA(#4080);
#4001=SURFACE_STYLE_FILL_AREA(#4081);
#4002=SURFACE_STYLE_FILL_AREA(#4082);
#4003=SURFACE_STYLE_FILL_AREA(#4083);
#4004=SURFACE_STYLE_FILL_AREA(#4084);
#4005=SURFACE_STYLE_FILL_AREA(#4085);
#4006=SURFACE_STYLE_FILL_AREA(#4086);
#4007=SURFACE_STYLE_FILL_AREA(#4087);
#4008=SURFACE_STYLE_FILL_AREA(#4088);
#4009=SURFACE_STYLE_FILL_AREA(#4089);
#4010=SURFACE_STYLE_FILL_AREA(#4090);
#4011=SURFACE_STYLE_FILL_AREA(#4091);
#4012=SURFACE_STYLE_FILL_AREA(#4092);
#4013=SURFACE_STYLE_FILL_AREA(#4093);
#4014=SURFACE_STYLE_FILL_AREA(#4094);
#4015=SURFACE_STYLE_FILL_AREA(#4095);
#4016=SURFACE_STYLE_FILL_AREA(#4096);
#4017=SURFACE_STYLE_FILL_AREA(#4097);
#4018=SURFACE_STYLE_FILL_AREA(#4098);
#4019=SURFACE_STYLE_FILL_AREA(#4099);
#4020=SURFACE_STYLE_FILL_AREA(#4100);
#4021=SURFACE_STYLE_FILL_AREA(#4101);
#4022=SURFACE_STYLE_FILL_AREA(#4102);
#4023=SURFACE_STYLE_FILL_AREA(#4103);
#4024=SURFACE_STYLE_FILL_AREA(#4104);
#4025=SURFACE_STYLE_FILL_AREA(#4105);
#4026=SURFACE_STYLE_FILL_AREA(#4106);
#4027=SURFACE_STYLE_FILL_AREA(#4107);
#4028=SURFACE_STYLE_FILL_AREA(#4108);
#4029=SURFACE_STYLE_FILL_AREA(#4109);
#4030=SURFACE_STYLE_FILL_AREA(#4110);
#4031=SURFACE_STYLE_FILL_AREA(#4111);
#4032=SURFACE_STYLE_FILL_AREA(#4112);
#4033=SURFACE_STYLE_FILL_AREA(#4113);
#4034=SURFACE_STYLE_FILL_AREA(#4114);
#4035=SURFACE_STYLE_FILL_AREA(#4115);
#4036=SURFACE_STYLE_FILL_AREA(#4116);
#4037=SURFACE_STYLE_FILL_AREA(#4117);
#4038=SURFACE_STYLE_FILL_AREA(#4118);
#4039=SURFACE_STYLE_FILL_AREA(#4119);
#4040=SURFACE_STYLE_FILL_AREA(#4120);
#4041=SURFACE_STYLE_FILL_AREA(#4121);
#4042=SURFACE_STYLE_FILL_AREA(#4122);
#4043=SURFACE_STYLE_FILL_AREA(#4123);
#4044=SURFACE_STYLE_FILL_AREA(#4124);
#4045=SURFACE_STYLE_FILL_AREA(#4125);
#4046=SURFACE_STYLE_FILL_AREA(#4126);
#4047=SURFACE_STYLE_FILL_AREA(#4127);
#4048=SURFACE_STYLE_FILL_AREA(#4128);
#4049=SURFACE_STYLE_FILL_AREA(#4129);
#4050=SURFACE_STYLE_FILL_AREA(#4130);
#4051=SURFACE_STYLE_FILL_AREA(#4131);
#4052=SURFACE_STYLE_FILL_AREA(#4132);
#4053=SURFACE_STYLE_FILL_AREA(#4133);
#4054=SURFACE_STYLE_FILL_AREA(#4134);
#4055=SURFACE_STYLE_FILL_AREA(#4135);
#4056=SURFACE_STYLE_FILL_AREA(#4136);
#4057=SURFACE_STYLE_FILL_AREA(#4137);
#4058=SURFACE_STYLE_FILL_AREA(#4138);
#4059=SURFACE_STYLE_FILL_AREA(#4139);
#4060=SURFACE_STYLE_FILL_AREA(#4140);
#4061=SURFACE_STYLE_FILL_AREA(#4141);
#4062=SURFACE_STYLE_FILL_AREA(#4142);
#4063=SURFACE_STYLE_FILL_AREA(#4143);
#4064=SURFACE_STYLE_FILL_AREA(#4144);
#4065=SURFACE_STYLE_FILL_AREA(#4145);
#4066=SURFACE_STYLE_FILL_AREA(#4146);
#4067=SURFACE_STYLE_FILL_AREA(#4147);
#4068=SURFACE_STYLE_FILL_AREA(#4148);
#4069=SURFACE_STYLE_FILL_AREA(#4149);
#4070=SURFACE_STYLE_FILL_AREA(#4150);
#4071=SURFACE_STYLE_FILL_AREA(#4151);
#4072=SURFACE_STYLE_FILL_AREA(#4152);
#4073=SURFACE_STYLE_FILL_AREA(#4153);
#4074=FILL_AREA_STYLE('',(#4154));
#4075=FILL_AREA_STYLE('',(#4155));
#4076=FILL_AREA_STYLE('',(#4156));
#4077=FILL_AREA_STYLE('',(#4157));
#4078=FILL_AREA_STYLE('',(#4158));
#4079=FILL_AREA_STYLE('',(#4159));
#4080=FILL_AREA_STYLE('',(#4160));
#4081=FILL_AREA_STYLE('',(#4161));
#4082=FILL_AREA_STYLE('',(#4162));
#4083=FILL_AREA_STYLE('',(#4163));
#4084=FILL_AREA_STYLE('',(#4164));
#4085=FILL_AREA_STYLE('',(#4165));
#4086=FILL_AREA_STYLE('',(#4166));
#4087=FILL_AREA_STYLE('',(#4167));
#4088=FILL_AREA_STYLE('',(#4168));
#4089=FILL_AREA_STYLE('',(#4169));
#4090=FILL_AREA_STYLE('',(#4170));
#4091=FILL_AREA_STYLE('',(#4171));
#4092=FILL_AREA_STYLE('',(#4172));
#4093=FILL_AREA_STYLE('',(#4173));
#4094=FILL_AREA_STYLE('',(#4174));
#4095=FILL_AREA_STYLE('',(#4175));
#4096=FILL_AREA_STYLE('',(#4176));
#4097=FILL_AREA_STYLE('',(#4177));
#4098=FILL_AREA_STYLE('',(#4178));
#4099=FILL_AREA_STYLE('',(#4179));
#4100=FILL_AREA_STYLE('',(#4180));
#4101=FILL_AREA_STYLE('',(#4181));
#4102=FILL_AREA_STYLE('',(#4182));
#4103=FILL_AREA_STYLE('',(#4183));
#4104=FILL_AREA_STYLE('',(#4184));
#4105=FILL_AREA_STYLE('',(#4185));
#4106=FILL_AREA_STYLE('',(#4186));
#4107=FILL_AREA_STYLE('',(#4187));
#4108=FILL_AREA_STYLE('',(#4188));
#4109=FILL_AREA_STYLE('',(#4189));
#4110=FILL_AREA_STYLE('',(#4190));
#4111=FILL_AREA_STYLE('',(#4191));
#4112=FILL_AREA_STYLE('',(#4192));
#4113=FILL_AREA_STYLE('',(#4193));
#4114=FILL_AREA_STYLE('',(#4194));
#4115=FILL_AREA_STYLE('',(#4195));
#4116=FILL_AREA_STYLE('',(#4196));
#4117=FILL_AREA_STYLE('',(#4197));
#4118=FILL_AREA_STYLE('',(#4198));
#4119=FILL_AREA_STYLE('',(#4199));
#4120=FILL_AREA_STYLE('',(#4200));
#4121=FILL_AREA_STYLE('',(#4201));
#4122=FILL_AREA_STYLE('',(#4202));
#4123=FILL_AREA_STYLE('',(#4203));
#4124=FILL_AREA_STYLE('',(#4204));
#4125=FILL_AREA_STYLE('',(#4205));
#4126=FILL_AREA_STYLE('',(#4206));
#4127=FILL_AREA_STYLE('',(#4207));
#4128=FILL_AREA_STYLE('',(#4208));
#4129=FILL_AREA_STYLE('',(#4209));
#4130=FILL_AREA_STYLE('',(#4210));
#4131=FILL_AREA_STYLE('',(#4211));
#4132=FILL_AREA_STYLE('',(#4212));
#4133=FILL_AREA_STYLE('',(#4213));
#4134=FILL_AREA_STYLE('',(#4214));
#4135=FILL_AREA_STYLE('',(#4215));
#4136=FILL_AREA_STYLE('',(#4216));
#4137=FILL_AREA_STYLE('',(#4217));
#4138=FILL_AREA_STYLE('',(#4218));
#4139=FILL_AREA_STYLE('',(#4219));
#4140=FILL_AREA_STYLE('',(#4220));
#4141=FILL_AREA_STYLE('',(#4221));
#4142=FILL_AREA_STYLE('',(#4222));
#4143=FILL_AREA_STYLE('',(#4223));
#4144=FILL_AREA_STYLE('',(#4224));
#4145=FILL_AREA_STYLE('',(#4225));
#4146=FILL_AREA_STYLE('',(#4226));
#4147=FILL_AREA_STYLE('',(#4227));
#4148=FILL_AREA_STYLE('',(#4228));
#4149=FILL_AREA_STYLE('',(#4229));
#4150=FILL_AREA_STYLE('',(#4230));
#4151=FILL_AREA_STYLE('',(#4231));
#4152=FILL_AREA_STYLE('',(#4232));
#4153=FILL_AREA_STYLE('',(#4233));
#4154=FILL_AREA_STYLE_COLOUR('',#4234);
#4155=FILL_AREA_STYLE_COLOUR('',#4234);
#4156=FILL_AREA_STYLE_COLOUR('',#4234);
#4157=FILL_AREA_STYLE_COLOUR('',#4234);
#4158=FILL_AREA_STYLE_COLOUR('',#4234);
#4159=FILL_AREA_STYLE_COLOUR('',#4234);
#4160=FILL_AREA_STYLE_COLOUR('',#4234);
#4161=FILL_AREA_STYLE_COLOUR('',#4234);
#4162=FILL_AREA_STYLE_COLOUR('',#4234);
#4163=FILL_AREA_STYLE_COLOUR('',#4234);
#4164=FILL_AREA_STYLE_COLOUR('',#4234);
#4165=FILL_AREA_STYLE_COLOUR('',#4234);
#4166=FILL_AREA_STYLE_COLOUR('',#4234);
#4167=FILL_AREA_STYLE_COLOUR('',#4234);
#4168=FILL_AREA_STYLE_COLOUR('',#4234);
#4169=FILL_AREA_STYLE_COLOUR('',#4234);
#4170=FILL_AREA_STYLE_COLOUR('',#4234);
#4171=FILL_AREA_STYLE_COLOUR('',#4234);
#4172=FILL_AREA_STYLE_COLOUR('',#4234);
#4173=FILL_AREA_STYLE_COLOUR('',#4234);
#4174=FILL_AREA_STYLE_COLOUR('',#4234);
#4175=FILL_AREA_STYLE_COLOUR('',#4234);
#4176=FILL_AREA_STYLE_COLOUR('',#4234);
#4177=FILL_AREA_STYLE_COLOUR('',#4234);
#4178=FILL_AREA_STYLE_COLOUR('',#4234);
#4179=FILL_AREA_STYLE_COLOUR('',#4234);
#4180=FILL_AREA_STYLE_COLOUR('',#4234);
#4181=FILL_AREA_STYLE_COLOUR('',#4234);
#4182=FILL_AREA_STYLE_COLOUR('',#4234);
#4183=FILL_AREA_STYLE_COLOUR('',#4234);
#4184=FILL_AREA_STYLE_COLOUR('',#4234);
#4185=FILL_AREA_STYLE_COLOUR('',#4234);
#4186=FILL_AREA_STYLE_COLOUR('',#4234);
#4187=FILL_AREA_STYLE_COLOUR('',#4234);
#4188=FILL_AREA_STYLE_COLOUR('',#4234);
#4189=FILL_AREA_STYLE_COLOUR('',#4234);
#4190=FILL_AREA_STYLE_COLOUR('',#4234);
#4191=FILL_AREA_STYLE_COLOUR('',#4234);
#4192=FILL_AREA_STYLE_COLOUR('',#4234);
#4193=FILL_AREA_STYLE_COLOUR('',#4234);
#4194=FILL_AREA_STYLE_COLOUR('',#4234);
#4195=FILL_AREA_STYLE_COLOUR('',#4234);
#4196=FILL_AREA_STYLE_COLOUR('',#4234);
#4197=FILL_AREA_STYLE_COLOUR('',#4234);
#4198=FILL_AREA_STYLE_COLOUR('',#4234);
#4199=FILL_AREA_STYLE_COLOUR('',#4234);
#4200=FILL_AREA_STYLE_COLOUR('',#4234);
#4201=FILL_AREA_STYLE_COLOUR('',#4234);
#4202=FILL_AREA_STYLE_COLOUR('',#4234);
#4203=FILL_AREA_STYLE_COLOUR('',#4234);
#4204=FILL_AREA_STYLE_COLOUR('',#4234);
#4205=FILL_AREA_STYLE_COLOUR('',#4235);
#4206=FILL_AREA_STYLE_COLOUR('',#4235);
#4207=FILL_AREA_STYLE_COLOUR('',#4235);
#4208=FILL_AREA_STYLE_COLOUR('',#4235);
#4209=FILL_AREA_STYLE_COLOUR('',#4235);
#4210=FILL_AREA_STYLE_COLOUR('',#4235);
#4211=FILL_AREA_STYLE_COLOUR('',#4235);
#4212=FILL_AREA_STYLE_COLOUR('',#4235);
#4213=FILL_AREA_STYLE_COLOUR('',#4235);
#4214=FILL_AREA_STYLE_COLOUR('',#4235);
#4215=FILL_AREA_STYLE_COLOUR('',#4235);
#4216=FILL_AREA_STYLE_COLOUR('',#4235);
#4217=FILL_AREA_STYLE_COLOUR('',#4235);
#4218=FILL_AREA_STYLE_COLOUR('',#4236);
#4219=FILL_AREA_STYLE_COLOUR('',#4236);
#4220=FILL_AREA_STYLE_COLOUR('',#4236);
#4221=FILL_AREA_STYLE_COLOUR('',#4236);
#4222=FILL_AREA_STYLE_COLOUR('',#4236);
#4223=FILL_AREA_STYLE_COLOUR('',#4236);
#4224=FILL_AREA_STYLE_COLOUR('',#4236);
#4225=FILL_AREA_STYLE_COLOUR('',#4236);
#4226=FILL_AREA_STYLE_COLOUR('',#4236);
#4227=FILL_AREA_STYLE_COLOUR('',#4236);
#4228=FILL_AREA_STYLE_COLOUR('',#4236);
#4229=FILL_AREA_STYLE_COLOUR('',#4236);
#4230=FILL_AREA_STYLE_COLOUR('',#4236);
#4231=FILL_AREA_STYLE_COLOUR('',#4236);
#4232=FILL_AREA_STYLE_COLOUR('',#4236);
#4233=FILL_AREA_STYLE_COLOUR('',#28);
#4234=COLOUR_RGB('',0.768627450980392,0.768627450980392,0.768627450980392);
#4235=COLOUR_RGB('',0.27843137254902,0.12156862745098,0.);
#4236=COLOUR_RGB('',0.411764705882353,0.411764705882353,0.411764705882353);
#4237=ADVANCED_FACE('',(#3290),#3505,.F.);
#4238=ADVANCED_FACE('',(#3291),#3506,.F.);
#4239=ADVANCED_FACE('',(#3292),#3507,.F.);
#4240=ADVANCED_FACE('',(#3293),#3508,.F.);
#4241=ADVANCED_FACE('',(#3294),#3509,.F.);
#4242=ADVANCED_FACE('',(#3295),#3510,.F.);
#4243=ADVANCED_FACE('',(#3296),#3511,.F.);
#4244=ADVANCED_FACE('',(#3297),#3512,.F.);
#4245=ADVANCED_FACE('',(#3298),#77,.T.);
#4246=ADVANCED_FACE('',(#3299),#3513,.F.);
#4247=ADVANCED_FACE('',(#3300),#3514,.F.);
#4248=ADVANCED_FACE('',(#3301),#3515,.F.);
#4249=ADVANCED_FACE('',(#3302),#3516,.F.);
#4250=ADVANCED_FACE('',(#3303),#3517,.F.);
#4251=ADVANCED_FACE('',(#3304),#3518,.F.);
#4252=ADVANCED_FACE('',(#3305),#3519,.F.);
#4253=ADVANCED_FACE('',(#3306),#3520,.F.);
#4254=ADVANCED_FACE('',(#3307),#78,.T.);
#4255=ADVANCED_FACE('',(#3308),#3521,.F.);
#4256=ADVANCED_FACE('',(#3309),#3522,.F.);
#4257=ADVANCED_FACE('',(#3310),#3523,.F.);
#4258=ADVANCED_FACE('',(#3311),#3524,.F.);
#4259=ADVANCED_FACE('',(#3312),#3525,.F.);
#4260=ADVANCED_FACE('',(#3313),#3526,.F.);
#4261=ADVANCED_FACE('',(#3314),#3527,.F.);
#4262=ADVANCED_FACE('',(#3315),#3528,.F.);
#4263=ADVANCED_FACE('',(#3316),#79,.T.);
#4264=ADVANCED_FACE('',(#3317),#3529,.F.);
#4265=ADVANCED_FACE('',(#3318),#3530,.F.);
#4266=ADVANCED_FACE('',(#3319),#3531,.F.);
#4267=ADVANCED_FACE('',(#3320),#3532,.F.);
#4268=ADVANCED_FACE('',(#3321),#3533,.F.);
#4269=ADVANCED_FACE('',(#3322),#3534,.F.);
#4270=ADVANCED_FACE('',(#3323),#3535,.F.);
#4271=ADVANCED_FACE('',(#3324),#3536,.F.);
#4272=ADVANCED_FACE('',(#3325),#3537,.F.);
#4273=ADVANCED_FACE('',(#3326),#3538,.F.);
#4274=ADVANCED_FACE('',(#3327),#3539,.F.);
#4275=ADVANCED_FACE('',(#3328),#3540,.F.);
#4276=ADVANCED_FACE('',(#3329),#3541,.F.);
#4277=ADVANCED_FACE('',(#3330),#3542,.F.);
#4278=ADVANCED_FACE('',(#3331),#3543,.F.);
#4279=ADVANCED_FACE('',(#3332),#3544,.F.);
#4280=ADVANCED_FACE('',(#3333),#3545,.F.);
#4281=ADVANCED_FACE('',(#3334),#3546,.F.);
#4282=ADVANCED_FACE('',(#3335),#3547,.F.);
#4283=ADVANCED_FACE('',(#3336),#3548,.F.);
#4284=ADVANCED_FACE('',(#3337),#3549,.F.);
#4285=ADVANCED_FACE('',(#3338),#3550,.F.);
#4286=ADVANCED_FACE('',(#3339),#3551,.F.);
#4287=ADVANCED_FACE('',(#3340),#3552,.F.);
#4288=ADVANCED_FACE('',(#3341,#3342,#3343,#3344),#3553,.F.);
#4289=ADVANCED_FACE('',(#3345),#3554,.F.);
#4290=ADVANCED_FACE('',(#3346),#3555,.F.);
#4291=ADVANCED_FACE('',(#3347),#3556,.F.);
#4292=ADVANCED_FACE('',(#3348),#3557,.F.);
#4293=ADVANCED_FACE('',(#3349),#3558,.F.);
#4294=ADVANCED_FACE('',(#3350),#3559,.F.);
#4295=ADVANCED_FACE('',(#3351),#3560,.F.);
#4296=ADVANCED_FACE('',(#3352),#3561,.F.);
#4297=ADVANCED_FACE('',(#3353),#3562,.F.);
#4298=ADVANCED_FACE('',(#3354),#3563,.F.);
#4299=ADVANCED_FACE('',(#3355),#3564,.F.);
#4300=ADVANCED_FACE('',(#3356),#3565,.T.);
#4301=ADVANCED_FACE('',(#3357),#3566,.F.);
#4302=ADVANCED_FACE('',(#3358),#3567,.F.);
#4303=ADVANCED_FACE('',(#3359),#3568,.F.);
#4304=ADVANCED_FACE('',(#3360),#3569,.F.);
#4305=ADVANCED_FACE('',(#3361),#3570,.F.);
#4306=ADVANCED_FACE('',(#3362),#3571,.F.);
#4307=ADVANCED_FACE('',(#3363),#3572,.F.);
#4308=ADVANCED_FACE('',(#3364),#3573,.F.);
#4309=ADVANCED_FACE('',(#3365),#3574,.F.);
#4310=ADVANCED_FACE('',(#3366),#3575,.F.);
#4311=ADVANCED_FACE('',(#3367),#3576,.F.);
#4312=ADVANCED_FACE('',(#3368),#3577,.F.);
#4313=ADVANCED_FACE('',(#3369),#3578,.T.);
#4314=ADVANCED_FACE('',(#3370),#3579,.F.);
#4315=ADVANCED_FACE('',(#3371),#3580,.T.);
#4316=ADVANCED_FACE('',(#3372),#3581,.F.);
#4317=ADVANCED_FACE('',(#3373),#3582,.F.);
#4318=ADVANCED_FACE('',(#3374),#3583,.F.);
#4319=ADVANCED_FACE('',(#3375),#3584,.F.);
#4320=ADVANCED_FACE('',(#3376),#3585,.F.);
#4321=ADVANCED_FACE('',(#3377),#3586,.F.);
#4322=ADVANCED_FACE('',(#3378),#3587,.T.);
#4323=ADVANCED_FACE('',(#3379),#3588,.F.);
#4324=ADVANCED_FACE('',(#3380),#3589,.F.);
#4325=ADVANCED_FACE('',(#3381),#3590,.F.);
#4326=ADVANCED_FACE('',(#3382),#3591,.F.);
#4327=ADVANCED_FACE('',(#3383),#3592,.F.);
#4328=ADVANCED_FACE('',(#3384),#3593,.F.);
#4329=ADVANCED_FACE('',(#3385),#3594,.F.);
#4330=ADVANCED_FACE('',(#3386),#3595,.F.);
#4331=ADVANCED_FACE('',(#3387),#3596,.T.);
#4332=ADVANCED_FACE('',(#3388),#3597,.F.);
#4333=ADVANCED_FACE('',(#3389),#80,.F.);
#4334=ADVANCED_FACE('',(#3390),#81,.F.);
#4335=ADVANCED_FACE('',(#3391),#82,.T.);
#4336=ADVANCED_FACE('',(#3392),#3598,.F.);
#4337=ADVANCED_FACE('',(#3393),#3599,.F.);
#4338=ADVANCED_FACE('',(#3394),#3600,.F.);
#4339=ADVANCED_FACE('',(#3395),#3601,.F.);
#4340=ADVANCED_FACE('',(#3396),#3602,.F.);
#4341=ADVANCED_FACE('',(#3397),#3603,.F.);
#4342=ADVANCED_FACE('',(#3398),#3604,.F.);
#4343=ADVANCED_FACE('',(#3399),#3605,.F.);
#4344=ADVANCED_FACE('',(#3400,#3401),#3606,.F.);
#4345=ADVANCED_FACE('',(#3402),#83,.T.);
#4346=ADVANCED_FACE('',(#3403,#3404,#3405),#3607,.F.);
#4347=ADVANCED_FACE('',(#3406),#3608,.F.);
#4348=ADVANCED_FACE('',(#3407,#3408,#3409),#3609,.F.);
#4349=ADVANCED_FACE('',(#3410),#3610,.T.);
#4350=ADVANCED_FACE('',(#3411),#84,.T.);
#4351=ADVANCED_FACE('',(#3412),#85,.T.);
#4352=ADVANCED_FACE('',(#3413),#3611,.F.);
#4353=ADVANCED_FACE('',(#3414),#3612,.F.);
#4354=ADVANCED_FACE('',(#3415,#3416),#3613,.F.);
#4355=ADVANCED_FACE('',(#3417),#86,.F.);
#4356=ADVANCED_FACE('',(#3418),#3614,.F.);
#4357=ADVANCED_FACE('',(#3419),#3615,.F.);
#4358=ADVANCED_FACE('',(#3420),#3616,.F.);
#4359=ADVANCED_FACE('',(#3421),#3617,.F.);
#4360=ADVANCED_FACE('',(#3422),#87,.F.);
#4361=ADVANCED_FACE('',(#3423),#3618,.F.);
#4362=ADVANCED_FACE('',(#3424),#3619,.F.);
#4363=ADVANCED_FACE('',(#3425),#3620,.F.);
#4364=ADVANCED_FACE('',(#3426),#3621,.F.);
#4365=ADVANCED_FACE('',(#3427),#88,.T.);
#4366=ADVANCED_FACE('',(#3428),#3622,.F.);
#4367=ADVANCED_FACE('',(#3429),#3623,.F.);
#4368=ADVANCED_FACE('',(#3430),#3624,.F.);
#4369=ADVANCED_FACE('',(#3431),#3625,.F.);
#4370=ADVANCED_FACE('',(#3432),#3626,.F.);
#4371=ADVANCED_FACE('',(#3433),#3627,.F.);
#4372=ADVANCED_FACE('',(#3434),#3628,.F.);
#4373=ADVANCED_FACE('',(#3435),#3629,.F.);
#4374=ADVANCED_FACE('',(#3436),#3630,.F.);
#4375=ADVANCED_FACE('',(#3437),#3631,.F.);
#4376=ADVANCED_FACE('',(#3438),#3632,.F.);
#4377=ADVANCED_FACE('',(#3439),#3633,.F.);
#4378=ADVANCED_FACE('',(#3440),#3634,.F.);
#4379=ADVANCED_FACE('',(#3441),#3635,.F.);
#4380=ADVANCED_FACE('',(#3442),#3636,.F.);
#4381=ADVANCED_FACE('',(#3443),#3637,.F.);
#4382=ADVANCED_FACE('',(#3444),#3638,.F.);
#4383=ADVANCED_FACE('',(#3445),#3639,.F.);
#4384=ADVANCED_FACE('',(#3446),#3640,.F.);
#4385=ADVANCED_FACE('',(#3447),#89,.T.);
#4386=ADVANCED_FACE('',(#3448),#3641,.F.);
#4387=ADVANCED_FACE('',(#3449),#3642,.F.);
#4388=ADVANCED_FACE('',(#3450),#3643,.F.);
#4389=ADVANCED_FACE('',(#3451),#3644,.F.);
#4390=ADVANCED_FACE('',(#3452),#3645,.F.);
#4391=ADVANCED_FACE('',(#3453),#3646,.F.);
#4392=ADVANCED_FACE('',(#3454),#3647,.F.);
#4393=ADVANCED_FACE('',(#3455),#3648,.F.);
#4394=ADVANCED_FACE('',(#3456),#3649,.F.);
#4395=ADVANCED_FACE('',(#3457),#3650,.F.);
#4396=ADVANCED_FACE('',(#3458),#3651,.F.);
#4397=ADVANCED_FACE('',(#3459),#3652,.F.);
#4398=ADVANCED_FACE('',(#3460),#3653,.F.);
#4399=ADVANCED_FACE('',(#3461),#3654,.T.);
#4400=ADVANCED_FACE('',(#3462),#3655,.T.);
#4401=ADVANCED_FACE('',(#3463),#3656,.T.);
#4402=ADVANCED_FACE('',(#3464),#3657,.T.);
#4403=ADVANCED_FACE('',(#3465),#3658,.F.);
#4404=ADVANCED_FACE('',(#3466),#3659,.F.);
#4405=ADVANCED_FACE('',(#3467),#3660,.F.);
#4406=ADVANCED_FACE('',(#3468),#3661,.F.);
#4407=ADVANCED_FACE('',(#3469),#90,.T.);
#4408=ADVANCED_FACE('',(#3470),#91,.T.);
#4409=ADVANCED_FACE('',(#3471),#92,.T.);
#4410=ADVANCED_FACE('',(#3472),#93,.T.);
#4411=ADVANCED_FACE('',(#3473),#94,.T.);
#4412=ADVANCED_FACE('',(#3474),#95,.T.);
#4413=ADVANCED_FACE('',(#3475),#96,.T.);
#4414=ADVANCED_FACE('',(#3476),#97,.T.);
#4415=ADVANCED_FACE('',(#3477),#98,.F.);
#4416=ADVANCED_FACE('',(#3478),#99,.F.);
#4417=ADVANCED_FACE('',(#3479),#100,.F.);
#4418=ADVANCED_FACE('',(#3480),#101,.F.);
#4419=ADVANCED_FACE('',(#3481),#3662,.F.);
#4420=ADVANCED_FACE('',(#3482),#3663,.F.);
#4421=ADVANCED_FACE('',(#3483),#3664,.T.);
#4422=ADVANCED_FACE('',(#3484),#3665,.F.);
#4423=ADVANCED_FACE('',(#3485),#3666,.F.);
#4424=ADVANCED_FACE('',(#3486),#3667,.T.);
#4425=ADVANCED_FACE('',(#3487),#3668,.F.);
#4426=ADVANCED_FACE('',(#3488),#3669,.F.);
#4427=ADVANCED_FACE('',(#3489),#3670,.T.);
#4428=ADVANCED_FACE('',(#3490),#3671,.F.);
#4429=ADVANCED_FACE('',(#3491),#3672,.F.);
#4430=ADVANCED_FACE('',(#3492),#3673,.T.);
#4431=ADVANCED_FACE('',(#3493),#102,.F.);
#4432=ADVANCED_FACE('',(#3494),#10,.F.);
#4433=ADVANCED_FACE('',(#3495),#11,.F.);
#4434=ADVANCED_FACE('',(#3496),#103,.F.);
#4435=ADVANCED_FACE('',(#3497),#104,.F.);
#4436=ADVANCED_FACE('',(#3498),#105,.F.);
#4437=ADVANCED_FACE('',(#3499),#106,.F.);
#4438=ADVANCED_FACE('',(#3500),#107,.F.);
#4439=ADVANCED_FACE('',(#3501),#108,.F.);
#4440=ADVANCED_FACE('',(#3502),#109,.F.);
#4441=ADVANCED_FACE('',(#3503),#110,.F.);
#4442=ADVANCED_FACE('',(#3504),#111,.F.);
#4443=CLOSED_SHELL('',(#4237,#4238,#4239,#4240,#4241,#4242,#4243,#4244,
#4245,#4246,#4247,#4248,#4249,#4250,#4251,#4252,#4253,#4254,#4255,#4256,
#4257,#4258,#4259,#4260,#4261,#4262,#4263,#4264,#4265,#4266,#4267,#4268,
#4269,#4270,#4271,#4272,#4273,#4274,#4275,#4276,#4277,#4278,#4279,#4280,
#4281,#4282,#4283,#4284,#4285,#4286,#4287,#4288,#4289,#4290,#4291,#4292,
#4293,#4294,#4295,#4296,#4297,#4298,#4299,#4300,#4301,#4302,#4303,#4304,
#4305,#4306,#4307,#4308,#4309,#4310,#4311,#4312,#4313));
#4444=CLOSED_SHELL('',(#4314,#4315,#4316,#4317,#4318,#4319,#4320,#4321,
#4322,#4323));
#4445=CLOSED_SHELL('',(#4324,#4325,#4326,#4327,#4328,#4329,#4330,#4331,
#4332));
#4446=CLOSED_SHELL('',(#4333,#4334,#4335,#4336,#4337,#4338,#4339,#4340,
#4341,#4342,#4343,#4344,#4345,#4346,#4347,#4348,#4349,#4350,#4351,#4352,
#4353,#4354,#4355,#4356,#4357,#4358,#4359,#4360,#4361,#4362,#4363,#4364,
#4365,#4366,#4367,#4368,#4369,#4370,#4371,#4372,#4373,#4374,#4375,#4376,
#4377,#4378,#4379,#4380,#4381,#4382,#4383,#4384,#4385,#4386,#4387,#4388,
#4389,#4390,#4391,#4392,#4393,#4394,#4395,#4396,#4397,#4398,#4399,#4400,
#4401,#4402,#4403,#4404,#4405,#4406,#4407,#4408,#4409,#4410,#4411,#4412,
#4413,#4414,#4415,#4416,#4417,#4418,#4419,#4420,#4421,#4422,#4423,#4424,
#4425,#4426,#4427,#4428,#4429,#4430,#4431,#4432,#4433,#4434,#4435,#4436,
#4437,#4438,#4439,#4440,#4441,#4442));
#4447=MANIFOLD_SOLID_BREP(
'Base Plate & Terminal & Contact & Spring Plate',#4443);
#4448=MANIFOLD_SOLID_BREP('Actuator',#4444);
#4449=MANIFOLD_SOLID_BREP('Actuator',#4445);
#4450=MANIFOLD_SOLID_BREP('Shell',#4446);
#4451=SHAPE_DEFINITION_REPRESENTATION(#6979,#4456);
#4452=SHAPE_DEFINITION_REPRESENTATION(#6980,#4457);
#4453=SHAPE_DEFINITION_REPRESENTATION(#6982,#4458);
#4454=SHAPE_DEFINITION_REPRESENTATION(#6984,#4459);
#4455=SHAPE_DEFINITION_REPRESENTATION(#6986,#4460);
#4456=SHAPE_REPRESENTATION('SWS065-030V12TSK',(#4461,#4545,#4556,#4566,
#4741),#6966);
#4457=SHAPE_REPRESENTATION('SWS065-030V12TSK_PART1',(#4461),#6967);
#4458=SHAPE_REPRESENTATION('SWS065-030V12TSK_PART2',(#4461),#6968);
#4459=SHAPE_REPRESENTATION('SWS065-030V12TSK_PART3',(#4461),#6969);
#4460=SHAPE_REPRESENTATION('SWS065-030V12TSK_PART4',(#4461),#6970);
#4461=AXIS2_PLACEMENT_3D('',#5757,#4742,#4743);
#4462=AXIS2_PLACEMENT_3D('',#5758,#4744,#4745);
#4463=AXIS2_PLACEMENT_3D('',#5766,#4749,#4750);
#4464=AXIS2_PLACEMENT_3D('',#5775,#4755,#4756);
#4465=AXIS2_PLACEMENT_3D('',#5783,#4760,#4761);
#4466=AXIS2_PLACEMENT_3D('',#5792,#4766,#4767);
#4467=AXIS2_PLACEMENT_3D('',#5800,#4771,#4772);
#4468=AXIS2_PLACEMENT_3D('',#5809,#4777,#4778);
#4469=AXIS2_PLACEMENT_3D('',#5817,#4783,#4784);
#4470=AXIS2_PLACEMENT_3D('',#5823,#4788,#4789);
#4471=AXIS2_PLACEMENT_3D('',#5827,#4792,#4793);
#4472=AXIS2_PLACEMENT_3D('',#5831,#4796,#4797);
#4473=AXIS2_PLACEMENT_3D('',#5835,#4800,#4801);
#4474=AXIS2_PLACEMENT_3D('',#5836,#4802,#4803);
#4475=AXIS2_PLACEMENT_3D('',#5839,#4805,#4806);
#4476=AXIS2_PLACEMENT_3D('',#5843,#4809,#4810);
#4477=AXIS2_PLACEMENT_3D('',#5845,#4812,#4813);
#4478=AXIS2_PLACEMENT_3D('',#5851,#4817,#4818);
#4479=AXIS2_PLACEMENT_3D('',#5859,#4823,#4824);
#4480=AXIS2_PLACEMENT_3D('',#5865,#4828,#4829);
#4481=AXIS2_PLACEMENT_3D('',#5869,#4832,#4833);
#4482=AXIS2_PLACEMENT_3D('',#5873,#4836,#4837);
#4483=AXIS2_PLACEMENT_3D('',#5877,#4840,#4841);
#4484=AXIS2_PLACEMENT_3D('',#5878,#4842,#4843);
#4485=AXIS2_PLACEMENT_3D('',#5881,#4845,#4846);
#4486=AXIS2_PLACEMENT_3D('',#5885,#4849,#4850);
#4487=AXIS2_PLACEMENT_3D('',#5887,#4852,#4853);
#4488=AXIS2_PLACEMENT_3D('',#5893,#4857,#4858);
#4489=AXIS2_PLACEMENT_3D('',#5901,#4863,#4864);
#4490=AXIS2_PLACEMENT_3D('',#5907,#4868,#4869);
#4491=AXIS2_PLACEMENT_3D('',#5911,#4872,#4873);
#4492=AXIS2_PLACEMENT_3D('',#5915,#4876,#4877);
#4493=AXIS2_PLACEMENT_3D('',#5919,#4880,#4881);
#4494=AXIS2_PLACEMENT_3D('',#5920,#4882,#4883);
#4495=AXIS2_PLACEMENT_3D('',#5923,#4885,#4886);
#4496=AXIS2_PLACEMENT_3D('',#5927,#4889,#4890);
#4497=AXIS2_PLACEMENT_3D('',#5929,#4892,#4893);
#4498=AXIS2_PLACEMENT_3D('',#5935,#4897,#4898);
#4499=AXIS2_PLACEMENT_3D('',#5941,#4902,#4903);
#4500=AXIS2_PLACEMENT_3D('',#5943,#4905,#4906);
#4501=AXIS2_PLACEMENT_3D('',#5947,#4909,#4910);
#4502=AXIS2_PLACEMENT_3D('',#5951,#4913,#4914);
#4503=AXIS2_PLACEMENT_3D('',#5953,#4916,#4917);
#4504=AXIS2_PLACEMENT_3D('',#5955,#4919,#4920);
#4505=AXIS2_PLACEMENT_3D('',#5957,#4922,#4923);
#4506=AXIS2_PLACEMENT_3D('',#5961,#4926,#4927);
#4507=AXIS2_PLACEMENT_3D('',#5965,#4930,#4931);
#4508=AXIS2_PLACEMENT_3D('',#5967,#4933,#4934);
#4509=AXIS2_PLACEMENT_3D('',#5969,#4936,#4937);
#4510=AXIS2_PLACEMENT_3D('',#5973,#4940,#4941);
#4511=AXIS2_PLACEMENT_3D('',#5977,#4944,#4945);
#4512=AXIS2_PLACEMENT_3D('',#5979,#4947,#4948);
#4513=AXIS2_PLACEMENT_3D('',#5983,#4951,#4952);
#4514=AXIS2_PLACEMENT_3D('',#5987,#4955,#4956);
#4515=AXIS2_PLACEMENT_3D('',#5989,#4958,#4959);
#4516=AXIS2_PLACEMENT_3D('',#5991,#4961,#4962);
#4517=AXIS2_PLACEMENT_3D('',#5995,#4965,#4966);
#4518=AXIS2_PLACEMENT_3D('',#5999,#4969,#4970);
#4519=AXIS2_PLACEMENT_3D('',#6001,#4972,#4973);
#4520=AXIS2_PLACEMENT_3D('',#6026,#4986,#4987);
#4521=AXIS2_PLACEMENT_3D('',#6035,#4990,#4991);
#4522=AXIS2_PLACEMENT_3D('',#6042,#4993,#4994);
#4523=AXIS2_PLACEMENT_3D('',#6049,#4996,#4997);
#4524=AXIS2_PLACEMENT_3D('',#6056,#4999,#5000);
#4525=AXIS2_PLACEMENT_3D('',#6063,#5002,#5003);
#4526=AXIS2_PLACEMENT_3D('',#6070,#5005,#5006);
#4527=AXIS2_PLACEMENT_3D('',#6077,#5008,#5009);
#4528=AXIS2_PLACEMENT_3D('',#6084,#5011,#5012);
#4529=AXIS2_PLACEMENT_3D('',#6091,#5014,#5015);
#4530=AXIS2_PLACEMENT_3D('',#6098,#5017,#5018);
#4531=AXIS2_PLACEMENT_3D('',#6105,#5020,#5021);
#4532=AXIS2_PLACEMENT_3D('',#6110,#5022,#5023);
#4533=AXIS2_PLACEMENT_3D('',#6116,#5027,#5028);
#4534=AXIS2_PLACEMENT_3D('',#6120,#5031,#5032);
#4535=AXIS2_PLACEMENT_3D('',#6124,#5035,#5036);
#4536=AXIS2_PLACEMENT_3D('',#6128,#5039,#5040);
#4537=AXIS2_PLACEMENT_3D('',#6132,#5043,#5044);
#4538=AXIS2_PLACEMENT_3D('',#6136,#5047,#5048);
#4539=AXIS2_PLACEMENT_3D('',#6140,#5051,#5052);
#4540=AXIS2_PLACEMENT_3D('',#6144,#5055,#5056);
#4541=AXIS2_PLACEMENT_3D('',#6148,#5059,#5060);
#4542=AXIS2_PLACEMENT_3D('',#6152,#5063,#5064);
#4543=AXIS2_PLACEMENT_3D('',#6156,#5067,#5068);
#4544=AXIS2_PLACEMENT_3D('',#6158,#5070,#5071);
#4545=AXIS2_PLACEMENT_3D('',#6159,#5072,#5073);
#4546=AXIS2_PLACEMENT_3D('',#6160,#5074,#5075);
#4547=AXIS2_PLACEMENT_3D('',#6177,#5084,#5085);
#4548=AXIS2_PLACEMENT_3D('',#6183,#5089,#5090);
#4549=AXIS2_PLACEMENT_3D('',#6187,#5093,#5094);
#4550=AXIS2_PLACEMENT_3D('',#6191,#5097,#5098);
#4551=AXIS2_PLACEMENT_3D('',#6195,#5101,#5102);
#4552=AXIS2_PLACEMENT_3D('',#6199,#5105,#5106);
#4553=AXIS2_PLACEMENT_3D('',#6203,#5109,#5110);
#4554=AXIS2_PLACEMENT_3D('',#6207,#5113,#5114);
#4555=AXIS2_PLACEMENT_3D('',#6209,#5116,#5117);
#4556=AXIS2_PLACEMENT_3D('',#6210,#5118,#5119);
#4557=AXIS2_PLACEMENT_3D('',#6211,#5120,#5121);
#4558=AXIS2_PLACEMENT_3D('',#6220,#5126,#5127);
#4559=AXIS2_PLACEMENT_3D('',#6229,#5132,#5133);
#4560=AXIS2_PLACEMENT_3D('',#6235,#5137,#5138);
#4561=AXIS2_PLACEMENT_3D('',#6238,#5141,#5142);
#4562=AXIS2_PLACEMENT_3D('',#6244,#5146,#5147);
#4563=AXIS2_PLACEMENT_3D('',#6250,#5151,#5152);
#4564=AXIS2_PLACEMENT_3D('',#6252,#5154,#5155);
#4565=AXIS2_PLACEMENT_3D('',#6254,#5157,#5158);
#4566=AXIS2_PLACEMENT_3D('',#6255,#5159,#5160);
#4567=AXIS2_PLACEMENT_3D('',#6256,#5161,#5162);
#4568=AXIS2_PLACEMENT_3D('',#6257,#5163,#5164);
#4569=AXIS2_PLACEMENT_3D('',#6262,#5166,#5167);
#4570=AXIS2_PLACEMENT_3D('',#6265,#5169,#5170);
#4571=AXIS2_PLACEMENT_3D('',#6266,#5171,#5172);
#4572=AXIS2_PLACEMENT_3D('',#6271,#5174,#5175);
#4573=AXIS2_PLACEMENT_3D('',#6274,#5177,#5178);
#4574=AXIS2_PLACEMENT_3D('',#6275,#5179,#5180);
#4575=AXIS2_PLACEMENT_3D('',#6283,#5181,#5182);
#4576=AXIS2_PLACEMENT_3D('',#6289,#5183,#5184);
#4577=AXIS2_PLACEMENT_3D('',#6298,#5189,#5190);
#4578=AXIS2_PLACEMENT_3D('',#6307,#5195,#5196);
#4579=AXIS2_PLACEMENT_3D('',#6316,#5201,#5202);
#4580=AXIS2_PLACEMENT_3D('',#6325,#5207,#5208);
#4581=AXIS2_PLACEMENT_3D('',#6334,#5213,#5214);
#4582=AXIS2_PLACEMENT_3D('',#6343,#5219,#5220);
#4583=AXIS2_PLACEMENT_3D('',#6344,#5221,#5222);
#4584=AXIS2_PLACEMENT_3D('',#6352,#5226,#5227);
#4585=AXIS2_PLACEMENT_3D('',#6353,#5228,#5229);
#4586=AXIS2_PLACEMENT_3D('',#6361,#5233,#5234);
#4587=AXIS2_PLACEMENT_3D('',#6373,#5240,#5241);
#4588=AXIS2_PLACEMENT_3D('',#6381,#5245,#5246);
#4589=AXIS2_PLACEMENT_3D('',#6389,#5250,#5251);
#4590=AXIS2_PLACEMENT_3D('',#6397,#5255,#5256);
#4591=AXIS2_PLACEMENT_3D('',#6402,#5259,#5260);
#4592=AXIS2_PLACEMENT_3D('',#6403,#5261,#5262);
#4593=AXIS2_PLACEMENT_3D('',#6408,#5264,#5265);
#4594=AXIS2_PLACEMENT_3D('',#6411,#5267,#5268);
#4595=AXIS2_PLACEMENT_3D('',#6457,#5288,#5289);
#4596=AXIS2_PLACEMENT_3D('',#6458,#5290,#5291);
#4597=AXIS2_PLACEMENT_3D('',#6463,#5294,#5295);
#4598=AXIS2_PLACEMENT_3D('',#6481,#5305,#5306);
#4599=AXIS2_PLACEMENT_3D('',#6530,#5327,#5328);
#4600=AXIS2_PLACEMENT_3D('',#6534,#5330,#5331);
#4601=AXIS2_PLACEMENT_3D('',#6552,#5341,#5342);
#4602=AXIS2_PLACEMENT_3D('',#6557,#5345,#5346);
#4603=AXIS2_PLACEMENT_3D('',#6558,#5347,#5348);
#4604=AXIS2_PLACEMENT_3D('',#6563,#5350,#5351);
#4605=AXIS2_PLACEMENT_3D('',#6566,#5353,#5354);
#4606=AXIS2_PLACEMENT_3D('',#6567,#5355,#5356);
#4607=AXIS2_PLACEMENT_3D('',#6569,#5357,#5358);
#4608=AXIS2_PLACEMENT_3D('',#6572,#5360,#5361);
#4609=AXIS2_PLACEMENT_3D('',#6575,#5363,#5364);
#4610=AXIS2_PLACEMENT_3D('',#6580,#5367,#5368);
#4611=AXIS2_PLACEMENT_3D('',#6589,#5373,#5374);
#4612=AXIS2_PLACEMENT_3D('',#6594,#5377,#5378);
#4613=AXIS2_PLACEMENT_3D('',#6597,#5380,#5381);
#4614=AXIS2_PLACEMENT_3D('',#6600,#5383,#5384);
#4615=AXIS2_PLACEMENT_3D('',#6605,#5387,#5388);
#4616=AXIS2_PLACEMENT_3D('',#6613,#5393,#5394);
#4617=AXIS2_PLACEMENT_3D('',#6619,#5398,#5399);
#4618=AXIS2_PLACEMENT_3D('',#6630,#5405,#5406);
#4619=AXIS2_PLACEMENT_3D('',#6635,#5409,#5410);
#4620=AXIS2_PLACEMENT_3D('',#6640,#5413,#5414);
#4621=AXIS2_PLACEMENT_3D('',#6648,#5418,#5419);
#4622=AXIS2_PLACEMENT_3D('',#6651,#5421,#5422);
#4623=AXIS2_PLACEMENT_3D('',#6654,#5424,#5425);
#4624=AXIS2_PLACEMENT_3D('',#6657,#5427,#5428);
#4625=AXIS2_PLACEMENT_3D('',#6661,#5431,#5432);
#4626=AXIS2_PLACEMENT_3D('',#6663,#5434,#5435);
#4627=AXIS2_PLACEMENT_3D('',#6667,#5438,#5439);
#4628=AXIS2_PLACEMENT_3D('',#6671,#5442,#5443);
#4629=AXIS2_PLACEMENT_3D('',#6672,#5444,#5445);
#4630=AXIS2_PLACEMENT_3D('',#6675,#5447,#5448);
#4631=AXIS2_PLACEMENT_3D('',#6677,#5450,#5451);
#4632=AXIS2_PLACEMENT_3D('',#6679,#5453,#5454);
#4633=AXIS2_PLACEMENT_3D('',#6683,#5457,#5458);
#4634=AXIS2_PLACEMENT_3D('',#6690,#5460,#5461);
#4635=AXIS2_PLACEMENT_3D('',#6691,#5462,#5463);
#4636=AXIS2_PLACEMENT_3D('',#6697,#5464,#5465);
#4637=AXIS2_PLACEMENT_3D('',#6701,#5468,#5469);
#4638=AXIS2_PLACEMENT_3D('',#6703,#5471,#5472);
#4639=AXIS2_PLACEMENT_3D('',#6705,#5474,#5475);
#4640=AXIS2_PLACEMENT_3D('',#6707,#5477,#5478);
#4641=AXIS2_PLACEMENT_3D('',#6710,#5481,#5482);
#4642=AXIS2_PLACEMENT_3D('',#6712,#5484,#5485);
#4643=AXIS2_PLACEMENT_3D('',#6714,#5487,#5488);
#4644=AXIS2_PLACEMENT_3D('',#6715,#5489,#5490);
#4645=AXIS2_PLACEMENT_3D('',#6718,#5493,#5494);
#4646=AXIS2_PLACEMENT_3D('',#6720,#5496,#5497);
#4647=AXIS2_PLACEMENT_3D('',#6722,#5499,#5500);
#4648=AXIS2_PLACEMENT_3D('',#6723,#5501,#5502);
#4649=AXIS2_PLACEMENT_3D('',#6724,#5503,#5504);
#4650=AXIS2_PLACEMENT_3D('',#6732,#5508,#5509);
#4651=AXIS2_PLACEMENT_3D('',#6734,#5511,#5512);
#4652=AXIS2_PLACEMENT_3D('',#6735,#5513,#5514);
#4653=AXIS2_PLACEMENT_3D('',#6737,#5516,#5517);
#4654=AXIS2_PLACEMENT_3D('',#6745,#5521,#5522);
#4655=AXIS2_PLACEMENT_3D('',#6746,#5523,#5524);
#4656=AXIS2_PLACEMENT_3D('',#6747,#5525,#5526);
#4657=AXIS2_PLACEMENT_3D('',#6755,#5530,#5531);
#4658=AXIS2_PLACEMENT_3D('',#6757,#5533,#5534);
#4659=AXIS2_PLACEMENT_3D('',#6758,#5535,#5536);
#4660=AXIS2_PLACEMENT_3D('',#6760,#5538,#5539);
#4661=AXIS2_PLACEMENT_3D('',#6764,#5541,#5542);
#4662=AXIS2_PLACEMENT_3D('',#6765,#5543,#5544);
#4663=AXIS2_PLACEMENT_3D('',#6770,#5547,#5548);
#4664=AXIS2_PLACEMENT_3D('',#6771,#5549,#5550);
#4665=AXIS2_PLACEMENT_3D('',#6772,#5551,#5552);
#4666=AXIS2_PLACEMENT_3D('',#6773,#5553,#5554);
#4667=AXIS2_PLACEMENT_3D('',#6776,#5557,#5558);
#4668=AXIS2_PLACEMENT_3D('',#6778,#5560,#5561);
#4669=AXIS2_PLACEMENT_3D('',#6780,#5563,#5564);
#4670=AXIS2_PLACEMENT_3D('',#6781,#5565,#5566);
#4671=AXIS2_PLACEMENT_3D('',#6784,#5568,#5569);
#4672=AXIS2_PLACEMENT_3D('',#6789,#5572,#5573);
#4673=AXIS2_PLACEMENT_3D('',#6792,#5575,#5576);
#4674=AXIS2_PLACEMENT_3D('',#6795,#5578,#5579);
#4675=AXIS2_PLACEMENT_3D('',#6800,#5582,#5583);
#4676=AXIS2_PLACEMENT_3D('',#6803,#5585,#5586);
#4677=AXIS2_PLACEMENT_3D('',#6804,#5587,#5588);
#4678=AXIS2_PLACEMENT_3D('',#6812,#5592,#5593);
#4679=AXIS2_PLACEMENT_3D('',#6814,#5595,#5596);
#4680=AXIS2_PLACEMENT_3D('',#6815,#5597,#5598);
#4681=AXIS2_PLACEMENT_3D('',#6817,#5600,#5601);
#4682=AXIS2_PLACEMENT_3D('',#6821,#5603,#5604);
#4683=AXIS2_PLACEMENT_3D('',#6822,#5605,#5606);
#4684=AXIS2_PLACEMENT_3D('',#6827,#5609,#5610);
#4685=AXIS2_PLACEMENT_3D('',#6828,#5611,#5612);
#4686=AXIS2_PLACEMENT_3D('',#6836,#5616,#5617);
#4687=AXIS2_PLACEMENT_3D('',#6838,#5619,#5620);
#4688=AXIS2_PLACEMENT_3D('',#6840,#5622,#5623);
#4689=AXIS2_PLACEMENT_3D('',#6844,#5625,#5626);
#4690=AXIS2_PLACEMENT_3D('',#6845,#5627,#5628);
#4691=AXIS2_PLACEMENT_3D('',#6850,#5631,#5632);
#4692=AXIS2_PLACEMENT_3D('',#6852,#5634,#5635);
#4693=AXIS2_PLACEMENT_3D('',#6853,#5636,#5637);
#4694=AXIS2_PLACEMENT_3D('',#6855,#5639,#5640);
#4695=AXIS2_PLACEMENT_3D('',#6856,#5641,#5642);
#4696=AXIS2_PLACEMENT_3D('',#6857,#5643,#5644);
#4697=AXIS2_PLACEMENT_3D('',#6859,#5646,#5647);
#4698=AXIS2_PLACEMENT_3D('',#6861,#5649,#5650);
#4699=AXIS2_PLACEMENT_3D('',#6862,#5651,#5652);
#4700=AXIS2_PLACEMENT_3D('',#6864,#5654,#5655);
#4701=AXIS2_PLACEMENT_3D('',#6865,#5656,#5657);
#4702=AXIS2_PLACEMENT_3D('',#6867,#5659,#5660);
#4703=AXIS2_PLACEMENT_3D('',#6868,#5661,#5662);
#4704=AXIS2_PLACEMENT_3D('',#6870,#5664,#5665);
#4705=AXIS2_PLACEMENT_3D('',#6871,#5666,#5667);
#4706=AXIS2_PLACEMENT_3D('',#6873,#5669,#5670);
#4707=AXIS2_PLACEMENT_3D('',#6874,#5671,#5672);
#4708=AXIS2_PLACEMENT_3D('',#6875,#5673,#5674);
#4709=AXIS2_PLACEMENT_3D('',#6876,#5675,#5676);
#4710=AXIS2_PLACEMENT_3D('',#6877,#5677,#5678);
#4711=AXIS2_PLACEMENT_3D('',#6878,#5679,#5680);
#4712=AXIS2_PLACEMENT_3D('',#6879,#5681,#5682);
#4713=AXIS2_PLACEMENT_3D('',#6880,#5683,#5684);
#4714=AXIS2_PLACEMENT_3D('',#6881,#5685,#5686);
#4715=AXIS2_PLACEMENT_3D('',#6882,#5687,#5688);
#4716=AXIS2_PLACEMENT_3D('',#6883,#5689,#5690);
#4717=AXIS2_PLACEMENT_3D('',#6884,#5691,#5692);
#4718=AXIS2_PLACEMENT_3D('',#6885,#5693,#5694);
#4719=AXIS2_PLACEMENT_3D('',#6886,#5695,#5696);
#4720=AXIS2_PLACEMENT_3D('',#6892,#5698,#5699);
#4721=AXIS2_PLACEMENT_3D('',#6895,#5702,#5703);
#4722=AXIS2_PLACEMENT_3D('',#6897,#5705,#5706);
#4723=AXIS2_PLACEMENT_3D('',#6903,#5708,#5709);
#4724=AXIS2_PLACEMENT_3D('',#6906,#5712,#5713);
#4725=AXIS2_PLACEMENT_3D('',#6908,#5715,#5716);
#4726=AXIS2_PLACEMENT_3D('',#6914,#5718,#5719);
#4727=AXIS2_PLACEMENT_3D('',#6917,#5722,#5723);
#4728=AXIS2_PLACEMENT_3D('',#6919,#5725,#5726);
#4729=AXIS2_PLACEMENT_3D('',#6925,#5728,#5729);
#4730=AXIS2_PLACEMENT_3D('',#6928,#5732,#5733);
#4731=AXIS2_PLACEMENT_3D('',#6930,#5735,#5736);
#4732=AXIS2_PLACEMENT_3D('',#6955,#5737,#5738);
#4733=AXIS2_PLACEMENT_3D('',#6956,#5739,#5740);
#4734=AXIS2_PLACEMENT_3D('',#6957,#5741,#5742);
#4735=AXIS2_PLACEMENT_3D('',#6958,#5743,#5744);
#4736=AXIS2_PLACEMENT_3D('',#6959,#5745,#5746);
#4737=AXIS2_PLACEMENT_3D('',#6960,#5747,#5748);
#4738=AXIS2_PLACEMENT_3D('',#6961,#5749,#5750);
#4739=AXIS2_PLACEMENT_3D('',#6962,#5751,#5752);
#4740=AXIS2_PLACEMENT_3D('',#6963,#5753,#5754);
#4741=AXIS2_PLACEMENT_3D('',#6964,#5755,#5756);
#4742=DIRECTION('',(0.,0.,1.));
#4743=DIRECTION('',(1.,0.,0.));
#4744=DIRECTION('',(0.,0.,-1.));
#4745=DIRECTION('',(0.,-1.,0.));
#4746=DIRECTION('',(0.,-1.,0.));
#4747=DIRECTION('',(0.803361412274024,-0.595491764232794,0.));
#4748=DIRECTION('',(0.,-1.,0.));
#4749=DIRECTION('',(0.,0.,-1.));
#4750=DIRECTION('',(-1.,0.,0.));
#4751=DIRECTION('',(0.,1.,0.));
#4752=DIRECTION('',(-0.803361412274024,-0.595491764232794,0.));
#4753=DIRECTION('',(0.,1.,0.));
#4754=DIRECTION('',(1.,0.,0.));
#4755=DIRECTION('',(0.,0.,1.));
#4756=DIRECTION('',(1.,0.,0.));
#4757=DIRECTION('',(0.,-1.,0.));
#4758=DIRECTION('',(-0.803361412274024,-0.595491764232794,0.));
#4759=DIRECTION('',(0.,-1.,0.));
#4760=DIRECTION('',(0.,0.,1.));
#4761=DIRECTION('',(-1.,0.,0.));
#4762=DIRECTION('',(0.,1.,0.));
#4763=DIRECTION('',(0.803361412274024,-0.595491764232794,0.));
#4764=DIRECTION('',(0.,1.,0.));
#4765=DIRECTION('',(-1.,0.,0.));
#4766=DIRECTION('',(0.,0.,1.));
#4767=DIRECTION('',(1.,0.,0.));
#4768=DIRECTION('',(0.,-1.,0.));
#4769=DIRECTION('',(-0.803361412274024,-0.595491764232794,0.));
#4770=DIRECTION('',(0.,-1.,0.));
#4771=DIRECTION('',(0.,0.,1.));
#4772=DIRECTION('',(-1.,0.,0.));
#4773=DIRECTION('',(0.,1.,0.));
#4774=DIRECTION('',(0.803361412274024,-0.595491764232794,0.));
#4775=DIRECTION('',(0.,1.,0.));
#4776=DIRECTION('',(-1.,0.,0.));
#4777=DIRECTION('',(-0.809591908816346,0.586993135546836,0.));
#4778=DIRECTION('',(0.,0.,1.));
#4779=DIRECTION('',(0.586993135546836,0.809591908816346,0.));
#4780=DIRECTION('',(0.,0.,1.));
#4781=DIRECTION('',(-0.586993135546836,-0.809591908816346,0.));
#4782=DIRECTION('',(0.,0.,-1.));
#4783=DIRECTION('',(-1.,0.,0.));
#4784=DIRECTION('',(0.,0.,1.));
#4785=DIRECTION('',(0.,1.,0.));
#4786=DIRECTION('',(0.,0.,1.));
#4787=DIRECTION('',(0.,0.,-1.));
#4788=DIRECTION('',(1.,0.,0.));
#4789=DIRECTION('',(0.,1.,0.));
#4790=DIRECTION('',(0.,-1.,0.));
#4791=DIRECTION('',(0.,0.,1.));
#4792=DIRECTION('',(0.595491764232794,0.803361412274024,0.));
#4793=DIRECTION('',(0.,0.,-1.));
#4794=DIRECTION('',(0.803361412274024,-0.595491764232794,0.));
#4795=DIRECTION('',(0.,0.,1.));
#4796=DIRECTION('',(1.,0.,0.));
#4797=DIRECTION('',(0.,1.,0.));
#4798=DIRECTION('',(0.,-1.,0.));
#4799=DIRECTION('',(0.,0.,-1.));
#4800=DIRECTION('',(0.,0.,-1.));
#4801=DIRECTION('',(-1.,0.,0.));
#4802=DIRECTION('',(0.,0.,1.));
#4803=DIRECTION('',(-1.,0.,0.));
#4804=DIRECTION('',(0.,0.,1.));
#4805=DIRECTION('',(-1.,0.,0.));
#4806=DIRECTION('',(0.,0.,1.));
#4807=DIRECTION('',(0.,1.,0.));
#4808=DIRECTION('',(0.,0.,1.));
#4809=DIRECTION('',(-0.595491764232794,0.803361412274024,0.));
#4810=DIRECTION('',(0.,0.,1.));
#4811=DIRECTION('',(0.803361412274024,0.595491764232794,0.));
#4812=DIRECTION('',(0.809591908816346,0.586993135546836,0.));
#4813=DIRECTION('',(0.,0.,-1.));
#4814=DIRECTION('',(0.586993135546836,-0.809591908816346,0.));
#4815=DIRECTION('',(0.,0.,1.));
#4816=DIRECTION('',(-0.586993135546836,0.809591908816346,0.));
#4817=DIRECTION('',(0.809591908816346,0.586993135546836,0.));
#4818=DIRECTION('',(0.,0.,-1.));
#4819=DIRECTION('',(0.586993135546836,-0.809591908816346,0.));
#4820=DIRECTION('',(0.,0.,1.));
#4821=DIRECTION('',(-0.586993135546836,0.809591908816346,0.));
#4822=DIRECTION('',(0.,0.,-1.));
#4823=DIRECTION('',(1.,0.,0.));
#4824=DIRECTION('',(0.,1.,0.));
#4825=DIRECTION('',(0.,0.,1.));
#4826=DIRECTION('',(0.,1.,0.));
#4827=DIRECTION('',(0.,0.,-1.));
#4828=DIRECTION('',(-1.,0.,0.));
#4829=DIRECTION('',(0.,0.,1.));
#4830=DIRECTION('',(0.,-1.,0.));
#4831=DIRECTION('',(0.,0.,-1.));
#4832=DIRECTION('',(-0.595491764232794,0.803361412274024,0.));
#4833=DIRECTION('',(0.,0.,1.));
#4834=DIRECTION('',(-0.803361412274024,-0.595491764232794,0.));
#4835=DIRECTION('',(0.,0.,-1.));
#4836=DIRECTION('',(-1.,0.,0.));
#4837=DIRECTION('',(0.,0.,1.));
#4838=DIRECTION('',(0.,-1.,0.));
#4839=DIRECTION('',(0.,0.,1.));
#4840=DIRECTION('',(0.,0.,-1.));
#4841=DIRECTION('',(-1.,0.,0.));
#4842=DIRECTION('',(0.,0.,-1.));
#4843=DIRECTION('',(-1.,0.,0.));
#4844=DIRECTION('',(0.,0.,-1.));
#4845=DIRECTION('',(1.,0.,0.));
#4846=DIRECTION('',(0.,1.,0.));
#4847=DIRECTION('',(0.,1.,0.));
#4848=DIRECTION('',(0.,0.,-1.));
#4849=DIRECTION('',(0.595491764232794,0.803361412274024,0.));
#4850=DIRECTION('',(0.,0.,-1.));
#4851=DIRECTION('',(-0.803361412274024,0.595491764232794,0.));
#4852=DIRECTION('',(-0.809591908816346,0.586993135546836,0.));
#4853=DIRECTION('',(0.,0.,1.));
#4854=DIRECTION('',(0.586993135546836,0.809591908816346,0.));
#4855=DIRECTION('',(-0.586993135546836,-0.809591908816346,0.));
#4856=DIRECTION('',(0.,0.,-1.));
#4857=DIRECTION('',(0.809591908816346,0.586993135546836,0.));
#4858=DIRECTION('',(0.,0.,-1.));
#4859=DIRECTION('',(0.586993135546836,-0.809591908816346,0.));
#4860=DIRECTION('',(0.,0.,1.));
#4861=DIRECTION('',(-0.586993135546836,0.809591908816346,0.));
#4862=DIRECTION('',(0.,0.,-1.));
#4863=DIRECTION('',(1.,0.,0.));
#4864=DIRECTION('',(0.,1.,0.));
#4865=DIRECTION('',(0.,0.,1.));
#4866=DIRECTION('',(0.,1.,0.));
#4867=DIRECTION('',(0.,0.,-1.));
#4868=DIRECTION('',(-1.,0.,0.));
#4869=DIRECTION('',(0.,0.,1.));
#4870=DIRECTION('',(0.,-1.,0.));
#4871=DIRECTION('',(0.,0.,-1.));
#4872=DIRECTION('',(-0.595491764232794,0.803361412274024,0.));
#4873=DIRECTION('',(0.,0.,1.));
#4874=DIRECTION('',(-0.803361412274024,-0.595491764232794,0.));
#4875=DIRECTION('',(0.,0.,-1.));
#4876=DIRECTION('',(-1.,0.,0.));
#4877=DIRECTION('',(0.,0.,1.));
#4878=DIRECTION('',(0.,-1.,0.));
#4879=DIRECTION('',(0.,0.,1.));
#4880=DIRECTION('',(0.,0.,-1.));
#4881=DIRECTION('',(-1.,0.,0.));
#4882=DIRECTION('',(0.,0.,-1.));
#4883=DIRECTION('',(-1.,0.,0.));
#4884=DIRECTION('',(0.,0.,-1.));
#4885=DIRECTION('',(1.,0.,0.));
#4886=DIRECTION('',(0.,1.,0.));
#4887=DIRECTION('',(0.,1.,0.));
#4888=DIRECTION('',(0.,0.,-1.));
#4889=DIRECTION('',(0.595491764232794,0.803361412274024,0.));
#4890=DIRECTION('',(0.,0.,-1.));
#4891=DIRECTION('',(-0.803361412274024,0.595491764232794,0.));
#4892=DIRECTION('',(-0.809591908816346,0.586993135546836,0.));
#4893=DIRECTION('',(0.,0.,1.));
#4894=DIRECTION('',(0.586993135546836,0.809591908816346,0.));
#4895=DIRECTION('',(-0.586993135546836,-0.809591908816346,0.));
#4896=DIRECTION('',(0.,0.,-1.));
#4897=DIRECTION('',(-0.970150439781015,0.242503864284063,0.));
#4898=DIRECTION('',(0.,0.,1.));
#4899=DIRECTION('',(0.242503864284558,0.970150439780891,0.));
#4900=DIRECTION('',(0.,0.,1.));
#4901=DIRECTION('',(-0.242503864284558,-0.970150439780891,0.));
#4902=DIRECTION('',(0.,0.,-1.));
#4903=DIRECTION('',(0.,-1.,0.));
#4904=DIRECTION('',(-1.,-1.70803542250028E-13,0.));
#4905=DIRECTION('',(0.,0.,-1.));
#4906=DIRECTION('',(0.,-1.,0.));
#4907=DIRECTION('',(-1.,-1.70803542250028E-13,0.));
#4908=DIRECTION('',(0.242503864284187,-0.970150439780984,0.));
#4909=DIRECTION('',(0.970150439780984,0.242503864284187,0.));
#4910=DIRECTION('',(0.,0.,-1.));
#4911=DIRECTION('',(0.242503864284063,-0.970150439781015,0.));
#4912=DIRECTION('',(0.,0.,-1.));
#4913=DIRECTION('',(0.,0.,1.));
#4914=DIRECTION('',(1.,0.,0.));
#4915=DIRECTION('',(1.,1.70803542250028E-13,0.));
#4916=DIRECTION('',(0.,0.,1.));
#4917=DIRECTION('',(1.,0.,0.));
#4918=DIRECTION('',(1.,1.70803542250028E-13,0.));
#4919=DIRECTION('',(0.,0.,1.));
#4920=DIRECTION('',(1.,0.,0.));
#4921=DIRECTION('',(1.,1.70803542250028E-13,0.));
#4922=DIRECTION('',(0.,0.,1.));
#4923=DIRECTION('',(1.,0.,0.));
#4924=DIRECTION('',(-0.242503864284187,-0.970150439780984,0.));
#4925=DIRECTION('',(1.,1.70803542250028E-13,0.));
#4926=DIRECTION('',(-0.970150439780984,0.242503864284187,0.));
#4927=DIRECTION('',(0.,0.,1.));
#4928=DIRECTION('',(0.,0.,1.));
#4929=DIRECTION('',(-0.242503864284558,-0.970150439780891,0.));
#4930=DIRECTION('',(0.,0.,-1.));
#4931=DIRECTION('',(0.,-1.,0.));
#4932=DIRECTION('',(-1.,-1.70803542250028E-13,0.));
#4933=DIRECTION('',(0.,0.,-1.));
#4934=DIRECTION('',(0.,-1.,0.));
#4935=DIRECTION('',(-1.,-1.70803542250028E-13,0.));
#4936=DIRECTION('',(0.,0.,-1.));
#4937=DIRECTION('',(0.,-1.,0.));
#4938=DIRECTION('',(-1.,-1.70803542250028E-13,0.));
#4939=DIRECTION('',(0.242503864284187,-0.970150439780984,0.));
#4940=DIRECTION('',(0.970150439780984,0.242503864284187,0.));
#4941=DIRECTION('',(0.,0.,-1.));
#4942=DIRECTION('',(0.242503864284063,-0.970150439781015,0.));
#4943=DIRECTION('',(0.,0.,-1.));
#4944=DIRECTION('',(0.,0.,1.));
#4945=DIRECTION('',(1.,0.,0.));
#4946=DIRECTION('',(1.,1.70803542250028E-13,0.));
#4947=DIRECTION('',(0.,0.,1.));
#4948=DIRECTION('',(1.,0.,0.));
#4949=DIRECTION('',(-0.242503864284558,-0.970150439780891,0.));
#4950=DIRECTION('',(1.,1.70803542250028E-13,0.));
#4951=DIRECTION('',(-0.970150439780891,0.242503864284558,0.));
#4952=DIRECTION('',(0.,0.,1.));
#4953=DIRECTION('',(0.,0.,1.));
#4954=DIRECTION('',(-0.242503864285052,-0.970150439780768,0.));
#4955=DIRECTION('',(0.,0.,-1.));
#4956=DIRECTION('',(0.,-1.,0.));
#4957=DIRECTION('',(-1.,-1.70803542250028E-13,0.));
#4958=DIRECTION('',(0.,0.,-1.));
#4959=DIRECTION('',(0.,-1.,0.));
#4960=DIRECTION('',(-1.,-1.70803542250028E-13,0.));
#4961=DIRECTION('',(0.,0.,-1.));
#4962=DIRECTION('',(0.,-1.,0.));
#4963=DIRECTION('',(-1.,-1.70803542250028E-13,0.));
#4964=DIRECTION('',(0.242503864284187,-0.970150439780984,0.));
#4965=DIRECTION('',(0.970150439780984,0.242503864284187,0.));
#4966=DIRECTION('',(0.,0.,-1.));
#4967=DIRECTION('',(0.242503864284063,-0.970150439781015,0.));
#4968=DIRECTION('',(0.,0.,-1.));
#4969=DIRECTION('',(0.,0.,1.));
#4970=DIRECTION('',(1.,0.,0.));
#4971=DIRECTION('',(1.,1.70803542250028E-13,0.));
#4972=DIRECTION('',(0.,1.,0.));
#4973=DIRECTION('',(1.,0.,0.));
#4974=DIRECTION('',(0.,0.,1.));
#4975=DIRECTION('',(1.,0.,0.));
#4976=DIRECTION('',(0.,0.,-1.));
#4977=DIRECTION('',(-1.,0.,0.));
#4978=DIRECTION('',(0.,0.,-1.));
#4979=DIRECTION('',(1.,0.,0.));
#4980=DIRECTION('',(0.,0.,-1.));
#4981=DIRECTION('',(1.,0.,0.));
#4982=DIRECTION('',(0.,0.,1.));
#4983=DIRECTION('',(1.,1.70803542250028E-13,0.));
#4984=DIRECTION('',(0.,0.,1.));
#4985=DIRECTION('',(-1.,-1.70803542250028E-13,0.));
#4986=DIRECTION('',(1.,0.,0.));
#4987=DIRECTION('',(0.,1.,0.));
#4988=DIRECTION('',(0.,-1.,0.));
#4989=DIRECTION('',(0.,-1.,0.));
#4990=DIRECTION('',(0.,0.,-1.));
#4991=DIRECTION('',(0.,-1.,0.));
#4992=DIRECTION('',(1.38777878078083E-13,-1.,0.));
#4993=DIRECTION('',(1.,0.,0.));
#4994=DIRECTION('',(0.,1.,0.));
#4995=DIRECTION('',(0.,-1.,0.));
#4996=DIRECTION('',(0.,0.,1.));
#4997=DIRECTION('',(1.,0.,0.));
#4998=DIRECTION('',(0.,-1.,0.));
#4999=DIRECTION('',(1.,0.,0.));
#5000=DIRECTION('',(0.,1.,0.));
#5001=DIRECTION('',(0.,-1.,0.));
#5002=DIRECTION('',(0.,0.,1.));
#5003=DIRECTION('',(1.,0.,0.));
#5004=DIRECTION('',(0.,-1.,0.));
#5005=DIRECTION('',(-1.,0.,0.));
#5006=DIRECTION('',(0.,0.,1.));
#5007=DIRECTION('',(0.,-1.,0.));
#5008=DIRECTION('',(0.,0.,1.));
#5009=DIRECTION('',(1.,0.,0.));
#5010=DIRECTION('',(0.,-1.,0.));
#5011=DIRECTION('',(-1.,0.,0.));
#5012=DIRECTION('',(0.,0.,1.));
#5013=DIRECTION('',(0.,-1.,0.));
#5014=DIRECTION('',(0.,0.,-1.));
#5015=DIRECTION('',(0.,-1.,0.));
#5016=DIRECTION('',(0.,-1.,0.));
#5017=DIRECTION('',(-1.,0.,0.));
#5018=DIRECTION('',(0.,0.,1.));
#5019=DIRECTION('',(0.,1.,0.));
#5020=DIRECTION('',(0.,0.,1.));
#5021=DIRECTION('',(1.,0.,0.));
#5022=DIRECTION('',(0.,0.,1.));
#5023=DIRECTION('',(1.,0.,0.));
#5024=DIRECTION('',(0.,-1.,0.));
#5025=DIRECTION('',(-1.,0.,0.));
#5026=DIRECTION('',(0.,-1.,0.));
#5027=DIRECTION('',(1.,0.,0.));
#5028=DIRECTION('',(0.,0.,-1.));
#5029=DIRECTION('',(0.,-1.,0.));
#5030=DIRECTION('',(0.,0.,1.));
#5031=DIRECTION('',(0.,0.,1.));
#5032=DIRECTION('',(1.,0.,0.));
#5033=DIRECTION('',(0.,-1.,0.));
#5034=DIRECTION('',(-1.,0.,0.));
#5035=DIRECTION('',(1.,0.,0.));
#5036=DIRECTION('',(0.,0.,-1.));
#5037=DIRECTION('',(0.,-1.,0.));
#5038=DIRECTION('',(0.,0.,1.));
#5039=DIRECTION('',(0.,0.,-1.));
#5040=DIRECTION('',(-1.,0.,0.));
#5041=DIRECTION('',(0.,-1.,0.));
#5042=DIRECTION('',(1.,0.,0.));
#5043=DIRECTION('',(1.,0.,0.));
#5044=DIRECTION('',(0.,0.,-1.));
#5045=DIRECTION('',(0.,-1.,0.));
#5046=DIRECTION('',(0.,0.,1.));
#5047=DIRECTION('',(0.,0.,-1.));
#5048=DIRECTION('',(-1.,0.,0.));
#5049=DIRECTION('',(0.,-1.,0.));
#5050=DIRECTION('',(1.,0.,0.));
#5051=DIRECTION('',(-1.,0.,0.));
#5052=DIRECTION('',(0.,0.,1.));
#5053=DIRECTION('',(0.,-1.,0.));
#5054=DIRECTION('',(0.,0.,-1.));
#5055=DIRECTION('',(0.,0.,-1.));
#5056=DIRECTION('',(-1.,0.,0.));
#5057=DIRECTION('',(0.,-1.,0.));
#5058=DIRECTION('',(1.,0.,0.));
#5059=DIRECTION('',(-1.,0.,0.));
#5060=DIRECTION('',(0.,0.,1.));
#5061=DIRECTION('',(0.,-1.,0.));
#5062=DIRECTION('',(0.,0.,-1.));
#5063=DIRECTION('',(0.,0.,1.));
#5064=DIRECTION('',(1.,0.,0.));
#5065=DIRECTION('',(0.,-1.,0.));
#5066=DIRECTION('',(-1.,0.,0.));
#5067=DIRECTION('',(-1.,0.,0.));
#5068=DIRECTION('',(0.,0.,1.));
#5069=DIRECTION('',(0.,0.,-1.));
#5070=DIRECTION('',(0.,1.,0.));
#5071=DIRECTION('',(0.,0.,1.));
#5072=DIRECTION('',(0.,0.,-1.));
#5073=DIRECTION('',(-1.,0.,0.));
#5074=DIRECTION('',(0.,-1.,0.));
#5075=DIRECTION('',(0.,0.,-1.));
#5076=DIRECTION('',(0.,0.,-1.));
#5077=DIRECTION('',(-1.,0.,0.));
#5078=DIRECTION('',(0.,0.,1.));
#5079=DIRECTION('',(1.,0.,0.));
#5080=DIRECTION('',(0.,0.,-1.));
#5081=DIRECTION('',(-1.,0.,0.));
#5082=DIRECTION('',(0.,0.,1.));
#5083=DIRECTION('',(-1.,0.,0.));
#5084=DIRECTION('',(-1.,0.,0.));
#5085=DIRECTION('',(0.,1.,0.));
#5086=DIRECTION('',(0.,1.,0.));
#5087=DIRECTION('',(0.,0.,1.));
#5088=DIRECTION('',(0.,1.,0.));
#5089=DIRECTION('',(0.,0.,1.));
#5090=DIRECTION('',(1.,0.,0.));
#5091=DIRECTION('',(0.,1.,0.));
#5092=DIRECTION('',(-1.,0.,0.));
#5093=DIRECTION('',(1.,0.,0.));
#5094=DIRECTION('',(0.,1.,0.));
#5095=DIRECTION('',(0.,0.,1.));
#5096=DIRECTION('',(0.,1.,0.));
#5097=DIRECTION('',(0.,0.,-1.));
#5098=DIRECTION('',(0.,-1.,0.));
#5099=DIRECTION('',(1.,0.,0.));
#5100=DIRECTION('',(-2.7755575615632E-13,1.,0.));
#5101=DIRECTION('',(-1.,0.,0.));
#5102=DIRECTION('',(0.,1.,0.));
#5103=DIRECTION('',(0.,0.,-1.));
#5104=DIRECTION('',(0.,1.,0.));
#5105=DIRECTION('',(0.,0.,1.));
#5106=DIRECTION('',(1.,0.,0.));
#5107=DIRECTION('',(-1.,0.,0.));
#5108=DIRECTION('',(0.,1.,0.));
#5109=DIRECTION('',(1.,0.,0.));
#5110=DIRECTION('',(0.,1.,0.));
#5111=DIRECTION('',(0.,0.,1.));
#5112=DIRECTION('',(0.,-1.,0.));
#5113=DIRECTION('',(0.,0.,1.));
#5114=DIRECTION('',(1.,0.,0.));
#5115=DIRECTION('',(1.,0.,0.));
#5116=DIRECTION('',(0.,1.,0.));
#5117=DIRECTION('',(1.,0.,0.));
#5118=DIRECTION('',(0.,0.,-1.));
#5119=DIRECTION('',(1.,0.,0.));
#5120=DIRECTION('',(-1.56125112837912E-17,1.,4.33334237487128E-34));
#5121=DIRECTION('',(1.,1.56125112837912E-17,0.));
#5122=DIRECTION('',(0.,0.,1.));
#5123=DIRECTION('',(1.,1.56125112837912E-17,-2.77555756156289E-17));
#5124=DIRECTION('',(0.,0.,-1.));
#5125=DIRECTION('',(1.,1.56125112837912E-17,0.));
#5126=DIRECTION('',(0.707441656684827,0.706771747020937,0.));
#5127=DIRECTION('',(0.,0.,-1.));
#5128=DIRECTION('',(0.,0.,-1.));
#5129=DIRECTION('',(0.706771747020937,-0.707441656684827,-9.79913146954899E-18));
#5130=DIRECTION('',(-4.32923892986428E-34,4.33334237487128E-34,-1.));
#5131=DIRECTION('',(0.706771747020937,-0.707441656684827,0.));
#5132=DIRECTION('',(-1.56125112837912E-17,1.,4.33334237487128E-34));
#5133=DIRECTION('',(1.,1.56125112837912E-17,0.));
#5134=DIRECTION('',(1.,1.56125112837912E-17,0.));
#5135=DIRECTION('',(1.,1.56125112837912E-17,0.));
#5136=DIRECTION('',(-1.17340889711368E-47,4.33334237487128E-34,-1.));
#5137=DIRECTION('',(-0.707441656684828,0.706771747020937,3.08148791101958E-33));
#5138=DIRECTION('',(4.35581914339038E-33,0.,1.));
#5139=DIRECTION('',(0.706771747020936,0.707441656684828,-2.94345818653105E-17));
#5140=DIRECTION('',(0.706771747020936,0.707441656684828,0.));
#5141=DIRECTION('',(-1.,0.,0.));
#5142=DIRECTION('',(0.,1.,0.));
#5143=DIRECTION('',(-3.85185988877448E-34,-1.,0.));
#5144=DIRECTION('',(-3.85185988877448E-34,-1.,0.));
#5145=DIRECTION('',(0.,0.,1.));
#5146=DIRECTION('',(-3.85185988877448E-34,-1.,0.));
#5147=DIRECTION('',(-1.,3.85185988877448E-34,0.));
#5148=DIRECTION('',(0.,0.,1.));
#5149=DIRECTION('',(1.,3.85185988877448E-34,0.));
#5150=DIRECTION('',(1.,3.85185988877448E-34,0.));
#5151=DIRECTION('',(0.,0.,-1.));
#5152=DIRECTION('',(0.,-1.,0.));
#5153=DIRECTION('',(-3.85185988877448E-34,-1.,0.));
#5154=DIRECTION('',(0.,0.,-1.));
#5155=DIRECTION('',(0.,-1.,0.));
#5156=DIRECTION('',(3.85185988877448E-34,1.,0.));
#5157=DIRECTION('',(1.,3.85185988877448E-34,0.));
#5158=DIRECTION('',(-3.85185988877448E-34,1.,0.));
#5159=DIRECTION('',(0.,0.,-1.));
#5160=DIRECTION('',(1.,0.,0.));
#5161=DIRECTION('',(-1.,0.,0.));
#5162=DIRECTION('',(0.,-1.,0.));
#5163=DIRECTION('',(-1.,0.,0.));
#5164=DIRECTION('',(0.,0.,-1.));
#5165=DIRECTION('',(1.,0.,0.));
#5166=DIRECTION('',(-1.,1.58603289232165E-14,0.));
#5167=DIRECTION('',(-1.58603289232165E-14,-1.,0.));
#5168=DIRECTION('',(1.,0.,0.));
#5169=DIRECTION('',(1.,0.,0.));
#5170=DIRECTION('',(0.,1.,0.));
#5171=DIRECTION('',(-1.,0.,0.));
#5172=DIRECTION('',(0.,1.,0.));
#5173=DIRECTION('',(1.,0.,0.));
#5174=DIRECTION('',(-1.,0.,0.));
#5175=DIRECTION('',(0.,1.,0.));
#5176=DIRECTION('',(-1.,0.,0.));
#5177=DIRECTION('',(1.,0.,0.));
#5178=DIRECTION('',(0.,1.,0.));
#5179=DIRECTION('',(-1.,0.,0.));
#5180=DIRECTION('',(0.,0.,1.));
#5181=DIRECTION('',(1.,1.58603289232165E-14,0.));
#5182=DIRECTION('',(-1.58603289232165E-14,1.,0.));
#5183=DIRECTION('',(0.,0.,-1.));
#5184=DIRECTION('',(-1.,0.,0.));
#5185=DIRECTION('',(1.,0.,-4.76896938610154E-29));
#5186=DIRECTION('',(0.,1.,3.00685402502636E-15));
#5187=DIRECTION('',(-1.,-1.43395947938269E-43,4.76896938610154E-29));
#5188=DIRECTION('',(0.,1.,0.));
#5189=DIRECTION('',(0.,0.,1.));
#5190=DIRECTION('',(0.,-1.,0.));
#5191=DIRECTION('',(-1.,0.,-1.49603486751503E-29));
#5192=DIRECTION('',(0.,-1.,0.));
#5193=DIRECTION('',(-1.,-1.58603289232165E-14,-1.68155815718978E-44));
#5194=DIRECTION('',(0.,-1.,9.43255890062353E-16));
#5195=DIRECTION('',(0.,0.,1.));
#5196=DIRECTION('',(0.,-1.,0.));
#5197=DIRECTION('',(-1.,0.,-1.49603486751503E-29));
#5198=DIRECTION('',(1.58603289232165E-14,1.,-9.43255890062353E-16));
#5199=DIRECTION('',(1.,1.58603289232165E-14,1.68155815718978E-44));
#5200=DIRECTION('',(0.,1.,-9.43255890062353E-16));
#5201=DIRECTION('',(0.,0.,-1.));
#5202=DIRECTION('',(-1.,0.,0.));
#5203=DIRECTION('',(1.,0.,-4.76896938610154E-29));
#5204=DIRECTION('',(0.,-1.,-3.00685402502636E-15));
#5205=DIRECTION('',(1.,1.58603289232165E-14,6.72623262875912E-44));
#5206=DIRECTION('',(-1.58603289232165E-14,-1.,-3.00685402502636E-15));
#5207=DIRECTION('',(1.,0.,0.));
#5208=DIRECTION('',(0.,1.,0.));
#5209=DIRECTION('',(0.,0.,1.));
#5210=DIRECTION('',(-3.49591247235792E-14,1.,0.));
#5211=DIRECTION('',(0.,0.,-1.));
#5212=DIRECTION('',(0.,1.,0.));
#5213=DIRECTION('',(-1.,0.,0.));
#5214=DIRECTION('',(0.,0.,1.));
#5215=DIRECTION('',(0.,0.,-1.));
#5216=DIRECTION('',(0.,-1.,0.));
#5217=DIRECTION('',(0.,0.,-1.));
#5218=DIRECTION('',(-3.49591247235817E-14,-1.,0.));
#5219=DIRECTION('',(-1.,0.,0.));
#5220=DIRECTION('',(0.,0.,1.));
#5221=DIRECTION('',(-1.,0.,0.));
#5222=DIRECTION('',(0.,0.,1.));
#5223=DIRECTION('',(3.49591247235817E-14,1.,0.));
#5224=DIRECTION('',(0.,0.,1.));
#5225=DIRECTION('',(0.,1.,0.));
#5226=DIRECTION('',(1.,0.,0.));
#5227=DIRECTION('',(0.,1.,0.));
#5228=DIRECTION('',(1.,0.,0.));
#5229=DIRECTION('',(0.,0.,-1.));
#5230=DIRECTION('',(0.,-1.,0.));
#5231=DIRECTION('',(0.,0.,1.));
#5232=DIRECTION('',(3.49591247235792E-14,-1.,0.));
#5233=DIRECTION('',(0.,1.,0.));
#5234=DIRECTION('',(1.,0.,0.));
#5235=DIRECTION('',(0.,0.,-1.));
#5236=DIRECTION('',(-1.,0.,0.));
#5237=DIRECTION('',(0.,0.,1.));
#5238=DIRECTION('',(1.,0.,0.));
#5239=DIRECTION('',(0.000416399897363702,0.,0.999999913305559));
#5240=DIRECTION('',(0.,1.,0.));
#5241=DIRECTION('',(0.,0.,1.));
#5242=DIRECTION('',(0.999999913305559,0.,-0.000416399897310693));
#5243=DIRECTION('',(0.,0.,-1.));
#5244=DIRECTION('',(-1.,0.,3.37879475525793E-16));
#5245=DIRECTION('',(0.,1.,0.));
#5246=DIRECTION('',(0.,0.,1.));
#5247=DIRECTION('',(0.000416399897363702,0.,0.999999913305559));
#5248=DIRECTION('',(-1.,0.,0.));
#5249=DIRECTION('',(-0.000416399897363702,0.,-0.999999913305559));
#5250=DIRECTION('',(0.,1.,0.));
#5251=DIRECTION('',(0.,0.,1.));
#5252=DIRECTION('',(-1.,0.,3.37879475525793E-16));
#5253=DIRECTION('',(0.,0.,1.));
#5254=DIRECTION('',(0.999999913305559,0.,-0.000416399897310693));
#5255=DIRECTION('',(0.,1.,0.));
#5256=DIRECTION('',(0.,0.,1.));
#5257=DIRECTION('',(-0.000416399897363702,0.,-0.999999913305559));
#5258=DIRECTION('',(-1.,0.,0.));
#5259=DIRECTION('',(0.,0.,-1.));
#5260=DIRECTION('',(-1.,0.,0.));
#5261=DIRECTION('',(-0.000416399897310693,0.,-0.999999913305559));
#5262=DIRECTION('',(0.999999913305559,0.,-0.000416399897310693));
#5263=DIRECTION('',(0.,0.,1.));
#5264=DIRECTION('',(3.37879475525793E-16,0.,1.));
#5265=DIRECTION('',(-1.,0.,3.37879475525793E-16));
#5266=DIRECTION('',(0.,0.,-1.));
#5267=DIRECTION('',(0.,0.,-1.));
#5268=DIRECTION('',(0.,-1.,0.));
#5269=DIRECTION('',(0.,1.,0.));
#5270=DIRECTION('',(1.,0.,0.));
#5271=DIRECTION('',(0.,-1.,0.));
#5272=DIRECTION('',(-1.,0.,0.));
#5273=DIRECTION('',(1.,0.,0.));
#5274=DIRECTION('',(0.,-1.,0.));
#5275=DIRECTION('',(-1.,0.,0.));
#5276=DIRECTION('',(0.,1.,0.));
#5277=DIRECTION('',(0.,1.,0.));
#5278=DIRECTION('',(0.,-1.,0.));
#5279=DIRECTION('',(-1.,0.,0.));
#5280=DIRECTION('',(0.,1.,0.));
#5281=DIRECTION('',(1.,0.,0.));
#5282=DIRECTION('',(0.,-1.,0.));
#5283=DIRECTION('',(-1.,0.,0.));
#5284=DIRECTION('',(0.,1.,0.));
#5285=DIRECTION('',(1.,0.,0.));
#5286=DIRECTION('',(0.,-1.,0.));
#5287=DIRECTION('',(-1.,-2.77555756156397E-13,0.));
#5288=DIRECTION('',(0.,0.,1.));
#5289=DIRECTION('',(1.,0.,0.));
#5290=DIRECTION('',(0.,0.,1.));
#5291=DIRECTION('',(-1.,0.,0.));
#5292=DIRECTION('',(0.,1.,0.));
#5293=DIRECTION('',(0.,-1.,0.));
#5294=DIRECTION('',(0.,0.,1.));
#5295=DIRECTION('',(1.,0.,0.));
#5296=DIRECTION('',(1.,2.77555756156397E-13,0.));
#5297=DIRECTION('',(0.,1.,0.));
#5298=DIRECTION('',(-1.,0.,0.));
#5299=DIRECTION('',(0.,-1.,0.));
#5300=DIRECTION('',(1.,0.,0.));
#5301=DIRECTION('',(0.,1.,0.));
#5302=DIRECTION('',(-1.,0.,0.));
#5303=DIRECTION('',(0.,-1.,0.));
#5304=DIRECTION('',(1.,0.,0.));
#5305=DIRECTION('',(0.,0.,1.));
#5306=DIRECTION('',(1.,0.,0.));
#5307=DIRECTION('',(0.,1.,0.));
#5308=DIRECTION('',(-1.,0.,0.));
#5309=DIRECTION('',(0.,-1.,0.));
#5310=DIRECTION('',(1.,0.,0.));
#5311=DIRECTION('',(1.,0.,0.));
#5312=DIRECTION('',(0.,1.,0.));
#5313=DIRECTION('',(-1.,0.,0.));
#5314=DIRECTION('',(0.,-1.,0.));
#5315=DIRECTION('',(-1.,0.,0.));
#5316=DIRECTION('',(0.,-1.,0.));
#5317=DIRECTION('',(-1.,-2.77555756156397E-13,0.));
#5318=DIRECTION('',(0.,-1.,0.));
#5319=DIRECTION('',(-1.,0.,0.));
#5320=DIRECTION('',(0.,1.,0.));
#5321=DIRECTION('',(-1.,0.,0.));
#5322=DIRECTION('',(0.,1.,0.));
#5323=DIRECTION('',(-1.,0.,0.));
#5324=DIRECTION('',(0.,1.,0.));
#5325=DIRECTION('',(-1.,-2.77555756156397E-13,0.));
#5326=DIRECTION('',(0.,1.,0.));
#5327=DIRECTION('',(0.,0.,1.));
#5328=DIRECTION('',(1.,0.,0.));
#5329=DIRECTION('',(0.,1.,0.));
#5330=DIRECTION('',(0.,0.,1.));
#5331=DIRECTION('',(-1.,0.,0.));
#5332=DIRECTION('',(1.,2.77555756156397E-13,0.));
#5333=DIRECTION('',(0.,-1.,0.));
#5334=DIRECTION('',(1.,0.,0.));
#5335=DIRECTION('',(-9.95153855249664E-14,1.,0.));
#5336=DIRECTION('',(1.,0.,0.));
#5337=DIRECTION('',(0.,-1.,0.));
#5338=DIRECTION('',(1.,0.,0.));
#5339=DIRECTION('',(0.,1.,0.));
#5340=DIRECTION('',(1.,2.77555756156397E-13,0.));
#5341=DIRECTION('',(0.,0.,1.));
#5342=DIRECTION('',(1.,0.,0.));
#5343=DIRECTION('',(0.,-1.,0.));
#5344=DIRECTION('',(1.,0.,0.));
#5345=DIRECTION('',(0.,0.,-1.));
#5346=DIRECTION('',(-1.,0.,0.));
#5347=DIRECTION('',(-0.000416399897310693,0.,-0.999999913305559));
#5348=DIRECTION('',(0.999999913305559,0.,-0.000416399897310693));
#5349=DIRECTION('',(0.,0.,1.));
#5350=DIRECTION('',(3.37879475525793E-16,0.,1.));
#5351=DIRECTION('',(-1.,0.,0.));
#5352=DIRECTION('',(0.,0.,-1.));
#5353=DIRECTION('',(-1.,0.,0.));
#5354=DIRECTION('',(0.,0.,1.));
#5355=DIRECTION('',(0.999999913305559,0.,-0.000416399897363702));
#5356=DIRECTION('',(-0.000416399897363702,0.,-0.999999913305559));
#5357=DIRECTION('',(-0.999999913305559,0.,0.000416399897363702));
#5358=DIRECTION('',(-0.000416399897363702,0.,-0.999999913305559));
#5359=DIRECTION('',(1.,0.,0.));
#5360=DIRECTION('',(1.,0.,0.));
#5361=DIRECTION('',(0.,1.,0.));
#5362=DIRECTION('',(1.58603289232165E-14,-1.,-6.60423990749206E-18));
#5363=DIRECTION('',(1.,1.58603289232165E-14,0.));
#5364=DIRECTION('',(6.04106805426833E-25,-3.80891725733718E-11,-1.));
#5365=DIRECTION('',(0.,0.,1.));
#5366=DIRECTION('',(0.,0.,-1.));
#5367=DIRECTION('',(1.,0.,0.));
#5368=DIRECTION('',(0.,-1.,0.));
#5369=DIRECTION('',(0.,-0.992277876712749,-0.124034734596555));
#5370=DIRECTION('',(1.53262870587816E-14,-0.966328449616632,0.257311732071268));
#5371=DIRECTION('',(-1.53262870588613E-14,0.966328449621656,0.257311732052403));
#5372=DIRECTION('',(0.,0.992277876713657,-0.124034734589293));
#5373=DIRECTION('',(1.,1.58603289232165E-14,0.));
#5374=DIRECTION('',(-1.58603289232165E-14,1.,0.));
#5375=DIRECTION('',(0.,0.,1.));
#5376=DIRECTION('',(0.,0.,1.));
#5377=DIRECTION('',(1.,1.58603289232165E-14,0.));
#5378=DIRECTION('',(-1.58603289232165E-14,1.,0.));
#5379=DIRECTION('',(-1.58603289232165E-14,1.,5.35887961824296E-30));
#5380=DIRECTION('',(-1.,0.,0.));
#5381=DIRECTION('',(0.,0.,1.));
#5382=DIRECTION('',(0.,0.,-1.));
#5383=DIRECTION('',(-1.,1.58603289232165E-14,0.));
#5384=DIRECTION('',(6.04106805426833E-25,3.80891725733718E-11,-1.));
#5385=DIRECTION('',(1.58603289232165E-14,1.,-6.60423990749206E-18));
#5386=DIRECTION('',(-1.58603289232165E-14,-1.,5.35887961824296E-30));
#5387=DIRECTION('',(-1.,1.58603289232165E-14,0.));
#5388=DIRECTION('',(0.,-1.,0.));
#5389=DIRECTION('',(0.,0.,-1.));
#5390=DIRECTION('',(0.,0.,1.));
#5391=DIRECTION('',(-1.57378535079095E-14,-0.992277876713657,0.124034734589293));
#5392=DIRECTION('',(-1.53262870588613E-14,-0.966328449621656,-0.257311732052403));
#5393=DIRECTION('',(-1.,3.10250261861271E-40,-2.218258596655E-27));
#5394=DIRECTION('',(0.,1.,1.39862080250296E-13));
#5395=DIRECTION('',(1.53262870587816E-14,0.966328449616632,-0.257311732071268));
#5396=DIRECTION('',(1.57378535078951E-14,0.992277876712749,0.124034734596555));
#5397=DIRECTION('',(0.,0.,-1.));
#5398=DIRECTION('',(0.,-1.,0.));
#5399=DIRECTION('',(0.,0.,-1.));
#5400=DIRECTION('',(0.,0.,-1.));
#5401=DIRECTION('',(1.,0.,0.));
#5402=DIRECTION('',(0.,0.,1.));
#5403=DIRECTION('',(-1.,0.,0.));
#5404=DIRECTION('',(0.999999913305559,0.,-0.000416399897310693));
#5405=DIRECTION('',(0.,-1.,0.));
#5406=DIRECTION('',(0.,0.,-1.));
#5407=DIRECTION('',(0.000416399897363702,0.,0.999999913305559));
#5408=DIRECTION('',(-0.000416399897363702,0.,-0.999999913305559));
#5409=DIRECTION('',(0.,-1.,0.));
#5410=DIRECTION('',(0.,0.,-1.));
#5411=DIRECTION('',(0.999999913305559,0.,-0.000416399897310693));
#5412=DIRECTION('',(-1.,0.,3.37879475525793E-16));
#5413=DIRECTION('',(0.,-1.,0.));
#5414=DIRECTION('',(0.,0.,-1.));
#5415=DIRECTION('',(-0.000416399897363702,0.,-0.999999913305559));
#5416=DIRECTION('',(-1.,0.,0.));
#5417=DIRECTION('',(0.000416399897363702,0.,0.999999913305559));
#5418=DIRECTION('',(0.,-1.,0.));
#5419=DIRECTION('',(0.,0.,-1.));
#5420=DIRECTION('',(-1.,0.,3.37879475525793E-16));
#5421=DIRECTION('',(-1.,0.,0.));
#5422=DIRECTION('',(0.,-1.,0.));
#5423=DIRECTION('',(1.,0.,0.));
#5424=DIRECTION('',(1.,0.,0.));
#5425=DIRECTION('',(0.,-1.,0.));
#5426=DIRECTION('',(-1.,-2.44005060386082E-16,1.95204048297123E-15));
#5427=DIRECTION('',(1.96723168860523E-15,-0.124034734596555,0.992277876712749));
#5428=DIRECTION('',(-1.,-1.58603289232165E-14,0.));
#5429=DIRECTION('',(0.,-0.992277876712749,-0.124034734596555));
#5430=DIRECTION('',(-1.,-1.58603289232165E-14,4.90684120073241E-31));
#5431=DIRECTION('',(-4.08104870645286E-15,0.257311732071268,0.966328449616632));
#5432=DIRECTION('',(1.,1.58603289232165E-14,0.));
#5433=DIRECTION('',(0.,-0.966328449616632,0.257311732071268));
#5434=DIRECTION('',(-4.08104870615366E-15,0.257311732052403,-0.966328449621656));
#5435=DIRECTION('',(-1.,0.,4.22325215381117E-15));
#5436=DIRECTION('',(0.,0.966328449621656,0.257311732052403));
#5437=DIRECTION('',(-1.,-1.58603289232165E-14,-1.33684374958272E-30));
#5438=DIRECTION('',(1.96723168849004E-15,-0.124034734589293,-0.992277876713657));
#5439=DIRECTION('',(0.,-0.992277876713657,0.124034734589293));
#5440=DIRECTION('',(0.,0.992277876713657,-0.124034734589292));
#5441=DIRECTION('',(-1.,0.,0.));
#5442=DIRECTION('',(1.,0.,0.));
#5443=DIRECTION('',(0.,1.,0.));
#5444=DIRECTION('',(1.,0.,0.));
#5445=DIRECTION('',(0.,0.,1.));
#5446=DIRECTION('',(-1.,0.,0.));
#5447=DIRECTION('',(0.,1.,0.));
#5448=DIRECTION('',(1.,0.,0.));
#5449=DIRECTION('',(0.,0.,1.));
#5450=DIRECTION('',(0.,1.,0.));
#5451=DIRECTION('',(1.,0.,0.));
#5452=DIRECTION('',(0.,0.,1.));
#5453=DIRECTION('',(1.96723168849004E-15,-0.124034734589293,-0.992277876713657));
#5454=DIRECTION('',(0.,-0.992277876713657,0.124034734589293));
#5455=DIRECTION('',(0.,-0.992277876713657,0.124034734589293));
#5456=DIRECTION('',(1.,1.58603289232165E-14,2.11974679305915E-30));
#5457=DIRECTION('',(-4.08104870615366E-15,0.257311732052403,-0.966328449621656));
#5458=DIRECTION('',(-1.,0.,4.22325215381117E-15));
#5459=DIRECTION('',(0.,-0.966328449621656,-0.257311732052403));
#5460=DIRECTION('',(1.,0.,0.));
#5461=DIRECTION('',(0.,1.,0.));
#5462=DIRECTION('',(1.,0.,0.));
#5463=DIRECTION('',(0.,1.,0.));
#5464=DIRECTION('',(-4.08104870645286E-15,0.257311732071268,0.966328449616632));
#5465=DIRECTION('',(1.,1.58603289232165E-14,0.));
#5466=DIRECTION('',(0.,0.966328449616632,-0.257311732071268));
#5467=DIRECTION('',(1.,1.58603289232165E-14,2.52981149770128E-31));
#5468=DIRECTION('',(1.96723168860523E-15,-0.124034734596555,0.992277876712749));
#5469=DIRECTION('',(-1.,-1.58603289232165E-14,0.));
#5470=DIRECTION('',(0.,0.992277876712749,0.124034734596555));
#5471=DIRECTION('',(0.,1.,0.));
#5472=DIRECTION('',(1.,0.,0.));
#5473=DIRECTION('',(0.,0.,-1.));
#5474=DIRECTION('',(0.,1.,0.));
#5475=DIRECTION('',(1.,0.,0.));
#5476=DIRECTION('',(0.,0.,-1.));
#5477=DIRECTION('',(0.,1.,0.));
#5478=DIRECTION('',(1.,0.,0.));
#5479=DIRECTION('',(0.,0.,1.));
#5480=DIRECTION('',(0.,0.,-1.));
#5481=DIRECTION('',(-1.,0.,0.));
#5482=DIRECTION('',(0.,0.,1.));
#5483=DIRECTION('',(0.,0.,-1.));
#5484=DIRECTION('',(0.,-1.,0.));
#5485=DIRECTION('',(0.,0.,-1.));
#5486=DIRECTION('',(0.,0.,-1.));
#5487=DIRECTION('',(1.,0.,0.));
#5488=DIRECTION('',(0.,1.,0.));
#5489=DIRECTION('',(-1.,0.,0.));
#5490=DIRECTION('',(0.,0.,1.));
#5491=DIRECTION('',(0.,0.,1.));
#5492=DIRECTION('',(0.,0.,-1.));
#5493=DIRECTION('',(0.,-1.,0.));
#5494=DIRECTION('',(0.,0.,-1.));
#5495=DIRECTION('',(0.,0.,-1.));
#5496=DIRECTION('',(1.,0.,0.));
#5497=DIRECTION('',(0.,1.,0.));
#5498=DIRECTION('',(0.,0.,-1.));
#5499=DIRECTION('',(0.,1.,0.));
#5500=DIRECTION('',(1.,0.,0.));
#5501=DIRECTION('',(1.,0.,0.));
#5502=DIRECTION('',(0.,1.,0.));
#5503=DIRECTION('',(-1.,0.,0.));
#5504=DIRECTION('',(0.,0.,-1.));
#5505=DIRECTION('',(0.,0.,-1.));
#5506=DIRECTION('',(0.,1.,0.));
#5507=DIRECTION('',(0.,0.,-1.));
#5508=DIRECTION('',(1.,0.,0.));
#5509=DIRECTION('',(0.,0.,-1.));
#5510=DIRECTION('',(0.,0.,-1.));
#5511=DIRECTION('',(0.,1.,0.));
#5512=DIRECTION('',(1.,0.,0.));
#5513=DIRECTION('',(0.,1.,0.));
#5514=DIRECTION('',(1.,0.,0.));
#5515=DIRECTION('',(0.,0.,-1.));
#5516=DIRECTION('',(-1.,0.,0.));
#5517=DIRECTION('',(0.,0.,1.));
#5518=DIRECTION('',(0.,0.,-1.));
#5519=DIRECTION('',(0.,-1.,0.));
#5520=DIRECTION('',(0.,0.,1.));
#5521=DIRECTION('',(1.,0.,0.));
#5522=DIRECTION('',(0.,0.,1.));
#5523=DIRECTION('',(-1.,0.,0.));
#5524=DIRECTION('',(0.,0.,1.));
#5525=DIRECTION('',(1.,0.,0.));
#5526=DIRECTION('',(0.,1.,0.));
#5527=DIRECTION('',(0.,0.,-1.));
#5528=DIRECTION('',(0.,1.,0.));
#5529=DIRECTION('',(0.,0.,-1.));
#5530=DIRECTION('',(1.,0.,0.));
#5531=DIRECTION('',(0.,0.,-1.));
#5532=DIRECTION('',(0.,0.,-1.));
#5533=DIRECTION('',(-1.,0.,0.));
#5534=DIRECTION('',(0.,0.,-1.));
#5535=DIRECTION('',(0.,1.,0.));
#5536=DIRECTION('',(1.,0.,0.));
#5537=DIRECTION('',(0.,0.,-1.));
#5538=DIRECTION('',(-1.,0.,0.));
#5539=DIRECTION('',(0.,1.,0.));
#5540=DIRECTION('',(0.,0.,1.));
#5541=DIRECTION('',(1.,9.95153855249664E-14,0.));
#5542=DIRECTION('',(9.95153855249664E-14,-1.,0.));
#5543=DIRECTION('',(-1.,-9.95153855249664E-14,0.));
#5544=DIRECTION('',(9.95153855249664E-14,-1.,0.));
#5545=DIRECTION('',(0.,0.,-1.));
#5546=DIRECTION('',(0.,-1.,0.));
#5547=DIRECTION('',(1.,0.,0.));
#5548=DIRECTION('',(0.,0.,-1.));
#5549=DIRECTION('',(0.999999913305559,0.,-0.000416399897363702));
#5550=DIRECTION('',(0.000416399897363702,0.,0.999999913305559));
#5551=DIRECTION('',(-0.999999913305559,0.,0.000416399897363702));
#5552=DIRECTION('',(0.000416399897363702,0.,0.999999913305559));
#5553=DIRECTION('',(1.,0.,0.));
#5554=DIRECTION('',(0.,1.,0.));
#5555=DIRECTION('',(0.,1.,0.));
#5556=DIRECTION('',(0.,-1.,0.));
#5557=DIRECTION('',(0.,0.,1.));
#5558=DIRECTION('',(1.,0.,0.));
#5559=DIRECTION('',(0.,1.,0.));
#5560=DIRECTION('',(-1.,0.,0.));
#5561=DIRECTION('',(0.,0.,1.));
#5562=DIRECTION('',(0.,1.,0.));
#5563=DIRECTION('',(0.,0.,-1.));
#5564=DIRECTION('',(0.,-1.,0.));
#5565=DIRECTION('',(-1.,0.,0.));
#5566=DIRECTION('',(0.,0.,1.));
#5567=DIRECTION('',(0.,0.,-1.));
#5568=DIRECTION('',(-1.,0.,0.));
#5569=DIRECTION('',(0.,0.,-1.));
#5570=DIRECTION('',(0.,1.,0.));
#5571=DIRECTION('',(0.,-1.,0.));
#5572=DIRECTION('',(-1.,0.,0.));
#5573=DIRECTION('',(0.,0.,1.));
#5574=DIRECTION('',(0.,0.,-1.));
#5575=DIRECTION('',(1.,0.,0.));
#5576=DIRECTION('',(0.,1.,0.));
#5577=DIRECTION('',(0.,-1.,0.));
#5578=DIRECTION('',(1.,0.,0.));
#5579=DIRECTION('',(0.,0.,-1.));
#5580=DIRECTION('',(0.,0.,1.));
#5581=DIRECTION('',(0.,0.,1.));
#5582=DIRECTION('',(1.,0.,0.));
#5583=DIRECTION('',(0.,0.,-1.));
#5584=DIRECTION('',(0.,1.,0.));
#5585=DIRECTION('',(-1.,0.,0.));
#5586=DIRECTION('',(0.,0.,1.));
#5587=DIRECTION('',(1.,0.,0.));
#5588=DIRECTION('',(0.,0.,1.));
#5589=DIRECTION('',(0.,0.,1.));
#5590=DIRECTION('',(0.,1.,0.));
#5591=DIRECTION('',(0.,0.,1.));
#5592=DIRECTION('',(-1.,0.,0.));
#5593=DIRECTION('',(0.,0.,1.));
#5594=DIRECTION('',(0.,0.,1.));
#5595=DIRECTION('',(0.,1.,0.));
#5596=DIRECTION('',(1.,0.,0.));
#5597=DIRECTION('',(0.,1.,0.));
#5598=DIRECTION('',(1.,0.,0.));
#5599=DIRECTION('',(0.,0.,1.));
#5600=DIRECTION('',(1.,0.,0.));
#5601=DIRECTION('',(0.,1.,0.));
#5602=DIRECTION('',(0.,0.,-1.));
#5603=DIRECTION('',(-1.,0.,0.));
#5604=DIRECTION('',(0.,0.,-1.));
#5605=DIRECTION('',(1.,0.,0.));
#5606=DIRECTION('',(0.,0.,-1.));
#5607=DIRECTION('',(0.,0.,1.));
#5608=DIRECTION('',(9.95153855249664E-14,-1.,0.));
#5609=DIRECTION('',(-1.,0.,0.));
#5610=DIRECTION('',(0.,1.,0.));
#5611=DIRECTION('',(1.,9.95153855249664E-14,0.));
#5612=DIRECTION('',(9.95153855249664E-14,-1.,0.));
#5613=DIRECTION('',(0.,0.,1.));
#5614=DIRECTION('',(-9.95153855249664E-14,1.,0.));
#5615=DIRECTION('',(0.,0.,1.));
#5616=DIRECTION('',(-1.,-9.95153855249664E-14,0.));
#5617=DIRECTION('',(9.95153855249664E-14,-1.,0.));
#5618=DIRECTION('',(0.,0.,1.));
#5619=DIRECTION('',(0.,1.,0.));
#5620=DIRECTION('',(1.,0.,0.));
#5621=DIRECTION('',(0.,0.,1.));
#5622=DIRECTION('',(1.,0.,0.));
#5623=DIRECTION('',(0.,1.,0.));
#5624=DIRECTION('',(0.,0.,-1.));
#5625=DIRECTION('',(-1.,0.,0.));
#5626=DIRECTION('',(0.,0.,-1.));
#5627=DIRECTION('',(1.,0.,0.));
#5628=DIRECTION('',(0.,0.,-1.));
#5629=DIRECTION('',(0.,0.,1.));
#5630=DIRECTION('',(0.,-1.,0.));
#5631=DIRECTION('',(0.,-1.,0.));
#5632=DIRECTION('',(1.,0.,0.));
#5633=DIRECTION('',(-1.,0.,0.));
#5634=DIRECTION('',(1.23358113847238E-13,-1.,0.));
#5635=DIRECTION('',(1.,1.23358113847238E-13,0.));
#5636=DIRECTION('',(0.,-1.,0.));
#5637=DIRECTION('',(1.,0.,0.));
#5638=DIRECTION('',(-1.,0.,0.));
#5639=DIRECTION('',(1.23358113847238E-13,-1.,0.));
#5640=DIRECTION('',(1.,1.23358113847238E-13,0.));
#5641=DIRECTION('',(0.,-1.,0.));
#5642=DIRECTION('',(1.,0.,0.));
#5643=DIRECTION('',(1.23358113847238E-13,-1.,0.));
#5644=DIRECTION('',(1.,1.23358113847238E-13,0.));
#5645=DIRECTION('',(1.,0.,0.));
#5646=DIRECTION('',(0.,-1.,0.));
#5647=DIRECTION('',(1.,0.,0.));
#5648=DIRECTION('',(1.,0.,0.));
#5649=DIRECTION('',(1.23358113847238E-13,-1.,0.));
#5650=DIRECTION('',(1.,1.23358113847238E-13,0.));
#5651=DIRECTION('',(0.,-1.,0.));
#5652=DIRECTION('',(0.,0.,-1.));
#5653=DIRECTION('',(1.,0.,0.));
#5654=DIRECTION('',(0.,1.,0.));
#5655=DIRECTION('',(0.,0.,-1.));
#5656=DIRECTION('',(0.,-1.,0.));
#5657=DIRECTION('',(0.,0.,-1.));
#5658=DIRECTION('',(1.,0.,0.));
#5659=DIRECTION('',(0.,1.,0.));
#5660=DIRECTION('',(0.,0.,-1.));
#5661=DIRECTION('',(0.,-1.,0.));
#5662=DIRECTION('',(0.,0.,-1.));
#5663=DIRECTION('',(-1.,0.,0.));
#5664=DIRECTION('',(0.,1.,0.));
#5665=DIRECTION('',(0.,0.,-1.));
#5666=DIRECTION('',(0.,-1.,0.));
#5667=DIRECTION('',(0.,0.,-1.));
#5668=DIRECTION('',(-1.,0.,0.));
#5669=DIRECTION('',(0.,1.,0.));
#5670=DIRECTION('',(0.,0.,-1.));
#5671=DIRECTION('',(1.,0.,0.));
#5672=DIRECTION('',(0.,0.,-1.));
#5673=DIRECTION('',(0.,-1.,0.));
#5674=DIRECTION('',(0.,0.,-1.));
#5675=DIRECTION('',(0.,-1.,0.));
#5676=DIRECTION('',(0.,0.,-1.));
#5677=DIRECTION('',(-1.,0.,0.));
#5678=DIRECTION('',(0.,0.,1.));
#5679=DIRECTION('',(-1.,0.,0.));
#5680=DIRECTION('',(0.,0.,1.));
#5681=DIRECTION('',(0.,-1.,0.));
#5682=DIRECTION('',(0.,0.,-1.));
#5683=DIRECTION('',(1.,0.,0.));
#5684=DIRECTION('',(0.,0.,-1.));
#5685=DIRECTION('',(0.,1.,0.));
#5686=DIRECTION('',(-1.,0.,0.));
#5687=DIRECTION('',(1.,0.,0.));
#5688=DIRECTION('',(0.,0.,-1.));
#5689=DIRECTION('',(-1.,0.,0.));
#5690=DIRECTION('',(0.,0.,1.));
#5691=DIRECTION('',(1.,0.,0.));
#5692=DIRECTION('',(0.,0.,-1.));
#5693=DIRECTION('',(-1.,0.,0.));
#5694=DIRECTION('',(0.,0.,1.));
#5695=DIRECTION('',(0.999999913305559,0.,-0.000416399897363702));
#5696=DIRECTION('',(-0.000416399897363702,0.,-0.999999913305559));
#5697=DIRECTION('',(-0.000416399897363717,0.,-0.999999913305559));
#5698=DIRECTION('',(0.,0.,-1.));
#5699=DIRECTION('',(-1.,0.,0.));
#5700=DIRECTION('',(1.,0.,0.));
#5701=DIRECTION('',(0.,1.,0.));
#5702=DIRECTION('',(0.,1.,0.));
#5703=DIRECTION('',(0.,0.,1.));
#5704=DIRECTION('',(-1.,0.,0.));
#5705=DIRECTION('',(-0.999999913305559,0.,0.000416399897363702));
#5706=DIRECTION('',(0.000416399897363702,0.,0.999999913305559));
#5707=DIRECTION('',(0.000416399897363717,0.,0.999999913305559));
#5708=DIRECTION('',(0.,0.,-1.));
#5709=DIRECTION('',(-1.,0.,0.));
#5710=DIRECTION('',(1.,0.,0.));
#5711=DIRECTION('',(0.,-1.,0.));
#5712=DIRECTION('',(0.,1.,0.));
#5713=DIRECTION('',(0.,0.,1.));
#5714=DIRECTION('',(-1.,0.,0.));
#5715=DIRECTION('',(-0.999999913305559,0.,0.000416399897363702));
#5716=DIRECTION('',(0.000416399897363702,0.,0.999999913305559));
#5717=DIRECTION('',(0.,-1.,0.));
#5718=DIRECTION('',(0.000416399897310693,0.,0.999999913305559));
#5719=DIRECTION('',(0.999999913305559,0.,-0.000416399897310693));
#5720=DIRECTION('',(0.,1.,0.));
#5721=DIRECTION('',(-0.999999913305559,0.,0.000416399897311031));
#5722=DIRECTION('',(0.,1.,0.));
#5723=DIRECTION('',(0.,0.,1.));
#5724=DIRECTION('',(0.999999913305559,0.,-0.000416399897311031));
#5725=DIRECTION('',(0.999999913305559,0.,-0.000416399897363702));
#5726=DIRECTION('',(-0.000416399897363702,0.,-0.999999913305559));
#5727=DIRECTION('',(0.,1.,0.));
#5728=DIRECTION('',(0.000416399897310693,0.,0.999999913305559));
#5729=DIRECTION('',(0.999999913305559,0.,-0.000416399897310693));
#5730=DIRECTION('',(-0.999999913305559,0.,0.000416399897311031));
#5731=DIRECTION('',(0.,-1.,0.));
#5732=DIRECTION('',(0.,1.,0.));
#5733=DIRECTION('',(0.,0.,1.));
#5734=DIRECTION('',(0.999999913305559,0.,-0.000416399897311031));
#5735=DIRECTION('',(0.999999913305559,0.,-0.000416399897311031));
#5736=DIRECTION('',(-0.000416399897311031,0.,-0.999999913305559));
#5737=DIRECTION('',(0.,-1.,0.));
#5738=DIRECTION('',(0.,0.,-1.));
#5739=DIRECTION('',(0.999999913305559,0.,-0.000416399897311031));
#5740=DIRECTION('',(-0.000416399897311031,0.,-0.999999913305559));
#5741=DIRECTION('',(-1.,0.,0.));
#5742=DIRECTION('',(0.,0.,1.));
#5743=DIRECTION('',(0.,-1.,0.));
#5744=DIRECTION('',(0.,0.,-1.));
#5745=DIRECTION('',(0.000416399897363717,0.,0.999999913305559));
#5746=DIRECTION('',(0.999999913305559,0.,-0.000416399897363717));
#5747=DIRECTION('',(-0.000416399897363717,0.,-0.999999913305559));
#5748=DIRECTION('',(-0.999999913305559,0.,0.000416399897363717));
#5749=DIRECTION('',(-1.,0.,0.));
#5750=DIRECTION('',(0.,0.,1.));
#5751=DIRECTION('',(0.,-1.,0.));
#5752=DIRECTION('',(0.,0.,-1.));
#5753=DIRECTION('',(0.,-1.,0.));
#5754=DIRECTION('',(0.,0.,-1.));
#5755=DIRECTION('',(0.,0.,-1.));
#5756=DIRECTION('',(-1.,0.,0.));
#5757=CARTESIAN_POINT('',(0.,0.,0.));
#5758=CARTESIAN_POINT('',(920.686571351394,660.473270421351,2.35));
#5759=CARTESIAN_POINT('',(924.486571351394,664.073270421351,2.35));
#5760=CARTESIAN_POINT('',(924.486571351393,664.073270421351,2.35));
#5761=CARTESIAN_POINT('',(924.486571351394,663.753972045558,2.35));
#5762=CARTESIAN_POINT('',(924.486571351394,663.753972045558,2.35));
#5763=CARTESIAN_POINT('',(924.586571351394,663.679847030946,2.35));
#5764=CARTESIAN_POINT('',(924.586571351394,663.679847030946,2.35));
#5765=CARTESIAN_POINT('',(924.586571351394,660.723270421351,2.35));
#5766=CARTESIAN_POINT('',(924.836571351394,660.723270421351,2.35));
#5767=CARTESIAN_POINT('',(925.086571351394,660.723270421351,2.35));
#5768=CARTESIAN_POINT('',(925.086571351394,663.679847030946,2.35));
#5769=CARTESIAN_POINT('',(925.086571351394,663.679847030946,2.35));
#5770=CARTESIAN_POINT('',(925.186571351394,663.753972045558,2.35));
#5771=CARTESIAN_POINT('',(925.186571351394,663.753972045558,2.35));
#5772=CARTESIAN_POINT('',(925.186571351394,664.073270421351,2.35));
#5773=CARTESIAN_POINT('',(925.186571351394,664.073270421351,2.35));
#5774=CARTESIAN_POINT('',(920.686571351394,664.073270421351,2.35));
#5775=CARTESIAN_POINT('',(920.686571351394,660.473270421351,2.05));
#5776=CARTESIAN_POINT('',(927.186571351394,664.073270421351,2.05));
#5777=CARTESIAN_POINT('',(927.186571351394,664.073270421351,2.05));
#5778=CARTESIAN_POINT('',(927.186571351394,663.753972045558,2.05));
#5779=CARTESIAN_POINT('',(927.186571351394,663.753972045558,2.05));
#5780=CARTESIAN_POINT('',(927.086571351393,663.679847030946,2.05));
#5781=CARTESIAN_POINT('',(927.086571351394,663.679847030946,2.05));
#5782=CARTESIAN_POINT('',(927.086571351394,660.723270421351,2.05));
#5783=CARTESIAN_POINT('',(926.836571351394,660.723270421351,2.05));
#5784=CARTESIAN_POINT('',(926.586571351394,660.723270421351,2.05));
#5785=CARTESIAN_POINT('',(926.586571351394,663.679847030946,2.05));
#5786=CARTESIAN_POINT('',(926.586571351394,663.679847030946,2.05));
#5787=CARTESIAN_POINT('',(926.486571351394,663.753972045558,2.05));
#5788=CARTESIAN_POINT('',(926.486571351394,663.753972045558,2.05));
#5789=CARTESIAN_POINT('',(926.486571351394,664.073270421351,2.05));
#5790=CARTESIAN_POINT('',(926.486571351394,664.073270421351,2.05));
#5791=CARTESIAN_POINT('',(920.686571351394,664.073270421351,2.05));
#5792=CARTESIAN_POINT('',(920.686571351394,660.473270421351,2.05));
#5793=CARTESIAN_POINT('',(929.186571351394,664.073270421351,2.05));
#5794=CARTESIAN_POINT('',(929.186571351394,664.073270421351,2.05));
#5795=CARTESIAN_POINT('',(929.186571351394,663.753972045558,2.05));
#5796=CARTESIAN_POINT('',(929.186571351394,663.753972045558,2.05));
#5797=CARTESIAN_POINT('',(929.086571351394,663.679847030946,2.05));
#5798=CARTESIAN_POINT('',(929.086571351394,663.679847030946,2.05));
#5799=CARTESIAN_POINT('',(929.086571351394,660.723270421351,2.05));
#5800=CARTESIAN_POINT('',(928.836571351394,660.723270421351,2.05));
#5801=CARTESIAN_POINT('',(928.586571351394,660.723270421351,2.05));
#5802=CARTESIAN_POINT('',(928.586571351394,663.679847030946,2.05));
#5803=CARTESIAN_POINT('',(928.586571351394,663.679847030946,2.05));
#5804=CARTESIAN_POINT('',(928.486571351394,663.753972045558,2.05));
#5805=CARTESIAN_POINT('',(928.486571351394,663.753972045558,2.05));
#5806=CARTESIAN_POINT('',(928.486571351394,664.073270421351,2.05));
#5807=CARTESIAN_POINT('',(928.486571351394,664.073270421351,2.05));
#5808=CARTESIAN_POINT('',(920.686571351394,664.073270421351,2.05));
#5809=CARTESIAN_POINT('',(924.486571351394,664.073270421351,4.4));
#5810=CARTESIAN_POINT('',(924.337845563314,663.868145033386,2.05));
#5811=CARTESIAN_POINT('',(924.337845563314,663.868145033386,2.05));
#5812=CARTESIAN_POINT('',(924.486571351393,664.073270421351,2.05));
#5813=CARTESIAN_POINT('',(924.486571351394,664.073270421351,4.4));
#5814=CARTESIAN_POINT('',(924.486571351394,664.073270421351,2.35));
#5815=CARTESIAN_POINT('',(924.337845563314,663.868145033386,2.35));
#5816=CARTESIAN_POINT('',(924.337845563314,663.868145033386,4.4));
#5817=CARTESIAN_POINT('',(925.186571351394,664.073270421351,4.4));
#5818=CARTESIAN_POINT('',(925.186571351394,660.473270421351,2.05));
#5819=CARTESIAN_POINT('',(925.186571351394,663.753972045558,2.05));
#5820=CARTESIAN_POINT('',(925.186571351394,664.073270421351,2.05));
#5821=CARTESIAN_POINT('',(925.186571351394,664.073270421351,4.4));
#5822=CARTESIAN_POINT('',(925.186571351394,663.753972045558,4.4));
#5823=CARTESIAN_POINT('',(924.486571351394,664.073270421351,4.4));
#5824=CARTESIAN_POINT('',(924.486571351394,660.473270421351,2.05));
#5825=CARTESIAN_POINT('',(924.486571351394,663.753972045558,2.05));
#5826=CARTESIAN_POINT('',(924.486571351394,663.753972045558,4.4));
#5827=CARTESIAN_POINT('',(924.486571351394,663.753972045558,4.4));
#5828=CARTESIAN_POINT('',(924.486571351394,663.753972045558,2.05));
#5829=CARTESIAN_POINT('',(924.586571351394,663.679847030946,2.05));
#5830=CARTESIAN_POINT('',(924.586571351394,663.679847030946,4.4));
#5831=CARTESIAN_POINT('',(924.586571351394,663.679847030946,4.4));
#5832=CARTESIAN_POINT('',(924.586571351394,660.473270421351,2.05));
#5833=CARTESIAN_POINT('',(924.586571351394,660.723270421351,2.05));
#5834=CARTESIAN_POINT('',(924.586571351394,660.723270421351,4.4));
#5835=CARTESIAN_POINT('',(924.836571351394,660.723270421351,4.4));
#5836=CARTESIAN_POINT('',(924.836571351394,660.723270421351,2.05));
#5837=CARTESIAN_POINT('',(925.086571351394,660.723270421351,2.05));
#5838=CARTESIAN_POINT('',(925.086571351394,660.723270421351,4.4));
#5839=CARTESIAN_POINT('',(925.086571351394,663.679847030946,4.4));
#5840=CARTESIAN_POINT('',(925.086571351394,660.473270421351,2.05));
#5841=CARTESIAN_POINT('',(925.086571351394,663.679847030946,2.05));
#5842=CARTESIAN_POINT('',(925.086571351394,663.679847030946,4.4));
#5843=CARTESIAN_POINT('',(925.186571351394,663.753972045558,4.4));
#5844=CARTESIAN_POINT('',(925.086571351394,663.679847030946,2.05));
#5845=CARTESIAN_POINT('',(925.186571351394,664.073270421351,4.4));
#5846=CARTESIAN_POINT('',(925.186571351394,664.073270421351,2.05));
#5847=CARTESIAN_POINT('',(925.335297139473,663.868145033386,2.05));
#5848=CARTESIAN_POINT('',(925.335297139473,663.868145033386,4.4));
#5849=CARTESIAN_POINT('',(925.335297139473,663.868145033386,2.35));
#5850=CARTESIAN_POINT('',(925.335297139473,663.868145033386,2.35));
#5851=CARTESIAN_POINT('',(927.186571351394,664.073270421351,4.4));
#5852=CARTESIAN_POINT('',(927.186571351394,664.073270421351,2.05));
#5853=CARTESIAN_POINT('',(927.335297139473,663.868145033386,2.05));
#5854=CARTESIAN_POINT('',(927.335297139473,663.868145033386,4.4));
#5855=CARTESIAN_POINT('',(927.335297139473,663.868145033386,2.35));
#5856=CARTESIAN_POINT('',(927.335297139473,663.868145033386,2.35));
#5857=CARTESIAN_POINT('',(927.186571351394,664.073270421351,2.35));
#5858=CARTESIAN_POINT('',(927.186571351394,664.073270421351,4.4));
#5859=CARTESIAN_POINT('',(926.486571351394,664.073270421351,4.4));
#5860=CARTESIAN_POINT('',(926.486571351394,663.753972045558,4.4));
#5861=CARTESIAN_POINT('',(926.486571351394,663.753972045558,2.35));
#5862=CARTESIAN_POINT('',(926.486571351394,660.473270421351,2.35));
#5863=CARTESIAN_POINT('',(926.486571351394,664.073270421351,2.35));
#5864=CARTESIAN_POINT('',(926.486571351394,664.073270421351,4.4));
#5865=CARTESIAN_POINT('',(927.186571351394,664.073270421351,4.4));
#5866=CARTESIAN_POINT('',(927.186571351394,660.473270421351,2.35));
#5867=CARTESIAN_POINT('',(927.186571351394,663.753972045558,2.35));
#5868=CARTESIAN_POINT('',(927.186571351394,663.753972045558,4.4));
#5869=CARTESIAN_POINT('',(927.186571351394,663.753972045558,4.4));
#5870=CARTESIAN_POINT('',(927.186571351394,663.753972045558,2.35));
#5871=CARTESIAN_POINT('',(927.086571351393,663.679847030946,2.35));
#5872=CARTESIAN_POINT('',(927.086571351394,663.679847030946,4.4));
#5873=CARTESIAN_POINT('',(927.086571351394,663.679847030946,4.4));
#5874=CARTESIAN_POINT('',(927.086571351394,660.473270421351,2.35));
#5875=CARTESIAN_POINT('',(927.086571351394,660.723270421351,2.35));
#5876=CARTESIAN_POINT('',(927.086571351394,660.723270421351,4.4));
#5877=CARTESIAN_POINT('',(926.836571351394,660.723270421351,4.4));
#5878=CARTESIAN_POINT('',(926.836571351394,660.723270421351,2.35));
#5879=CARTESIAN_POINT('',(926.586571351393,660.723270421351,2.35));
#5880=CARTESIAN_POINT('',(926.586571351394,660.723270421351,4.4));
#5881=CARTESIAN_POINT('',(926.586571351394,663.679847030946,4.4));
#5882=CARTESIAN_POINT('',(926.586571351393,660.473270421351,2.35));
#5883=CARTESIAN_POINT('',(926.586571351394,663.679847030946,2.35));
#5884=CARTESIAN_POINT('',(926.586571351394,663.679847030946,4.4));
#5885=CARTESIAN_POINT('',(926.486571351394,663.753972045558,4.4));
#5886=CARTESIAN_POINT('',(926.586571351394,663.679847030946,2.35));
#5887=CARTESIAN_POINT('',(926.486571351394,664.073270421351,4.4));
#5888=CARTESIAN_POINT('',(926.337845563314,663.868145033386,2.05));
#5889=CARTESIAN_POINT('',(926.337845563314,663.868145033386,2.05));
#5890=CARTESIAN_POINT('',(926.486571351394,664.073270421351,2.35));
#5891=CARTESIAN_POINT('',(926.337845563314,663.868145033386,2.35));
#5892=CARTESIAN_POINT('',(926.337845563314,663.868145033386,4.4));
#5893=CARTESIAN_POINT('',(929.186571351394,664.073270421351,4.4));
#5894=CARTESIAN_POINT('',(929.186571351394,664.073270421351,2.05));
#5895=CARTESIAN_POINT('',(929.335297139473,663.868145033386,2.05));
#5896=CARTESIAN_POINT('',(929.335297139473,663.868145033386,4.4));
#5897=CARTESIAN_POINT('',(929.335297139473,663.868145033386,2.35));
#5898=CARTESIAN_POINT('',(929.335297139473,663.868145033386,2.35));
#5899=CARTESIAN_POINT('',(929.186571351393,664.073270421352,2.35));
#5900=CARTESIAN_POINT('',(929.186571351394,664.073270421351,4.4));
#5901=CARTESIAN_POINT('',(928.486571351394,664.073270421351,4.4));
#5902=CARTESIAN_POINT('',(928.486571351394,663.753972045558,4.4));
#5903=CARTESIAN_POINT('',(928.486571351394,663.753972045558,2.35));
#5904=CARTESIAN_POINT('',(928.486571351394,660.473270421351,2.35));
#5905=CARTESIAN_POINT('',(928.486571351394,664.073270421351,2.35));
#5906=CARTESIAN_POINT('',(928.486571351394,664.073270421351,4.4));
#5907=CARTESIAN_POINT('',(929.186571351394,664.073270421351,4.4));
#5908=CARTESIAN_POINT('',(929.186571351394,660.473270421351,2.35));
#5909=CARTESIAN_POINT('',(929.186571351394,663.753972045558,2.35));
#5910=CARTESIAN_POINT('',(929.186571351394,663.753972045558,4.4));
#5911=CARTESIAN_POINT('',(929.186571351394,663.753972045558,4.4));
#5912=CARTESIAN_POINT('',(929.186571351394,663.753972045558,2.35));
#5913=CARTESIAN_POINT('',(929.086571351394,663.679847030946,2.35));
#5914=CARTESIAN_POINT('',(929.086571351394,663.679847030946,4.4));
#5915=CARTESIAN_POINT('',(929.086571351394,663.679847030946,4.4));
#5916=CARTESIAN_POINT('',(929.086571351394,660.473270421351,2.35));
#5917=CARTESIAN_POINT('',(929.086571351394,660.723270421351,2.35));
#5918=CARTESIAN_POINT('',(929.086571351394,660.723270421351,4.4));
#5919=CARTESIAN_POINT('',(928.836571351394,660.723270421351,4.4));
#5920=CARTESIAN_POINT('',(928.836571351394,660.723270421351,2.35));
#5921=CARTESIAN_POINT('',(928.586571351393,660.723270421351,2.35));
#5922=CARTESIAN_POINT('',(928.586571351394,660.723270421351,4.4));
#5923=CARTESIAN_POINT('',(928.586571351394,663.679847030946,4.4));
#5924=CARTESIAN_POINT('',(928.586571351393,660.473270421351,2.35));
#5925=CARTESIAN_POINT('',(928.586571351393,663.679847030946,2.35));
#5926=CARTESIAN_POINT('',(928.586571351394,663.679847030946,4.4));
#5927=CARTESIAN_POINT('',(928.486571351394,663.753972045558,4.4));
#5928=CARTESIAN_POINT('',(928.586571351394,663.679847030946,2.35));
#5929=CARTESIAN_POINT('',(928.486571351394,664.073270421351,4.4));
#5930=CARTESIAN_POINT('',(928.337845563314,663.868145033386,2.05));
#5931=CARTESIAN_POINT('',(928.337845563314,663.868145033386,2.05));
#5932=CARTESIAN_POINT('',(928.486571351394,664.073270421351,2.35));
#5933=CARTESIAN_POINT('',(928.337845563314,663.868145033386,2.35));
#5934=CARTESIAN_POINT('',(928.337845563314,663.868145033386,4.4));
#5935=CARTESIAN_POINT('',(925.335297139473,663.868145033386,4.4));
#5936=CARTESIAN_POINT('',(925.335297139473,663.868145033386,2.05));
#5937=CARTESIAN_POINT('',(925.386571351394,664.073270421351,2.05));
#5938=CARTESIAN_POINT('',(925.386571351394,664.073270421351,4.4));
#5939=CARTESIAN_POINT('',(925.386571351394,664.073270421351,2.35));
#5940=CARTESIAN_POINT('',(925.386571351394,664.073270421351,2.35));
#5941=CARTESIAN_POINT('',(920.686571351394,660.473270421351,2.35));
#5942=CARTESIAN_POINT('',(924.286571351394,664.073270421351,2.35));
#5943=CARTESIAN_POINT('',(920.686571351394,660.473270421351,2.35));
#5944=CARTESIAN_POINT('',(924.286571351394,664.073270421351,2.35));
#5945=CARTESIAN_POINT('',(924.286571351394,664.073270421351,2.35));
#5946=CARTESIAN_POINT('',(924.337845563314,663.868145033386,2.35));
#5947=CARTESIAN_POINT('',(924.337845563314,663.868145033386,4.4));
#5948=CARTESIAN_POINT('',(924.286571351394,664.073270421351,2.05));
#5949=CARTESIAN_POINT('',(924.286571351394,664.073270421351,2.05));
#5950=CARTESIAN_POINT('',(924.286571351393,664.073270421351,4.4));
#5951=CARTESIAN_POINT('',(920.686571351394,660.473270421351,2.05));
#5952=CARTESIAN_POINT('',(924.286571351394,664.073270421351,2.05));
#5953=CARTESIAN_POINT('',(920.686571351394,660.473270421351,2.05));
#5954=CARTESIAN_POINT('',(924.286571351394,664.073270421351,2.05));
#5955=CARTESIAN_POINT('',(920.686571351394,660.473270421351,2.05));
#5956=CARTESIAN_POINT('',(924.286571351394,664.073270421351,2.05));
#5957=CARTESIAN_POINT('',(920.686571351394,660.473270421351,2.05));
#5958=CARTESIAN_POINT('',(927.335297139473,663.868145033386,2.05));
#5959=CARTESIAN_POINT('',(927.386571351394,664.073270421351,2.05));
#5960=CARTESIAN_POINT('',(924.286571351394,664.073270421351,2.05));
#5961=CARTESIAN_POINT('',(927.335297139473,663.868145033386,4.4));
#5962=CARTESIAN_POINT('',(927.386571351394,664.073270421351,4.4));
#5963=CARTESIAN_POINT('',(927.386571351394,664.073270421351,2.35));
#5964=CARTESIAN_POINT('',(927.386571351394,664.073270421351,2.35));
#5965=CARTESIAN_POINT('',(920.686571351394,660.473270421351,2.35));
#5966=CARTESIAN_POINT('',(924.286571351394,664.073270421351,2.35));
#5967=CARTESIAN_POINT('',(920.686571351394,660.473270421351,2.35));
#5968=CARTESIAN_POINT('',(924.286571351394,664.073270421351,2.35));
#5969=CARTESIAN_POINT('',(920.686571351394,660.473270421351,2.35));
#5970=CARTESIAN_POINT('',(924.286571351394,664.073270421351,2.35));
#5971=CARTESIAN_POINT('',(926.286571351393,664.073270421351,2.35));
#5972=CARTESIAN_POINT('',(926.337845563314,663.868145033386,2.35));
#5973=CARTESIAN_POINT('',(926.337845563314,663.868145033386,4.4));
#5974=CARTESIAN_POINT('',(926.286571351394,664.073270421351,2.05));
#5975=CARTESIAN_POINT('',(926.286571351394,664.073270421351,2.05));
#5976=CARTESIAN_POINT('',(926.286571351394,664.073270421351,4.4));
#5977=CARTESIAN_POINT('',(920.686571351394,660.473270421351,2.05));
#5978=CARTESIAN_POINT('',(924.286571351394,664.073270421351,2.05));
#5979=CARTESIAN_POINT('',(920.686571351394,660.473270421351,2.05));
#5980=CARTESIAN_POINT('',(929.335297139473,663.868145033386,2.05));
#5981=CARTESIAN_POINT('',(929.386571351394,664.073270421352,2.05));
#5982=CARTESIAN_POINT('',(924.286571351394,664.073270421351,2.05));
#5983=CARTESIAN_POINT('',(929.335297139473,663.868145033386,4.4));
#5984=CARTESIAN_POINT('',(929.386571351394,664.073270421352,4.4));
#5985=CARTESIAN_POINT('',(929.386571351394,664.073270421352,2.35));
#5986=CARTESIAN_POINT('',(929.386571351394,664.073270421351,2.35));
#5987=CARTESIAN_POINT('',(920.686571351394,660.473270421351,2.35));
#5988=CARTESIAN_POINT('',(924.286571351394,664.073270421351,2.35));
#5989=CARTESIAN_POINT('',(920.686571351394,660.473270421351,2.35));
#5990=CARTESIAN_POINT('',(924.286571351394,664.073270421351,2.35));
#5991=CARTESIAN_POINT('',(920.686571351394,660.473270421351,2.35));
#5992=CARTESIAN_POINT('',(924.286571351394,664.073270421351,2.35));
#5993=CARTESIAN_POINT('',(928.286571351393,664.073270421351,2.35));
#5994=CARTESIAN_POINT('',(928.337845563314,663.868145033386,2.35));
#5995=CARTESIAN_POINT('',(928.337845563314,663.868145033386,4.4));
#5996=CARTESIAN_POINT('',(928.286571351394,664.073270421351,2.05));
#5997=CARTESIAN_POINT('',(928.286571351394,664.073270421351,2.05));
#5998=CARTESIAN_POINT('',(928.286571351394,664.073270421351,4.4));
#5999=CARTESIAN_POINT('',(920.686571351394,660.473270421351,2.05));
#6000=CARTESIAN_POINT('',(924.286571351394,664.073270421351,2.05));
#6001=CARTESIAN_POINT('',(924.286571351394,664.073270421351,4.4));
#6002=CARTESIAN_POINT('',(929.386571351394,664.073270421352,4.4));
#6003=CARTESIAN_POINT('',(929.386571351394,664.073270421352,4.));
#6004=CARTESIAN_POINT('',(929.386571351394,664.073270421351,4.4));
#6005=CARTESIAN_POINT('',(924.836571351394,664.073270421351,4.4));
#6006=CARTESIAN_POINT('',(924.286571351393,664.073270421351,4.4));
#6007=CARTESIAN_POINT('',(924.286571351393,664.073270421351,4.));
#6008=CARTESIAN_POINT('',(924.286571351393,664.073270421351,4.));
#6009=CARTESIAN_POINT('',(922.986571351394,664.073270421351,4.));
#6010=CARTESIAN_POINT('',(922.986571351394,664.073270421351,4.));
#6011=CARTESIAN_POINT('',(922.986571351394,664.073270421351,4.4));
#6012=CARTESIAN_POINT('',(922.986571351394,664.073270421351,0.4));
#6013=CARTESIAN_POINT('',(924.286571351393,664.07327042135,0.4));
#6014=CARTESIAN_POINT('',(924.286571351393,664.073270421351,0.4));
#6015=CARTESIAN_POINT('',(924.286571351393,664.073270421351,4.4));
#6016=CARTESIAN_POINT('',(924.286571351393,664.073270421351,0.));
#6017=CARTESIAN_POINT('',(924.836571351394,664.07327042135,0.));
#6018=CARTESIAN_POINT('',(929.386571351394,664.073270421351,0.));
#6019=CARTESIAN_POINT('',(929.386571351394,664.073270421352,0.4));
#6020=CARTESIAN_POINT('',(929.386571351394,664.073270421352,0.4));
#6021=CARTESIAN_POINT('',(924.286571351394,664.073270421351,0.4));
#6022=CARTESIAN_POINT('',(930.686571351394,664.073270421352,0.4));
#6023=CARTESIAN_POINT('',(930.686571351394,664.073270421352,4.4));
#6024=CARTESIAN_POINT('',(930.686571351394,664.073270421352,4.));
#6025=CARTESIAN_POINT('',(924.286571351394,664.073270421351,4.));
#6026=CARTESIAN_POINT('',(924.286571351393,663.873270421351,4.));
#6027=CARTESIAN_POINT('',(924.286571351393,664.873270421351,4.395));
#6028=CARTESIAN_POINT('',(924.286571351393,664.873270421351,4.26166666666667));
#6029=CARTESIAN_POINT('',(924.286571351393,664.873270421351,4.12833333333333));
#6030=CARTESIAN_POINT('',(924.286571351393,664.873270421351,3.995));
#6031=CARTESIAN_POINT('',(924.291571351393,664.873270421351,3.99500000000001));
#6032=CARTESIAN_POINT('',(924.291571351393,664.873270421351,4.39499999999999));
#6033=CARTESIAN_POINT('',(924.286571351393,663.873270421351,4.));
#6034=CARTESIAN_POINT('',(924.286571351393,660.723270421351,4.4));
#6035=CARTESIAN_POINT('',(922.986571351394,663.873270421351,4.));
#6036=CARTESIAN_POINT('',(924.291571351393,664.873270421351,4.));
#6037=CARTESIAN_POINT('',(923.85823801806,664.873270421351,4.));
#6038=CARTESIAN_POINT('',(923.424904684727,664.873270421351,4.));
#6039=CARTESIAN_POINT('',(922.991571351394,664.873270421351,4.));
#6040=CARTESIAN_POINT('',(922.991571351394,664.873270421351,3.995));
#6041=CARTESIAN_POINT('',(922.986571351394,664.873270421351,4.));
#6042=CARTESIAN_POINT('',(922.986571351394,664.873270421351,4.4));
#6043=CARTESIAN_POINT('',(922.986571351394,664.873270421351,3.995));
#6044=CARTESIAN_POINT('',(922.986571351394,664.873270421351,2.79833333333333));
#6045=CARTESIAN_POINT('',(922.986571351394,664.873270421351,1.60166666666667));
#6046=CARTESIAN_POINT('',(922.986571351394,664.873270421351,0.405));
#6047=CARTESIAN_POINT('',(922.991571351394,664.873270421351,0.405));
#6048=CARTESIAN_POINT('',(922.986571351394,663.873270421351,0.4));
#6049=CARTESIAN_POINT('',(924.286571351393,663.873270421351,0.4));
#6050=CARTESIAN_POINT('',(922.991571351394,664.873270421351,0.4));
#6051=CARTESIAN_POINT('',(923.424904684727,664.873270421351,0.4));
#6052=CARTESIAN_POINT('',(923.85823801806,664.873270421351,0.4));
#6053=CARTESIAN_POINT('',(924.291571351393,664.873270421351,0.4));
#6054=CARTESIAN_POINT('',(924.291571351393,664.873270421351,0.404999999999986));
#6055=CARTESIAN_POINT('',(924.286571351393,663.873270421351,0.4));
#6056=CARTESIAN_POINT('',(924.286571351393,663.873270421351,4.));
#6057=CARTESIAN_POINT('',(924.286571351393,664.873270421351,0.405));
#6058=CARTESIAN_POINT('',(924.286571351393,664.873270421351,0.271666666666667));
#6059=CARTESIAN_POINT('',(924.286571351393,664.873270421351,0.138333333333333));
#6060=CARTESIAN_POINT('',(924.286571351393,664.873270421351,0.0049999999999998));
#6061=CARTESIAN_POINT('',(924.291571351393,664.873270421351,0.00499999999998612));
#6062=CARTESIAN_POINT('',(924.286571351393,663.873270421351,0.));
#6063=CARTESIAN_POINT('',(924.836571351394,660.723270421351,0.));
#6064=CARTESIAN_POINT('',(924.291571351393,664.873270421351,0.));
#6065=CARTESIAN_POINT('',(925.98823801806,664.873270421351,0.));
#6066=CARTESIAN_POINT('',(927.684904684727,664.873270421351,0.));
#6067=CARTESIAN_POINT('',(929.381571351394,664.873270421351,0.));
#6068=CARTESIAN_POINT('',(929.381571351394,664.873270421351,0.00500000000001388));
#6069=CARTESIAN_POINT('',(929.386571351394,663.873270421351,0.));
#6070=CARTESIAN_POINT('',(929.386571351394,663.873270421351,0.4));
#6071=CARTESIAN_POINT('',(929.386571351394,664.873270421351,0.0049999999999998));
#6072=CARTESIAN_POINT('',(929.386571351394,664.873270421351,0.138333333333333));
#6073=CARTESIAN_POINT('',(929.386571351394,664.873270421351,0.271666666666667));
#6074=CARTESIAN_POINT('',(929.386571351394,664.873270421351,0.405));
#6075=CARTESIAN_POINT('',(929.381571351394,664.873270421351,0.405));
#6076=CARTESIAN_POINT('',(929.386571351394,663.873270421351,0.4));
#6077=CARTESIAN_POINT('',(924.286571351393,663.873270421351,0.4));
#6078=CARTESIAN_POINT('',(929.381571351394,664.873270421351,0.4));
#6079=CARTESIAN_POINT('',(929.814904684727,664.873270421351,0.4));
#6080=CARTESIAN_POINT('',(930.248238018061,664.873270421351,0.4));
#6081=CARTESIAN_POINT('',(930.681571351394,664.873270421351,0.4));
#6082=CARTESIAN_POINT('',(930.681571351394,664.873270421351,0.405000000000017));
#6083=CARTESIAN_POINT('',(930.686571351394,663.873270421351,0.4));
#6084=CARTESIAN_POINT('',(930.686571351394,664.873270421351,4.4));
#6085=CARTESIAN_POINT('',(930.686571351394,664.873270421351,4.));
#6086=CARTESIAN_POINT('',(930.681571351394,664.873270421351,3.99499999999998));
#6087=CARTESIAN_POINT('',(930.686571351394,664.873270421351,0.405));
#6088=CARTESIAN_POINT('',(930.686571351394,664.873270421351,1.60166666666667));
#6089=CARTESIAN_POINT('',(930.686571351394,664.873270421351,2.79833333333333));
#6090=CARTESIAN_POINT('',(930.686571351394,664.873270421351,3.995));
#6091=CARTESIAN_POINT('',(922.986571351394,663.873270421351,4.));
#6092=CARTESIAN_POINT('',(930.681571351394,664.873270421351,4.));
#6093=CARTESIAN_POINT('',(930.248238018061,664.873270421351,4.));
#6094=CARTESIAN_POINT('',(929.814904684727,664.873270421351,4.));
#6095=CARTESIAN_POINT('',(929.381571351394,664.873270421351,4.));
#6096=CARTESIAN_POINT('',(929.381571351394,664.873270421351,3.995));
#6097=CARTESIAN_POINT('',(929.386571351394,663.873270421351,4.));
#6098=CARTESIAN_POINT('',(929.386571351394,663.873270421351,0.4));
#6099=CARTESIAN_POINT('',(929.386571351394,664.873270421351,3.995));
#6100=CARTESIAN_POINT('',(929.386571351394,664.873270421351,4.12833333333333));
#6101=CARTESIAN_POINT('',(929.386571351394,664.873270421351,4.26166666666667));
#6102=CARTESIAN_POINT('',(929.386571351394,664.873270421351,4.395));
#6103=CARTESIAN_POINT('',(929.381571351394,664.873270421351,4.395));
#6104=CARTESIAN_POINT('',(929.386571351394,660.723270421351,4.4));
#6105=CARTESIAN_POINT('',(924.836571351394,660.723270421351,4.4));
#6106=CARTESIAN_POINT('',(929.381571351394,664.873270421351,4.4));
#6107=CARTESIAN_POINT('',(927.684904684727,664.873270421351,4.4));
#6108=CARTESIAN_POINT('',(925.98823801806,664.873270421351,4.4));
#6109=CARTESIAN_POINT('',(924.291571351393,664.873270421351,4.4));
#6110=CARTESIAN_POINT('',(929.376571351394,667.173270421351,0.01));
#6111=CARTESIAN_POINT('',(924.296571351393,667.173270421351,0.01));
#6112=CARTESIAN_POINT('',(924.296571351393,667.173270421351,0.01));
#6113=CARTESIAN_POINT('',(929.376571351394,667.173270421351,0.01));
#6114=CARTESIAN_POINT('',(929.376571351394,667.173270421351,0.01));
#6115=CARTESIAN_POINT('',(929.376571351394,667.173270421351,0.01));
#6116=CARTESIAN_POINT('',(924.296571351393,667.173270421351,0.01));
#6117=CARTESIAN_POINT('',(924.296571351393,667.173270421351,0.41));
#6118=CARTESIAN_POINT('',(924.296571351393,667.173270421351,0.41));
#6119=CARTESIAN_POINT('',(924.296571351393,667.173270421351,0.01));
#6120=CARTESIAN_POINT('',(924.296571351393,667.173270421351,0.41));
#6121=CARTESIAN_POINT('',(922.996571351394,667.173270421351,0.41));
#6122=CARTESIAN_POINT('',(922.996571351394,667.173270421351,0.41));
#6123=CARTESIAN_POINT('',(924.296571351393,667.173270421351,0.41));
#6124=CARTESIAN_POINT('',(922.996571351394,667.173270421351,0.41));
#6125=CARTESIAN_POINT('',(922.996571351394,667.173270421351,3.99));
#6126=CARTESIAN_POINT('',(922.996571351394,667.173270421351,3.99));
#6127=CARTESIAN_POINT('',(922.996571351394,667.173270421351,0.41));
#6128=CARTESIAN_POINT('',(922.996571351394,667.173270421351,3.99));
#6129=CARTESIAN_POINT('',(924.296571351393,667.173270421351,3.99));
#6130=CARTESIAN_POINT('',(924.296571351393,667.173270421351,3.99));
#6131=CARTESIAN_POINT('',(922.996571351394,667.173270421351,3.99));
#6132=CARTESIAN_POINT('',(924.296571351393,667.173270421351,0.01));
#6133=CARTESIAN_POINT('',(924.296571351393,667.173270421351,4.39));
#6134=CARTESIAN_POINT('',(924.296571351393,667.173270421351,4.39));
#6135=CARTESIAN_POINT('',(924.296571351393,667.173270421351,0.));
#6136=CARTESIAN_POINT('',(924.296571351393,667.173270421351,4.39));
#6137=CARTESIAN_POINT('',(929.376571351394,667.173270421351,4.39));
#6138=CARTESIAN_POINT('',(929.376571351394,667.173270421351,4.39));
#6139=CARTESIAN_POINT('',(924.296571351393,667.173270421351,4.39));
#6140=CARTESIAN_POINT('',(929.376571351394,667.173270421351,4.39));
#6141=CARTESIAN_POINT('',(929.376571351394,667.173270421351,3.99));
#6142=CARTESIAN_POINT('',(929.376571351394,667.173270421351,3.99));
#6143=CARTESIAN_POINT('',(929.376571351394,667.173270421351,4.39));
#6144=CARTESIAN_POINT('',(922.996571351394,667.173270421351,3.99));
#6145=CARTESIAN_POINT('',(930.676571351394,667.173270421351,3.99));
#6146=CARTESIAN_POINT('',(930.676571351394,667.173270421351,3.99));
#6147=CARTESIAN_POINT('',(0.,667.173270421351,3.99));
#6148=CARTESIAN_POINT('',(930.676571351394,667.173270421351,3.99));
#6149=CARTESIAN_POINT('',(930.676571351394,667.173270421351,0.41));
#6150=CARTESIAN_POINT('',(930.676571351394,667.173270421351,0.41));
#6151=CARTESIAN_POINT('',(930.676571351394,667.173270421351,3.99));
#6152=CARTESIAN_POINT('',(924.296571351393,667.173270421351,0.41));
#6153=CARTESIAN_POINT('',(929.376571351394,667.173270421351,0.41));
#6154=CARTESIAN_POINT('',(929.376571351394,667.173270421351,0.41));
#6155=CARTESIAN_POINT('',(0.,667.173270421351,0.41));
#6156=CARTESIAN_POINT('',(929.376571351394,667.173270421351,4.39));
#6157=CARTESIAN_POINT('',(929.376571351394,667.173270421351,0.));
#6158=CARTESIAN_POINT('',(0.,667.173270421351,0.));
#6159=CARTESIAN_POINT('',(926.83657135138,-663.27327042136,2.2));
#6160=CARTESIAN_POINT('',(931.932642594683,662.271603273903,-0.1));
#6161=CARTESIAN_POINT('',(931.932642594683,662.271603273903,0.));
#6162=CARTESIAN_POINT('',(931.932642594683,662.271603273903,2.));
#6163=CARTESIAN_POINT('',(931.932642594683,662.271603273903,0.));
#6164=CARTESIAN_POINT('',(0.,662.271603273903,2.));
#6165=CARTESIAN_POINT('',(929.932642594683,662.271603273903,2.));
#6166=CARTESIAN_POINT('',(929.932642594683,662.271603273903,2.2));
#6167=CARTESIAN_POINT('',(929.932642594683,662.271603273903,2.2));
#6168=CARTESIAN_POINT('',(932.932642594683,662.271603273903,2.2));
#6169=CARTESIAN_POINT('',(932.932642594683,662.271603273903,2.2));
#6170=CARTESIAN_POINT('',(932.932642594683,662.271603273903,0.));
#6171=CARTESIAN_POINT('',(932.932642594683,662.271603273903,-0.1));
#6172=CARTESIAN_POINT('',(0.,662.271603273903,-0.1));
#6173=CARTESIAN_POINT('',(929.932642594683,662.271603273903,-0.1));
#6174=CARTESIAN_POINT('',(929.932642594683,662.271603273903,-0.1));
#6175=CARTESIAN_POINT('',(929.932642594683,662.271603273903,0.));
#6176=CARTESIAN_POINT('',(0.,662.271603273903,0.));
#6177=CARTESIAN_POINT('',(931.932642594867,2.58663269302175E-10,0.));
#6178=CARTESIAN_POINT('',(931.932642594683,0.,0.));
#6179=CARTESIAN_POINT('',(931.932642594683,661.871603273903,0.));
#6180=CARTESIAN_POINT('',(931.932642594683,661.871603273903,-0.1));
#6181=CARTESIAN_POINT('',(931.932642594683,661.871603273903,2.));
#6182=CARTESIAN_POINT('',(931.932642594683,0.,2.));
#6183=CARTESIAN_POINT('',(0.,0.,2.));
#6184=CARTESIAN_POINT('',(929.932642594683,662.271603273903,2.));
#6185=CARTESIAN_POINT('',(929.932642594683,661.871603273903,2.));
#6186=CARTESIAN_POINT('',(931.932642594683,661.871603273903,2.));
#6187=CARTESIAN_POINT('',(929.932642594683,662.271603273903,2.2));
#6188=CARTESIAN_POINT('',(929.932642594683,661.871603273903,-0.1));
#6189=CARTESIAN_POINT('',(929.932642594683,661.871603273903,2.2));
#6190=CARTESIAN_POINT('',(929.932642594683,661.871603273903,2.2));
#6191=CARTESIAN_POINT('',(932.932642594683,661.871603273903,2.2));
#6192=CARTESIAN_POINT('',(931.932642594683,661.871603273903,2.2));
#6193=CARTESIAN_POINT('',(932.932642594683,661.871603273903,2.2));
#6194=CARTESIAN_POINT('',(932.932642594867,2.58690347912532E-10,2.2));
#6195=CARTESIAN_POINT('',(932.932642594867,2.58690347912532E-10,0.));
#6196=CARTESIAN_POINT('',(932.932642594683,661.871603273903,-0.1));
#6197=CARTESIAN_POINT('',(932.932642594683,661.871603273903,-0.1));
#6198=CARTESIAN_POINT('',(932.932642594683,0.,-0.1));
#6199=CARTESIAN_POINT('',(0.,0.,-0.1));
#6200=CARTESIAN_POINT('',(931.932642594683,661.871603273903,-0.1));
#6201=CARTESIAN_POINT('',(929.932642594683,661.871603273903,-0.1));
#6202=CARTESIAN_POINT('',(929.932642594683,0.,-0.1));
#6203=CARTESIAN_POINT('',(929.932642594683,662.271603273903,2.2));
#6204=CARTESIAN_POINT('',(929.932642594683,661.871603273903,2.2));
#6205=CARTESIAN_POINT('',(929.932642594683,661.871603273903,0.));
#6206=CARTESIAN_POINT('',(929.932642594683,0.,0.));
#6207=CARTESIAN_POINT('',(0.,0.,0.));
#6208=CARTESIAN_POINT('',(931.932642594683,661.871603273903,0.));
#6209=CARTESIAN_POINT('',(931.932642594683,661.871603273903,-0.1));
#6210=CARTESIAN_POINT('',(-931.98264259467,666.17160327392,1.));
#6211=CARTESIAN_POINT('',(930.432642594683,658.471603273903,10.));
#6212=CARTESIAN_POINT('',(929.932642594683,658.471603273903,2.));
#6213=CARTESIAN_POINT('',(929.932642594683,658.471603273903,0.));
#6214=CARTESIAN_POINT('',(929.932642594683,658.471603273903,2.));
#6215=CARTESIAN_POINT('',(930.432642594683,658.471603273903,0.));
#6216=CARTESIAN_POINT('',(930.432642594683,658.471603273903,0.));
#6217=CARTESIAN_POINT('',(930.432642594683,658.471603273903,10.));
#6218=CARTESIAN_POINT('',(930.432642594683,658.471603273903,2.));
#6219=CARTESIAN_POINT('',(0.,658.471603273903,2.));
#6220=CARTESIAN_POINT('',(930.932642594683,658.972077196118,10.));
#6221=CARTESIAN_POINT('',(930.932642594683,658.972077196118,10.));
#6222=CARTESIAN_POINT('',(930.932642594683,658.972077196118,2.));
#6223=CARTESIAN_POINT('',(930.932642594683,658.972077196118,0.));
#6224=CARTESIAN_POINT('',(930.932642594683,658.972077196118,0.));
#6225=CARTESIAN_POINT('',(931.432642594683,658.471603273903,-2.31077230398912E-18));
#6226=CARTESIAN_POINT('',(931.432642594683,658.471603273903,10.));
#6227=CARTESIAN_POINT('',(931.432642594683,658.471603273903,2.));
#6228=CARTESIAN_POINT('',(795.393192599635,794.639997503926,2.));
#6229=CARTESIAN_POINT('',(930.432642594683,658.471603273903,10.));
#6230=CARTESIAN_POINT('',(-1.02803953361699E-14,658.471603273903,2.));
#6231=CARTESIAN_POINT('',(931.932642594683,658.471603273903,2.));
#6232=CARTESIAN_POINT('',(930.432642594683,658.471603273903,0.));
#6233=CARTESIAN_POINT('',(931.932642594683,658.471603273903,0.));
#6234=CARTESIAN_POINT('',(931.932642594683,658.471603273903,2.));
#6235=CARTESIAN_POINT('',(930.932642594683,658.972077196118,10.));
#6236=CARTESIAN_POINT('',(930.932642594683,658.972077196118,0.));
#6237=CARTESIAN_POINT('',(136.42141113632,-136.292227307776,2.));
#6238=CARTESIAN_POINT('',(931.932642594683,661.871603273903,2.));
#6239=CARTESIAN_POINT('',(931.932642594683,0.,2.));
#6240=CARTESIAN_POINT('',(931.932642594683,661.871603273903,2.));
#6241=CARTESIAN_POINT('',(931.932642594683,0.,0.));
#6242=CARTESIAN_POINT('',(931.932642594683,661.871603273903,0.));
#6243=CARTESIAN_POINT('',(931.932642594683,661.871603273903,2.));
#6244=CARTESIAN_POINT('',(929.932642594683,661.871603273903,2.));
#6245=CARTESIAN_POINT('',(929.932642594683,661.871603273903,2.));
#6246=CARTESIAN_POINT('',(929.932642594683,661.871603273903,0.));
#6247=CARTESIAN_POINT('',(929.932642594683,661.871603273903,2.));
#6248=CARTESIAN_POINT('',(0.,661.871603273903,2.));
#6249=CARTESIAN_POINT('',(0.,661.871603273903,0.));
#6250=CARTESIAN_POINT('',(0.,0.,2.));
#6251=CARTESIAN_POINT('',(929.932642594683,661.871603273903,2.));
#6252=CARTESIAN_POINT('',(0.,0.,0.));
#6253=CARTESIAN_POINT('',(929.932642594683,661.871603273903,0.));
#6254=CARTESIAN_POINT('',(929.932642594683,661.871603273903,2.));
#6255=CARTESIAN_POINT('',(-931.98264259467,666.17160327392,1.));
#6256=CARTESIAN_POINT('',(919.383213533778,658.184866664649,1.4));
#6257=CARTESIAN_POINT('',(927.183213533778,658.184866664649,1.4));
#6258=CARTESIAN_POINT('',(927.183213533778,658.184866664649,1.79999999999995));
#6259=CARTESIAN_POINT('',(927.183213533778,658.184866664649,1.00000000000004));
#6260=CARTESIAN_POINT('',(919.383213533778,658.184866664649,1.00000000000004));
#6261=CARTESIAN_POINT('',(927.583213533778,658.184866664649,1.00000000000004));
#6262=CARTESIAN_POINT('',(927.583213533778,658.184866664649,1.4));
#6263=CARTESIAN_POINT('',(927.583213533778,658.184866664649,1.79999999999994));
#6264=CARTESIAN_POINT('',(919.383213533778,658.184866664649,1.79999999999995));
#6265=CARTESIAN_POINT('',(927.183213533778,658.184866664649,3.));
#6266=CARTESIAN_POINT('',(927.183213533778,658.184866664649,3.));
#6267=CARTESIAN_POINT('',(927.183213533778,658.184866664649,3.39999999999996));
#6268=CARTESIAN_POINT('',(927.183213533778,658.184866664649,2.60000000000005));
#6269=CARTESIAN_POINT('',(927.183213533778,658.184866664649,2.60000000000004));
#6270=CARTESIAN_POINT('',(927.583213533778,658.184866664649,2.60000000000003));
#6271=CARTESIAN_POINT('',(927.583213533778,658.184866664649,3.));
#6272=CARTESIAN_POINT('',(927.583213533778,658.184866664649,3.39999999999996));
#6273=CARTESIAN_POINT('',(927.183213533778,658.184866664649,3.39999999999996));
#6274=CARTESIAN_POINT('',(927.183213533778,655.884866664649,2.2));
#6275=CARTESIAN_POINT('',(919.383213533778,655.884866664649,2.2));
#6276=CARTESIAN_POINT('',(919.383213533778,655.76653887943,1.81790245323281));
#6277=CARTESIAN_POINT('',(919.383213533778,655.766538879436,2.58209754676878));
#6278=CARTESIAN_POINT('',(918.983213533778,655.766456245663,2.58240787606247));
#6279=CARTESIAN_POINT('',(919.116546867111,655.766456245663,2.58240787606247));
#6280=CARTESIAN_POINT('',(919.249880200445,655.766456245663,2.58240787606247));
#6281=CARTESIAN_POINT('',(919.383213533778,655.766456245663,2.58240787606247));
#6282=CARTESIAN_POINT('',(918.983213533778,655.766500632651,2.58225366210954));
#6283=CARTESIAN_POINT('',(918.983213533778,655.884866664649,2.2));
#6284=CARTESIAN_POINT('',(918.983213533778,655.766500632645,1.81774633789217));
#6285=CARTESIAN_POINT('',(919.383213533778,655.766456245654,1.81759212394018));
#6286=CARTESIAN_POINT('',(919.249880200445,655.766456245654,1.81759212394018));
#6287=CARTESIAN_POINT('',(919.116546867111,655.766456245654,1.81759212394018));
#6288=CARTESIAN_POINT('',(918.983213533778,655.766456245654,1.81759212394018));
#6289=CARTESIAN_POINT('',(919.383213533778,658.184866664649,4.35));
#6290=CARTESIAN_POINT('',(919.383213533778,662.084866664649,4.35000000000001));
#6291=CARTESIAN_POINT('',(918.983213533778,662.084866664649,4.35000000000001));
#6292=CARTESIAN_POINT('',(919.383213533778,662.084866664649,4.35000000000003));
#6293=CARTESIAN_POINT('',(918.983213533778,658.184866664649,4.35));
#6294=CARTESIAN_POINT('',(918.983213533778,658.184866664649,4.35));
#6295=CARTESIAN_POINT('',(919.383213533778,658.184866664649,4.35));
#6296=CARTESIAN_POINT('',(919.383213533778,658.184866664649,4.35));
#6297=CARTESIAN_POINT('',(919.383213533778,662.48486666465,4.35));
#6298=CARTESIAN_POINT('',(919.383213533778,661.934866664649,0.0499999999999971));
#6299=CARTESIAN_POINT('',(919.383213533778,662.084866664649,0.0499999999999969));
#6300=CARTESIAN_POINT('',(919.383213533778,662.084866664649,0.0499999999999938));
#6301=CARTESIAN_POINT('',(918.983213533778,662.084866664649,0.049999999999997));
#6302=CARTESIAN_POINT('',(919.383213533778,662.48486666465,0.0499999999999971));
#6303=CARTESIAN_POINT('',(919.383213533778,658.184866664649,0.0499999999999987));
#6304=CARTESIAN_POINT('',(919.383213533778,658.184866664649,0.0500000000000006));
#6305=CARTESIAN_POINT('',(918.983213533778,658.184866664649,0.0500000000000006));
#6306=CARTESIAN_POINT('',(918.983213533778,661.934866664649,0.0499999999999971));
#6307=CARTESIAN_POINT('',(919.383213533778,661.934866664649,0.0499999999999971));
#6308=CARTESIAN_POINT('',(-7.48017433757468E-31,662.084866664649,0.049999999999997));
#6309=CARTESIAN_POINT('',(927.583213533778,662.084866664649,0.0499999999999978));
#6310=CARTESIAN_POINT('',(927.183213533778,662.084866664649,0.0499999999999982));
#6311=CARTESIAN_POINT('',(927.583213533778,662.48486666465,0.0499999999999962));
#6312=CARTESIAN_POINT('',(927.583213533778,658.184866664649,0.0500000000000005));
#6313=CARTESIAN_POINT('',(919.383213533778,658.184866664649,0.0500000000000006));
#6314=CARTESIAN_POINT('',(927.183213533778,658.184866664649,0.0500000000000006));
#6315=CARTESIAN_POINT('',(927.183213533778,661.934866664649,0.0499999999999971));
#6316=CARTESIAN_POINT('',(919.383213533778,658.184866664649,4.35));
#6317=CARTESIAN_POINT('',(2.07450168295418E-28,662.084866664649,4.35000000000001));
#6318=CARTESIAN_POINT('',(927.183213533778,662.084866664649,4.35000000000001));
#6319=CARTESIAN_POINT('',(927.583213533778,662.084866664649,4.35000000000001));
#6320=CARTESIAN_POINT('',(927.183213533778,658.184866664649,4.35));
#6321=CARTESIAN_POINT('',(927.183213533778,658.184866664649,4.35));
#6322=CARTESIAN_POINT('',(919.383213533778,658.184866664649,4.35));
#6323=CARTESIAN_POINT('',(927.583213533778,658.184866664649,4.35));
#6324=CARTESIAN_POINT('',(927.583213533778,662.48486666465,4.35000000000001));
#6325=CARTESIAN_POINT('',(919.433213533778,662.160641325496,4.4));
#6326=CARTESIAN_POINT('',(919.433213533778,662.084866664649,4.4));
#6327=CARTESIAN_POINT('',(919.433213533778,662.084866664649,-0.0500000000000025));
#6328=CARTESIAN_POINT('',(919.433213533778,662.084866665234,0.35));
#6329=CARTESIAN_POINT('',(919.433213533778,662.160641325496,-0.05));
#6330=CARTESIAN_POINT('',(919.433213533778,658.984866664649,-0.0499999999999999));
#6331=CARTESIAN_POINT('',(919.433213533778,658.984866664649,4.4));
#6332=CARTESIAN_POINT('',(919.433213533778,658.984866664649,0.35));
#6333=CARTESIAN_POINT('',(919.433213533778,662.48486666465,0.35));
#6334=CARTESIAN_POINT('',(927.133213533778,662.160641325496,4.4));
#6335=CARTESIAN_POINT('',(927.133213533778,662.084866664649,4.4));
#6336=CARTESIAN_POINT('',(927.133213533778,662.084866664649,0.349999999999997));
#6337=CARTESIAN_POINT('',(927.133213533778,662.084866665202,-0.0499999999999998));
#6338=CARTESIAN_POINT('',(927.133213533778,662.48486666465,0.35));
#6339=CARTESIAN_POINT('',(927.133213533778,658.98486666465,0.35));
#6340=CARTESIAN_POINT('',(927.133213533778,658.984866664651,4.4));
#6341=CARTESIAN_POINT('',(927.133213533778,658.98486666465,-0.0499999999999999));
#6342=CARTESIAN_POINT('',(927.133213533778,662.160641325496,-0.05));
#6343=CARTESIAN_POINT('',(927.133213533778,662.160641325496,4.4));
#6344=CARTESIAN_POINT('',(927.133213533778,662.463678553204,-69.9049637394593));
#6345=CARTESIAN_POINT('',(927.133213533778,662.084941980168,4.45));
#6346=CARTESIAN_POINT('',(927.133213533778,662.084928400898,4.05));
#6347=CARTESIAN_POINT('',(927.133213533778,662.160641325496,4.45));
#6348=CARTESIAN_POINT('',(927.133213533778,658.98486666465,4.45));
#6349=CARTESIAN_POINT('',(927.133213533778,658.984866664651,4.4));
#6350=CARTESIAN_POINT('',(927.133213533778,658.98486666465,4.05));
#6351=CARTESIAN_POINT('',(927.133213533778,662.48486666465,4.05));
#6352=CARTESIAN_POINT('',(919.433213533778,662.160641325496,4.4));
#6353=CARTESIAN_POINT('',(919.433213533778,662.463682651311,74.1888939376766));
#6354=CARTESIAN_POINT('',(919.433213533778,662.084806656298,4.05));
#6355=CARTESIAN_POINT('',(919.433213533778,662.084793853775,4.45));
#6356=CARTESIAN_POINT('',(919.433213533778,662.48486666465,4.05));
#6357=CARTESIAN_POINT('',(919.433213533778,658.984866664649,4.05));
#6358=CARTESIAN_POINT('',(919.433213533778,658.984866664649,4.4));
#6359=CARTESIAN_POINT('',(919.433213533778,658.984866664649,4.45));
#6360=CARTESIAN_POINT('',(919.433213533778,662.160641325496,4.45));
#6361=CARTESIAN_POINT('',(919.383213533778,662.48486666465,4.4));
#6362=CARTESIAN_POINT('',(921.233213533778,662.48486666465,4.4));
#6363=CARTESIAN_POINT('',(921.233213533778,662.48486666465,3.35));
#6364=CARTESIAN_POINT('',(921.233213533778,662.48486666465,1.05));
#6365=CARTESIAN_POINT('',(919.383213533778,662.48486666465,3.35));
#6366=CARTESIAN_POINT('',(925.333213533778,662.48486666465,3.35));
#6367=CARTESIAN_POINT('',(925.333213533778,662.48486666465,4.4));
#6368=CARTESIAN_POINT('',(925.333213533778,662.48486666465,1.05));
#6369=CARTESIAN_POINT('',(919.383213533778,662.48486666465,1.05));
#6370=CARTESIAN_POINT('',(926.784152799551,662.48486666465,4.39691824938217));
#6371=CARTESIAN_POINT('',(926.782467663061,662.48486666465,0.35));
#6372=CARTESIAN_POINT('',(926.782478800135,662.48486666465,0.376746100292845));
#6373=CARTESIAN_POINT('',(927.162478767191,662.48486666465,0.376587868331849));
#6374=CARTESIAN_POINT('',(927.162636999152,662.48486666465,0.756587835387961));
#6375=CARTESIAN_POINT('',(919.381697766324,662.48486666465,0.75982781796638));
#6376=CARTESIAN_POINT('',(927.183213533778,662.48486666465,0.756579267320313));
#6377=CARTESIAN_POINT('',(927.183213533778,662.48486666465,4.4));
#6378=CARTESIAN_POINT('',(927.183213533778,662.48486666465,3.65));
#6379=CARTESIAN_POINT('',(919.383213533778,662.48486666465,3.65));
#6380=CARTESIAN_POINT('',(927.163239407443,662.48486666465,3.65));
#6381=CARTESIAN_POINT('',(927.163239407443,662.48486666465,4.03));
#6382=CARTESIAN_POINT('',(926.783239407443,662.48486666465,4.03));
#6383=CARTESIAN_POINT('',(926.784152799551,662.48486666465,4.39691824938217));
#6384=CARTESIAN_POINT('',(926.784008342814,662.48486666465,4.05));
#6385=CARTESIAN_POINT('',(919.433213533778,662.48486666465,4.05));
#6386=CARTESIAN_POINT('',(919.784007735953,662.48486666465,4.05));
#6387=CARTESIAN_POINT('',(919.784153406412,662.48486666465,4.39983304866371));
#6388=CARTESIAN_POINT('',(919.783239407443,662.48486666465,4.03));
#6389=CARTESIAN_POINT('',(919.403239407443,662.48486666465,4.03));
#6390=CARTESIAN_POINT('',(919.403239407443,662.48486666465,3.65));
#6391=CARTESIAN_POINT('',(919.383213533778,662.48486666465,3.65));
#6392=CARTESIAN_POINT('',(919.383213533778,662.48486666465,3.65));
#6393=CARTESIAN_POINT('',(919.383213533778,662.48486666465,4.4));
#6394=CARTESIAN_POINT('',(919.383213533778,662.48486666465,0.759827186800915));
#6395=CARTESIAN_POINT('',(919.381697766324,662.48486666465,0.75982781796638));
#6396=CARTESIAN_POINT('',(919.402637671901,662.48486666465,0.759819098591093));
#6397=CARTESIAN_POINT('',(919.40247943994,662.48486666465,0.379819131534981));
#6398=CARTESIAN_POINT('',(919.782479406996,662.48486666465,0.379660899573982));
#6399=CARTESIAN_POINT('',(919.784153406412,662.48486666465,4.39983304866371));
#6400=CARTESIAN_POINT('',(919.7824670562,662.48486666465,0.35));
#6401=CARTESIAN_POINT('',(919.383213533778,662.48486666465,0.35));
#6402=CARTESIAN_POINT('',(927.183213533778,662.48486666465,4.4));
#6403=CARTESIAN_POINT('',(927.183213533778,662.48486666465,0.756579267320313));
#6404=CARTESIAN_POINT('',(927.183213533778,662.884866664649,0.756579267320313));
#6405=CARTESIAN_POINT('',(927.583213533778,662.48486666465,0.756412707346949));
#6406=CARTESIAN_POINT('',(927.183213533778,662.884866664649,4.4));
#6407=CARTESIAN_POINT('',(927.183213533778,662.884866664649,3.65));
#6408=CARTESIAN_POINT('',(927.183213533778,662.48486666465,3.65));
#6409=CARTESIAN_POINT('',(927.583213533778,662.48486666465,3.65));
#6410=CARTESIAN_POINT('',(927.583213533778,662.48486666465,4.4));
#6411=CARTESIAN_POINT('',(919.433213533778,662.48486666465,0.35));
#6412=CARTESIAN_POINT('',(922.583213533778,662.48486666465,0.35));
#6413=CARTESIAN_POINT('',(922.583213533778,660.38486666465,0.35));
#6414=CARTESIAN_POINT('',(922.583213533778,661.884866664649,0.35));
#6415=CARTESIAN_POINT('',(923.983213533778,660.38486666465,0.35));
#6416=CARTESIAN_POINT('',(921.983213533778,660.38486666465,0.35));
#6417=CARTESIAN_POINT('',(921.983213533778,662.48486666465,0.35));
#6418=CARTESIAN_POINT('',(921.983213533778,661.884866664649,0.35));
#6419=CARTESIAN_POINT('',(923.983213533778,661.884866664649,0.35));
#6420=CARTESIAN_POINT('',(919.433213533778,660.38486666465,0.35));
#6421=CARTESIAN_POINT('',(923.983213533778,660.38486666465,0.35));
#6422=CARTESIAN_POINT('',(924.583213533778,660.38486666465,0.35));
#6423=CARTESIAN_POINT('',(923.983213533778,662.48486666465,0.35));
#6424=CARTESIAN_POINT('',(923.983213533778,661.884866664649,0.35));
#6425=CARTESIAN_POINT('',(919.433213533778,661.884866664649,0.35));
#6426=CARTESIAN_POINT('',(924.583213533778,661.884866664649,0.35));
#6427=CARTESIAN_POINT('',(924.583213533778,662.48486666465,0.35));
#6428=CARTESIAN_POINT('',(927.133213533778,662.084866664649,0.349999999999994));
#6429=CARTESIAN_POINT('',(926.943552008715,662.099511149134,0.349999999999994));
#6430=CARTESIAN_POINT('',(926.782467663062,662.273512872674,0.349999999999975));
#6431=CARTESIAN_POINT('',(926.782467663062,662.4637389358,0.349999999999975));
#6432=CARTESIAN_POINT('',(926.782467663061,662.4637389358,0.349999999999991));
#6433=CARTESIAN_POINT('',(926.782467663061,662.48486666465,0.35));
#6434=CARTESIAN_POINT('',(919.7824670562,662.48486666465,0.35));
#6435=CARTESIAN_POINT('',(919.7824670562,662.463620748643,0.35));
#6436=CARTESIAN_POINT('',(919.7824670562,662.463620748643,0.350000000000043));
#6437=CARTESIAN_POINT('',(919.7824670562,662.273906947404,0.350000000000043));
#6438=CARTESIAN_POINT('',(919.622305326337,662.100216771382,0.350000000000099));
#6439=CARTESIAN_POINT('',(919.433213548191,662.084866665819,0.350000000000099));
#6440=CARTESIAN_POINT('',(919.433213533778,658.984866664649,0.35));
#6441=CARTESIAN_POINT('',(919.833213533778,658.984866664649,0.35));
#6442=CARTESIAN_POINT('',(919.833213533778,662.48486666465,0.35));
#6443=CARTESIAN_POINT('',(919.833213533778,658.93923713785,0.35));
#6444=CARTESIAN_POINT('',(926.733213533778,658.93923713785,0.35));
#6445=CARTESIAN_POINT('',(920.733213533778,658.93923713785,0.35));
#6446=CARTESIAN_POINT('',(920.733213533778,662.48486666465,0.35));
#6447=CARTESIAN_POINT('',(920.733213533778,659.784866664649,0.35));
#6448=CARTESIAN_POINT('',(919.433213533778,659.784866664649,0.35));
#6449=CARTESIAN_POINT('',(925.833213533778,659.784866664649,0.35));
#6450=CARTESIAN_POINT('',(925.833213533778,662.48486666465,0.35));
#6451=CARTESIAN_POINT('',(925.833213533778,658.93923713785,0.35));
#6452=CARTESIAN_POINT('',(926.733213533778,658.93923713785,0.35));
#6453=CARTESIAN_POINT('',(926.733213533778,658.93923713785,0.35));
#6454=CARTESIAN_POINT('',(926.733213533778,662.48486666465,0.35));
#6455=CARTESIAN_POINT('',(926.733213533778,658.98486666465,0.35));
#6456=CARTESIAN_POINT('',(919.433213533778,658.984866664649,0.35));
#6457=CARTESIAN_POINT('',(919.433213533778,662.48486666465,4.05));
#6458=CARTESIAN_POINT('',(919.404007703009,662.463682651311,4.05));
#6459=CARTESIAN_POINT('',(919.784007735953,662.463682651311,4.05));
#6460=CARTESIAN_POINT('',(919.784007735953,662.48486666465,4.05));
#6461=CARTESIAN_POINT('',(926.784008342814,662.48486666465,4.05));
#6462=CARTESIAN_POINT('',(926.784008342814,662.463678553204,4.05));
#6463=CARTESIAN_POINT('',(927.164008375758,662.463678553204,4.05));
#6464=CARTESIAN_POINT('',(919.433213533778,658.984866664649,4.05));
#6465=CARTESIAN_POINT('',(926.733213533778,658.98486666465,4.05));
#6466=CARTESIAN_POINT('',(926.733213533778,662.48486666465,4.05));
#6467=CARTESIAN_POINT('',(926.733213533778,658.93923713785,4.05));
#6468=CARTESIAN_POINT('',(925.833213533778,658.93923713785,4.05));
#6469=CARTESIAN_POINT('',(925.833213533778,658.93923713785,4.05));
#6470=CARTESIAN_POINT('',(925.833213533778,662.48486666465,4.05));
#6471=CARTESIAN_POINT('',(925.833213533778,659.784866664649,4.05));
#6472=CARTESIAN_POINT('',(919.433213533778,659.784866664649,4.05));
#6473=CARTESIAN_POINT('',(920.733213533778,659.784866664649,4.05));
#6474=CARTESIAN_POINT('',(920.733213533778,662.48486666465,4.05));
#6475=CARTESIAN_POINT('',(920.733213533778,658.93923713785,4.05));
#6476=CARTESIAN_POINT('',(926.733213533778,658.93923713785,4.05));
#6477=CARTESIAN_POINT('',(919.833213533778,658.93923713785,4.05));
#6478=CARTESIAN_POINT('',(919.833213533778,662.48486666465,4.05));
#6479=CARTESIAN_POINT('',(919.833213533778,658.984866664649,4.05));
#6480=CARTESIAN_POINT('',(919.433213533778,658.984866664649,4.05));
#6481=CARTESIAN_POINT('',(926.283213533778,658.952519342367,-0.05));
#6482=CARTESIAN_POINT('',(922.583213533778,661.884866664649,-0.05));
#6483=CARTESIAN_POINT('',(922.583213533778,660.38486666465,-0.05));
#6484=CARTESIAN_POINT('',(922.583213533778,661.884866664649,-0.05));
#6485=CARTESIAN_POINT('',(926.283213533778,661.884866664649,-0.05));
#6486=CARTESIAN_POINT('',(921.983213533778,661.884866664649,-0.05));
#6487=CARTESIAN_POINT('',(921.983213533778,661.884866664649,-0.05));
#6488=CARTESIAN_POINT('',(921.983213533778,660.38486666465,-0.05));
#6489=CARTESIAN_POINT('',(926.283213533778,660.38486666465,-0.05));
#6490=CARTESIAN_POINT('',(923.983213533778,660.38486666465,-0.05));
#6491=CARTESIAN_POINT('',(923.983213533778,660.38486666465,-0.05));
#6492=CARTESIAN_POINT('',(924.583213533778,660.38486666465,-0.05));
#6493=CARTESIAN_POINT('',(924.583213533778,661.884866664649,-0.05));
#6494=CARTESIAN_POINT('',(924.583213533778,661.884866664649,-0.05));
#6495=CARTESIAN_POINT('',(923.983213533778,661.884866664649,-0.05));
#6496=CARTESIAN_POINT('',(923.983213533778,661.884866664649,-0.05));
#6497=CARTESIAN_POINT('',(923.983213533778,661.884866664649,-0.05));
#6498=CARTESIAN_POINT('',(919.383213533778,662.48486666465,-0.0499999999999998));
#6499=CARTESIAN_POINT('',(926.782301103088,662.48486666465,-0.0499999999999998));
#6500=CARTESIAN_POINT('',(919.782300496226,662.48486666465,-0.0499999999999998));
#6501=CARTESIAN_POINT('',(926.782301103088,658.952519342367,-0.05));
#6502=CARTESIAN_POINT('',(926.782301103088,662.463751759669,-0.05));
#6503=CARTESIAN_POINT('',(926.782301103087,662.463751759669,-0.0499999999999858));
#6504=CARTESIAN_POINT('',(926.782301103088,662.27346851794,-0.0499999999999858));
#6505=CARTESIAN_POINT('',(926.943488564439,662.099432155196,-0.049999999999957));
#6506=CARTESIAN_POINT('',(927.133213519365,662.084866665756,-0.049999999999957));
#6507=CARTESIAN_POINT('',(926.283213533778,658.984866664651,-0.05));
#6508=CARTESIAN_POINT('',(926.733213533778,658.98486666465,-0.0499999999999999));
#6509=CARTESIAN_POINT('',(926.733213533778,658.984866664649,-0.05));
#6510=CARTESIAN_POINT('',(926.733213533778,658.93923713785,-0.05));
#6511=CARTESIAN_POINT('',(925.833213533778,658.93923713785,-0.05));
#6512=CARTESIAN_POINT('',(925.833213533778,658.93923713785,-0.05));
#6513=CARTESIAN_POINT('',(925.833213533778,659.784866664649,-0.05));
#6514=CARTESIAN_POINT('',(925.833213533778,659.784866664649,-0.05));
#6515=CARTESIAN_POINT('',(925.283213533778,659.784866664649,-0.05));
#6516=CARTESIAN_POINT('',(920.733213533778,659.784866664649,-0.0499999999999999));
#6517=CARTESIAN_POINT('',(920.733213533778,658.952519342367,-0.05));
#6518=CARTESIAN_POINT('',(920.733213533778,658.93923713785,-0.05));
#6519=CARTESIAN_POINT('',(-7.68227502565909E-15,658.93923713785,-0.05));
#6520=CARTESIAN_POINT('',(919.833213533778,658.93923713785,-0.05));
#6521=CARTESIAN_POINT('',(919.833213533778,658.984866664649,-0.05));
#6522=CARTESIAN_POINT('',(919.833213533778,658.984866664649,-0.0499999999999999));
#6523=CARTESIAN_POINT('',(919.433213533778,658.984866664649,-0.05));
#6524=CARTESIAN_POINT('',(919.433213533778,662.084866664649,-0.0500000000000049));
#6525=CARTESIAN_POINT('',(919.622241575601,662.100295267775,-0.0500000000000049));
#6526=CARTESIAN_POINT('',(919.782300496226,662.273950547184,-0.0499999999998877));
#6527=CARTESIAN_POINT('',(919.782300496226,662.463607190796,-0.0499999999998877));
#6528=CARTESIAN_POINT('',(919.782300496226,662.463607190796,-0.0499999999999579));
#6529=CARTESIAN_POINT('',(919.782300496226,658.952519342367,-0.05));
#6530=CARTESIAN_POINT('',(926.283213533778,658.952519342367,4.45));
#6531=CARTESIAN_POINT('',(919.784174295927,658.952519342367,4.45));
#6532=CARTESIAN_POINT('',(919.784174295927,662.463682651311,4.45));
#6533=CARTESIAN_POINT('',(919.784174295927,662.48486666465,4.45));
#6534=CARTESIAN_POINT('',(919.404174262983,662.463682651311,4.45));
#6535=CARTESIAN_POINT('',(919.433213533778,658.984866664649,4.45));
#6536=CARTESIAN_POINT('',(919.833213533778,658.984866664649,4.45));
#6537=CARTESIAN_POINT('',(919.833213533778,658.984866664649,4.45));
#6538=CARTESIAN_POINT('',(919.833213533778,658.93923713785,4.45));
#6539=CARTESIAN_POINT('',(-7.68227502565909E-15,658.93923713785,4.45));
#6540=CARTESIAN_POINT('',(920.733213533778,658.93923713785,4.45));
#6541=CARTESIAN_POINT('',(920.733213533778,659.784866664649,4.45));
#6542=CARTESIAN_POINT('',(920.733213533778,659.784866664649,4.45));
#6543=CARTESIAN_POINT('',(925.283213533778,659.784866664649,4.45));
#6544=CARTESIAN_POINT('',(925.833213533778,659.784866664649,4.45));
#6545=CARTESIAN_POINT('',(925.833213533778,658.952519342367,4.45));
#6546=CARTESIAN_POINT('',(925.833213533778,658.93923713785,4.45));
#6547=CARTESIAN_POINT('',(926.733213533778,658.93923713785,4.45));
#6548=CARTESIAN_POINT('',(926.733213533778,658.93923713785,4.45));
#6549=CARTESIAN_POINT('',(926.733213533778,658.984866664649,4.45));
#6550=CARTESIAN_POINT('',(926.733213533778,658.98486666465,4.45));
#6551=CARTESIAN_POINT('',(926.283213533778,658.984866664651,4.45));
#6552=CARTESIAN_POINT('',(927.164174935732,662.463678553204,4.45));
#6553=CARTESIAN_POINT('',(926.784174902788,662.463678553204,4.45));
#6554=CARTESIAN_POINT('',(926.784174902788,658.952519342367,4.45));
#6555=CARTESIAN_POINT('',(926.784174902788,662.48486666465,4.45));
#6556=CARTESIAN_POINT('',(926.283213533778,662.48486666465,4.45));
#6557=CARTESIAN_POINT('',(919.383213533778,662.48486666465,4.4));
#6558=CARTESIAN_POINT('',(919.383213533778,662.48486666465,0.759827186800913));
#6559=CARTESIAN_POINT('',(918.983213533778,662.48486666465,0.759993746774278));
#6560=CARTESIAN_POINT('',(919.383213533777,662.884866664649,0.759827186800914));
#6561=CARTESIAN_POINT('',(918.983213533778,662.48486666465,4.4));
#6562=CARTESIAN_POINT('',(918.983213533778,662.48486666465,3.65));
#6563=CARTESIAN_POINT('',(919.383213533778,662.48486666465,3.65));
#6564=CARTESIAN_POINT('',(919.383213533778,662.884866664649,3.65));
#6565=CARTESIAN_POINT('',(919.383213533778,662.884866664649,4.4));
#6566=CARTESIAN_POINT('',(919.383213533778,662.48486666465,0.35));
#6567=CARTESIAN_POINT('',(926.782467663061,662.48486666465,0.35));
#6568=CARTESIAN_POINT('',(926.782467663061,662.884866664649,0.35));
#6569=CARTESIAN_POINT('',(919.7824670562,662.48486666465,0.35));
#6570=CARTESIAN_POINT('',(919.7824670562,662.884866664649,0.35));
#6571=CARTESIAN_POINT('',(919.383213533778,662.884866664649,0.35));
#6572=CARTESIAN_POINT('',(918.983213533778,662.48486666465,4.4));
#6573=CARTESIAN_POINT('',(918.983213533778,662.48486666465,0.759993746774277));
#6574=CARTESIAN_POINT('',(918.983213533778,662.464866664649,0.759993746774159));
#6575=CARTESIAN_POINT('',(918.983213533778,662.464866664649,0.379993713830388));
#6576=CARTESIAN_POINT('',(918.983213533778,662.084866664649,0.379993713830388));
#6577=CARTESIAN_POINT('',(918.983213533778,662.084866664649,4.4));
#6578=CARTESIAN_POINT('',(918.983213533778,658.184866664649,3.39999999999995));
#6579=CARTESIAN_POINT('',(918.983213533778,658.184866664649,1.00000000000004));
#6580=CARTESIAN_POINT('',(918.983213533778,658.184866664649,1.4));
#6581=CARTESIAN_POINT('',(918.983213533778,658.184866664649,1.79999999999995));
#6582=CARTESIAN_POINT('',(918.983213533778,658.184866664649,1.79999999999995));
#6583=CARTESIAN_POINT('',(918.983213533778,656.58401731183,1.59989383088551));
#6584=CARTESIAN_POINT('',(918.983213533778,661.39793558691,0.318054669571518));
#6585=CARTESIAN_POINT('',(918.983213533778,662.491985234275,4.37326637112801));
#6586=CARTESIAN_POINT('',(918.983213533778,656.584017311842,2.80010616910104));
#6587=CARTESIAN_POINT('',(918.983213533778,656.584866664649,2.80000000000019));
#6588=CARTESIAN_POINT('',(918.983213533778,658.184866664649,2.60000000000004));
#6589=CARTESIAN_POINT('',(918.983213533778,658.184866664649,3.));
#6590=CARTESIAN_POINT('',(918.983213533778,658.184866664649,3.39999999999996));
#6591=CARTESIAN_POINT('',(918.983213533778,658.184866664649,3.39999999999995));
#6592=CARTESIAN_POINT('',(918.983213533778,662.084866664649,4.4));
#6593=CARTESIAN_POINT('',(918.983213533778,662.084866664649,4.03));
#6594=CARTESIAN_POINT('',(918.983213533778,662.464866664649,4.03));
#6595=CARTESIAN_POINT('',(918.983213533778,662.464866664649,3.65000000000005));
#6596=CARTESIAN_POINT('',(918.983213533778,662.48486666465,3.65));
#6597=CARTESIAN_POINT('',(927.583213533778,662.48486666465,4.4));
#6598=CARTESIAN_POINT('',(927.583213533778,662.084866664649,4.4));
#6599=CARTESIAN_POINT('',(927.583213533778,662.084866664649,0.376412674403057));
#6600=CARTESIAN_POINT('',(927.583213533778,662.464866664649,0.376412674403057));
#6601=CARTESIAN_POINT('',(927.583213533778,662.464866664649,0.756412707346895));
#6602=CARTESIAN_POINT('',(927.583213533778,662.48486666465,0.756412707346949));
#6603=CARTESIAN_POINT('',(927.583213533778,662.48486666465,3.65));
#6604=CARTESIAN_POINT('',(927.583213533778,662.464866664649,3.65000000000004));
#6605=CARTESIAN_POINT('',(927.583213533778,662.464866664649,4.03));
#6606=CARTESIAN_POINT('',(927.583213533778,662.084866664649,4.03));
#6607=CARTESIAN_POINT('',(927.583213533778,662.084866664649,4.4));
#6608=CARTESIAN_POINT('',(927.583213533778,658.184866664649,3.39999999999995));
#6609=CARTESIAN_POINT('',(927.583213533778,662.197174356957,2.09846153846116));
#6610=CARTESIAN_POINT('',(927.583213533778,656.584017311842,2.800106169101));
#6611=CARTESIAN_POINT('',(927.583213533778,662.491985234275,4.37326637112797));
#6612=CARTESIAN_POINT('',(927.583213533778,655.766500632647,2.58225366210854));
#6613=CARTESIAN_POINT('',(927.583213533778,655.884866664649,2.2));
#6614=CARTESIAN_POINT('',(927.583213533778,655.766500632649,1.81774633789113));
#6615=CARTESIAN_POINT('',(927.583213533778,661.39793558691,0.318054669571552));
#6616=CARTESIAN_POINT('',(927.583213533778,656.58401731183,1.59989383088549));
#6617=CARTESIAN_POINT('',(927.583213533778,662.738712818507,2.36923076926641));
#6618=CARTESIAN_POINT('',(927.583213533778,658.184866664649,4.4));
#6619=CARTESIAN_POINT('',(919.383213533778,662.884866664649,4.4));
#6620=CARTESIAN_POINT('',(921.233213533778,662.884866664649,3.35));
#6621=CARTESIAN_POINT('',(921.233213533778,662.884866664649,3.35));
#6622=CARTESIAN_POINT('',(921.233213533778,662.884866664649,1.05));
#6623=CARTESIAN_POINT('',(925.333213533778,662.884866664649,1.05));
#6624=CARTESIAN_POINT('',(925.333213533778,662.884866664649,1.05));
#6625=CARTESIAN_POINT('',(925.333213533778,662.884866664649,3.35));
#6626=CARTESIAN_POINT('',(925.333213533778,662.884866664649,3.35));
#6627=CARTESIAN_POINT('',(925.333213533778,662.884866664649,3.35));
#6628=CARTESIAN_POINT('',(926.682637040766,662.884866664649,0.75678770733867));
#6629=CARTESIAN_POINT('',(927.162636999152,662.884866664649,0.756587835387961));
#6630=CARTESIAN_POINT('',(927.162478767191,662.884866664649,0.376587868331849));
#6631=CARTESIAN_POINT('',(926.782478800135,662.884866664649,0.376746100292847));
#6632=CARTESIAN_POINT('',(926.782637032096,662.884866664649,0.756746067348934));
#6633=CARTESIAN_POINT('',(919.782637638957,662.884866664649,0.75966086663012));
#6634=CARTESIAN_POINT('',(919.782479406996,662.884866664649,0.379660899573983));
#6635=CARTESIAN_POINT('',(919.40247943994,662.884866664649,0.379819131534981));
#6636=CARTESIAN_POINT('',(919.402637671901,662.884866664649,0.759819098591093));
#6637=CARTESIAN_POINT('',(926.682637040766,662.884866664649,0.75678770733867));
#6638=CARTESIAN_POINT('',(919.883239407443,662.884866664649,3.65));
#6639=CARTESIAN_POINT('',(919.403239407443,662.884866664649,3.65));
#6640=CARTESIAN_POINT('',(919.403239407443,662.884866664649,4.03));
#6641=CARTESIAN_POINT('',(919.783239407443,662.884866664649,4.03));
#6642=CARTESIAN_POINT('',(919.782637638957,662.884866664649,0.75966086663012));
#6643=CARTESIAN_POINT('',(919.784007735953,662.884866664649,4.05));
#6644=CARTESIAN_POINT('',(926.283213533778,662.884866664649,4.05));
#6645=CARTESIAN_POINT('',(926.784008342814,662.884866664649,4.05));
#6646=CARTESIAN_POINT('',(926.782637032096,662.884866664649,0.756746067348934));
#6647=CARTESIAN_POINT('',(926.783239407443,662.884866664649,4.03));
#6648=CARTESIAN_POINT('',(927.163239407443,662.884866664649,4.03));
#6649=CARTESIAN_POINT('',(927.163239407443,662.884866664649,3.65));
#6650=CARTESIAN_POINT('',(919.883239407443,662.884866664649,3.65));
#6651=CARTESIAN_POINT('',(919.383213533778,658.184866664649,1.4));
#6652=CARTESIAN_POINT('',(919.383213533778,658.184866664649,1.00000000000004));
#6653=CARTESIAN_POINT('',(919.383213533778,658.184866664649,1.00000000000004));
#6654=CARTESIAN_POINT('',(919.383213533778,658.184866664649,1.4));
#6655=CARTESIAN_POINT('',(919.383213533778,658.184866664649,1.79999999999995));
#6656=CARTESIAN_POINT('',(919.383213533778,658.184866664649,1.79999999999994));
#6657=CARTESIAN_POINT('',(919.383213533778,658.184866664649,1.79999999999994));
#6658=CARTESIAN_POINT('',(919.383213533778,658.184866664649,1.79999999999994));
#6659=CARTESIAN_POINT('',(919.383213533778,656.58401731183,1.59989383088549));
#6660=CARTESIAN_POINT('',(919.383213533778,656.58401731183,1.59989383088549));
#6661=CARTESIAN_POINT('',(919.383213533778,656.584784030861,1.59968967069337));
#6662=CARTESIAN_POINT('',(919.383213533778,656.584784030861,1.59968967069337));
#6663=CARTESIAN_POINT('',(919.383213533778,655.766456245663,2.58240787606247));
#6664=CARTESIAN_POINT('',(919.383213533778,655.766456245663,2.58240787606247));
#6665=CARTESIAN_POINT('',(919.383213533778,656.584017311842,2.80010616910104));
#6666=CARTESIAN_POINT('',(919.383213533778,656.584017311842,2.80010616910104));
#6667=CARTESIAN_POINT('',(919.383213533778,656.584866664649,2.80000000000019));
#6668=CARTESIAN_POINT('',(919.383213533778,656.584866664649,2.80000000000019));
#6669=CARTESIAN_POINT('',(919.383213533778,658.184866664649,2.60000000000004));
#6670=CARTESIAN_POINT('',(927.183213533778,658.184866664649,2.60000000000004));
#6671=CARTESIAN_POINT('',(927.183213533778,658.184866664649,3.));
#6672=CARTESIAN_POINT('',(919.383213533778,658.184866664649,3.));
#6673=CARTESIAN_POINT('',(919.383213533778,658.184866664649,3.39999999999996));
#6674=CARTESIAN_POINT('',(927.183213533778,658.184866664649,3.39999999999996));
#6675=CARTESIAN_POINT('',(919.383213533778,658.184866664649,3.39999999999995));
#6676=CARTESIAN_POINT('',(919.383213533778,658.184866664649,4.4));
#6677=CARTESIAN_POINT('',(919.383213533778,658.184866664649,3.39999999999995));
#6678=CARTESIAN_POINT('',(919.383213533778,658.184866664649,3.39999999999995));
#6679=CARTESIAN_POINT('',(919.383213533778,656.584866664649,2.80000000000019));
#6680=CARTESIAN_POINT('',(927.183213533778,656.584866664649,2.8000000000002));
#6681=CARTESIAN_POINT('',(927.183213533778,656.584017311842,2.80010616910105));
#6682=CARTESIAN_POINT('',(919.383213533778,656.584017311842,2.80010616910104));
#6683=CARTESIAN_POINT('',(919.383213533778,655.766456245663,2.58240787606247));
#6684=CARTESIAN_POINT('',(927.183213533778,655.766456245663,2.58240787606244));
#6685=CARTESIAN_POINT('',(927.183213533778,655.766538879425,2.58209754676613));
#6686=CARTESIAN_POINT('',(927.183213533778,655.766456245663,2.58240787606244));
#6687=CARTESIAN_POINT('',(927.316546867111,655.766456245663,2.58240787606244));
#6688=CARTESIAN_POINT('',(927.449880200445,655.766456245663,2.58240787606244));
#6689=CARTESIAN_POINT('',(927.583213533778,655.766456245663,2.58240787606244));
#6690=CARTESIAN_POINT('',(927.183213533778,655.884866664649,2.2));
#6691=CARTESIAN_POINT('',(927.183213533778,655.884866664649,2.2));
#6692=CARTESIAN_POINT('',(927.183213533778,655.766538879425,1.8179024532335));
#6693=CARTESIAN_POINT('',(927.583213533778,655.766456245653,1.81759212394047));
#6694=CARTESIAN_POINT('',(927.449880200445,655.766456245653,1.81759212394047));
#6695=CARTESIAN_POINT('',(927.316546867111,655.766456245653,1.81759212394047));
#6696=CARTESIAN_POINT('',(927.183213533778,655.766456245653,1.81759212394047));
#6697=CARTESIAN_POINT('',(919.383213533778,656.584784030861,1.59968967069337));
#6698=CARTESIAN_POINT('',(927.183213533778,656.584784030861,1.5996896706934));
#6699=CARTESIAN_POINT('',(927.183213533778,656.58401731183,1.59989383088549));
#6700=CARTESIAN_POINT('',(919.383213533778,656.58401731183,1.59989383088549));
#6701=CARTESIAN_POINT('',(919.383213533778,658.184866664649,1.79999999999994));
#6702=CARTESIAN_POINT('',(927.183213533778,658.184866664649,1.79999999999993));
#6703=CARTESIAN_POINT('',(919.383213533778,658.184866664649,3.39999999999995));
#6704=CARTESIAN_POINT('',(927.183213533778,658.184866664649,3.39999999999995));
#6705=CARTESIAN_POINT('',(919.383213533778,658.184866664649,3.39999999999995));
#6706=CARTESIAN_POINT('',(927.183213533778,658.184866664649,3.39999999999995));
#6707=CARTESIAN_POINT('',(923.983213533778,661.884866664649,0.4));
#6708=CARTESIAN_POINT('',(924.583213533778,661.884866664649,0.4));
#6709=CARTESIAN_POINT('',(923.983213533778,661.884866664649,0.4));
#6710=CARTESIAN_POINT('',(923.983213533778,661.884866664649,0.4));
#6711=CARTESIAN_POINT('',(923.983213533778,660.38486666465,0.4));
#6712=CARTESIAN_POINT('',(923.983213533778,660.38486666465,0.4));
#6713=CARTESIAN_POINT('',(924.583213533778,660.38486666465,0.4));
#6714=CARTESIAN_POINT('',(924.583213533778,661.884866664649,0.4));
#6715=CARTESIAN_POINT('',(921.983213533778,661.884866664649,0.4));
#6716=CARTESIAN_POINT('',(921.983213533778,661.884866664649,0.4));
#6717=CARTESIAN_POINT('',(921.983213533778,660.38486666465,0.4));
#6718=CARTESIAN_POINT('',(923.983213533778,660.38486666465,0.4));
#6719=CARTESIAN_POINT('',(922.583213533778,660.38486666465,0.4));
#6720=CARTESIAN_POINT('',(922.583213533778,661.884866664649,0.4));
#6721=CARTESIAN_POINT('',(922.583213533778,661.884866664649,0.4));
#6722=CARTESIAN_POINT('',(923.983213533778,661.884866664649,0.4));
#6723=CARTESIAN_POINT('',(919.833213533778,658.984866664649,4.4));
#6724=CARTESIAN_POINT('',(919.833213533778,658.93923713785,0.4));
#6725=CARTESIAN_POINT('',(919.833213533778,658.489237137831,0.4));
#6726=CARTESIAN_POINT('',(919.833213533778,658.48923713785,0.));
#6727=CARTESIAN_POINT('',(919.833213533778,658.48923713785,0.7));
#6728=CARTESIAN_POINT('',(919.833213533778,658.984866664649,0.7));
#6729=CARTESIAN_POINT('',(919.833213533778,658.88923713785,0.7));
#6730=CARTESIAN_POINT('',(919.833213533778,658.88923713785,4.4));
#6731=CARTESIAN_POINT('',(919.833213533778,658.88923713785,0.4));
#6732=CARTESIAN_POINT('',(919.833213533778,658.93923713785,0.4));
#6733=CARTESIAN_POINT('',(919.833213533778,658.984866664649,4.4));
#6734=CARTESIAN_POINT('',(919.433213533778,658.984866664649,4.4));
#6735=CARTESIAN_POINT('',(919.433213533778,658.984866664649,4.4));
#6736=CARTESIAN_POINT('',(926.733213533778,658.984866664651,4.4));
#6737=CARTESIAN_POINT('',(926.733213533778,658.984866664649,4.4));
#6738=CARTESIAN_POINT('',(926.733213533778,658.88923713785,3.25));
#6739=CARTESIAN_POINT('',(926.733213533778,658.88923713785,0.7));
#6740=CARTESIAN_POINT('',(926.733213533778,658.88923713785,0.4));
#6741=CARTESIAN_POINT('',(926.733213533778,658.48923713785,0.7));
#6742=CARTESIAN_POINT('',(926.733213533778,658.489237137851,0.7));
#6743=CARTESIAN_POINT('',(926.733213533778,658.489237137851,0.));
#6744=CARTESIAN_POINT('',(926.733213533778,658.489237137831,0.4));
#6745=CARTESIAN_POINT('',(926.733213533778,658.93923713785,0.4));
#6746=CARTESIAN_POINT('',(926.733213533778,658.93923713785,0.4));
#6747=CARTESIAN_POINT('',(925.833213533778,659.784866664649,4.4));
#6748=CARTESIAN_POINT('',(925.833213533778,658.489237137851,0.));
#6749=CARTESIAN_POINT('',(925.833213533778,658.489237137851,0.7));
#6750=CARTESIAN_POINT('',(925.833213533778,658.489237137831,0.4));
#6751=CARTESIAN_POINT('',(925.833213533778,0.,0.7));
#6752=CARTESIAN_POINT('',(925.833213533778,658.88923713785,0.7));
#6753=CARTESIAN_POINT('',(925.833213533778,658.88923713785,4.4));
#6754=CARTESIAN_POINT('',(925.833213533778,658.88923713785,0.4));
#6755=CARTESIAN_POINT('',(925.833213533778,658.93923713785,0.4));
#6756=CARTESIAN_POINT('',(925.833213533778,659.784866664649,4.4));
#6757=CARTESIAN_POINT('',(925.833213533778,658.93923713785,0.4));
#6758=CARTESIAN_POINT('',(925.283213533778,659.784866664649,4.4));
#6759=CARTESIAN_POINT('',(920.733213533778,659.784866664649,4.4));
#6760=CARTESIAN_POINT('',(920.733213533778,659.784866664649,4.4));
#6761=CARTESIAN_POINT('',(920.733213533778,658.48923713785,0.));
#6762=CARTESIAN_POINT('',(920.733213533778,658.489237137831,0.4));
#6763=CARTESIAN_POINT('',(920.7332135338,658.48923713785,0.7));
#6764=CARTESIAN_POINT('',(920.733213533778,658.93923713785,0.4));
#6765=CARTESIAN_POINT('',(920.733213533778,658.93923713785,0.4));
#6766=CARTESIAN_POINT('',(920.733213533778,658.88923713785,0.4));
#6767=CARTESIAN_POINT('',(920.733213533778,658.88923713785,3.25));
#6768=CARTESIAN_POINT('',(920.733213533789,658.88923713785,0.7));
#6769=CARTESIAN_POINT('',(920.733213533811,4.47819234895072E-14,0.7));
#6770=CARTESIAN_POINT('',(926.283213533778,662.48486666465,4.05));
#6771=CARTESIAN_POINT('',(919.784007735953,662.48486666465,4.05));
#6772=CARTESIAN_POINT('',(926.784008342814,662.48486666465,4.05));
#6773=CARTESIAN_POINT('',(925.333213533778,662.884866664649,3.35));
#6774=CARTESIAN_POINT('',(925.333213533778,662.884866664649,3.35));
#6775=CARTESIAN_POINT('',(925.333213533778,662.884866664649,1.05));
#6776=CARTESIAN_POINT('',(925.333213533778,662.884866664649,3.35));
#6777=CARTESIAN_POINT('',(921.233213533778,662.884866664649,3.35));
#6778=CARTESIAN_POINT('',(921.233213533778,662.884866664649,3.35));
#6779=CARTESIAN_POINT('',(921.233213533778,662.884866664649,1.05));
#6780=CARTESIAN_POINT('',(925.333213533778,662.884866664649,1.05));
#6781=CARTESIAN_POINT('',(919.383213533778,662.48486666465,4.4));
#6782=CARTESIAN_POINT('',(919.383213533778,662.084866664649,4.4));
#6783=CARTESIAN_POINT('',(919.383213533778,662.084866664649,0.379827153857024));
#6784=CARTESIAN_POINT('',(919.383213533778,662.464866664649,0.379827153857024));
#6785=CARTESIAN_POINT('',(919.383213533778,662.464866664649,0.759827186800914));
#6786=CARTESIAN_POINT('',(919.383213533778,662.48486666465,0.759827186800913));
#6787=CARTESIAN_POINT('',(919.383213533778,662.48486666465,3.65));
#6788=CARTESIAN_POINT('',(919.383213533778,662.464866664649,3.65000000000005));
#6789=CARTESIAN_POINT('',(919.383213533778,662.464866664649,4.03));
#6790=CARTESIAN_POINT('',(919.383213533778,662.084866664649,4.03));
#6791=CARTESIAN_POINT('',(919.383213533778,662.084866664649,4.4));
#6792=CARTESIAN_POINT('',(927.183213533778,662.48486666465,4.4));
#6793=CARTESIAN_POINT('',(927.183213533778,662.48486666465,0.756579267320313));
#6794=CARTESIAN_POINT('',(927.183213533778,662.464866664649,0.756579267320313));
#6795=CARTESIAN_POINT('',(927.183213533778,662.464866664649,0.376579234376421));
#6796=CARTESIAN_POINT('',(927.183213533778,662.084866664649,0.376579234376423));
#6797=CARTESIAN_POINT('',(927.183213533778,662.084866664649,4.4));
#6798=CARTESIAN_POINT('',(927.183213533778,662.084866664649,4.4));
#6799=CARTESIAN_POINT('',(927.183213533778,662.084866664649,4.03));
#6800=CARTESIAN_POINT('',(927.183213533778,662.464866664649,4.03));
#6801=CARTESIAN_POINT('',(927.183213533778,662.464866664649,3.65000000000005));
#6802=CARTESIAN_POINT('',(927.183213533778,662.48486666465,3.65));
#6803=CARTESIAN_POINT('',(926.733213533778,658.984866664649,4.4));
#6804=CARTESIAN_POINT('',(926.733213533778,658.93923713785,4.));
#6805=CARTESIAN_POINT('',(926.733213533778,658.489237137831,4.));
#6806=CARTESIAN_POINT('',(926.733213533778,658.489237137851,0.));
#6807=CARTESIAN_POINT('',(926.733213533778,658.489237137851,3.7));
#6808=CARTESIAN_POINT('',(926.733213533778,658.984866664649,3.7));
#6809=CARTESIAN_POINT('',(926.733213533778,658.88923713785,3.7));
#6810=CARTESIAN_POINT('',(926.733213533778,658.88923713785,3.25));
#6811=CARTESIAN_POINT('',(926.733213533778,658.88923713785,4.));
#6812=CARTESIAN_POINT('',(926.733213533778,658.93923713785,4.));
#6813=CARTESIAN_POINT('',(926.733213533778,658.984866664651,4.4));
#6814=CARTESIAN_POINT('',(919.433213533778,658.984866664649,4.4));
#6815=CARTESIAN_POINT('',(919.433213533778,658.984866664649,4.4));
#6816=CARTESIAN_POINT('',(919.833213533778,658.984866664649,4.4));
#6817=CARTESIAN_POINT('',(919.833213533778,658.984866664649,4.4));
#6818=CARTESIAN_POINT('',(919.833213533778,658.48923713785,4.4));
#6819=CARTESIAN_POINT('',(919.833213533778,658.489237137831,4.));
#6820=CARTESIAN_POINT('',(919.833213533767,658.48923713785,3.7));
#6821=CARTESIAN_POINT('',(919.833213533778,658.93923713785,4.));
#6822=CARTESIAN_POINT('',(919.833213533778,658.93923713785,4.));
#6823=CARTESIAN_POINT('',(919.833213533778,658.88923713785,4.));
#6824=CARTESIAN_POINT('',(919.833213533778,658.88923713785,3.25));
#6825=CARTESIAN_POINT('',(919.833213533767,658.88923713785,3.7));
#6826=CARTESIAN_POINT('',(919.833213533811,9.15823387869754E-11,3.7));
#6827=CARTESIAN_POINT('',(920.733213533778,659.784866664649,4.4));
#6828=CARTESIAN_POINT('',(920.733213533778,658.93923713785,4.));
#6829=CARTESIAN_POINT('',(920.733213533778,658.489237137831,4.));
#6830=CARTESIAN_POINT('',(920.733213533778,658.48923713785,4.4));
#6831=CARTESIAN_POINT('',(920.733213533778,658.48923713785,3.7));
#6832=CARTESIAN_POINT('',(920.733213533778,658.88923713785,3.7));
#6833=CARTESIAN_POINT('',(920.733213533778,658.88923713785,3.7));
#6834=CARTESIAN_POINT('',(920.733213533778,658.88923713785,4.4));
#6835=CARTESIAN_POINT('',(920.733213533778,658.88923713785,4.));
#6836=CARTESIAN_POINT('',(920.733213533778,658.93923713785,4.));
#6837=CARTESIAN_POINT('',(920.733213533778,659.784866664649,4.4));
#6838=CARTESIAN_POINT('',(925.283213533778,659.784866664649,4.4));
#6839=CARTESIAN_POINT('',(925.833213533778,659.784866664649,4.4));
#6840=CARTESIAN_POINT('',(925.833213533778,659.784866664649,4.4));
#6841=CARTESIAN_POINT('',(925.833213533778,658.489237137851,0.));
#6842=CARTESIAN_POINT('',(925.833213533778,658.489237137831,4.));
#6843=CARTESIAN_POINT('',(925.833213533778,658.489237137851,3.7));
#6844=CARTESIAN_POINT('',(925.833213533778,658.93923713785,4.));
#6845=CARTESIAN_POINT('',(925.833213533778,658.93923713785,4.));
#6846=CARTESIAN_POINT('',(925.833213533778,658.88923713785,4.));
#6847=CARTESIAN_POINT('',(925.833213533778,658.88923713785,3.25));
#6848=CARTESIAN_POINT('',(925.833213533778,658.88923713785,3.7));
#6849=CARTESIAN_POINT('',(925.833213533778,0.,3.7));
#6850=CARTESIAN_POINT('',(-8.12001259895586E-11,658.489237137736,0.));
#6851=CARTESIAN_POINT('',(4.78288762126071E-14,658.489237137793,4.));
#6852=CARTESIAN_POINT('',(920.283213533778,658.48923713785,3.7));
#6853=CARTESIAN_POINT('',(-8.12001259895586E-11,658.489237137736,0.));
#6854=CARTESIAN_POINT('',(4.78288762126071E-14,658.489237137793,4.));
#6855=CARTESIAN_POINT('',(926.283213533778,658.489237137851,3.7));
#6856=CARTESIAN_POINT('',(-8.12001259895586E-11,658.489237137736,0.));
#6857=CARTESIAN_POINT('',(926.283213533778,658.489237137851,0.7));
#6858=CARTESIAN_POINT('',(4.78288762126071E-14,658.489237137793,0.4));
#6859=CARTESIAN_POINT('',(-8.12001259895586E-11,658.489237137736,0.));
#6860=CARTESIAN_POINT('',(4.78288762126071E-14,658.489237137793,0.4));
#6861=CARTESIAN_POINT('',(920.283213533778,658.48923713785,0.7));
#6862=CARTESIAN_POINT('',(926.733213533778,658.88923713785,3.25));
#6863=CARTESIAN_POINT('',(926.733213533778,658.88923713785,4.));
#6864=CARTESIAN_POINT('',(926.283213533778,658.88923713785,3.7));
#6865=CARTESIAN_POINT('',(926.733213533778,658.88923713785,3.25));
#6866=CARTESIAN_POINT('',(926.733213533778,658.88923713785,4.));
#6867=CARTESIAN_POINT('',(920.283213533778,658.88923713785,3.7));
#6868=CARTESIAN_POINT('',(926.733213533778,658.88923713785,3.25));
#6869=CARTESIAN_POINT('',(926.733213533778,658.88923713785,0.4));
#6870=CARTESIAN_POINT('',(920.283213533778,658.88923713785,0.7));
#6871=CARTESIAN_POINT('',(926.733213533778,658.88923713785,3.25));
#6872=CARTESIAN_POINT('',(926.733213533778,658.88923713785,0.4));
#6873=CARTESIAN_POINT('',(926.283213533778,658.88923713785,0.7));
#6874=CARTESIAN_POINT('',(-7.68227502565909E-15,658.93923713785,4.));
#6875=CARTESIAN_POINT('',(926.283213533778,0.,3.7));
#6876=CARTESIAN_POINT('',(926.283213533778,0.,0.7));
#6877=CARTESIAN_POINT('',(-7.68227502565909E-15,658.93923713785,0.4));
#6878=CARTESIAN_POINT('',(-7.68227502565909E-15,658.93923713785,0.4));
#6879=CARTESIAN_POINT('',(920.283213533778,0.,0.7));
#6880=CARTESIAN_POINT('',(-7.68227502565909E-15,658.93923713785,4.));
#6881=CARTESIAN_POINT('',(920.283213533844,9.15823387869754E-11,3.7));
#6882=CARTESIAN_POINT('',(926.733213533778,658.93923713785,0.4));
#6883=CARTESIAN_POINT('',(926.733213533778,658.93923713785,4.));
#6884=CARTESIAN_POINT('',(926.733213533778,658.93923713785,0.4));
#6885=CARTESIAN_POINT('',(926.733213533778,658.93923713785,4.));
#6886=CARTESIAN_POINT('',(919.782637638957,662.084866664649,0.75966086663012));
#6887=CARTESIAN_POINT('',(919.782321285883,662.463682651311,-7.28615209023838E-5));
#6888=CARTESIAN_POINT('',(919.783999407823,662.884866664649,4.02999968353589));
#6889=CARTESIAN_POINT('',(919.783999407823,662.751533331316,4.02999968353589));
#6890=CARTESIAN_POINT('',(919.783999407823,662.618199997983,4.02999968353589));
#6891=CARTESIAN_POINT('',(919.783999407823,662.48486666465,4.02999968353589));
#6892=CARTESIAN_POINT('',(919.883239407443,662.084866664649,3.65));
#6893=CARTESIAN_POINT('',(-1.28394200699749E-16,662.464866664649,3.65000000000016));
#6894=CARTESIAN_POINT('',(919.403239407443,662.884866664649,3.65));
#6895=CARTESIAN_POINT('',(0.,662.084866664649,0.));
#6896=CARTESIAN_POINT('',(0.,662.084866664649,4.03));
#6897=CARTESIAN_POINT('',(926.782637032096,662.084866664649,0.756746067348934));
#6898=CARTESIAN_POINT('',(926.784000014684,662.48486666465,4.0299996832832));
#6899=CARTESIAN_POINT('',(926.784000014684,662.618199997983,4.0299996832832));
#6900=CARTESIAN_POINT('',(926.784000014684,662.751533331316,4.0299996832832));
#6901=CARTESIAN_POINT('',(926.784000014684,662.884866664649,4.0299996832832));
#6902=CARTESIAN_POINT('',(926.78232195343,662.463678553204,7.28781778431408E-5));
#6903=CARTESIAN_POINT('',(919.883239407443,662.084866664649,3.65));
#6904=CARTESIAN_POINT('',(-1.28394200699749E-16,662.464866664649,3.65000000000016));
#6905=CARTESIAN_POINT('',(927.163239407443,662.084866664649,3.65));
#6906=CARTESIAN_POINT('',(0.,662.084866664649,0.));
#6907=CARTESIAN_POINT('',(0.,662.084866664649,4.03));
#6908=CARTESIAN_POINT('',(926.782637032096,662.084866664649,0.756746067348934));
#6909=CARTESIAN_POINT('',(926.782467663061,662.4637389358,0.35));
#6910=CARTESIAN_POINT('',(926.78241214307,662.463743222699,0.216666666667061));
#6911=CARTESIAN_POINT('',(926.782356623079,662.463747497322,0.0833333333337263));
#6912=CARTESIAN_POINT('',(926.782301103088,662.463751759669,-0.05));
#6913=CARTESIAN_POINT('',(926.782478800135,662.48486666465,0.376746100292847));
#6914=CARTESIAN_POINT('',(926.682637040766,662.084866664649,0.75678770733867));
#6915=CARTESIAN_POINT('',(927.162636999152,662.884866664649,0.756587835387961));
#6916=CARTESIAN_POINT('',(0.000475802755739426,662.464866664649,1.1426580975708));
#6917=CARTESIAN_POINT('',(0.,662.084866664649,0.));
#6918=CARTESIAN_POINT('',(0.000317570794761427,662.084866664649,0.762658130514846));
#6919=CARTESIAN_POINT('',(919.782637638957,662.084866664649,0.75966086663012));
#6920=CARTESIAN_POINT('',(919.782300496226,662.463607190796,-0.05));
#6921=CARTESIAN_POINT('',(919.782356016218,662.463611722367,0.0833333333329162));
#6922=CARTESIAN_POINT('',(919.782411536209,662.463616241649,0.216666666666251));
#6923=CARTESIAN_POINT('',(919.7824670562,662.463620748643,0.35));
#6924=CARTESIAN_POINT('',(919.782479406996,662.884866664649,0.379660899573983));
#6925=CARTESIAN_POINT('',(926.682637040766,662.084866664649,0.75678770733867));
#6926=CARTESIAN_POINT('',(0.000475802755739426,662.464866664649,1.1426580975708));
#6927=CARTESIAN_POINT('',(919.402637671901,662.084866664649,0.759819098591093));
#6928=CARTESIAN_POINT('',(0.,662.084866664649,0.));
#6929=CARTESIAN_POINT('',(0.000317570794761427,662.084866664649,0.762658130514846));
#6930=CARTESIAN_POINT('',(0.000317570794761427,662.464866664649,0.762658130514846));
#6931=CARTESIAN_POINT('',(919.78229943052,662.463607103811,-0.0525593332521896));
#6932=CARTESIAN_POINT('',(919.782299435477,662.113360231733,-0.052547429075795));
#6933=CARTESIAN_POINT('',(919.433213533778,662.084866664649,-0.0524011012911913));
#6934=CARTESIAN_POINT('',(919.782355642555,662.463611692021,0.082435967865206));
#6935=CARTESIAN_POINT('',(919.782355651351,662.113312660777,0.0824570861664847));
#6936=CARTESIAN_POINT('',(919.433213533778,662.084866664649,0.0825941998262043));
#6937=CARTESIAN_POINT('',(919.782411851014,662.463616267367,0.217422684263399));
#6938=CARTESIAN_POINT('',(919.782411859819,662.113265073709,0.217443782715622));
#6939=CARTESIAN_POINT('',(919.433213533778,662.084866664649,0.217580916224398));
#6940=CARTESIAN_POINT('',(919.782468055892,662.463620829795,0.352400797383077));
#6941=CARTESIAN_POINT('',(919.782468060824,662.113217470581,0.352412641486803));
#6942=CARTESIAN_POINT('',(919.433213533778,662.084866664649,0.352559029344075));
#6943=CARTESIAN_POINT('',(926.782468728769,662.463738853512,0.352559336861437));
#6944=CARTESIAN_POINT('',(926.782468724059,662.111949930581,0.352548025821976));
#6945=CARTESIAN_POINT('',(927.133213533778,662.084866664649,0.352401104900439));
#6946=CARTESIAN_POINT('',(926.782412516649,662.463743194023,0.217563831622056));
#6947=CARTESIAN_POINT('',(926.782412508084,662.11190191857,0.21754326915937));
#6948=CARTESIAN_POINT('',(927.133213533778,662.084866664649,0.217405599661058));
#6949=CARTESIAN_POINT('',(926.78235630819,662.463747521638,0.0825771152592615));
#6950=CARTESIAN_POINT('',(926.782356299617,662.111853890466,0.0825565728534286));
#6951=CARTESIAN_POINT('',(927.133213533778,662.084866664649,0.0824188832982632));
#6952=CARTESIAN_POINT('',(926.782300103397,662.463751836415,-0.0524007937745875));
#6953=CARTESIAN_POINT('',(926.782300098713,662.111805846384,-0.0524120442532846));
#6954=CARTESIAN_POINT('',(927.133213533778,662.084866664649,-0.0525590257355853));
#6955=CARTESIAN_POINT('',(927.162478767191,662.084866664649,0.376587868331849));
#6956=CARTESIAN_POINT('',(0.000317570794761427,662.464866664649,0.762658130514846));
#6957=CARTESIAN_POINT('',(0.,662.464866664649,4.03));
#6958=CARTESIAN_POINT('',(927.163239407443,662.084866664649,4.03));
#6959=CARTESIAN_POINT('',(927.162321920487,662.463678553204,-8.53537831550983E-5));
#6960=CARTESIAN_POINT('',(919.402321318827,662.463682651311,8.53704400958447E-5));
#6961=CARTESIAN_POINT('',(0.,662.464866664649,4.03));
#6962=CARTESIAN_POINT('',(919.403239407443,662.084866664649,4.03));
#6963=CARTESIAN_POINT('',(919.40247943994,662.084866664649,0.379819131534981));
#6964=CARTESIAN_POINT('',(923.28321353377,-658.18486666466,2.2));
#6965=MECHANICAL_DESIGN_GEOMETRIC_PRESENTATION_REPRESENTATION('',(#3674,
#3675,#3676,#3677,#3678,#3679,#3680,#3681,#3682,#3683,#3684,#3685,#3686,
#3687,#3688,#3689,#3690,#3691,#3692,#3693,#3694,#3695,#3696,#3697,#3698,
#3699,#3700,#3701,#3702,#3703,#3704,#3705,#3706,#3707,#3708,#3709,#3710,
#3711,#3712,#3713,#3714,#3715,#3716,#3717,#3718,#3719,#3720,#3721,#3722,
#3723,#3724,#3725,#3726,#3727,#3728,#3729,#3730,#3731,#3732,#3733,#3734,
#3735,#3736,#3737,#3738,#3739,#3740,#3741,#3742,#3743,#3744,#3745,#3746,
#3747,#3748,#3749,#3750,#3751,#3752,#3753),#6966);
#6966=(
GEOMETRIC_REPRESENTATION_CONTEXT(3)
GLOBAL_UNCERTAINTY_ASSIGNED_CONTEXT((#6971))
GLOBAL_UNIT_ASSIGNED_CONTEXT((#6978,#6977,#6976))
REPRESENTATION_CONTEXT('SWS065-030V12TSK','TOP_LEVEL_ASSEMBLY_PART')
);
#6967=(
GEOMETRIC_REPRESENTATION_CONTEXT(3)
GLOBAL_UNCERTAINTY_ASSIGNED_CONTEXT((#6972))
GLOBAL_UNIT_ASSIGNED_CONTEXT((#6978,#6977,#6976))
REPRESENTATION_CONTEXT('SWS065-030V12TSK_PART1','COMPONENT_PART')
);
#6968=(
GEOMETRIC_REPRESENTATION_CONTEXT(3)
GLOBAL_UNCERTAINTY_ASSIGNED_CONTEXT((#6973))
GLOBAL_UNIT_ASSIGNED_CONTEXT((#6978,#6977,#6976))
REPRESENTATION_CONTEXT('SWS065-030V12TSK_PART2','COMPONENT_PART')
);
#6969=(
GEOMETRIC_REPRESENTATION_CONTEXT(3)
GLOBAL_UNCERTAINTY_ASSIGNED_CONTEXT((#6974))
GLOBAL_UNIT_ASSIGNED_CONTEXT((#6978,#6977,#6976))
REPRESENTATION_CONTEXT('SWS065-030V12TSK_PART3','COMPONENT_PART')
);
#6970=(
GEOMETRIC_REPRESENTATION_CONTEXT(3)
GLOBAL_UNCERTAINTY_ASSIGNED_CONTEXT((#6975))
GLOBAL_UNIT_ASSIGNED_CONTEXT((#6978,#6977,#6976))
REPRESENTATION_CONTEXT('SWS065-030V12TSK_PART4','COMPONENT_PART')
);
#6971=UNCERTAINTY_MEASURE_WITH_UNIT(LENGTH_MEASURE(1.E-5),#6978,
'DISTANCE_ACCURACY_VALUE','Maximum Tolerance applied to model');
#6972=UNCERTAINTY_MEASURE_WITH_UNIT(LENGTH_MEASURE(0.0600000000010592),
#6978,'DISTANCE_ACCURACY_VALUE','Maximum Tolerance applied to model');
#6973=UNCERTAINTY_MEASURE_WITH_UNIT(LENGTH_MEASURE(1.E-5),#6978,
'DISTANCE_ACCURACY_VALUE','Maximum Tolerance applied to model');
#6974=UNCERTAINTY_MEASURE_WITH_UNIT(LENGTH_MEASURE(1.E-5),#6978,
'DISTANCE_ACCURACY_VALUE','Maximum Tolerance applied to model');
#6975=UNCERTAINTY_MEASURE_WITH_UNIT(LENGTH_MEASURE(1.E-5),#6978,
'DISTANCE_ACCURACY_VALUE','Maximum Tolerance applied to model');
#6976=(
NAMED_UNIT(*)
SI_UNIT($,.STERADIAN.)
SOLID_ANGLE_UNIT()
);
#6977=(
NAMED_UNIT(*)
PLANE_ANGLE_UNIT()
SI_UNIT($,.RADIAN.)
);
#6978=(
LENGTH_UNIT()
NAMED_UNIT(*)
SI_UNIT(.MILLI.,.METRE.)
);
#6979=PRODUCT_DEFINITION_SHAPE('','',#6988);
#6980=PRODUCT_DEFINITION_SHAPE('','',#6989);
#6981=PRODUCT_DEFINITION_SHAPE(' ','NAUO PRDDFN',#33);
#6982=PRODUCT_DEFINITION_SHAPE('','',#6990);
#6983=PRODUCT_DEFINITION_SHAPE(' ','NAUO PRDDFN',#34);
#6984=PRODUCT_DEFINITION_SHAPE('','',#6991);
#6985=PRODUCT_DEFINITION_SHAPE(' ','NAUO PRDDFN',#35);
#6986=PRODUCT_DEFINITION_SHAPE('','',#6992);
#6987=PRODUCT_DEFINITION_SHAPE(' ','NAUO PRDDFN',#36);
#6988=PRODUCT_DEFINITION('','',#6998,#6993);
#6989=PRODUCT_DEFINITION('','',#6999,#6994);
#6990=PRODUCT_DEFINITION('','',#7000,#6995);
#6991=PRODUCT_DEFINITION('','',#7001,#6996);
#6992=PRODUCT_DEFINITION('','',#7002,#6997);
#6993=PRODUCT_DEFINITION_CONTEXT('',#7024,'design');
#6994=PRODUCT_DEFINITION_CONTEXT('',#7024,'design');
#6995=PRODUCT_DEFINITION_CONTEXT('',#7024,'design');
#6996=PRODUCT_DEFINITION_CONTEXT('',#7024,'design');
#6997=PRODUCT_DEFINITION_CONTEXT('',#7024,'design');
#6998=PRODUCT_DEFINITION_FORMATION_WITH_SPECIFIED_SOURCE('','',#7008,
 .NOT_KNOWN.);
#6999=PRODUCT_DEFINITION_FORMATION_WITH_SPECIFIED_SOURCE('','',#7009,
 .NOT_KNOWN.);
#7000=PRODUCT_DEFINITION_FORMATION_WITH_SPECIFIED_SOURCE('','',#7010,
 .NOT_KNOWN.);
#7001=PRODUCT_DEFINITION_FORMATION_WITH_SPECIFIED_SOURCE('','',#7011,
 .NOT_KNOWN.);
#7002=PRODUCT_DEFINITION_FORMATION_WITH_SPECIFIED_SOURCE('','',#7012,
 .NOT_KNOWN.);
#7003=PRODUCT_RELATED_PRODUCT_CATEGORY('','',(#7008));
#7004=PRODUCT_RELATED_PRODUCT_CATEGORY('','',(#7009));
#7005=PRODUCT_RELATED_PRODUCT_CATEGORY('','',(#7010));
#7006=PRODUCT_RELATED_PRODUCT_CATEGORY('','',(#7011));
#7007=PRODUCT_RELATED_PRODUCT_CATEGORY('','',(#7012));
#7008=PRODUCT('SWS065-030V12TSK','SWS065-030V12TSK','SWS065-030V12TSK',
(#7018));
#7009=PRODUCT('SWS065-030V12TSK_PART1','SWS065-030V12TSK_PART1',
'SWS065-030V12TSK_PART1',(#7019));
#7010=PRODUCT('SWS065-030V12TSK_PART2','SWS065-030V12TSK_PART2',
'SWS065-030V12TSK_PART2',(#7020));
#7011=PRODUCT('SWS065-030V12TSK_PART3','SWS065-030V12TSK_PART3',
'SWS065-030V12TSK_PART3',(#7021));
#7012=PRODUCT('SWS065-030V12TSK_PART4','SWS065-030V12TSK_PART4',
'SWS065-030V12TSK_PART4',(#7022));
#7013=PRODUCT_CATEGORY('','');
#7014=PRODUCT_CATEGORY('','');
#7015=PRODUCT_CATEGORY('','');
#7016=PRODUCT_CATEGORY('','');
#7017=PRODUCT_CATEGORY('','');
#7018=PRODUCT_CONTEXT('',#7024,'mechanical');
#7019=PRODUCT_CONTEXT('',#7024,'mechanical');
#7020=PRODUCT_CONTEXT('',#7024,'mechanical');
#7021=PRODUCT_CONTEXT('',#7024,'mechanical');
#7022=PRODUCT_CONTEXT('',#7024,'mechanical');
#7023=APPLICATION_PROTOCOL_DEFINITION('international standard',
'ap242_managed_model_based_3d_engineering',2011,#7024);
#7024=APPLICATION_CONTEXT('managed model based 3d engineering');
ENDSEC;
END-ISO-10303-21;
