ISO-10303-21;
HEADER;
FILE_DESCRIPTION(('FreeCAD Model'),'2;1');
FILE_NAME('Open CASCADE Shape Model','2026-09-21T18:41:46',(''),(''),
  'Open CASCADE STEP processor 7.8','FreeCAD','Unknown');
FILE_SCHEMA(('AUTOMOTIVE_DESIGN { 1 0 10303 214 1 1 1 1 }'));
ENDSEC;
DATA;
#1 = APPLICATION_PROTOCOL_DEFINITION('international standard',
  'automotive_design',2000,#2);
#2 = APPLICATION_CONTEXT(
  'core data for automotive mechanical design processes');
#3 = SHAPE_DEFINITION_REPRESENTATION(#4,#10);
#4 = PRODUCT_DEFINITION_SHAPE('','',#5);
#5 = PRODUCT_DEFINITION('design','',#6,#9);
#6 = PRODUCT_DEFINITION_FORMATION('','',#7);
#7 = PRODUCT('P:\\E-Switch Secure\\3D_MODELS_STP_FORMAT\\EG1218.stp',
  'P:\\E-Switch Secure\\3D_MODELS_STP_FORMAT\\EG1218.stp','',(#8));
#8 = PRODUCT_CONTEXT('',#2,'mechanical');
#9 = PRODUCT_DEFINITION_CONTEXT('part definition',#2,'design');
#10 = ADVANCED_BREP_SHAPE_REPRESENTATION('',(#11,#15),#5185);
#11 = AXIS2_PLACEMENT_3D('',#12,#13,#14);
#12 = CARTESIAN_POINT('',(0.,0.,0.));
#13 = DIRECTION('',(0.,0.,1.));
#14 = DIRECTION('',(1.,0.,-0.));
#15 = MANIFOLD_SOLID_BREP('',#16);
#16 = CLOSED_SHELL('',(#17,#57,#97,#128,#186,#226,#266,#297,#355,#395,
    #435,#466,#497,#519,#550,#581,#603,#659,#690,#714,#856,#888,#919,
    #975,#999,#1023,#1063,#1121,#1151,#1168,#1189,#1211,#1228,#1245,
    #1262,#1279,#1296,#1308,#1330,#1342,#1358,#1390,#1421,#1477,#1501,
    #1525,#1565,#1623,#1653,#1670,#1691,#1713,#1730,#1747,#1764,#1781,
    #1798,#1810,#1832,#1844,#1860,#1892,#1923,#1979,#2003,#2027,#2067,
    #2125,#2155,#2172,#2193,#2215,#2232,#2249,#2266,#2283,#2300,#2312,
    #2334,#2346,#2362,#2402,#2433,#2473,#2504,#2535,#2566,#2597,#2637,
    #2668,#2690,#2750,#2776,#2811,#2841,#2890,#2962,#3002,#3042,#3082,
    #3122,#3162,#3193,#3217,#3257,#3334,#3358,#3382,#3413,#3446,#3470,
    #3487,#3520,#3544,#3568,#3593,#3639,#3670,#3693,#3716,#3728,#3745,
    #3762,#3831,#3855,#3879,#3910,#3941,#3966,#3990,#4008,#4039,#4064,
    #4088,#4119,#4137,#4265,#4404,#4435,#4467,#4537,#4569,#4639,#4672,
    #4726,#4750,#4768,#4786,#4808,#4827,#4844,#4879,#4903,#4927,#4951,
    #4975,#4989,#5011,#5024,#5041,#5060,#5077,#5096,#5117,#5138,#5151));
#17 = ADVANCED_FACE('',(#18),#52,.T.);
#18 = FACE_BOUND('',#19,.T.);
#19 = EDGE_LOOP('',(#20,#30,#38,#46));
#20 = ORIENTED_EDGE('',*,*,#21,.T.);
#21 = EDGE_CURVE('',#22,#24,#26,.T.);
#22 = VERTEX_POINT('',#23);
#23 = CARTESIAN_POINT('',(5.2,0.95,0.8));
#24 = VERTEX_POINT('',#25);
#25 = CARTESIAN_POINT('',(5.2,-0.95,0.8));
#26 = LINE('',#27,#28);
#27 = CARTESIAN_POINT('',(5.2,0.95,0.8));
#28 = VECTOR('',#29,1.);
#29 = DIRECTION('',(0.,-1.,0.));
#30 = ORIENTED_EDGE('',*,*,#31,.T.);
#31 = EDGE_CURVE('',#24,#32,#34,.T.);
#32 = VERTEX_POINT('',#33);
#33 = CARTESIAN_POINT('',(5.15,-0.95,0.8));
#34 = LINE('',#35,#36);
#35 = CARTESIAN_POINT('',(5.2,-0.95,0.8));
#36 = VECTOR('',#37,1.);
#37 = DIRECTION('',(-1.,0.,0.));
#38 = ORIENTED_EDGE('',*,*,#39,.F.);
#39 = EDGE_CURVE('',#40,#32,#42,.T.);
#40 = VERTEX_POINT('',#41);
#41 = CARTESIAN_POINT('',(5.15,0.95,0.8));
#42 = LINE('',#43,#44);
#43 = CARTESIAN_POINT('',(5.15,0.95,0.8));
#44 = VECTOR('',#45,1.);
#45 = DIRECTION('',(0.,-1.,0.));
#46 = ORIENTED_EDGE('',*,*,#47,.T.);
#47 = EDGE_CURVE('',#40,#22,#48,.T.);
#48 = LINE('',#49,#50);
#49 = CARTESIAN_POINT('',(5.15,0.95,0.8));
#50 = VECTOR('',#51,1.);
#51 = DIRECTION('',(1.,0.,0.));
#52 = PLANE('',#53);
#53 = AXIS2_PLACEMENT_3D('',#54,#55,#56);
#54 = CARTESIAN_POINT('',(5.2025,-1.045,0.8));
#55 = DIRECTION('',(0.,0.,-1.));
#56 = DIRECTION('',(-1.,0.,0.));
#57 = ADVANCED_FACE('',(#58),#92,.F.);
#58 = FACE_BOUND('',#59,.T.);
#59 = EDGE_LOOP('',(#60,#70,#78,#86));
#60 = ORIENTED_EDGE('',*,*,#61,.F.);
#61 = EDGE_CURVE('',#62,#64,#66,.T.);
#62 = VERTEX_POINT('',#63);
#63 = CARTESIAN_POINT('',(4.8,-1.5,0.8));
#64 = VERTEX_POINT('',#65);
#65 = CARTESIAN_POINT('',(4.8,-1.5,1.2));
#66 = LINE('',#67,#68);
#67 = CARTESIAN_POINT('',(4.8,-1.5,0.8));
#68 = VECTOR('',#69,1.);
#69 = DIRECTION('',(0.,0.,1.));
#70 = ORIENTED_EDGE('',*,*,#71,.F.);
#71 = EDGE_CURVE('',#72,#62,#74,.T.);
#72 = VERTEX_POINT('',#73);
#73 = CARTESIAN_POINT('',(5.15,-1.5,0.8));
#74 = LINE('',#75,#76);
#75 = CARTESIAN_POINT('',(5.15,-1.5,0.8));
#76 = VECTOR('',#77,1.);
#77 = DIRECTION('',(-1.,0.,0.));
#78 = ORIENTED_EDGE('',*,*,#79,.F.);
#79 = EDGE_CURVE('',#80,#72,#82,.T.);
#80 = VERTEX_POINT('',#81);
#81 = CARTESIAN_POINT('',(5.15,-1.5,1.2));
#82 = LINE('',#83,#84);
#83 = CARTESIAN_POINT('',(5.15,-1.5,1.2));
#84 = VECTOR('',#85,1.);
#85 = DIRECTION('',(0.,0.,-1.));
#86 = ORIENTED_EDGE('',*,*,#87,.F.);
#87 = EDGE_CURVE('',#64,#80,#88,.T.);
#88 = LINE('',#89,#90);
#89 = CARTESIAN_POINT('',(4.8,-1.5,1.2));
#90 = VECTOR('',#91,1.);
#91 = DIRECTION('',(1.,0.,0.));
#92 = PLANE('',#93);
#93 = AXIS2_PLACEMENT_3D('',#94,#95,#96);
#94 = CARTESIAN_POINT('',(4.7825,-1.5,0.78));
#95 = DIRECTION('',(0.,1.,0.));
#96 = DIRECTION('',(0.,-0.,1.));
#97 = ADVANCED_FACE('',(#98),#123,.T.);
#98 = FACE_BOUND('',#99,.T.);
#99 = EDGE_LOOP('',(#100,#108,#116,#122));
#100 = ORIENTED_EDGE('',*,*,#101,.T.);
#101 = EDGE_CURVE('',#62,#102,#104,.T.);
#102 = VERTEX_POINT('',#103);
#103 = CARTESIAN_POINT('',(4.8,-2.,0.8));
#104 = LINE('',#105,#106);
#105 = CARTESIAN_POINT('',(4.8,-1.5,0.8));
#106 = VECTOR('',#107,1.);
#107 = DIRECTION('',(0.,-1.,0.));
#108 = ORIENTED_EDGE('',*,*,#109,.F.);
#109 = EDGE_CURVE('',#110,#102,#112,.T.);
#110 = VERTEX_POINT('',#111);
#111 = CARTESIAN_POINT('',(5.15,-2.,0.8));
#112 = LINE('',#113,#114);
#113 = CARTESIAN_POINT('',(5.15,-2.,0.8));
#114 = VECTOR('',#115,1.);
#115 = DIRECTION('',(-1.,0.,0.));
#116 = ORIENTED_EDGE('',*,*,#117,.F.);
#117 = EDGE_CURVE('',#72,#110,#118,.T.);
#118 = LINE('',#119,#120);
#119 = CARTESIAN_POINT('',(5.15,-1.5,0.8));
#120 = VECTOR('',#121,1.);
#121 = DIRECTION('',(0.,-1.,0.));
#122 = ORIENTED_EDGE('',*,*,#71,.T.);
#123 = PLANE('',#124);
#124 = AXIS2_PLACEMENT_3D('',#125,#126,#127);
#125 = CARTESIAN_POINT('',(4.7825,-2.025,0.8));
#126 = DIRECTION('',(0.,0.,1.));
#127 = DIRECTION('',(1.,0.,-0.));
#128 = ADVANCED_FACE('',(#129),#181,.T.);
#129 = FACE_BOUND('',#130,.T.);
#130 = EDGE_LOOP('',(#131,#141,#149,#157,#166,#174));
#131 = ORIENTED_EDGE('',*,*,#132,.T.);
#132 = EDGE_CURVE('',#133,#135,#137,.T.);
#133 = VERTEX_POINT('',#134);
#134 = CARTESIAN_POINT('',(-0.375,-1.95,0.8));
#135 = VERTEX_POINT('',#136);
#136 = CARTESIAN_POINT('',(-0.375,-2.,0.8));
#137 = LINE('',#138,#139);
#138 = CARTESIAN_POINT('',(-0.375,-1.95,0.8));
#139 = VECTOR('',#140,1.);
#140 = DIRECTION('',(0.,-1.,0.));
#141 = ORIENTED_EDGE('',*,*,#142,.F.);
#142 = EDGE_CURVE('',#143,#135,#145,.T.);
#143 = VERTEX_POINT('',#144);
#144 = CARTESIAN_POINT('',(0.375,-2.,0.8));
#145 = LINE('',#146,#147);
#146 = CARTESIAN_POINT('',(0.375,-2.,0.8));
#147 = VECTOR('',#148,1.);
#148 = DIRECTION('',(-1.,0.,0.));
#149 = ORIENTED_EDGE('',*,*,#150,.T.);
#150 = EDGE_CURVE('',#143,#151,#153,.T.);
#151 = VERTEX_POINT('',#152);
#152 = CARTESIAN_POINT('',(0.375,-1.95,0.8));
#153 = LINE('',#154,#155);
#154 = CARTESIAN_POINT('',(0.375,-2.,0.8));
#155 = VECTOR('',#156,1.);
#156 = DIRECTION('',(0.,1.,0.));
#157 = ORIENTED_EDGE('',*,*,#158,.T.);
#158 = EDGE_CURVE('',#151,#159,#161,.T.);
#159 = VERTEX_POINT('',#160);
#160 = CARTESIAN_POINT('',(7.5E-02,-1.65,0.8));
#161 = CIRCLE('',#162,0.3);
#162 = AXIS2_PLACEMENT_3D('',#163,#164,#165);
#163 = CARTESIAN_POINT('',(7.5E-02,-1.95,0.8));
#164 = DIRECTION('',(0.,0.,1.));
#165 = DIRECTION('',(1.,0.,-0.));
#166 = ORIENTED_EDGE('',*,*,#167,.T.);
#167 = EDGE_CURVE('',#159,#168,#170,.T.);
#168 = VERTEX_POINT('',#169);
#169 = CARTESIAN_POINT('',(-7.5E-02,-1.65,0.8));
#170 = LINE('',#171,#172);
#171 = CARTESIAN_POINT('',(7.5E-02,-1.65,0.8));
#172 = VECTOR('',#173,1.);
#173 = DIRECTION('',(-1.,0.,0.));
#174 = ORIENTED_EDGE('',*,*,#175,.T.);
#175 = EDGE_CURVE('',#168,#133,#176,.T.);
#176 = CIRCLE('',#177,0.3);
#177 = AXIS2_PLACEMENT_3D('',#178,#179,#180);
#178 = CARTESIAN_POINT('',(-7.5E-02,-1.95,0.8));
#179 = DIRECTION('',(0.,-0.,1.));
#180 = DIRECTION('',(0.,1.,0.));
#181 = PLANE('',#182);
#182 = AXIS2_PLACEMENT_3D('',#183,#184,#185);
#183 = CARTESIAN_POINT('',(-0.4125,-2.0175,0.8));
#184 = DIRECTION('',(0.,0.,1.));
#185 = DIRECTION('',(1.,0.,-0.));
#186 = ADVANCED_FACE('',(#187),#221,.T.);
#187 = FACE_BOUND('',#188,.T.);
#188 = EDGE_LOOP('',(#189,#199,#207,#215));
#189 = ORIENTED_EDGE('',*,*,#190,.T.);
#190 = EDGE_CURVE('',#191,#193,#195,.T.);
#191 = VERTEX_POINT('',#192);
#192 = CARTESIAN_POINT('',(-4.8,-2.,0.8));
#193 = VERTEX_POINT('',#194);
#194 = CARTESIAN_POINT('',(-4.8,-1.5,0.8));
#195 = LINE('',#196,#197);
#196 = CARTESIAN_POINT('',(-4.8,-2.,0.8));
#197 = VECTOR('',#198,1.);
#198 = DIRECTION('',(0.,1.,0.));
#199 = ORIENTED_EDGE('',*,*,#200,.T.);
#200 = EDGE_CURVE('',#193,#201,#203,.T.);
#201 = VERTEX_POINT('',#202);
#202 = CARTESIAN_POINT('',(-5.15,-1.5,0.8));
#203 = LINE('',#204,#205);
#204 = CARTESIAN_POINT('',(-4.8,-1.5,0.8));
#205 = VECTOR('',#206,1.);
#206 = DIRECTION('',(-1.,0.,0.));
#207 = ORIENTED_EDGE('',*,*,#208,.F.);
#208 = EDGE_CURVE('',#209,#201,#211,.T.);
#209 = VERTEX_POINT('',#210);
#210 = CARTESIAN_POINT('',(-5.15,-2.,0.8));
#211 = LINE('',#212,#213);
#212 = CARTESIAN_POINT('',(-5.15,-2.,0.8));
#213 = VECTOR('',#214,1.);
#214 = DIRECTION('',(0.,1.,0.));
#215 = ORIENTED_EDGE('',*,*,#216,.F.);
#216 = EDGE_CURVE('',#191,#209,#217,.T.);
#217 = LINE('',#218,#219);
#218 = CARTESIAN_POINT('',(-4.8,-2.,0.8));
#219 = VECTOR('',#220,1.);
#220 = DIRECTION('',(-1.,0.,0.));
#221 = PLANE('',#222);
#222 = AXIS2_PLACEMENT_3D('',#223,#224,#225);
#223 = CARTESIAN_POINT('',(-5.1675,-2.025,0.8));
#224 = DIRECTION('',(0.,0.,1.));
#225 = DIRECTION('',(1.,0.,-0.));
#226 = ADVANCED_FACE('',(#227),#261,.F.);
#227 = FACE_BOUND('',#228,.T.);
#228 = EDGE_LOOP('',(#229,#239,#247,#255));
#229 = ORIENTED_EDGE('',*,*,#230,.F.);
#230 = EDGE_CURVE('',#231,#233,#235,.T.);
#231 = VERTEX_POINT('',#232);
#232 = CARTESIAN_POINT('',(-4.8,1.5,0.8));
#233 = VERTEX_POINT('',#234);
#234 = CARTESIAN_POINT('',(-4.8,1.5,1.2));
#235 = LINE('',#236,#237);
#236 = CARTESIAN_POINT('',(-4.8,1.5,0.8));
#237 = VECTOR('',#238,1.);
#238 = DIRECTION('',(0.,0.,1.));
#239 = ORIENTED_EDGE('',*,*,#240,.F.);
#240 = EDGE_CURVE('',#241,#231,#243,.T.);
#241 = VERTEX_POINT('',#242);
#242 = CARTESIAN_POINT('',(-5.15,1.5,0.8));
#243 = LINE('',#244,#245);
#244 = CARTESIAN_POINT('',(-5.15,1.5,0.8));
#245 = VECTOR('',#246,1.);
#246 = DIRECTION('',(1.,0.,0.));
#247 = ORIENTED_EDGE('',*,*,#248,.F.);
#248 = EDGE_CURVE('',#249,#241,#251,.T.);
#249 = VERTEX_POINT('',#250);
#250 = CARTESIAN_POINT('',(-5.15,1.5,1.2));
#251 = LINE('',#252,#253);
#252 = CARTESIAN_POINT('',(-5.15,1.5,1.2));
#253 = VECTOR('',#254,1.);
#254 = DIRECTION('',(0.,0.,-1.));
#255 = ORIENTED_EDGE('',*,*,#256,.F.);
#256 = EDGE_CURVE('',#233,#249,#257,.T.);
#257 = LINE('',#258,#259);
#258 = CARTESIAN_POINT('',(-4.8,1.5,1.2));
#259 = VECTOR('',#260,1.);
#260 = DIRECTION('',(-1.,0.,0.));
#261 = PLANE('',#262);
#262 = AXIS2_PLACEMENT_3D('',#263,#264,#265);
#263 = CARTESIAN_POINT('',(-5.1675,1.5,1.22));
#264 = DIRECTION('',(0.,-1.,0.));
#265 = DIRECTION('',(0.,0.,-1.));
#266 = ADVANCED_FACE('',(#267),#292,.T.);
#267 = FACE_BOUND('',#268,.T.);
#268 = EDGE_LOOP('',(#269,#277,#285,#291));
#269 = ORIENTED_EDGE('',*,*,#270,.T.);
#270 = EDGE_CURVE('',#231,#271,#273,.T.);
#271 = VERTEX_POINT('',#272);
#272 = CARTESIAN_POINT('',(-4.8,2.,0.8));
#273 = LINE('',#274,#275);
#274 = CARTESIAN_POINT('',(-4.8,1.5,0.8));
#275 = VECTOR('',#276,1.);
#276 = DIRECTION('',(0.,1.,0.));
#277 = ORIENTED_EDGE('',*,*,#278,.F.);
#278 = EDGE_CURVE('',#279,#271,#281,.T.);
#279 = VERTEX_POINT('',#280);
#280 = CARTESIAN_POINT('',(-5.15,2.,0.8));
#281 = LINE('',#282,#283);
#282 = CARTESIAN_POINT('',(-5.15,2.,0.8));
#283 = VECTOR('',#284,1.);
#284 = DIRECTION('',(1.,0.,0.));
#285 = ORIENTED_EDGE('',*,*,#286,.F.);
#286 = EDGE_CURVE('',#241,#279,#287,.T.);
#287 = LINE('',#288,#289);
#288 = CARTESIAN_POINT('',(-5.15,1.5,0.8));
#289 = VECTOR('',#290,1.);
#290 = DIRECTION('',(0.,1.,0.));
#291 = ORIENTED_EDGE('',*,*,#240,.T.);
#292 = PLANE('',#293);
#293 = AXIS2_PLACEMENT_3D('',#294,#295,#296);
#294 = CARTESIAN_POINT('',(-5.1675,1.475,0.8));
#295 = DIRECTION('',(0.,0.,1.));
#296 = DIRECTION('',(1.,0.,-0.));
#297 = ADVANCED_FACE('',(#298),#350,.T.);
#298 = FACE_BOUND('',#299,.T.);
#299 = EDGE_LOOP('',(#300,#310,#318,#326,#335,#343));
#300 = ORIENTED_EDGE('',*,*,#301,.T.);
#301 = EDGE_CURVE('',#302,#304,#306,.T.);
#302 = VERTEX_POINT('',#303);
#303 = CARTESIAN_POINT('',(0.375,1.95,0.8));
#304 = VERTEX_POINT('',#305);
#305 = CARTESIAN_POINT('',(0.375,2.,0.8));
#306 = LINE('',#307,#308);
#307 = CARTESIAN_POINT('',(0.375,1.95,0.8));
#308 = VECTOR('',#309,1.);
#309 = DIRECTION('',(0.,1.,0.));
#310 = ORIENTED_EDGE('',*,*,#311,.F.);
#311 = EDGE_CURVE('',#312,#304,#314,.T.);
#312 = VERTEX_POINT('',#313);
#313 = CARTESIAN_POINT('',(-0.375,2.,0.8));
#314 = LINE('',#315,#316);
#315 = CARTESIAN_POINT('',(-0.375,2.,0.8));
#316 = VECTOR('',#317,1.);
#317 = DIRECTION('',(1.,0.,0.));
#318 = ORIENTED_EDGE('',*,*,#319,.T.);
#319 = EDGE_CURVE('',#312,#320,#322,.T.);
#320 = VERTEX_POINT('',#321);
#321 = CARTESIAN_POINT('',(-0.375,1.95,0.8));
#322 = LINE('',#323,#324);
#323 = CARTESIAN_POINT('',(-0.375,2.,0.8));
#324 = VECTOR('',#325,1.);
#325 = DIRECTION('',(0.,-1.,0.));
#326 = ORIENTED_EDGE('',*,*,#327,.T.);
#327 = EDGE_CURVE('',#320,#328,#330,.T.);
#328 = VERTEX_POINT('',#329);
#329 = CARTESIAN_POINT('',(-7.5E-02,1.65,0.8));
#330 = CIRCLE('',#331,0.3);
#331 = AXIS2_PLACEMENT_3D('',#332,#333,#334);
#332 = CARTESIAN_POINT('',(-7.5E-02,1.95,0.8));
#333 = DIRECTION('',(0.,0.,1.));
#334 = DIRECTION('',(-1.,0.,0.));
#335 = ORIENTED_EDGE('',*,*,#336,.T.);
#336 = EDGE_CURVE('',#328,#337,#339,.T.);
#337 = VERTEX_POINT('',#338);
#338 = CARTESIAN_POINT('',(7.5E-02,1.65,0.8));
#339 = LINE('',#340,#341);
#340 = CARTESIAN_POINT('',(-7.5E-02,1.65,0.8));
#341 = VECTOR('',#342,1.);
#342 = DIRECTION('',(1.,0.,0.));
#343 = ORIENTED_EDGE('',*,*,#344,.T.);
#344 = EDGE_CURVE('',#337,#302,#345,.T.);
#345 = CIRCLE('',#346,0.3);
#346 = AXIS2_PLACEMENT_3D('',#347,#348,#349);
#347 = CARTESIAN_POINT('',(7.5E-02,1.95,0.8));
#348 = DIRECTION('',(0.,0.,1.));
#349 = DIRECTION('',(0.,-1.,0.));
#350 = PLANE('',#351);
#351 = AXIS2_PLACEMENT_3D('',#352,#353,#354);
#352 = CARTESIAN_POINT('',(-0.4125,1.6325,0.8));
#353 = DIRECTION('',(0.,0.,1.));
#354 = DIRECTION('',(1.,0.,-0.));
#355 = ADVANCED_FACE('',(#356),#390,.T.);
#356 = FACE_BOUND('',#357,.T.);
#357 = EDGE_LOOP('',(#358,#368,#376,#384));
#358 = ORIENTED_EDGE('',*,*,#359,.T.);
#359 = EDGE_CURVE('',#360,#362,#364,.T.);
#360 = VERTEX_POINT('',#361);
#361 = CARTESIAN_POINT('',(4.8,2.,0.8));
#362 = VERTEX_POINT('',#363);
#363 = CARTESIAN_POINT('',(4.8,1.5,0.8));
#364 = LINE('',#365,#366);
#365 = CARTESIAN_POINT('',(4.8,2.,0.8));
#366 = VECTOR('',#367,1.);
#367 = DIRECTION('',(0.,-1.,0.));
#368 = ORIENTED_EDGE('',*,*,#369,.T.);
#369 = EDGE_CURVE('',#362,#370,#372,.T.);
#370 = VERTEX_POINT('',#371);
#371 = CARTESIAN_POINT('',(5.15,1.5,0.8));
#372 = LINE('',#373,#374);
#373 = CARTESIAN_POINT('',(4.8,1.5,0.8));
#374 = VECTOR('',#375,1.);
#375 = DIRECTION('',(1.,0.,0.));
#376 = ORIENTED_EDGE('',*,*,#377,.F.);
#377 = EDGE_CURVE('',#378,#370,#380,.T.);
#378 = VERTEX_POINT('',#379);
#379 = CARTESIAN_POINT('',(5.15,2.,0.8));
#380 = LINE('',#381,#382);
#381 = CARTESIAN_POINT('',(5.15,2.,0.8));
#382 = VECTOR('',#383,1.);
#383 = DIRECTION('',(0.,-1.,0.));
#384 = ORIENTED_EDGE('',*,*,#385,.F.);
#385 = EDGE_CURVE('',#360,#378,#386,.T.);
#386 = LINE('',#387,#388);
#387 = CARTESIAN_POINT('',(4.8,2.,0.8));
#388 = VECTOR('',#389,1.);
#389 = DIRECTION('',(1.,0.,0.));
#390 = PLANE('',#391);
#391 = AXIS2_PLACEMENT_3D('',#392,#393,#394);
#392 = CARTESIAN_POINT('',(4.7825,1.475,0.8));
#393 = DIRECTION('',(0.,0.,1.));
#394 = DIRECTION('',(1.,0.,-0.));
#395 = ADVANCED_FACE('',(#396),#430,.F.);
#396 = FACE_BOUND('',#397,.T.);
#397 = EDGE_LOOP('',(#398,#408,#416,#424));
#398 = ORIENTED_EDGE('',*,*,#399,.F.);
#399 = EDGE_CURVE('',#400,#402,#404,.T.);
#400 = VERTEX_POINT('',#401);
#401 = CARTESIAN_POINT('',(-5.7,-0.95,0.8));
#402 = VERTEX_POINT('',#403);
#403 = CARTESIAN_POINT('',(-5.15,-0.95,1.2));
#404 = LINE('',#405,#406);
#405 = CARTESIAN_POINT('',(-5.7,-0.95,0.8));
#406 = VECTOR('',#407,1.);
#407 = DIRECTION('',(0.808736084303,0.,0.588171697675));
#408 = ORIENTED_EDGE('',*,*,#409,.F.);
#409 = EDGE_CURVE('',#410,#400,#412,.T.);
#410 = VERTEX_POINT('',#411);
#411 = CARTESIAN_POINT('',(-5.2,-0.95,0.8));
#412 = LINE('',#413,#414);
#413 = CARTESIAN_POINT('',(-5.2,-0.95,0.8));
#414 = VECTOR('',#415,1.);
#415 = DIRECTION('',(-1.,0.,0.));
#416 = ORIENTED_EDGE('',*,*,#417,.F.);
#417 = EDGE_CURVE('',#418,#410,#420,.T.);
#418 = VERTEX_POINT('',#419);
#419 = CARTESIAN_POINT('',(-5.15,-0.95,0.8));
#420 = LINE('',#421,#422);
#421 = CARTESIAN_POINT('',(-5.15,-0.95,0.8));
#422 = VECTOR('',#423,1.);
#423 = DIRECTION('',(-1.,0.,0.));
#424 = ORIENTED_EDGE('',*,*,#425,.F.);
#425 = EDGE_CURVE('',#402,#418,#426,.T.);
#426 = LINE('',#427,#428);
#427 = CARTESIAN_POINT('',(-5.15,-0.95,1.2));
#428 = VECTOR('',#429,1.);
#429 = DIRECTION('',(0.,0.,-1.));
#430 = PLANE('',#431);
#431 = AXIS2_PLACEMENT_3D('',#432,#433,#434);
#432 = CARTESIAN_POINT('',(-5.7275,-0.95,0.78));
#433 = DIRECTION('',(0.,1.,0.));
#434 = DIRECTION('',(0.,-0.,1.));
#435 = ADVANCED_FACE('',(#436),#461,.T.);
#436 = FACE_BOUND('',#437,.T.);
#437 = EDGE_LOOP('',(#438,#448,#454,#455));
#438 = ORIENTED_EDGE('',*,*,#439,.T.);
#439 = EDGE_CURVE('',#440,#442,#444,.T.);
#440 = VERTEX_POINT('',#441);
#441 = CARTESIAN_POINT('',(-5.15,0.95,1.2));
#442 = VERTEX_POINT('',#443);
#443 = CARTESIAN_POINT('',(-5.7,0.95,0.8));
#444 = LINE('',#445,#446);
#445 = CARTESIAN_POINT('',(-5.15,0.95,1.2));
#446 = VECTOR('',#447,1.);
#447 = DIRECTION('',(-0.808736084303,0.,-0.588171697675));
#448 = ORIENTED_EDGE('',*,*,#449,.F.);
#449 = EDGE_CURVE('',#400,#442,#450,.T.);
#450 = LINE('',#451,#452);
#451 = CARTESIAN_POINT('',(-5.7,-0.95,0.8));
#452 = VECTOR('',#453,1.);
#453 = DIRECTION('',(0.,1.,0.));
#454 = ORIENTED_EDGE('',*,*,#399,.T.);
#455 = ORIENTED_EDGE('',*,*,#456,.T.);
#456 = EDGE_CURVE('',#402,#440,#457,.T.);
#457 = LINE('',#458,#459);
#458 = CARTESIAN_POINT('',(-5.15,-0.95,1.2));
#459 = VECTOR('',#460,1.);
#460 = DIRECTION('',(0.,1.,0.));
#461 = PLANE('',#462);
#462 = AXIS2_PLACEMENT_3D('',#463,#464,#465);
#463 = CARTESIAN_POINT('',(-5.7275,-1.045,0.78));
#464 = DIRECTION('',(-0.588171697675,0.,0.808736084303));
#465 = DIRECTION('',(0.808736084303,0.,0.588171697675));
#466 = ADVANCED_FACE('',(#467),#492,.T.);
#467 = FACE_BOUND('',#468,.T.);
#468 = EDGE_LOOP('',(#469,#477,#485,#491));
#469 = ORIENTED_EDGE('',*,*,#470,.T.);
#470 = EDGE_CURVE('',#410,#471,#473,.T.);
#471 = VERTEX_POINT('',#472);
#472 = CARTESIAN_POINT('',(-5.2,0.95,0.8));
#473 = LINE('',#474,#475);
#474 = CARTESIAN_POINT('',(-5.2,-0.95,0.8));
#475 = VECTOR('',#476,1.);
#476 = DIRECTION('',(0.,1.,0.));
#477 = ORIENTED_EDGE('',*,*,#478,.T.);
#478 = EDGE_CURVE('',#471,#479,#481,.T.);
#479 = VERTEX_POINT('',#480);
#480 = CARTESIAN_POINT('',(-5.15,0.95,0.8));
#481 = LINE('',#482,#483);
#482 = CARTESIAN_POINT('',(-5.2,0.95,0.8));
#483 = VECTOR('',#484,1.);
#484 = DIRECTION('',(1.,0.,0.));
#485 = ORIENTED_EDGE('',*,*,#486,.F.);
#486 = EDGE_CURVE('',#418,#479,#487,.T.);
#487 = LINE('',#488,#489);
#488 = CARTESIAN_POINT('',(-5.15,-0.95,0.8));
#489 = VECTOR('',#490,1.);
#490 = DIRECTION('',(0.,1.,0.));
#491 = ORIENTED_EDGE('',*,*,#417,.T.);
#492 = PLANE('',#493);
#493 = AXIS2_PLACEMENT_3D('',#494,#495,#496);
#494 = CARTESIAN_POINT('',(-5.1475,-1.045,0.8));
#495 = DIRECTION('',(0.,0.,-1.));
#496 = DIRECTION('',(-1.,0.,0.));
#497 = ADVANCED_FACE('',(#498),#514,.T.);
#498 = FACE_BOUND('',#499,.T.);
#499 = EDGE_LOOP('',(#500,#506,#507,#513));
#500 = ORIENTED_EDGE('',*,*,#501,.F.);
#501 = EDGE_CURVE('',#479,#440,#502,.T.);
#502 = LINE('',#503,#504);
#503 = CARTESIAN_POINT('',(-5.15,0.95,0.8));
#504 = VECTOR('',#505,1.);
#505 = DIRECTION('',(0.,0.,1.));
#506 = ORIENTED_EDGE('',*,*,#478,.F.);
#507 = ORIENTED_EDGE('',*,*,#508,.F.);
#508 = EDGE_CURVE('',#442,#471,#509,.T.);
#509 = LINE('',#510,#511);
#510 = CARTESIAN_POINT('',(-5.7,0.95,0.8));
#511 = VECTOR('',#512,1.);
#512 = DIRECTION('',(1.,0.,0.));
#513 = ORIENTED_EDGE('',*,*,#439,.F.);
#514 = PLANE('',#515);
#515 = AXIS2_PLACEMENT_3D('',#516,#517,#518);
#516 = CARTESIAN_POINT('',(-5.7275,0.95,0.78));
#517 = DIRECTION('',(0.,1.,0.));
#518 = DIRECTION('',(0.,-0.,1.));
#519 = ADVANCED_FACE('',(#520),#545,.F.);
#520 = FACE_BOUND('',#521,.T.);
#521 = EDGE_LOOP('',(#522,#530,#538,#544));
#522 = ORIENTED_EDGE('',*,*,#523,.F.);
#523 = EDGE_CURVE('',#524,#24,#526,.T.);
#524 = VERTEX_POINT('',#525);
#525 = CARTESIAN_POINT('',(5.7,-0.95,0.8));
#526 = LINE('',#527,#528);
#527 = CARTESIAN_POINT('',(5.7,-0.95,0.8));
#528 = VECTOR('',#529,1.);
#529 = DIRECTION('',(-1.,0.,0.));
#530 = ORIENTED_EDGE('',*,*,#531,.F.);
#531 = EDGE_CURVE('',#532,#524,#534,.T.);
#532 = VERTEX_POINT('',#533);
#533 = CARTESIAN_POINT('',(5.15,-0.95,1.2));
#534 = LINE('',#535,#536);
#535 = CARTESIAN_POINT('',(5.15,-0.95,1.2));
#536 = VECTOR('',#537,1.);
#537 = DIRECTION('',(0.808736084303,0.,-0.588171697675));
#538 = ORIENTED_EDGE('',*,*,#539,.F.);
#539 = EDGE_CURVE('',#32,#532,#540,.T.);
#540 = LINE('',#541,#542);
#541 = CARTESIAN_POINT('',(5.15,-0.95,0.8));
#542 = VECTOR('',#543,1.);
#543 = DIRECTION('',(0.,0.,1.));
#544 = ORIENTED_EDGE('',*,*,#31,.F.);
#545 = PLANE('',#546);
#546 = AXIS2_PLACEMENT_3D('',#547,#548,#549);
#547 = CARTESIAN_POINT('',(5.1225,-0.95,0.78));
#548 = DIRECTION('',(0.,1.,0.));
#549 = DIRECTION('',(0.,-0.,1.));
#550 = ADVANCED_FACE('',(#551),#576,.T.);
#551 = FACE_BOUND('',#552,.T.);
#552 = EDGE_LOOP('',(#553,#563,#569,#570));
#553 = ORIENTED_EDGE('',*,*,#554,.T.);
#554 = EDGE_CURVE('',#555,#557,#559,.T.);
#555 = VERTEX_POINT('',#556);
#556 = CARTESIAN_POINT('',(5.7,0.95,0.8));
#557 = VERTEX_POINT('',#558);
#558 = CARTESIAN_POINT('',(5.15,0.95,1.2));
#559 = LINE('',#560,#561);
#560 = CARTESIAN_POINT('',(5.7,0.95,0.8));
#561 = VECTOR('',#562,1.);
#562 = DIRECTION('',(-0.808736084303,0.,0.588171697675));
#563 = ORIENTED_EDGE('',*,*,#564,.T.);
#564 = EDGE_CURVE('',#557,#532,#565,.T.);
#565 = LINE('',#566,#567);
#566 = CARTESIAN_POINT('',(5.15,0.95,1.2));
#567 = VECTOR('',#568,1.);
#568 = DIRECTION('',(0.,-1.,0.));
#569 = ORIENTED_EDGE('',*,*,#531,.T.);
#570 = ORIENTED_EDGE('',*,*,#571,.F.);
#571 = EDGE_CURVE('',#555,#524,#572,.T.);
#572 = LINE('',#573,#574);
#573 = CARTESIAN_POINT('',(5.7,0.95,0.8));
#574 = VECTOR('',#575,1.);
#575 = DIRECTION('',(0.,-1.,0.));
#576 = PLANE('',#577);
#577 = AXIS2_PLACEMENT_3D('',#578,#579,#580);
#578 = CARTESIAN_POINT('',(5.1225,-1.045,1.22));
#579 = DIRECTION('',(0.588171697675,0.,0.808736084303));
#580 = DIRECTION('',(0.808736084303,0.,-0.588171697675));
#581 = ADVANCED_FACE('',(#582),#598,.T.);
#582 = FACE_BOUND('',#583,.T.);
#583 = EDGE_LOOP('',(#584,#590,#591,#597));
#584 = ORIENTED_EDGE('',*,*,#585,.F.);
#585 = EDGE_CURVE('',#557,#40,#586,.T.);
#586 = LINE('',#587,#588);
#587 = CARTESIAN_POINT('',(5.15,0.95,1.2));
#588 = VECTOR('',#589,1.);
#589 = DIRECTION('',(0.,0.,-1.));
#590 = ORIENTED_EDGE('',*,*,#554,.F.);
#591 = ORIENTED_EDGE('',*,*,#592,.F.);
#592 = EDGE_CURVE('',#22,#555,#593,.T.);
#593 = LINE('',#594,#595);
#594 = CARTESIAN_POINT('',(5.2,0.95,0.8));
#595 = VECTOR('',#596,1.);
#596 = DIRECTION('',(1.,0.,0.));
#597 = ORIENTED_EDGE('',*,*,#47,.F.);
#598 = PLANE('',#599);
#599 = AXIS2_PLACEMENT_3D('',#600,#601,#602);
#600 = CARTESIAN_POINT('',(5.1225,0.95,0.78));
#601 = DIRECTION('',(0.,1.,0.));
#602 = DIRECTION('',(0.,-0.,1.));
#603 = ADVANCED_FACE('',(#604),#654,.T.);
#604 = FACE_BOUND('',#605,.T.);
#605 = EDGE_LOOP('',(#606,#607,#608,#609,#615,#616,#617,#625,#633,#639,
    #640,#648));
#606 = ORIENTED_EDGE('',*,*,#585,.T.);
#607 = ORIENTED_EDGE('',*,*,#39,.T.);
#608 = ORIENTED_EDGE('',*,*,#539,.T.);
#609 = ORIENTED_EDGE('',*,*,#610,.T.);
#610 = EDGE_CURVE('',#532,#80,#611,.T.);
#611 = LINE('',#612,#613);
#612 = CARTESIAN_POINT('',(5.15,-0.95,1.2));
#613 = VECTOR('',#614,1.);
#614 = DIRECTION('',(0.,-1.,0.));
#615 = ORIENTED_EDGE('',*,*,#79,.T.);
#616 = ORIENTED_EDGE('',*,*,#117,.T.);
#617 = ORIENTED_EDGE('',*,*,#618,.F.);
#618 = EDGE_CURVE('',#619,#110,#621,.T.);
#619 = VERTEX_POINT('',#620);
#620 = CARTESIAN_POINT('',(5.15,-2.,-0.4));
#621 = LINE('',#622,#623);
#622 = CARTESIAN_POINT('',(5.15,-2.,-0.4));
#623 = VECTOR('',#624,1.);
#624 = DIRECTION('',(0.,0.,1.));
#625 = ORIENTED_EDGE('',*,*,#626,.F.);
#626 = EDGE_CURVE('',#627,#619,#629,.T.);
#627 = VERTEX_POINT('',#628);
#628 = CARTESIAN_POINT('',(5.15,2.,-0.4));
#629 = LINE('',#630,#631);
#630 = CARTESIAN_POINT('',(5.15,2.,-0.4));
#631 = VECTOR('',#632,1.);
#632 = DIRECTION('',(0.,-1.,0.));
#633 = ORIENTED_EDGE('',*,*,#634,.T.);
#634 = EDGE_CURVE('',#627,#378,#635,.T.);
#635 = LINE('',#636,#637);
#636 = CARTESIAN_POINT('',(5.15,2.,-0.4));
#637 = VECTOR('',#638,1.);
#638 = DIRECTION('',(0.,0.,1.));
#639 = ORIENTED_EDGE('',*,*,#377,.T.);
#640 = ORIENTED_EDGE('',*,*,#641,.T.);
#641 = EDGE_CURVE('',#370,#642,#644,.T.);
#642 = VERTEX_POINT('',#643);
#643 = CARTESIAN_POINT('',(5.15,1.5,1.2));
#644 = LINE('',#645,#646);
#645 = CARTESIAN_POINT('',(5.15,1.5,0.8));
#646 = VECTOR('',#647,1.);
#647 = DIRECTION('',(0.,0.,1.));
#648 = ORIENTED_EDGE('',*,*,#649,.T.);
#649 = EDGE_CURVE('',#642,#557,#650,.T.);
#650 = LINE('',#651,#652);
#651 = CARTESIAN_POINT('',(5.15,1.5,1.2));
#652 = VECTOR('',#653,1.);
#653 = DIRECTION('',(0.,-1.,0.));
#654 = PLANE('',#655);
#655 = AXIS2_PLACEMENT_3D('',#656,#657,#658);
#656 = CARTESIAN_POINT('',(5.15,-2.2,1.28));
#657 = DIRECTION('',(1.,0.,0.));
#658 = DIRECTION('',(0.,0.,-1.));
#659 = ADVANCED_FACE('',(#660),#685,.F.);
#660 = FACE_BOUND('',#661,.T.);
#661 = EDGE_LOOP('',(#662,#670,#678,#684));
#662 = ORIENTED_EDGE('',*,*,#663,.T.);
#663 = EDGE_CURVE('',#193,#664,#666,.T.);
#664 = VERTEX_POINT('',#665);
#665 = CARTESIAN_POINT('',(-4.8,-1.5,1.2));
#666 = LINE('',#667,#668);
#667 = CARTESIAN_POINT('',(-4.8,-1.5,0.8));
#668 = VECTOR('',#669,1.);
#669 = DIRECTION('',(0.,0.,1.));
#670 = ORIENTED_EDGE('',*,*,#671,.F.);
#671 = EDGE_CURVE('',#672,#664,#674,.T.);
#672 = VERTEX_POINT('',#673);
#673 = CARTESIAN_POINT('',(-5.15,-1.5,1.2));
#674 = LINE('',#675,#676);
#675 = CARTESIAN_POINT('',(-5.15,-1.5,1.2));
#676 = VECTOR('',#677,1.);
#677 = DIRECTION('',(1.,0.,0.));
#678 = ORIENTED_EDGE('',*,*,#679,.F.);
#679 = EDGE_CURVE('',#201,#672,#680,.T.);
#680 = LINE('',#681,#682);
#681 = CARTESIAN_POINT('',(-5.15,-1.5,0.8));
#682 = VECTOR('',#683,1.);
#683 = DIRECTION('',(0.,0.,1.));
#684 = ORIENTED_EDGE('',*,*,#200,.F.);
#685 = PLANE('',#686);
#686 = AXIS2_PLACEMENT_3D('',#687,#688,#689);
#687 = CARTESIAN_POINT('',(-5.1675,-1.5,0.78));
#688 = DIRECTION('',(0.,1.,0.));
#689 = DIRECTION('',(0.,-0.,1.));
#690 = ADVANCED_FACE('',(#691),#709,.F.);
#691 = FACE_BOUND('',#692,.T.);
#692 = EDGE_LOOP('',(#693,#701,#707,#708));
#693 = ORIENTED_EDGE('',*,*,#694,.T.);
#694 = EDGE_CURVE('',#362,#695,#697,.T.);
#695 = VERTEX_POINT('',#696);
#696 = CARTESIAN_POINT('',(4.8,1.5,1.2));
#697 = LINE('',#698,#699);
#698 = CARTESIAN_POINT('',(4.8,1.5,0.8));
#699 = VECTOR('',#700,1.);
#700 = DIRECTION('',(0.,0.,1.));
#701 = ORIENTED_EDGE('',*,*,#702,.F.);
#702 = EDGE_CURVE('',#642,#695,#703,.T.);
#703 = LINE('',#704,#705);
#704 = CARTESIAN_POINT('',(5.15,1.5,1.2));
#705 = VECTOR('',#706,1.);
#706 = DIRECTION('',(-1.,0.,0.));
#707 = ORIENTED_EDGE('',*,*,#641,.F.);
#708 = ORIENTED_EDGE('',*,*,#369,.F.);
#709 = PLANE('',#710);
#710 = AXIS2_PLACEMENT_3D('',#711,#712,#713);
#711 = CARTESIAN_POINT('',(4.7825,1.5,1.22));
#712 = DIRECTION('',(0.,-1.,0.));
#713 = DIRECTION('',(0.,0.,-1.));
#714 = ADVANCED_FACE('',(#715,#749,#783,#817),#851,.T.);
#715 = FACE_BOUND('',#716,.T.);
#716 = EDGE_LOOP('',(#717,#718,#724,#725,#726,#727,#728,#729,#735,#736,
    #742,#743));
#717 = ORIENTED_EDGE('',*,*,#671,.T.);
#718 = ORIENTED_EDGE('',*,*,#719,.F.);
#719 = EDGE_CURVE('',#64,#664,#720,.T.);
#720 = LINE('',#721,#722);
#721 = CARTESIAN_POINT('',(4.8,-1.5,1.2));
#722 = VECTOR('',#723,1.);
#723 = DIRECTION('',(-1.,0.,0.));
#724 = ORIENTED_EDGE('',*,*,#87,.T.);
#725 = ORIENTED_EDGE('',*,*,#610,.F.);
#726 = ORIENTED_EDGE('',*,*,#564,.F.);
#727 = ORIENTED_EDGE('',*,*,#649,.F.);
#728 = ORIENTED_EDGE('',*,*,#702,.T.);
#729 = ORIENTED_EDGE('',*,*,#730,.F.);
#730 = EDGE_CURVE('',#233,#695,#731,.T.);
#731 = LINE('',#732,#733);
#732 = CARTESIAN_POINT('',(-4.8,1.5,1.2));
#733 = VECTOR('',#734,1.);
#734 = DIRECTION('',(1.,0.,0.));
#735 = ORIENTED_EDGE('',*,*,#256,.T.);
#736 = ORIENTED_EDGE('',*,*,#737,.F.);
#737 = EDGE_CURVE('',#440,#249,#738,.T.);
#738 = LINE('',#739,#740);
#739 = CARTESIAN_POINT('',(-5.15,0.95,1.2));
#740 = VECTOR('',#741,1.);
#741 = DIRECTION('',(0.,1.,0.));
#742 = ORIENTED_EDGE('',*,*,#456,.F.);
#743 = ORIENTED_EDGE('',*,*,#744,.F.);
#744 = EDGE_CURVE('',#672,#402,#745,.T.);
#745 = LINE('',#746,#747);
#746 = CARTESIAN_POINT('',(-5.15,-1.5,1.2));
#747 = VECTOR('',#748,1.);
#748 = DIRECTION('',(0.,1.,0.));
#749 = FACE_BOUND('',#750,.T.);
#750 = EDGE_LOOP('',(#751,#761,#769,#777));
#751 = ORIENTED_EDGE('',*,*,#752,.T.);
#752 = EDGE_CURVE('',#753,#755,#757,.T.);
#753 = VERTEX_POINT('',#754);
#754 = CARTESIAN_POINT('',(1.05,-0.25,1.2));
#755 = VERTEX_POINT('',#756);
#756 = CARTESIAN_POINT('',(-1.05,-0.25,1.2));
#757 = LINE('',#758,#759);
#758 = CARTESIAN_POINT('',(1.05,-0.25,1.2));
#759 = VECTOR('',#760,1.);
#760 = DIRECTION('',(-1.,0.,0.));
#761 = ORIENTED_EDGE('',*,*,#762,.T.);
#762 = EDGE_CURVE('',#755,#763,#765,.T.);
#763 = VERTEX_POINT('',#764);
#764 = CARTESIAN_POINT('',(-1.05,0.25,1.2));
#765 = LINE('',#766,#767);
#766 = CARTESIAN_POINT('',(-1.05,-0.25,1.2));
#767 = VECTOR('',#768,1.);
#768 = DIRECTION('',(0.,1.,0.));
#769 = ORIENTED_EDGE('',*,*,#770,.T.);
#770 = EDGE_CURVE('',#763,#771,#773,.T.);
#771 = VERTEX_POINT('',#772);
#772 = CARTESIAN_POINT('',(1.05,0.25,1.2));
#773 = LINE('',#774,#775);
#774 = CARTESIAN_POINT('',(-1.05,0.25,1.2));
#775 = VECTOR('',#776,1.);
#776 = DIRECTION('',(1.,0.,0.));
#777 = ORIENTED_EDGE('',*,*,#778,.T.);
#778 = EDGE_CURVE('',#771,#753,#779,.T.);
#779 = LINE('',#780,#781);
#780 = CARTESIAN_POINT('',(1.05,0.25,1.2));
#781 = VECTOR('',#782,1.);
#782 = DIRECTION('',(0.,-1.,0.));
#783 = FACE_BOUND('',#784,.T.);
#784 = EDGE_LOOP('',(#785,#795,#803,#811));
#785 = ORIENTED_EDGE('',*,*,#786,.T.);
#786 = EDGE_CURVE('',#787,#789,#791,.T.);
#787 = VERTEX_POINT('',#788);
#788 = CARTESIAN_POINT('',(-1.45,-0.25,1.2));
#789 = VERTEX_POINT('',#790);
#790 = CARTESIAN_POINT('',(-3.55,-0.25,1.2));
#791 = LINE('',#792,#793);
#792 = CARTESIAN_POINT('',(-1.45,-0.25,1.2));
#793 = VECTOR('',#794,1.);
#794 = DIRECTION('',(-1.,0.,0.));
#795 = ORIENTED_EDGE('',*,*,#796,.T.);
#796 = EDGE_CURVE('',#789,#797,#799,.T.);
#797 = VERTEX_POINT('',#798);
#798 = CARTESIAN_POINT('',(-3.55,0.25,1.2));
#799 = LINE('',#800,#801);
#800 = CARTESIAN_POINT('',(-3.55,-0.25,1.2));
#801 = VECTOR('',#802,1.);
#802 = DIRECTION('',(0.,1.,0.));
#803 = ORIENTED_EDGE('',*,*,#804,.T.);
#804 = EDGE_CURVE('',#797,#805,#807,.T.);
#805 = VERTEX_POINT('',#806);
#806 = CARTESIAN_POINT('',(-1.45,0.25,1.2));
#807 = LINE('',#808,#809);
#808 = CARTESIAN_POINT('',(-3.55,0.25,1.2));
#809 = VECTOR('',#810,1.);
#810 = DIRECTION('',(1.,0.,0.));
#811 = ORIENTED_EDGE('',*,*,#812,.T.);
#812 = EDGE_CURVE('',#805,#787,#813,.T.);
#813 = LINE('',#814,#815);
#814 = CARTESIAN_POINT('',(-1.45,0.25,1.2));
#815 = VECTOR('',#816,1.);
#816 = DIRECTION('',(0.,-1.,0.));
#817 = FACE_BOUND('',#818,.T.);
#818 = EDGE_LOOP('',(#819,#829,#837,#845));
#819 = ORIENTED_EDGE('',*,*,#820,.T.);
#820 = EDGE_CURVE('',#821,#823,#825,.T.);
#821 = VERTEX_POINT('',#822);
#822 = CARTESIAN_POINT('',(3.55,-0.25,1.2));
#823 = VERTEX_POINT('',#824);
#824 = CARTESIAN_POINT('',(1.45,-0.25,1.2));
#825 = LINE('',#826,#827);
#826 = CARTESIAN_POINT('',(3.55,-0.25,1.2));
#827 = VECTOR('',#828,1.);
#828 = DIRECTION('',(-1.,0.,0.));
#829 = ORIENTED_EDGE('',*,*,#830,.T.);
#830 = EDGE_CURVE('',#823,#831,#833,.T.);
#831 = VERTEX_POINT('',#832);
#832 = CARTESIAN_POINT('',(1.45,0.25,1.2));
#833 = LINE('',#834,#835);
#834 = CARTESIAN_POINT('',(1.45,-0.25,1.2));
#835 = VECTOR('',#836,1.);
#836 = DIRECTION('',(0.,1.,0.));
#837 = ORIENTED_EDGE('',*,*,#838,.T.);
#838 = EDGE_CURVE('',#831,#839,#841,.T.);
#839 = VERTEX_POINT('',#840);
#840 = CARTESIAN_POINT('',(3.55,0.25,1.2));
#841 = LINE('',#842,#843);
#842 = CARTESIAN_POINT('',(1.45,0.25,1.2));
#843 = VECTOR('',#844,1.);
#844 = DIRECTION('',(1.,0.,0.));
#845 = ORIENTED_EDGE('',*,*,#846,.T.);
#846 = EDGE_CURVE('',#839,#821,#847,.T.);
#847 = LINE('',#848,#849);
#848 = CARTESIAN_POINT('',(3.55,0.25,1.2));
#849 = VECTOR('',#850,1.);
#850 = DIRECTION('',(0.,-1.,0.));
#851 = PLANE('',#852);
#852 = AXIS2_PLACEMENT_3D('',#853,#854,#855);
#853 = CARTESIAN_POINT('',(-5.665,-1.65,1.2));
#854 = DIRECTION('',(0.,0.,1.));
#855 = DIRECTION('',(1.,0.,-0.));
#856 = ADVANCED_FACE('',(#857),#883,.T.);
#857 = FACE_BOUND('',#858,.T.);
#858 = EDGE_LOOP('',(#859,#869,#877));
#859 = ORIENTED_EDGE('',*,*,#860,.F.);
#860 = EDGE_CURVE('',#861,#863,#865,.T.);
#861 = VERTEX_POINT('',#862);
#862 = CARTESIAN_POINT('',(2.2,0.25,0.1));
#863 = VERTEX_POINT('',#864);
#864 = CARTESIAN_POINT('',(1.45,0.25,0.1));
#865 = LINE('',#866,#867);
#866 = CARTESIAN_POINT('',(2.2,0.25,0.1));
#867 = VECTOR('',#868,1.);
#868 = DIRECTION('',(-1.,0.,0.));
#869 = ORIENTED_EDGE('',*,*,#870,.F.);
#870 = EDGE_CURVE('',#871,#861,#873,.T.);
#871 = VERTEX_POINT('',#872);
#872 = CARTESIAN_POINT('',(1.45,0.25,-0.249730743616));
#873 = LINE('',#874,#875);
#874 = CARTESIAN_POINT('',(1.45,0.25,-0.249730743616));
#875 = VECTOR('',#876,1.);
#876 = DIRECTION('',(0.906307787037,0.,0.422618261741));
#877 = ORIENTED_EDGE('',*,*,#878,.F.);
#878 = EDGE_CURVE('',#863,#871,#879,.T.);
#879 = LINE('',#880,#881);
#880 = CARTESIAN_POINT('',(1.45,0.25,0.1));
#881 = VECTOR('',#882,1.);
#882 = DIRECTION('',(0.,0.,-1.));
#883 = PLANE('',#884);
#884 = AXIS2_PLACEMENT_3D('',#885,#886,#887);
#885 = CARTESIAN_POINT('',(1.4125,0.25,-0.267217280797));
#886 = DIRECTION('',(0.,1.,0.));
#887 = DIRECTION('',(0.,-0.,1.));
#888 = ADVANCED_FACE('',(#889),#914,.T.);
#889 = FACE_BOUND('',#890,.T.);
#890 = EDGE_LOOP('',(#891,#892,#900,#908));
#891 = ORIENTED_EDGE('',*,*,#838,.F.);
#892 = ORIENTED_EDGE('',*,*,#893,.F.);
#893 = EDGE_CURVE('',#894,#831,#896,.T.);
#894 = VERTEX_POINT('',#895);
#895 = CARTESIAN_POINT('',(1.45,0.25,2.7));
#896 = LINE('',#897,#898);
#897 = CARTESIAN_POINT('',(1.45,0.25,2.7));
#898 = VECTOR('',#899,1.);
#899 = DIRECTION('',(0.,0.,-1.));
#900 = ORIENTED_EDGE('',*,*,#901,.F.);
#901 = EDGE_CURVE('',#902,#894,#904,.T.);
#902 = VERTEX_POINT('',#903);
#903 = CARTESIAN_POINT('',(3.55,0.25,2.7));
#904 = LINE('',#905,#906);
#905 = CARTESIAN_POINT('',(3.55,0.25,2.7));
#906 = VECTOR('',#907,1.);
#907 = DIRECTION('',(-1.,0.,0.));
#908 = ORIENTED_EDGE('',*,*,#909,.F.);
#909 = EDGE_CURVE('',#839,#902,#910,.T.);
#910 = LINE('',#911,#912);
#911 = CARTESIAN_POINT('',(3.55,0.25,1.2));
#912 = VECTOR('',#913,1.);
#913 = DIRECTION('',(0.,0.,1.));
#914 = PLANE('',#915);
#915 = AXIS2_PLACEMENT_3D('',#916,#917,#918);
#916 = CARTESIAN_POINT('',(1.345,0.25,1.125));
#917 = DIRECTION('',(0.,1.,0.));
#918 = DIRECTION('',(0.,-0.,1.));
#919 = ADVANCED_FACE('',(#920),#970,.T.);
#920 = FACE_BOUND('',#921,.T.);
#921 = EDGE_LOOP('',(#922,#930,#938,#947,#955,#964));
#922 = ORIENTED_EDGE('',*,*,#923,.F.);
#923 = EDGE_CURVE('',#924,#861,#926,.T.);
#924 = VERTEX_POINT('',#925);
#925 = CARTESIAN_POINT('',(2.8,0.25,0.1));
#926 = LINE('',#927,#928);
#927 = CARTESIAN_POINT('',(2.8,0.25,0.1));
#928 = VECTOR('',#929,1.);
#929 = DIRECTION('',(-1.,0.,0.));
#930 = ORIENTED_EDGE('',*,*,#931,.F.);
#931 = EDGE_CURVE('',#932,#924,#934,.T.);
#932 = VERTEX_POINT('',#933);
#933 = CARTESIAN_POINT('',(2.8,0.25,-4.85));
#934 = LINE('',#935,#936);
#935 = CARTESIAN_POINT('',(2.8,0.25,-4.85));
#936 = VECTOR('',#937,1.);
#937 = DIRECTION('',(0.,0.,1.));
#938 = ORIENTED_EDGE('',*,*,#939,.F.);
#939 = EDGE_CURVE('',#940,#932,#942,.T.);
#940 = VERTEX_POINT('',#941);
#941 = CARTESIAN_POINT('',(2.55,0.25,-5.1));
#942 = CIRCLE('',#943,0.25);
#943 = AXIS2_PLACEMENT_3D('',#944,#945,#946);
#944 = CARTESIAN_POINT('',(2.55,0.25,-4.85));
#945 = DIRECTION('',(0.,-1.,0.));
#946 = DIRECTION('',(1.,0.,0.));
#947 = ORIENTED_EDGE('',*,*,#948,.F.);
#948 = EDGE_CURVE('',#949,#940,#951,.T.);
#949 = VERTEX_POINT('',#950);
#950 = CARTESIAN_POINT('',(2.45,0.25,-5.1));
#951 = LINE('',#952,#953);
#952 = CARTESIAN_POINT('',(2.45,0.25,-5.1));
#953 = VECTOR('',#954,1.);
#954 = DIRECTION('',(1.,0.,0.));
#955 = ORIENTED_EDGE('',*,*,#956,.F.);
#956 = EDGE_CURVE('',#957,#949,#959,.T.);
#957 = VERTEX_POINT('',#958);
#958 = CARTESIAN_POINT('',(2.2,0.25,-4.85));
#959 = CIRCLE('',#960,0.25);
#960 = AXIS2_PLACEMENT_3D('',#961,#962,#963);
#961 = CARTESIAN_POINT('',(2.45,0.25,-4.85));
#962 = DIRECTION('',(0.,-1.,0.));
#963 = DIRECTION('',(0.,0.,-1.));
#964 = ORIENTED_EDGE('',*,*,#965,.F.);
#965 = EDGE_CURVE('',#861,#957,#966,.T.);
#966 = LINE('',#967,#968);
#967 = CARTESIAN_POINT('',(2.2,0.25,0.1));
#968 = VECTOR('',#969,1.);
#969 = DIRECTION('',(0.,0.,-1.));
#970 = PLANE('',#971);
#971 = AXIS2_PLACEMENT_3D('',#972,#973,#974);
#972 = CARTESIAN_POINT('',(2.17,0.25,-5.36));
#973 = DIRECTION('',(0.,1.,0.));
#974 = DIRECTION('',(0.,-0.,1.));
#975 = ADVANCED_FACE('',(#976),#994,.T.);
#976 = FACE_BOUND('',#977,.T.);
#977 = EDGE_LOOP('',(#978,#979,#987,#993));
#978 = ORIENTED_EDGE('',*,*,#830,.F.);
#979 = ORIENTED_EDGE('',*,*,#980,.T.);
#980 = EDGE_CURVE('',#823,#981,#983,.T.);
#981 = VERTEX_POINT('',#982);
#982 = CARTESIAN_POINT('',(1.45,-0.25,2.7));
#983 = LINE('',#984,#985);
#984 = CARTESIAN_POINT('',(1.45,-0.25,1.2));
#985 = VECTOR('',#986,1.);
#986 = DIRECTION('',(0.,0.,1.));
#987 = ORIENTED_EDGE('',*,*,#988,.T.);
#988 = EDGE_CURVE('',#981,#894,#989,.T.);
#989 = LINE('',#990,#991);
#990 = CARTESIAN_POINT('',(1.45,-0.25,2.7));
#991 = VECTOR('',#992,1.);
#992 = DIRECTION('',(0.,1.,0.));
#993 = ORIENTED_EDGE('',*,*,#893,.T.);
#994 = PLANE('',#995);
#995 = AXIS2_PLACEMENT_3D('',#996,#997,#998);
#996 = CARTESIAN_POINT('',(1.45,-0.275,1.125));
#997 = DIRECTION('',(-1.,0.,0.));
#998 = DIRECTION('',(0.,0.,1.));
#999 = ADVANCED_FACE('',(#1000),#1018,.T.);
#1000 = FACE_BOUND('',#1001,.T.);
#1001 = EDGE_LOOP('',(#1002,#1003,#1004,#1012));
#1002 = ORIENTED_EDGE('',*,*,#846,.F.);
#1003 = ORIENTED_EDGE('',*,*,#909,.T.);
#1004 = ORIENTED_EDGE('',*,*,#1005,.F.);
#1005 = EDGE_CURVE('',#1006,#902,#1008,.T.);
#1006 = VERTEX_POINT('',#1007);
#1007 = CARTESIAN_POINT('',(3.55,-0.25,2.7));
#1008 = LINE('',#1009,#1010);
#1009 = CARTESIAN_POINT('',(3.55,-0.25,2.7));
#1010 = VECTOR('',#1011,1.);
#1011 = DIRECTION('',(0.,1.,0.));
#1012 = ORIENTED_EDGE('',*,*,#1013,.T.);
#1013 = EDGE_CURVE('',#1006,#821,#1014,.T.);
#1014 = LINE('',#1015,#1016);
#1015 = CARTESIAN_POINT('',(3.55,-0.25,2.7));
#1016 = VECTOR('',#1017,1.);
#1017 = DIRECTION('',(0.,0.,-1.));
#1018 = PLANE('',#1019);
#1019 = AXIS2_PLACEMENT_3D('',#1020,#1021,#1022);
#1020 = CARTESIAN_POINT('',(3.55,-0.275,2.775));
#1021 = DIRECTION('',(1.,0.,0.));
#1022 = DIRECTION('',(0.,0.,-1.));
#1023 = ADVANCED_FACE('',(#1024),#1058,.T.);
#1024 = FACE_BOUND('',#1025,.T.);
#1025 = EDGE_LOOP('',(#1026,#1036,#1044,#1052));
#1026 = ORIENTED_EDGE('',*,*,#1027,.F.);
#1027 = EDGE_CURVE('',#1028,#1030,#1032,.T.);
#1028 = VERTEX_POINT('',#1029);
#1029 = CARTESIAN_POINT('',(3.55,-0.25,0.1));
#1030 = VERTEX_POINT('',#1031);
#1031 = CARTESIAN_POINT('',(3.55,0.25,0.1));
#1032 = LINE('',#1033,#1034);
#1033 = CARTESIAN_POINT('',(3.55,-0.25,0.1));
#1034 = VECTOR('',#1035,1.);
#1035 = DIRECTION('',(0.,1.,0.));
#1036 = ORIENTED_EDGE('',*,*,#1037,.T.);
#1037 = EDGE_CURVE('',#1028,#1038,#1040,.T.);
#1038 = VERTEX_POINT('',#1039);
#1039 = CARTESIAN_POINT('',(3.55,-0.25,-0.249730743616));
#1040 = LINE('',#1041,#1042);
#1041 = CARTESIAN_POINT('',(3.55,-0.25,0.1));
#1042 = VECTOR('',#1043,1.);
#1043 = DIRECTION('',(0.,0.,-1.));
#1044 = ORIENTED_EDGE('',*,*,#1045,.T.);
#1045 = EDGE_CURVE('',#1038,#1046,#1048,.T.);
#1046 = VERTEX_POINT('',#1047);
#1047 = CARTESIAN_POINT('',(3.55,0.25,-0.249730743616));
#1048 = LINE('',#1049,#1050);
#1049 = CARTESIAN_POINT('',(3.55,-0.25,-0.249730743616));
#1050 = VECTOR('',#1051,1.);
#1051 = DIRECTION('',(0.,1.,0.));
#1052 = ORIENTED_EDGE('',*,*,#1053,.T.);
#1053 = EDGE_CURVE('',#1046,#1030,#1054,.T.);
#1054 = LINE('',#1055,#1056);
#1055 = CARTESIAN_POINT('',(3.55,0.25,-0.249730743616));
#1056 = VECTOR('',#1057,1.);
#1057 = DIRECTION('',(0.,0.,1.));
#1058 = PLANE('',#1059);
#1059 = AXIS2_PLACEMENT_3D('',#1060,#1061,#1062);
#1060 = CARTESIAN_POINT('',(3.55,-0.275,0.117486537181));
#1061 = DIRECTION('',(1.,0.,0.));
#1062 = DIRECTION('',(0.,0.,-1.));
#1063 = ADVANCED_FACE('',(#1064),#1116,.F.);
#1064 = FACE_BOUND('',#1065,.T.);
#1065 = EDGE_LOOP('',(#1066,#1076,#1084,#1093,#1101,#1110));
#1066 = ORIENTED_EDGE('',*,*,#1067,.F.);
#1067 = EDGE_CURVE('',#1068,#1070,#1072,.T.);
#1068 = VERTEX_POINT('',#1069);
#1069 = CARTESIAN_POINT('',(2.2,-0.25,0.1));
#1070 = VERTEX_POINT('',#1071);
#1071 = CARTESIAN_POINT('',(2.8,-0.25,0.1));
#1072 = LINE('',#1073,#1074);
#1073 = CARTESIAN_POINT('',(2.2,-0.25,0.1));
#1074 = VECTOR('',#1075,1.);
#1075 = DIRECTION('',(1.,0.,0.));
#1076 = ORIENTED_EDGE('',*,*,#1077,.F.);
#1077 = EDGE_CURVE('',#1078,#1068,#1080,.T.);
#1078 = VERTEX_POINT('',#1079);
#1079 = CARTESIAN_POINT('',(2.2,-0.25,-4.85));
#1080 = LINE('',#1081,#1082);
#1081 = CARTESIAN_POINT('',(2.2,-0.25,-4.85));
#1082 = VECTOR('',#1083,1.);
#1083 = DIRECTION('',(0.,0.,1.));
#1084 = ORIENTED_EDGE('',*,*,#1085,.F.);
#1085 = EDGE_CURVE('',#1086,#1078,#1088,.T.);
#1086 = VERTEX_POINT('',#1087);
#1087 = CARTESIAN_POINT('',(2.45,-0.25,-5.1));
#1088 = CIRCLE('',#1089,0.25);
#1089 = AXIS2_PLACEMENT_3D('',#1090,#1091,#1092);
#1090 = CARTESIAN_POINT('',(2.45,-0.25,-4.85));
#1091 = DIRECTION('',(0.,1.,0.));
#1092 = DIRECTION('',(0.,0.,-1.));
#1093 = ORIENTED_EDGE('',*,*,#1094,.F.);
#1094 = EDGE_CURVE('',#1095,#1086,#1097,.T.);
#1095 = VERTEX_POINT('',#1096);
#1096 = CARTESIAN_POINT('',(2.55,-0.25,-5.1));
#1097 = LINE('',#1098,#1099);
#1098 = CARTESIAN_POINT('',(2.55,-0.25,-5.1));
#1099 = VECTOR('',#1100,1.);
#1100 = DIRECTION('',(-1.,0.,0.));
#1101 = ORIENTED_EDGE('',*,*,#1102,.F.);
#1102 = EDGE_CURVE('',#1103,#1095,#1105,.T.);
#1103 = VERTEX_POINT('',#1104);
#1104 = CARTESIAN_POINT('',(2.8,-0.25,-4.85));
#1105 = CIRCLE('',#1106,0.25);
#1106 = AXIS2_PLACEMENT_3D('',#1107,#1108,#1109);
#1107 = CARTESIAN_POINT('',(2.55,-0.25,-4.85));
#1108 = DIRECTION('',(-0.,1.,0.));
#1109 = DIRECTION('',(1.,0.,0.));
#1110 = ORIENTED_EDGE('',*,*,#1111,.F.);
#1111 = EDGE_CURVE('',#1070,#1103,#1112,.T.);
#1112 = LINE('',#1113,#1114);
#1113 = CARTESIAN_POINT('',(2.8,-0.25,0.1));
#1114 = VECTOR('',#1115,1.);
#1115 = DIRECTION('',(0.,0.,-1.));
#1116 = PLANE('',#1117);
#1117 = AXIS2_PLACEMENT_3D('',#1118,#1119,#1120);
#1118 = CARTESIAN_POINT('',(2.17,-0.25,-5.36));
#1119 = DIRECTION('',(0.,1.,0.));
#1120 = DIRECTION('',(0.,-0.,1.));
#1121 = ADVANCED_FACE('',(#1122),#1146,.F.);
#1122 = FACE_BOUND('',#1123,.T.);
#1123 = EDGE_LOOP('',(#1124,#1132,#1140));
#1124 = ORIENTED_EDGE('',*,*,#1125,.F.);
#1125 = EDGE_CURVE('',#1126,#1068,#1128,.T.);
#1126 = VERTEX_POINT('',#1127);
#1127 = CARTESIAN_POINT('',(1.45,-0.25,0.1));
#1128 = LINE('',#1129,#1130);
#1129 = CARTESIAN_POINT('',(1.45,-0.25,0.1));
#1130 = VECTOR('',#1131,1.);
#1131 = DIRECTION('',(1.,0.,0.));
#1132 = ORIENTED_EDGE('',*,*,#1133,.F.);
#1133 = EDGE_CURVE('',#1134,#1126,#1136,.T.);
#1134 = VERTEX_POINT('',#1135);
#1135 = CARTESIAN_POINT('',(1.45,-0.25,-0.249730743616));
#1136 = LINE('',#1137,#1138);
#1137 = CARTESIAN_POINT('',(1.45,-0.25,-0.249730743616));
#1138 = VECTOR('',#1139,1.);
#1139 = DIRECTION('',(0.,0.,1.));
#1140 = ORIENTED_EDGE('',*,*,#1141,.F.);
#1141 = EDGE_CURVE('',#1068,#1134,#1142,.T.);
#1142 = LINE('',#1143,#1144);
#1143 = CARTESIAN_POINT('',(2.2,-0.25,0.1));
#1144 = VECTOR('',#1145,1.);
#1145 = DIRECTION('',(-0.906307787037,0.,-0.422618261741));
#1146 = PLANE('',#1147);
#1147 = AXIS2_PLACEMENT_3D('',#1148,#1149,#1150);
#1148 = CARTESIAN_POINT('',(1.4125,-0.25,-0.267217280797));
#1149 = DIRECTION('',(0.,1.,0.));
#1150 = DIRECTION('',(0.,-0.,1.));
#1151 = ADVANCED_FACE('',(#1152),#1163,.F.);
#1152 = FACE_BOUND('',#1153,.T.);
#1153 = EDGE_LOOP('',(#1154,#1155,#1156,#1162));
#1154 = ORIENTED_EDGE('',*,*,#820,.F.);
#1155 = ORIENTED_EDGE('',*,*,#1013,.F.);
#1156 = ORIENTED_EDGE('',*,*,#1157,.F.);
#1157 = EDGE_CURVE('',#981,#1006,#1158,.T.);
#1158 = LINE('',#1159,#1160);
#1159 = CARTESIAN_POINT('',(1.45,-0.25,2.7));
#1160 = VECTOR('',#1161,1.);
#1161 = DIRECTION('',(1.,0.,0.));
#1162 = ORIENTED_EDGE('',*,*,#980,.F.);
#1163 = PLANE('',#1164);
#1164 = AXIS2_PLACEMENT_3D('',#1165,#1166,#1167);
#1165 = CARTESIAN_POINT('',(1.345,-0.25,1.125));
#1166 = DIRECTION('',(0.,1.,0.));
#1167 = DIRECTION('',(0.,-0.,1.));
#1168 = ADVANCED_FACE('',(#1169),#1184,.F.);
#1169 = FACE_BOUND('',#1170,.T.);
#1170 = EDGE_LOOP('',(#1171,#1177,#1183));
#1171 = ORIENTED_EDGE('',*,*,#1172,.F.);
#1172 = EDGE_CURVE('',#1070,#1028,#1173,.T.);
#1173 = LINE('',#1174,#1175);
#1174 = CARTESIAN_POINT('',(2.8,-0.25,0.1));
#1175 = VECTOR('',#1176,1.);
#1176 = DIRECTION('',(1.,0.,0.));
#1177 = ORIENTED_EDGE('',*,*,#1178,.F.);
#1178 = EDGE_CURVE('',#1038,#1070,#1179,.T.);
#1179 = LINE('',#1180,#1181);
#1180 = CARTESIAN_POINT('',(3.55,-0.25,-0.249730743616));
#1181 = VECTOR('',#1182,1.);
#1182 = DIRECTION('',(-0.906307787037,0.,0.422618261741));
#1183 = ORIENTED_EDGE('',*,*,#1037,.F.);
#1184 = PLANE('',#1185);
#1185 = AXIS2_PLACEMENT_3D('',#1186,#1187,#1188);
#1186 = CARTESIAN_POINT('',(2.5,-0.25,-0.742677881138));
#1187 = DIRECTION('',(0.,1.,0.));
#1188 = DIRECTION('',(0.,-0.,1.));
#1189 = ADVANCED_FACE('',(#1190),#1206,.T.);
#1190 = FACE_BOUND('',#1191,.T.);
#1191 = EDGE_LOOP('',(#1192,#1193,#1199,#1200));
#1192 = ORIENTED_EDGE('',*,*,#965,.T.);
#1193 = ORIENTED_EDGE('',*,*,#1194,.F.);
#1194 = EDGE_CURVE('',#1078,#957,#1195,.T.);
#1195 = LINE('',#1196,#1197);
#1196 = CARTESIAN_POINT('',(2.2,-0.25,-4.85));
#1197 = VECTOR('',#1198,1.);
#1198 = DIRECTION('',(0.,1.,0.));
#1199 = ORIENTED_EDGE('',*,*,#1077,.T.);
#1200 = ORIENTED_EDGE('',*,*,#1201,.F.);
#1201 = EDGE_CURVE('',#861,#1068,#1202,.T.);
#1202 = LINE('',#1203,#1204);
#1203 = CARTESIAN_POINT('',(2.2,0.25,0.1));
#1204 = VECTOR('',#1205,1.);
#1205 = DIRECTION('',(0.,-1.,0.));
#1206 = PLANE('',#1207);
#1207 = AXIS2_PLACEMENT_3D('',#1208,#1209,#1210);
#1208 = CARTESIAN_POINT('',(2.2,-0.275,-5.0975));
#1209 = DIRECTION('',(-1.,0.,0.));
#1210 = DIRECTION('',(0.,0.,1.));
#1211 = ADVANCED_FACE('',(#1212),#1223,.T.);
#1212 = FACE_BOUND('',#1213,.T.);
#1213 = EDGE_LOOP('',(#1214,#1215,#1221,#1222));
#1214 = ORIENTED_EDGE('',*,*,#956,.T.);
#1215 = ORIENTED_EDGE('',*,*,#1216,.F.);
#1216 = EDGE_CURVE('',#1086,#949,#1217,.T.);
#1217 = LINE('',#1218,#1219);
#1218 = CARTESIAN_POINT('',(2.45,-0.25,-5.1));
#1219 = VECTOR('',#1220,1.);
#1220 = DIRECTION('',(0.,1.,0.));
#1221 = ORIENTED_EDGE('',*,*,#1085,.T.);
#1222 = ORIENTED_EDGE('',*,*,#1194,.T.);
#1223 = CYLINDRICAL_SURFACE('',#1224,0.25);
#1224 = AXIS2_PLACEMENT_3D('',#1225,#1226,#1227);
#1225 = CARTESIAN_POINT('',(2.45,-0.275,-4.85));
#1226 = DIRECTION('',(0.,1.,0.));
#1227 = DIRECTION('',(0.707106781187,-0.,0.707106781187));
#1228 = ADVANCED_FACE('',(#1229),#1240,.T.);
#1229 = FACE_BOUND('',#1230,.T.);
#1230 = EDGE_LOOP('',(#1231,#1232,#1238,#1239));
#1231 = ORIENTED_EDGE('',*,*,#948,.T.);
#1232 = ORIENTED_EDGE('',*,*,#1233,.F.);
#1233 = EDGE_CURVE('',#1095,#940,#1234,.T.);
#1234 = LINE('',#1235,#1236);
#1235 = CARTESIAN_POINT('',(2.55,-0.25,-5.1));
#1236 = VECTOR('',#1237,1.);
#1237 = DIRECTION('',(0.,1.,0.));
#1238 = ORIENTED_EDGE('',*,*,#1094,.T.);
#1239 = ORIENTED_EDGE('',*,*,#1216,.T.);
#1240 = PLANE('',#1241);
#1241 = AXIS2_PLACEMENT_3D('',#1242,#1243,#1244);
#1242 = CARTESIAN_POINT('',(2.555,-0.275,-5.1));
#1243 = DIRECTION('',(0.,0.,-1.));
#1244 = DIRECTION('',(-1.,0.,0.));
#1245 = ADVANCED_FACE('',(#1246),#1257,.T.);
#1246 = FACE_BOUND('',#1247,.T.);
#1247 = EDGE_LOOP('',(#1248,#1249,#1255,#1256));
#1248 = ORIENTED_EDGE('',*,*,#939,.T.);
#1249 = ORIENTED_EDGE('',*,*,#1250,.F.);
#1250 = EDGE_CURVE('',#1103,#932,#1251,.T.);
#1251 = LINE('',#1252,#1253);
#1252 = CARTESIAN_POINT('',(2.8,-0.25,-4.85));
#1253 = VECTOR('',#1254,1.);
#1254 = DIRECTION('',(0.,1.,0.));
#1255 = ORIENTED_EDGE('',*,*,#1102,.T.);
#1256 = ORIENTED_EDGE('',*,*,#1233,.T.);
#1257 = CYLINDRICAL_SURFACE('',#1258,0.25);
#1258 = AXIS2_PLACEMENT_3D('',#1259,#1260,#1261);
#1259 = CARTESIAN_POINT('',(2.55,-0.275,-4.85));
#1260 = DIRECTION('',(0.,1.,0.));
#1261 = DIRECTION('',(-0.707106781187,0.,0.707106781187));
#1262 = ADVANCED_FACE('',(#1263),#1274,.T.);
#1263 = FACE_BOUND('',#1264,.T.);
#1264 = EDGE_LOOP('',(#1265,#1266,#1272,#1273));
#1265 = ORIENTED_EDGE('',*,*,#931,.T.);
#1266 = ORIENTED_EDGE('',*,*,#1267,.F.);
#1267 = EDGE_CURVE('',#1070,#924,#1268,.T.);
#1268 = LINE('',#1269,#1270);
#1269 = CARTESIAN_POINT('',(2.8,-0.25,0.1));
#1270 = VECTOR('',#1271,1.);
#1271 = DIRECTION('',(0.,1.,0.));
#1272 = ORIENTED_EDGE('',*,*,#1111,.T.);
#1273 = ORIENTED_EDGE('',*,*,#1250,.T.);
#1274 = PLANE('',#1275);
#1275 = AXIS2_PLACEMENT_3D('',#1276,#1277,#1278);
#1276 = CARTESIAN_POINT('',(2.8,-0.275,0.3475));
#1277 = DIRECTION('',(1.,0.,0.));
#1278 = DIRECTION('',(0.,0.,-1.));
#1279 = ADVANCED_FACE('',(#1280),#1291,.T.);
#1280 = FACE_BOUND('',#1281,.T.);
#1281 = EDGE_LOOP('',(#1282,#1288,#1289,#1290));
#1282 = ORIENTED_EDGE('',*,*,#1283,.T.);
#1283 = EDGE_CURVE('',#924,#1046,#1284,.T.);
#1284 = LINE('',#1285,#1286);
#1285 = CARTESIAN_POINT('',(2.8,0.25,0.1));
#1286 = VECTOR('',#1287,1.);
#1287 = DIRECTION('',(0.906307787037,0.,-0.422618261741));
#1288 = ORIENTED_EDGE('',*,*,#1045,.F.);
#1289 = ORIENTED_EDGE('',*,*,#1178,.T.);
#1290 = ORIENTED_EDGE('',*,*,#1267,.T.);
#1291 = PLANE('',#1292);
#1292 = AXIS2_PLACEMENT_3D('',#1293,#1294,#1295);
#1293 = CARTESIAN_POINT('',(3.5875,-0.275,-0.267217280797));
#1294 = DIRECTION('',(-0.422618261741,0.,-0.906307787037));
#1295 = DIRECTION('',(-0.906307787037,0.,0.422618261741));
#1296 = ADVANCED_FACE('',(#1297),#1303,.T.);
#1297 = FACE_BOUND('',#1298,.T.);
#1298 = EDGE_LOOP('',(#1299,#1300,#1301,#1302));
#1299 = ORIENTED_EDGE('',*,*,#901,.T.);
#1300 = ORIENTED_EDGE('',*,*,#988,.F.);
#1301 = ORIENTED_EDGE('',*,*,#1157,.T.);
#1302 = ORIENTED_EDGE('',*,*,#1005,.T.);
#1303 = PLANE('',#1304);
#1304 = AXIS2_PLACEMENT_3D('',#1305,#1306,#1307);
#1305 = CARTESIAN_POINT('',(1.345,-0.275,2.7));
#1306 = DIRECTION('',(0.,0.,1.));
#1307 = DIRECTION('',(1.,0.,-0.));
#1308 = ADVANCED_FACE('',(#1309),#1325,.T.);
#1309 = FACE_BOUND('',#1310,.T.);
#1310 = EDGE_LOOP('',(#1311,#1317,#1318,#1324));
#1311 = ORIENTED_EDGE('',*,*,#1312,.F.);
#1312 = EDGE_CURVE('',#863,#1126,#1313,.T.);
#1313 = LINE('',#1314,#1315);
#1314 = CARTESIAN_POINT('',(1.45,0.25,0.1));
#1315 = VECTOR('',#1316,1.);
#1316 = DIRECTION('',(0.,-1.,0.));
#1317 = ORIENTED_EDGE('',*,*,#878,.T.);
#1318 = ORIENTED_EDGE('',*,*,#1319,.F.);
#1319 = EDGE_CURVE('',#1134,#871,#1320,.T.);
#1320 = LINE('',#1321,#1322);
#1321 = CARTESIAN_POINT('',(1.45,-0.25,-0.249730743616));
#1322 = VECTOR('',#1323,1.);
#1323 = DIRECTION('',(0.,1.,0.));
#1324 = ORIENTED_EDGE('',*,*,#1133,.T.);
#1325 = PLANE('',#1326);
#1326 = AXIS2_PLACEMENT_3D('',#1327,#1328,#1329);
#1327 = CARTESIAN_POINT('',(1.45,-0.275,-0.267217280797));
#1328 = DIRECTION('',(-1.,0.,0.));
#1329 = DIRECTION('',(0.,0.,1.));
#1330 = ADVANCED_FACE('',(#1331),#1337,.T.);
#1331 = FACE_BOUND('',#1332,.T.);
#1332 = EDGE_LOOP('',(#1333,#1334,#1335,#1336));
#1333 = ORIENTED_EDGE('',*,*,#870,.T.);
#1334 = ORIENTED_EDGE('',*,*,#1201,.T.);
#1335 = ORIENTED_EDGE('',*,*,#1141,.T.);
#1336 = ORIENTED_EDGE('',*,*,#1319,.T.);
#1337 = PLANE('',#1338);
#1338 = AXIS2_PLACEMENT_3D('',#1339,#1340,#1341);
#1339 = CARTESIAN_POINT('',(2.2375,-0.275,0.117486537181));
#1340 = DIRECTION('',(0.422618261741,0.,-0.906307787037));
#1341 = DIRECTION('',(-0.906307787037,0.,-0.422618261741));
#1342 = ADVANCED_FACE('',(#1343),#1353,.T.);
#1343 = FACE_BOUND('',#1344,.T.);
#1344 = EDGE_LOOP('',(#1345,#1351,#1352));
#1345 = ORIENTED_EDGE('',*,*,#1346,.F.);
#1346 = EDGE_CURVE('',#1030,#924,#1347,.T.);
#1347 = LINE('',#1348,#1349);
#1348 = CARTESIAN_POINT('',(3.55,0.25,0.1));
#1349 = VECTOR('',#1350,1.);
#1350 = DIRECTION('',(-1.,0.,0.));
#1351 = ORIENTED_EDGE('',*,*,#1053,.F.);
#1352 = ORIENTED_EDGE('',*,*,#1283,.F.);
#1353 = PLANE('',#1354);
#1354 = AXIS2_PLACEMENT_3D('',#1355,#1356,#1357);
#1355 = CARTESIAN_POINT('',(2.5,0.25,-0.742677881138));
#1356 = DIRECTION('',(0.,1.,0.));
#1357 = DIRECTION('',(0.,-0.,1.));
#1358 = ADVANCED_FACE('',(#1359),#1385,.T.);
#1359 = FACE_BOUND('',#1360,.T.);
#1360 = EDGE_LOOP('',(#1361,#1371,#1379));
#1361 = ORIENTED_EDGE('',*,*,#1362,.F.);
#1362 = EDGE_CURVE('',#1363,#1365,#1367,.T.);
#1363 = VERTEX_POINT('',#1364);
#1364 = CARTESIAN_POINT('',(-2.8,0.25,0.1));
#1365 = VERTEX_POINT('',#1366);
#1366 = CARTESIAN_POINT('',(-3.55,0.25,0.1));
#1367 = LINE('',#1368,#1369);
#1368 = CARTESIAN_POINT('',(-2.8,0.25,0.1));
#1369 = VECTOR('',#1370,1.);
#1370 = DIRECTION('',(-1.,0.,0.));
#1371 = ORIENTED_EDGE('',*,*,#1372,.F.);
#1372 = EDGE_CURVE('',#1373,#1363,#1375,.T.);
#1373 = VERTEX_POINT('',#1374);
#1374 = CARTESIAN_POINT('',(-3.55,0.25,-0.249730743616));
#1375 = LINE('',#1376,#1377);
#1376 = CARTESIAN_POINT('',(-3.55,0.25,-0.249730743616));
#1377 = VECTOR('',#1378,1.);
#1378 = DIRECTION('',(0.906307787037,0.,0.422618261741));
#1379 = ORIENTED_EDGE('',*,*,#1380,.F.);
#1380 = EDGE_CURVE('',#1365,#1373,#1381,.T.);
#1381 = LINE('',#1382,#1383);
#1382 = CARTESIAN_POINT('',(-3.55,0.25,0.1));
#1383 = VECTOR('',#1384,1.);
#1384 = DIRECTION('',(0.,0.,-1.));
#1385 = PLANE('',#1386);
#1386 = AXIS2_PLACEMENT_3D('',#1387,#1388,#1389);
#1387 = CARTESIAN_POINT('',(-3.5875,0.25,-0.267217280797));
#1388 = DIRECTION('',(0.,1.,0.));
#1389 = DIRECTION('',(0.,-0.,1.));
#1390 = ADVANCED_FACE('',(#1391),#1416,.T.);
#1391 = FACE_BOUND('',#1392,.T.);
#1392 = EDGE_LOOP('',(#1393,#1394,#1402,#1410));
#1393 = ORIENTED_EDGE('',*,*,#804,.F.);
#1394 = ORIENTED_EDGE('',*,*,#1395,.F.);
#1395 = EDGE_CURVE('',#1396,#797,#1398,.T.);
#1396 = VERTEX_POINT('',#1397);
#1397 = CARTESIAN_POINT('',(-3.55,0.25,2.7));
#1398 = LINE('',#1399,#1400);
#1399 = CARTESIAN_POINT('',(-3.55,0.25,2.7));
#1400 = VECTOR('',#1401,1.);
#1401 = DIRECTION('',(0.,0.,-1.));
#1402 = ORIENTED_EDGE('',*,*,#1403,.F.);
#1403 = EDGE_CURVE('',#1404,#1396,#1406,.T.);
#1404 = VERTEX_POINT('',#1405);
#1405 = CARTESIAN_POINT('',(-1.45,0.25,2.7));
#1406 = LINE('',#1407,#1408);
#1407 = CARTESIAN_POINT('',(-1.45,0.25,2.7));
#1408 = VECTOR('',#1409,1.);
#1409 = DIRECTION('',(-1.,0.,0.));
#1410 = ORIENTED_EDGE('',*,*,#1411,.F.);
#1411 = EDGE_CURVE('',#805,#1404,#1412,.T.);
#1412 = LINE('',#1413,#1414);
#1413 = CARTESIAN_POINT('',(-1.45,0.25,1.2));
#1414 = VECTOR('',#1415,1.);
#1415 = DIRECTION('',(0.,0.,1.));
#1416 = PLANE('',#1417);
#1417 = AXIS2_PLACEMENT_3D('',#1418,#1419,#1420);
#1418 = CARTESIAN_POINT('',(-3.655,0.25,1.125));
#1419 = DIRECTION('',(0.,1.,0.));
#1420 = DIRECTION('',(0.,-0.,1.));
#1421 = ADVANCED_FACE('',(#1422),#1472,.T.);
#1422 = FACE_BOUND('',#1423,.T.);
#1423 = EDGE_LOOP('',(#1424,#1432,#1440,#1449,#1457,#1466));
#1424 = ORIENTED_EDGE('',*,*,#1425,.F.);
#1425 = EDGE_CURVE('',#1426,#1363,#1428,.T.);
#1426 = VERTEX_POINT('',#1427);
#1427 = CARTESIAN_POINT('',(-2.2,0.25,0.1));
#1428 = LINE('',#1429,#1430);
#1429 = CARTESIAN_POINT('',(-2.2,0.25,0.1));
#1430 = VECTOR('',#1431,1.);
#1431 = DIRECTION('',(-1.,0.,0.));
#1432 = ORIENTED_EDGE('',*,*,#1433,.F.);
#1433 = EDGE_CURVE('',#1434,#1426,#1436,.T.);
#1434 = VERTEX_POINT('',#1435);
#1435 = CARTESIAN_POINT('',(-2.2,0.25,-4.85));
#1436 = LINE('',#1437,#1438);
#1437 = CARTESIAN_POINT('',(-2.2,0.25,-4.85));
#1438 = VECTOR('',#1439,1.);
#1439 = DIRECTION('',(0.,0.,1.));
#1440 = ORIENTED_EDGE('',*,*,#1441,.F.);
#1441 = EDGE_CURVE('',#1442,#1434,#1444,.T.);
#1442 = VERTEX_POINT('',#1443);
#1443 = CARTESIAN_POINT('',(-2.45,0.25,-5.1));
#1444 = CIRCLE('',#1445,0.25);
#1445 = AXIS2_PLACEMENT_3D('',#1446,#1447,#1448);
#1446 = CARTESIAN_POINT('',(-2.45,0.25,-4.85));
#1447 = DIRECTION('',(0.,-1.,0.));
#1448 = DIRECTION('',(1.,0.,0.));
#1449 = ORIENTED_EDGE('',*,*,#1450,.F.);
#1450 = EDGE_CURVE('',#1451,#1442,#1453,.T.);
#1451 = VERTEX_POINT('',#1452);
#1452 = CARTESIAN_POINT('',(-2.55,0.25,-5.1));
#1453 = LINE('',#1454,#1455);
#1454 = CARTESIAN_POINT('',(-2.55,0.25,-5.1));
#1455 = VECTOR('',#1456,1.);
#1456 = DIRECTION('',(1.,0.,0.));
#1457 = ORIENTED_EDGE('',*,*,#1458,.F.);
#1458 = EDGE_CURVE('',#1459,#1451,#1461,.T.);
#1459 = VERTEX_POINT('',#1460);
#1460 = CARTESIAN_POINT('',(-2.8,0.25,-4.85));
#1461 = CIRCLE('',#1462,0.25);
#1462 = AXIS2_PLACEMENT_3D('',#1463,#1464,#1465);
#1463 = CARTESIAN_POINT('',(-2.55,0.25,-4.85));
#1464 = DIRECTION('',(0.,-1.,0.));
#1465 = DIRECTION('',(0.,0.,-1.));
#1466 = ORIENTED_EDGE('',*,*,#1467,.F.);
#1467 = EDGE_CURVE('',#1363,#1459,#1468,.T.);
#1468 = LINE('',#1469,#1470);
#1469 = CARTESIAN_POINT('',(-2.8,0.25,0.1));
#1470 = VECTOR('',#1471,1.);
#1471 = DIRECTION('',(0.,0.,-1.));
#1472 = PLANE('',#1473);
#1473 = AXIS2_PLACEMENT_3D('',#1474,#1475,#1476);
#1474 = CARTESIAN_POINT('',(-2.83,0.25,-5.36));
#1475 = DIRECTION('',(0.,1.,0.));
#1476 = DIRECTION('',(0.,-0.,1.));
#1477 = ADVANCED_FACE('',(#1478),#1496,.T.);
#1478 = FACE_BOUND('',#1479,.T.);
#1479 = EDGE_LOOP('',(#1480,#1481,#1489,#1495));
#1480 = ORIENTED_EDGE('',*,*,#796,.F.);
#1481 = ORIENTED_EDGE('',*,*,#1482,.T.);
#1482 = EDGE_CURVE('',#789,#1483,#1485,.T.);
#1483 = VERTEX_POINT('',#1484);
#1484 = CARTESIAN_POINT('',(-3.55,-0.25,2.7));
#1485 = LINE('',#1486,#1487);
#1486 = CARTESIAN_POINT('',(-3.55,-0.25,1.2));
#1487 = VECTOR('',#1488,1.);
#1488 = DIRECTION('',(0.,0.,1.));
#1489 = ORIENTED_EDGE('',*,*,#1490,.T.);
#1490 = EDGE_CURVE('',#1483,#1396,#1491,.T.);
#1491 = LINE('',#1492,#1493);
#1492 = CARTESIAN_POINT('',(-3.55,-0.25,2.7));
#1493 = VECTOR('',#1494,1.);
#1494 = DIRECTION('',(0.,1.,0.));
#1495 = ORIENTED_EDGE('',*,*,#1395,.T.);
#1496 = PLANE('',#1497);
#1497 = AXIS2_PLACEMENT_3D('',#1498,#1499,#1500);
#1498 = CARTESIAN_POINT('',(-3.55,-0.275,1.125));
#1499 = DIRECTION('',(-1.,0.,0.));
#1500 = DIRECTION('',(0.,0.,1.));
#1501 = ADVANCED_FACE('',(#1502),#1520,.T.);
#1502 = FACE_BOUND('',#1503,.T.);
#1503 = EDGE_LOOP('',(#1504,#1505,#1506,#1514));
#1504 = ORIENTED_EDGE('',*,*,#812,.F.);
#1505 = ORIENTED_EDGE('',*,*,#1411,.T.);
#1506 = ORIENTED_EDGE('',*,*,#1507,.F.);
#1507 = EDGE_CURVE('',#1508,#1404,#1510,.T.);
#1508 = VERTEX_POINT('',#1509);
#1509 = CARTESIAN_POINT('',(-1.45,-0.25,2.7));
#1510 = LINE('',#1511,#1512);
#1511 = CARTESIAN_POINT('',(-1.45,-0.25,2.7));
#1512 = VECTOR('',#1513,1.);
#1513 = DIRECTION('',(0.,1.,0.));
#1514 = ORIENTED_EDGE('',*,*,#1515,.T.);
#1515 = EDGE_CURVE('',#1508,#787,#1516,.T.);
#1516 = LINE('',#1517,#1518);
#1517 = CARTESIAN_POINT('',(-1.45,-0.25,2.7));
#1518 = VECTOR('',#1519,1.);
#1519 = DIRECTION('',(0.,0.,-1.));
#1520 = PLANE('',#1521);
#1521 = AXIS2_PLACEMENT_3D('',#1522,#1523,#1524);
#1522 = CARTESIAN_POINT('',(-1.45,-0.275,2.775));
#1523 = DIRECTION('',(1.,0.,0.));
#1524 = DIRECTION('',(0.,0.,-1.));
#1525 = ADVANCED_FACE('',(#1526),#1560,.T.);
#1526 = FACE_BOUND('',#1527,.T.);
#1527 = EDGE_LOOP('',(#1528,#1538,#1546,#1554));
#1528 = ORIENTED_EDGE('',*,*,#1529,.F.);
#1529 = EDGE_CURVE('',#1530,#1532,#1534,.T.);
#1530 = VERTEX_POINT('',#1531);
#1531 = CARTESIAN_POINT('',(-1.45,-0.25,0.1));
#1532 = VERTEX_POINT('',#1533);
#1533 = CARTESIAN_POINT('',(-1.45,0.25,0.1));
#1534 = LINE('',#1535,#1536);
#1535 = CARTESIAN_POINT('',(-1.45,-0.25,0.1));
#1536 = VECTOR('',#1537,1.);
#1537 = DIRECTION('',(0.,1.,0.));
#1538 = ORIENTED_EDGE('',*,*,#1539,.T.);
#1539 = EDGE_CURVE('',#1530,#1540,#1542,.T.);
#1540 = VERTEX_POINT('',#1541);
#1541 = CARTESIAN_POINT('',(-1.45,-0.25,-0.249730743616));
#1542 = LINE('',#1543,#1544);
#1543 = CARTESIAN_POINT('',(-1.45,-0.25,0.1));
#1544 = VECTOR('',#1545,1.);
#1545 = DIRECTION('',(0.,0.,-1.));
#1546 = ORIENTED_EDGE('',*,*,#1547,.T.);
#1547 = EDGE_CURVE('',#1540,#1548,#1550,.T.);
#1548 = VERTEX_POINT('',#1549);
#1549 = CARTESIAN_POINT('',(-1.45,0.25,-0.249730743616));
#1550 = LINE('',#1551,#1552);
#1551 = CARTESIAN_POINT('',(-1.45,-0.25,-0.249730743616));
#1552 = VECTOR('',#1553,1.);
#1553 = DIRECTION('',(0.,1.,0.));
#1554 = ORIENTED_EDGE('',*,*,#1555,.T.);
#1555 = EDGE_CURVE('',#1548,#1532,#1556,.T.);
#1556 = LINE('',#1557,#1558);
#1557 = CARTESIAN_POINT('',(-1.45,0.25,-0.249730743616));
#1558 = VECTOR('',#1559,1.);
#1559 = DIRECTION('',(0.,0.,1.));
#1560 = PLANE('',#1561);
#1561 = AXIS2_PLACEMENT_3D('',#1562,#1563,#1564);
#1562 = CARTESIAN_POINT('',(-1.45,-0.275,0.117486537181));
#1563 = DIRECTION('',(1.,0.,0.));
#1564 = DIRECTION('',(0.,0.,-1.));
#1565 = ADVANCED_FACE('',(#1566),#1618,.F.);
#1566 = FACE_BOUND('',#1567,.T.);
#1567 = EDGE_LOOP('',(#1568,#1578,#1586,#1595,#1603,#1612));
#1568 = ORIENTED_EDGE('',*,*,#1569,.F.);
#1569 = EDGE_CURVE('',#1570,#1572,#1574,.T.);
#1570 = VERTEX_POINT('',#1571);
#1571 = CARTESIAN_POINT('',(-2.8,-0.25,0.1));
#1572 = VERTEX_POINT('',#1573);
#1573 = CARTESIAN_POINT('',(-2.2,-0.25,0.1));
#1574 = LINE('',#1575,#1576);
#1575 = CARTESIAN_POINT('',(-2.8,-0.25,0.1));
#1576 = VECTOR('',#1577,1.);
#1577 = DIRECTION('',(1.,0.,0.));
#1578 = ORIENTED_EDGE('',*,*,#1579,.F.);
#1579 = EDGE_CURVE('',#1580,#1570,#1582,.T.);
#1580 = VERTEX_POINT('',#1581);
#1581 = CARTESIAN_POINT('',(-2.8,-0.25,-4.85));
#1582 = LINE('',#1583,#1584);
#1583 = CARTESIAN_POINT('',(-2.8,-0.25,-4.85));
#1584 = VECTOR('',#1585,1.);
#1585 = DIRECTION('',(0.,0.,1.));
#1586 = ORIENTED_EDGE('',*,*,#1587,.F.);
#1587 = EDGE_CURVE('',#1588,#1580,#1590,.T.);
#1588 = VERTEX_POINT('',#1589);
#1589 = CARTESIAN_POINT('',(-2.55,-0.25,-5.1));
#1590 = CIRCLE('',#1591,0.25);
#1591 = AXIS2_PLACEMENT_3D('',#1592,#1593,#1594);
#1592 = CARTESIAN_POINT('',(-2.55,-0.25,-4.85));
#1593 = DIRECTION('',(0.,1.,0.));
#1594 = DIRECTION('',(0.,0.,-1.));
#1595 = ORIENTED_EDGE('',*,*,#1596,.F.);
#1596 = EDGE_CURVE('',#1597,#1588,#1599,.T.);
#1597 = VERTEX_POINT('',#1598);
#1598 = CARTESIAN_POINT('',(-2.45,-0.25,-5.1));
#1599 = LINE('',#1600,#1601);
#1600 = CARTESIAN_POINT('',(-2.45,-0.25,-5.1));
#1601 = VECTOR('',#1602,1.);
#1602 = DIRECTION('',(-1.,0.,0.));
#1603 = ORIENTED_EDGE('',*,*,#1604,.F.);
#1604 = EDGE_CURVE('',#1605,#1597,#1607,.T.);
#1605 = VERTEX_POINT('',#1606);
#1606 = CARTESIAN_POINT('',(-2.2,-0.25,-4.85));
#1607 = CIRCLE('',#1608,0.25);
#1608 = AXIS2_PLACEMENT_3D('',#1609,#1610,#1611);
#1609 = CARTESIAN_POINT('',(-2.45,-0.25,-4.85));
#1610 = DIRECTION('',(-0.,1.,0.));
#1611 = DIRECTION('',(1.,0.,0.));
#1612 = ORIENTED_EDGE('',*,*,#1613,.F.);
#1613 = EDGE_CURVE('',#1572,#1605,#1614,.T.);
#1614 = LINE('',#1615,#1616);
#1615 = CARTESIAN_POINT('',(-2.2,-0.25,0.1));
#1616 = VECTOR('',#1617,1.);
#1617 = DIRECTION('',(0.,0.,-1.));
#1618 = PLANE('',#1619);
#1619 = AXIS2_PLACEMENT_3D('',#1620,#1621,#1622);
#1620 = CARTESIAN_POINT('',(-2.83,-0.25,-5.36));
#1621 = DIRECTION('',(0.,1.,0.));
#1622 = DIRECTION('',(0.,-0.,1.));
#1623 = ADVANCED_FACE('',(#1624),#1648,.F.);
#1624 = FACE_BOUND('',#1625,.T.);
#1625 = EDGE_LOOP('',(#1626,#1634,#1642));
#1626 = ORIENTED_EDGE('',*,*,#1627,.F.);
#1627 = EDGE_CURVE('',#1628,#1570,#1630,.T.);
#1628 = VERTEX_POINT('',#1629);
#1629 = CARTESIAN_POINT('',(-3.55,-0.25,0.1));
#1630 = LINE('',#1631,#1632);
#1631 = CARTESIAN_POINT('',(-3.55,-0.25,0.1));
#1632 = VECTOR('',#1633,1.);
#1633 = DIRECTION('',(1.,0.,0.));
#1634 = ORIENTED_EDGE('',*,*,#1635,.F.);
#1635 = EDGE_CURVE('',#1636,#1628,#1638,.T.);
#1636 = VERTEX_POINT('',#1637);
#1637 = CARTESIAN_POINT('',(-3.55,-0.25,-0.249730743616));
#1638 = LINE('',#1639,#1640);
#1639 = CARTESIAN_POINT('',(-3.55,-0.25,-0.249730743616));
#1640 = VECTOR('',#1641,1.);
#1641 = DIRECTION('',(0.,0.,1.));
#1642 = ORIENTED_EDGE('',*,*,#1643,.F.);
#1643 = EDGE_CURVE('',#1570,#1636,#1644,.T.);
#1644 = LINE('',#1645,#1646);
#1645 = CARTESIAN_POINT('',(-2.8,-0.25,0.1));
#1646 = VECTOR('',#1647,1.);
#1647 = DIRECTION('',(-0.906307787037,0.,-0.422618261741));
#1648 = PLANE('',#1649);
#1649 = AXIS2_PLACEMENT_3D('',#1650,#1651,#1652);
#1650 = CARTESIAN_POINT('',(-3.5875,-0.25,-0.267217280797));
#1651 = DIRECTION('',(0.,1.,0.));
#1652 = DIRECTION('',(0.,-0.,1.));
#1653 = ADVANCED_FACE('',(#1654),#1665,.F.);
#1654 = FACE_BOUND('',#1655,.T.);
#1655 = EDGE_LOOP('',(#1656,#1657,#1658,#1664));
#1656 = ORIENTED_EDGE('',*,*,#786,.F.);
#1657 = ORIENTED_EDGE('',*,*,#1515,.F.);
#1658 = ORIENTED_EDGE('',*,*,#1659,.F.);
#1659 = EDGE_CURVE('',#1483,#1508,#1660,.T.);
#1660 = LINE('',#1661,#1662);
#1661 = CARTESIAN_POINT('',(-3.55,-0.25,2.7));
#1662 = VECTOR('',#1663,1.);
#1663 = DIRECTION('',(1.,0.,0.));
#1664 = ORIENTED_EDGE('',*,*,#1482,.F.);
#1665 = PLANE('',#1666);
#1666 = AXIS2_PLACEMENT_3D('',#1667,#1668,#1669);
#1667 = CARTESIAN_POINT('',(-3.655,-0.25,1.125));
#1668 = DIRECTION('',(0.,1.,0.));
#1669 = DIRECTION('',(0.,-0.,1.));
#1670 = ADVANCED_FACE('',(#1671),#1686,.F.);
#1671 = FACE_BOUND('',#1672,.T.);
#1672 = EDGE_LOOP('',(#1673,#1679,#1685));
#1673 = ORIENTED_EDGE('',*,*,#1674,.F.);
#1674 = EDGE_CURVE('',#1572,#1530,#1675,.T.);
#1675 = LINE('',#1676,#1677);
#1676 = CARTESIAN_POINT('',(-2.2,-0.25,0.1));
#1677 = VECTOR('',#1678,1.);
#1678 = DIRECTION('',(1.,0.,0.));
#1679 = ORIENTED_EDGE('',*,*,#1680,.F.);
#1680 = EDGE_CURVE('',#1540,#1572,#1681,.T.);
#1681 = LINE('',#1682,#1683);
#1682 = CARTESIAN_POINT('',(-1.45,-0.25,-0.249730743616));
#1683 = VECTOR('',#1684,1.);
#1684 = DIRECTION('',(-0.906307787037,0.,0.422618261741));
#1685 = ORIENTED_EDGE('',*,*,#1539,.F.);
#1686 = PLANE('',#1687);
#1687 = AXIS2_PLACEMENT_3D('',#1688,#1689,#1690);
#1688 = CARTESIAN_POINT('',(-2.5,-0.25,-0.742677881138));
#1689 = DIRECTION('',(0.,1.,0.));
#1690 = DIRECTION('',(0.,-0.,1.));
#1691 = ADVANCED_FACE('',(#1692),#1708,.T.);
#1692 = FACE_BOUND('',#1693,.T.);
#1693 = EDGE_LOOP('',(#1694,#1695,#1701,#1702));
#1694 = ORIENTED_EDGE('',*,*,#1467,.T.);
#1695 = ORIENTED_EDGE('',*,*,#1696,.F.);
#1696 = EDGE_CURVE('',#1580,#1459,#1697,.T.);
#1697 = LINE('',#1698,#1699);
#1698 = CARTESIAN_POINT('',(-2.8,-0.25,-4.85));
#1699 = VECTOR('',#1700,1.);
#1700 = DIRECTION('',(0.,1.,0.));
#1701 = ORIENTED_EDGE('',*,*,#1579,.T.);
#1702 = ORIENTED_EDGE('',*,*,#1703,.F.);
#1703 = EDGE_CURVE('',#1363,#1570,#1704,.T.);
#1704 = LINE('',#1705,#1706);
#1705 = CARTESIAN_POINT('',(-2.8,0.25,0.1));
#1706 = VECTOR('',#1707,1.);
#1707 = DIRECTION('',(0.,-1.,0.));
#1708 = PLANE('',#1709);
#1709 = AXIS2_PLACEMENT_3D('',#1710,#1711,#1712);
#1710 = CARTESIAN_POINT('',(-2.8,-0.275,-5.0975));
#1711 = DIRECTION('',(-1.,0.,0.));
#1712 = DIRECTION('',(0.,0.,1.));
#1713 = ADVANCED_FACE('',(#1714),#1725,.T.);
#1714 = FACE_BOUND('',#1715,.T.);
#1715 = EDGE_LOOP('',(#1716,#1717,#1723,#1724));
#1716 = ORIENTED_EDGE('',*,*,#1458,.T.);
#1717 = ORIENTED_EDGE('',*,*,#1718,.F.);
#1718 = EDGE_CURVE('',#1588,#1451,#1719,.T.);
#1719 = LINE('',#1720,#1721);
#1720 = CARTESIAN_POINT('',(-2.55,-0.25,-5.1));
#1721 = VECTOR('',#1722,1.);
#1722 = DIRECTION('',(0.,1.,0.));
#1723 = ORIENTED_EDGE('',*,*,#1587,.T.);
#1724 = ORIENTED_EDGE('',*,*,#1696,.T.);
#1725 = CYLINDRICAL_SURFACE('',#1726,0.25);
#1726 = AXIS2_PLACEMENT_3D('',#1727,#1728,#1729);
#1727 = CARTESIAN_POINT('',(-2.55,-0.275,-4.85));
#1728 = DIRECTION('',(0.,1.,0.));
#1729 = DIRECTION('',(0.707106781187,-0.,0.707106781187));
#1730 = ADVANCED_FACE('',(#1731),#1742,.T.);
#1731 = FACE_BOUND('',#1732,.T.);
#1732 = EDGE_LOOP('',(#1733,#1734,#1740,#1741));
#1733 = ORIENTED_EDGE('',*,*,#1450,.T.);
#1734 = ORIENTED_EDGE('',*,*,#1735,.F.);
#1735 = EDGE_CURVE('',#1597,#1442,#1736,.T.);
#1736 = LINE('',#1737,#1738);
#1737 = CARTESIAN_POINT('',(-2.45,-0.25,-5.1));
#1738 = VECTOR('',#1739,1.);
#1739 = DIRECTION('',(0.,1.,0.));
#1740 = ORIENTED_EDGE('',*,*,#1596,.T.);
#1741 = ORIENTED_EDGE('',*,*,#1718,.T.);
#1742 = PLANE('',#1743);
#1743 = AXIS2_PLACEMENT_3D('',#1744,#1745,#1746);
#1744 = CARTESIAN_POINT('',(-2.445,-0.275,-5.1));
#1745 = DIRECTION('',(0.,0.,-1.));
#1746 = DIRECTION('',(-1.,0.,0.));
#1747 = ADVANCED_FACE('',(#1748),#1759,.T.);
#1748 = FACE_BOUND('',#1749,.T.);
#1749 = EDGE_LOOP('',(#1750,#1751,#1757,#1758));
#1750 = ORIENTED_EDGE('',*,*,#1441,.T.);
#1751 = ORIENTED_EDGE('',*,*,#1752,.F.);
#1752 = EDGE_CURVE('',#1605,#1434,#1753,.T.);
#1753 = LINE('',#1754,#1755);
#1754 = CARTESIAN_POINT('',(-2.2,-0.25,-4.85));
#1755 = VECTOR('',#1756,1.);
#1756 = DIRECTION('',(0.,1.,0.));
#1757 = ORIENTED_EDGE('',*,*,#1604,.T.);
#1758 = ORIENTED_EDGE('',*,*,#1735,.T.);
#1759 = CYLINDRICAL_SURFACE('',#1760,0.25);
#1760 = AXIS2_PLACEMENT_3D('',#1761,#1762,#1763);
#1761 = CARTESIAN_POINT('',(-2.45,-0.275,-4.85));
#1762 = DIRECTION('',(0.,1.,0.));
#1763 = DIRECTION('',(-0.707106781187,0.,0.707106781187));
#1764 = ADVANCED_FACE('',(#1765),#1776,.T.);
#1765 = FACE_BOUND('',#1766,.T.);
#1766 = EDGE_LOOP('',(#1767,#1768,#1774,#1775));
#1767 = ORIENTED_EDGE('',*,*,#1433,.T.);
#1768 = ORIENTED_EDGE('',*,*,#1769,.F.);
#1769 = EDGE_CURVE('',#1572,#1426,#1770,.T.);
#1770 = LINE('',#1771,#1772);
#1771 = CARTESIAN_POINT('',(-2.2,-0.25,0.1));
#1772 = VECTOR('',#1773,1.);
#1773 = DIRECTION('',(0.,1.,0.));
#1774 = ORIENTED_EDGE('',*,*,#1613,.T.);
#1775 = ORIENTED_EDGE('',*,*,#1752,.T.);
#1776 = PLANE('',#1777);
#1777 = AXIS2_PLACEMENT_3D('',#1778,#1779,#1780);
#1778 = CARTESIAN_POINT('',(-2.2,-0.275,0.3475));
#1779 = DIRECTION('',(1.,0.,0.));
#1780 = DIRECTION('',(0.,0.,-1.));
#1781 = ADVANCED_FACE('',(#1782),#1793,.T.);
#1782 = FACE_BOUND('',#1783,.T.);
#1783 = EDGE_LOOP('',(#1784,#1790,#1791,#1792));
#1784 = ORIENTED_EDGE('',*,*,#1785,.T.);
#1785 = EDGE_CURVE('',#1426,#1548,#1786,.T.);
#1786 = LINE('',#1787,#1788);
#1787 = CARTESIAN_POINT('',(-2.2,0.25,0.1));
#1788 = VECTOR('',#1789,1.);
#1789 = DIRECTION('',(0.906307787037,0.,-0.422618261741));
#1790 = ORIENTED_EDGE('',*,*,#1547,.F.);
#1791 = ORIENTED_EDGE('',*,*,#1680,.T.);
#1792 = ORIENTED_EDGE('',*,*,#1769,.T.);
#1793 = PLANE('',#1794);
#1794 = AXIS2_PLACEMENT_3D('',#1795,#1796,#1797);
#1795 = CARTESIAN_POINT('',(-1.4125,-0.275,-0.267217280797));
#1796 = DIRECTION('',(-0.422618261741,0.,-0.906307787037));
#1797 = DIRECTION('',(-0.906307787037,0.,0.422618261741));
#1798 = ADVANCED_FACE('',(#1799),#1805,.T.);
#1799 = FACE_BOUND('',#1800,.T.);
#1800 = EDGE_LOOP('',(#1801,#1802,#1803,#1804));
#1801 = ORIENTED_EDGE('',*,*,#1403,.T.);
#1802 = ORIENTED_EDGE('',*,*,#1490,.F.);
#1803 = ORIENTED_EDGE('',*,*,#1659,.T.);
#1804 = ORIENTED_EDGE('',*,*,#1507,.T.);
#1805 = PLANE('',#1806);
#1806 = AXIS2_PLACEMENT_3D('',#1807,#1808,#1809);
#1807 = CARTESIAN_POINT('',(-3.655,-0.275,2.7));
#1808 = DIRECTION('',(0.,0.,1.));
#1809 = DIRECTION('',(1.,0.,-0.));
#1810 = ADVANCED_FACE('',(#1811),#1827,.T.);
#1811 = FACE_BOUND('',#1812,.T.);
#1812 = EDGE_LOOP('',(#1813,#1819,#1820,#1826));
#1813 = ORIENTED_EDGE('',*,*,#1814,.F.);
#1814 = EDGE_CURVE('',#1365,#1628,#1815,.T.);
#1815 = LINE('',#1816,#1817);
#1816 = CARTESIAN_POINT('',(-3.55,0.25,0.1));
#1817 = VECTOR('',#1818,1.);
#1818 = DIRECTION('',(0.,-1.,0.));
#1819 = ORIENTED_EDGE('',*,*,#1380,.T.);
#1820 = ORIENTED_EDGE('',*,*,#1821,.F.);
#1821 = EDGE_CURVE('',#1636,#1373,#1822,.T.);
#1822 = LINE('',#1823,#1824);
#1823 = CARTESIAN_POINT('',(-3.55,-0.25,-0.249730743616));
#1824 = VECTOR('',#1825,1.);
#1825 = DIRECTION('',(0.,1.,0.));
#1826 = ORIENTED_EDGE('',*,*,#1635,.T.);
#1827 = PLANE('',#1828);
#1828 = AXIS2_PLACEMENT_3D('',#1829,#1830,#1831);
#1829 = CARTESIAN_POINT('',(-3.55,-0.275,-0.267217280797));
#1830 = DIRECTION('',(-1.,0.,0.));
#1831 = DIRECTION('',(0.,0.,1.));
#1832 = ADVANCED_FACE('',(#1833),#1839,.T.);
#1833 = FACE_BOUND('',#1834,.T.);
#1834 = EDGE_LOOP('',(#1835,#1836,#1837,#1838));
#1835 = ORIENTED_EDGE('',*,*,#1372,.T.);
#1836 = ORIENTED_EDGE('',*,*,#1703,.T.);
#1837 = ORIENTED_EDGE('',*,*,#1643,.T.);
#1838 = ORIENTED_EDGE('',*,*,#1821,.T.);
#1839 = PLANE('',#1840);
#1840 = AXIS2_PLACEMENT_3D('',#1841,#1842,#1843);
#1841 = CARTESIAN_POINT('',(-2.7625,-0.275,0.117486537181));
#1842 = DIRECTION('',(0.422618261741,0.,-0.906307787037));
#1843 = DIRECTION('',(-0.906307787037,0.,-0.422618261741));
#1844 = ADVANCED_FACE('',(#1845),#1855,.T.);
#1845 = FACE_BOUND('',#1846,.T.);
#1846 = EDGE_LOOP('',(#1847,#1853,#1854));
#1847 = ORIENTED_EDGE('',*,*,#1848,.F.);
#1848 = EDGE_CURVE('',#1532,#1426,#1849,.T.);
#1849 = LINE('',#1850,#1851);
#1850 = CARTESIAN_POINT('',(-1.45,0.25,0.1));
#1851 = VECTOR('',#1852,1.);
#1852 = DIRECTION('',(-1.,0.,0.));
#1853 = ORIENTED_EDGE('',*,*,#1555,.F.);
#1854 = ORIENTED_EDGE('',*,*,#1785,.F.);
#1855 = PLANE('',#1856);
#1856 = AXIS2_PLACEMENT_3D('',#1857,#1858,#1859);
#1857 = CARTESIAN_POINT('',(-2.5,0.25,-0.742677881138));
#1858 = DIRECTION('',(0.,1.,0.));
#1859 = DIRECTION('',(0.,-0.,1.));
#1860 = ADVANCED_FACE('',(#1861),#1887,.T.);
#1861 = FACE_BOUND('',#1862,.T.);
#1862 = EDGE_LOOP('',(#1863,#1873,#1881));
#1863 = ORIENTED_EDGE('',*,*,#1864,.F.);
#1864 = EDGE_CURVE('',#1865,#1867,#1869,.T.);
#1865 = VERTEX_POINT('',#1866);
#1866 = CARTESIAN_POINT('',(-0.3,0.25,0.1));
#1867 = VERTEX_POINT('',#1868);
#1868 = CARTESIAN_POINT('',(-1.05,0.25,0.1));
#1869 = LINE('',#1870,#1871);
#1870 = CARTESIAN_POINT('',(-0.3,0.25,0.1));
#1871 = VECTOR('',#1872,1.);
#1872 = DIRECTION('',(-1.,0.,0.));
#1873 = ORIENTED_EDGE('',*,*,#1874,.F.);
#1874 = EDGE_CURVE('',#1875,#1865,#1877,.T.);
#1875 = VERTEX_POINT('',#1876);
#1876 = CARTESIAN_POINT('',(-1.05,0.25,-0.249730743616));
#1877 = LINE('',#1878,#1879);
#1878 = CARTESIAN_POINT('',(-1.05,0.25,-0.249730743616));
#1879 = VECTOR('',#1880,1.);
#1880 = DIRECTION('',(0.906307787037,0.,0.422618261741));
#1881 = ORIENTED_EDGE('',*,*,#1882,.F.);
#1882 = EDGE_CURVE('',#1867,#1875,#1883,.T.);
#1883 = LINE('',#1884,#1885);
#1884 = CARTESIAN_POINT('',(-1.05,0.25,0.1));
#1885 = VECTOR('',#1886,1.);
#1886 = DIRECTION('',(0.,0.,-1.));
#1887 = PLANE('',#1888);
#1888 = AXIS2_PLACEMENT_3D('',#1889,#1890,#1891);
#1889 = CARTESIAN_POINT('',(-1.0875,0.25,-0.267217280797));
#1890 = DIRECTION('',(0.,1.,0.));
#1891 = DIRECTION('',(0.,-0.,1.));
#1892 = ADVANCED_FACE('',(#1893),#1918,.T.);
#1893 = FACE_BOUND('',#1894,.T.);
#1894 = EDGE_LOOP('',(#1895,#1896,#1904,#1912));
#1895 = ORIENTED_EDGE('',*,*,#770,.F.);
#1896 = ORIENTED_EDGE('',*,*,#1897,.F.);
#1897 = EDGE_CURVE('',#1898,#763,#1900,.T.);
#1898 = VERTEX_POINT('',#1899);
#1899 = CARTESIAN_POINT('',(-1.05,0.25,2.7));
#1900 = LINE('',#1901,#1902);
#1901 = CARTESIAN_POINT('',(-1.05,0.25,2.7));
#1902 = VECTOR('',#1903,1.);
#1903 = DIRECTION('',(0.,0.,-1.));
#1904 = ORIENTED_EDGE('',*,*,#1905,.F.);
#1905 = EDGE_CURVE('',#1906,#1898,#1908,.T.);
#1906 = VERTEX_POINT('',#1907);
#1907 = CARTESIAN_POINT('',(1.05,0.25,2.7));
#1908 = LINE('',#1909,#1910);
#1909 = CARTESIAN_POINT('',(1.05,0.25,2.7));
#1910 = VECTOR('',#1911,1.);
#1911 = DIRECTION('',(-1.,0.,0.));
#1912 = ORIENTED_EDGE('',*,*,#1913,.F.);
#1913 = EDGE_CURVE('',#771,#1906,#1914,.T.);
#1914 = LINE('',#1915,#1916);
#1915 = CARTESIAN_POINT('',(1.05,0.25,1.2));
#1916 = VECTOR('',#1917,1.);
#1917 = DIRECTION('',(0.,0.,1.));
#1918 = PLANE('',#1919);
#1919 = AXIS2_PLACEMENT_3D('',#1920,#1921,#1922);
#1920 = CARTESIAN_POINT('',(-1.155,0.25,1.125));
#1921 = DIRECTION('',(0.,1.,0.));
#1922 = DIRECTION('',(0.,-0.,1.));
#1923 = ADVANCED_FACE('',(#1924),#1974,.T.);
#1924 = FACE_BOUND('',#1925,.T.);
#1925 = EDGE_LOOP('',(#1926,#1934,#1942,#1951,#1959,#1968));
#1926 = ORIENTED_EDGE('',*,*,#1927,.F.);
#1927 = EDGE_CURVE('',#1928,#1865,#1930,.T.);
#1928 = VERTEX_POINT('',#1929);
#1929 = CARTESIAN_POINT('',(0.3,0.25,0.1));
#1930 = LINE('',#1931,#1932);
#1931 = CARTESIAN_POINT('',(0.3,0.25,0.1));
#1932 = VECTOR('',#1933,1.);
#1933 = DIRECTION('',(-1.,0.,0.));
#1934 = ORIENTED_EDGE('',*,*,#1935,.F.);
#1935 = EDGE_CURVE('',#1936,#1928,#1938,.T.);
#1936 = VERTEX_POINT('',#1937);
#1937 = CARTESIAN_POINT('',(0.3,0.25,-4.85));
#1938 = LINE('',#1939,#1940);
#1939 = CARTESIAN_POINT('',(0.3,0.25,-4.85));
#1940 = VECTOR('',#1941,1.);
#1941 = DIRECTION('',(0.,0.,1.));
#1942 = ORIENTED_EDGE('',*,*,#1943,.F.);
#1943 = EDGE_CURVE('',#1944,#1936,#1946,.T.);
#1944 = VERTEX_POINT('',#1945);
#1945 = CARTESIAN_POINT('',(5.E-02,0.25,-5.1));
#1946 = CIRCLE('',#1947,0.25);
#1947 = AXIS2_PLACEMENT_3D('',#1948,#1949,#1950);
#1948 = CARTESIAN_POINT('',(5.E-02,0.25,-4.85));
#1949 = DIRECTION('',(0.,-1.,0.));
#1950 = DIRECTION('',(1.,0.,0.));
#1951 = ORIENTED_EDGE('',*,*,#1952,.F.);
#1952 = EDGE_CURVE('',#1953,#1944,#1955,.T.);
#1953 = VERTEX_POINT('',#1954);
#1954 = CARTESIAN_POINT('',(-5.E-02,0.25,-5.1));
#1955 = LINE('',#1956,#1957);
#1956 = CARTESIAN_POINT('',(-5.E-02,0.25,-5.1));
#1957 = VECTOR('',#1958,1.);
#1958 = DIRECTION('',(1.,0.,0.));
#1959 = ORIENTED_EDGE('',*,*,#1960,.F.);
#1960 = EDGE_CURVE('',#1961,#1953,#1963,.T.);
#1961 = VERTEX_POINT('',#1962);
#1962 = CARTESIAN_POINT('',(-0.3,0.25,-4.85));
#1963 = CIRCLE('',#1964,0.25);
#1964 = AXIS2_PLACEMENT_3D('',#1965,#1966,#1967);
#1965 = CARTESIAN_POINT('',(-5.E-02,0.25,-4.85));
#1966 = DIRECTION('',(0.,-1.,0.));
#1967 = DIRECTION('',(0.,0.,-1.));
#1968 = ORIENTED_EDGE('',*,*,#1969,.F.);
#1969 = EDGE_CURVE('',#1865,#1961,#1970,.T.);
#1970 = LINE('',#1971,#1972);
#1971 = CARTESIAN_POINT('',(-0.3,0.25,0.1));
#1972 = VECTOR('',#1973,1.);
#1973 = DIRECTION('',(0.,0.,-1.));
#1974 = PLANE('',#1975);
#1975 = AXIS2_PLACEMENT_3D('',#1976,#1977,#1978);
#1976 = CARTESIAN_POINT('',(-0.33,0.25,-5.36));
#1977 = DIRECTION('',(0.,1.,0.));
#1978 = DIRECTION('',(0.,-0.,1.));
#1979 = ADVANCED_FACE('',(#1980),#1998,.T.);
#1980 = FACE_BOUND('',#1981,.T.);
#1981 = EDGE_LOOP('',(#1982,#1983,#1991,#1997));
#1982 = ORIENTED_EDGE('',*,*,#762,.F.);
#1983 = ORIENTED_EDGE('',*,*,#1984,.T.);
#1984 = EDGE_CURVE('',#755,#1985,#1987,.T.);
#1985 = VERTEX_POINT('',#1986);
#1986 = CARTESIAN_POINT('',(-1.05,-0.25,2.7));
#1987 = LINE('',#1988,#1989);
#1988 = CARTESIAN_POINT('',(-1.05,-0.25,1.2));
#1989 = VECTOR('',#1990,1.);
#1990 = DIRECTION('',(0.,0.,1.));
#1991 = ORIENTED_EDGE('',*,*,#1992,.T.);
#1992 = EDGE_CURVE('',#1985,#1898,#1993,.T.);
#1993 = LINE('',#1994,#1995);
#1994 = CARTESIAN_POINT('',(-1.05,-0.25,2.7));
#1995 = VECTOR('',#1996,1.);
#1996 = DIRECTION('',(0.,1.,0.));
#1997 = ORIENTED_EDGE('',*,*,#1897,.T.);
#1998 = PLANE('',#1999);
#1999 = AXIS2_PLACEMENT_3D('',#2000,#2001,#2002);
#2000 = CARTESIAN_POINT('',(-1.05,-0.275,1.125));
#2001 = DIRECTION('',(-1.,0.,0.));
#2002 = DIRECTION('',(0.,0.,1.));
#2003 = ADVANCED_FACE('',(#2004),#2022,.T.);
#2004 = FACE_BOUND('',#2005,.T.);
#2005 = EDGE_LOOP('',(#2006,#2007,#2008,#2016));
#2006 = ORIENTED_EDGE('',*,*,#778,.F.);
#2007 = ORIENTED_EDGE('',*,*,#1913,.T.);
#2008 = ORIENTED_EDGE('',*,*,#2009,.F.);
#2009 = EDGE_CURVE('',#2010,#1906,#2012,.T.);
#2010 = VERTEX_POINT('',#2011);
#2011 = CARTESIAN_POINT('',(1.05,-0.25,2.7));
#2012 = LINE('',#2013,#2014);
#2013 = CARTESIAN_POINT('',(1.05,-0.25,2.7));
#2014 = VECTOR('',#2015,1.);
#2015 = DIRECTION('',(0.,1.,0.));
#2016 = ORIENTED_EDGE('',*,*,#2017,.T.);
#2017 = EDGE_CURVE('',#2010,#753,#2018,.T.);
#2018 = LINE('',#2019,#2020);
#2019 = CARTESIAN_POINT('',(1.05,-0.25,2.7));
#2020 = VECTOR('',#2021,1.);
#2021 = DIRECTION('',(0.,0.,-1.));
#2022 = PLANE('',#2023);
#2023 = AXIS2_PLACEMENT_3D('',#2024,#2025,#2026);
#2024 = CARTESIAN_POINT('',(1.05,-0.275,2.775));
#2025 = DIRECTION('',(1.,0.,0.));
#2026 = DIRECTION('',(0.,0.,-1.));
#2027 = ADVANCED_FACE('',(#2028),#2062,.T.);
#2028 = FACE_BOUND('',#2029,.T.);
#2029 = EDGE_LOOP('',(#2030,#2040,#2048,#2056));
#2030 = ORIENTED_EDGE('',*,*,#2031,.F.);
#2031 = EDGE_CURVE('',#2032,#2034,#2036,.T.);
#2032 = VERTEX_POINT('',#2033);
#2033 = CARTESIAN_POINT('',(1.05,-0.25,0.1));
#2034 = VERTEX_POINT('',#2035);
#2035 = CARTESIAN_POINT('',(1.05,0.25,0.1));
#2036 = LINE('',#2037,#2038);
#2037 = CARTESIAN_POINT('',(1.05,-0.25,0.1));
#2038 = VECTOR('',#2039,1.);
#2039 = DIRECTION('',(0.,1.,0.));
#2040 = ORIENTED_EDGE('',*,*,#2041,.T.);
#2041 = EDGE_CURVE('',#2032,#2042,#2044,.T.);
#2042 = VERTEX_POINT('',#2043);
#2043 = CARTESIAN_POINT('',(1.05,-0.25,-0.249730743616));
#2044 = LINE('',#2045,#2046);
#2045 = CARTESIAN_POINT('',(1.05,-0.25,0.1));
#2046 = VECTOR('',#2047,1.);
#2047 = DIRECTION('',(0.,0.,-1.));
#2048 = ORIENTED_EDGE('',*,*,#2049,.T.);
#2049 = EDGE_CURVE('',#2042,#2050,#2052,.T.);
#2050 = VERTEX_POINT('',#2051);
#2051 = CARTESIAN_POINT('',(1.05,0.25,-0.249730743616));
#2052 = LINE('',#2053,#2054);
#2053 = CARTESIAN_POINT('',(1.05,-0.25,-0.249730743616));
#2054 = VECTOR('',#2055,1.);
#2055 = DIRECTION('',(0.,1.,0.));
#2056 = ORIENTED_EDGE('',*,*,#2057,.T.);
#2057 = EDGE_CURVE('',#2050,#2034,#2058,.T.);
#2058 = LINE('',#2059,#2060);
#2059 = CARTESIAN_POINT('',(1.05,0.25,-0.249730743616));
#2060 = VECTOR('',#2061,1.);
#2061 = DIRECTION('',(0.,0.,1.));
#2062 = PLANE('',#2063);
#2063 = AXIS2_PLACEMENT_3D('',#2064,#2065,#2066);
#2064 = CARTESIAN_POINT('',(1.05,-0.275,0.117486537181));
#2065 = DIRECTION('',(1.,0.,0.));
#2066 = DIRECTION('',(0.,0.,-1.));
#2067 = ADVANCED_FACE('',(#2068),#2120,.F.);
#2068 = FACE_BOUND('',#2069,.T.);
#2069 = EDGE_LOOP('',(#2070,#2080,#2088,#2097,#2105,#2114));
#2070 = ORIENTED_EDGE('',*,*,#2071,.F.);
#2071 = EDGE_CURVE('',#2072,#2074,#2076,.T.);
#2072 = VERTEX_POINT('',#2073);
#2073 = CARTESIAN_POINT('',(-0.3,-0.25,0.1));
#2074 = VERTEX_POINT('',#2075);
#2075 = CARTESIAN_POINT('',(0.3,-0.25,0.1));
#2076 = LINE('',#2077,#2078);
#2077 = CARTESIAN_POINT('',(-0.3,-0.25,0.1));
#2078 = VECTOR('',#2079,1.);
#2079 = DIRECTION('',(1.,0.,0.));
#2080 = ORIENTED_EDGE('',*,*,#2081,.F.);
#2081 = EDGE_CURVE('',#2082,#2072,#2084,.T.);
#2082 = VERTEX_POINT('',#2083);
#2083 = CARTESIAN_POINT('',(-0.3,-0.25,-4.85));
#2084 = LINE('',#2085,#2086);
#2085 = CARTESIAN_POINT('',(-0.3,-0.25,-4.85));
#2086 = VECTOR('',#2087,1.);
#2087 = DIRECTION('',(0.,0.,1.));
#2088 = ORIENTED_EDGE('',*,*,#2089,.F.);
#2089 = EDGE_CURVE('',#2090,#2082,#2092,.T.);
#2090 = VERTEX_POINT('',#2091);
#2091 = CARTESIAN_POINT('',(-5.E-02,-0.25,-5.1));
#2092 = CIRCLE('',#2093,0.25);
#2093 = AXIS2_PLACEMENT_3D('',#2094,#2095,#2096);
#2094 = CARTESIAN_POINT('',(-5.E-02,-0.25,-4.85));
#2095 = DIRECTION('',(0.,1.,0.));
#2096 = DIRECTION('',(0.,0.,-1.));
#2097 = ORIENTED_EDGE('',*,*,#2098,.F.);
#2098 = EDGE_CURVE('',#2099,#2090,#2101,.T.);
#2099 = VERTEX_POINT('',#2100);
#2100 = CARTESIAN_POINT('',(5.E-02,-0.25,-5.1));
#2101 = LINE('',#2102,#2103);
#2102 = CARTESIAN_POINT('',(5.E-02,-0.25,-5.1));
#2103 = VECTOR('',#2104,1.);
#2104 = DIRECTION('',(-1.,0.,0.));
#2105 = ORIENTED_EDGE('',*,*,#2106,.F.);
#2106 = EDGE_CURVE('',#2107,#2099,#2109,.T.);
#2107 = VERTEX_POINT('',#2108);
#2108 = CARTESIAN_POINT('',(0.3,-0.25,-4.85));
#2109 = CIRCLE('',#2110,0.25);
#2110 = AXIS2_PLACEMENT_3D('',#2111,#2112,#2113);
#2111 = CARTESIAN_POINT('',(5.E-02,-0.25,-4.85));
#2112 = DIRECTION('',(-0.,1.,0.));
#2113 = DIRECTION('',(1.,0.,0.));
#2114 = ORIENTED_EDGE('',*,*,#2115,.F.);
#2115 = EDGE_CURVE('',#2074,#2107,#2116,.T.);
#2116 = LINE('',#2117,#2118);
#2117 = CARTESIAN_POINT('',(0.3,-0.25,0.1));
#2118 = VECTOR('',#2119,1.);
#2119 = DIRECTION('',(0.,0.,-1.));
#2120 = PLANE('',#2121);
#2121 = AXIS2_PLACEMENT_3D('',#2122,#2123,#2124);
#2122 = CARTESIAN_POINT('',(-0.33,-0.25,-5.36));
#2123 = DIRECTION('',(0.,1.,0.));
#2124 = DIRECTION('',(0.,-0.,1.));
#2125 = ADVANCED_FACE('',(#2126),#2150,.F.);
#2126 = FACE_BOUND('',#2127,.T.);
#2127 = EDGE_LOOP('',(#2128,#2136,#2144));
#2128 = ORIENTED_EDGE('',*,*,#2129,.F.);
#2129 = EDGE_CURVE('',#2130,#2072,#2132,.T.);
#2130 = VERTEX_POINT('',#2131);
#2131 = CARTESIAN_POINT('',(-1.05,-0.25,0.1));
#2132 = LINE('',#2133,#2134);
#2133 = CARTESIAN_POINT('',(-1.05,-0.25,0.1));
#2134 = VECTOR('',#2135,1.);
#2135 = DIRECTION('',(1.,0.,0.));
#2136 = ORIENTED_EDGE('',*,*,#2137,.F.);
#2137 = EDGE_CURVE('',#2138,#2130,#2140,.T.);
#2138 = VERTEX_POINT('',#2139);
#2139 = CARTESIAN_POINT('',(-1.05,-0.25,-0.249730743616));
#2140 = LINE('',#2141,#2142);
#2141 = CARTESIAN_POINT('',(-1.05,-0.25,-0.249730743616));
#2142 = VECTOR('',#2143,1.);
#2143 = DIRECTION('',(0.,0.,1.));
#2144 = ORIENTED_EDGE('',*,*,#2145,.F.);
#2145 = EDGE_CURVE('',#2072,#2138,#2146,.T.);
#2146 = LINE('',#2147,#2148);
#2147 = CARTESIAN_POINT('',(-0.3,-0.25,0.1));
#2148 = VECTOR('',#2149,1.);
#2149 = DIRECTION('',(-0.906307787037,0.,-0.422618261741));
#2150 = PLANE('',#2151);
#2151 = AXIS2_PLACEMENT_3D('',#2152,#2153,#2154);
#2152 = CARTESIAN_POINT('',(-1.0875,-0.25,-0.267217280797));
#2153 = DIRECTION('',(0.,1.,0.));
#2154 = DIRECTION('',(0.,-0.,1.));
#2155 = ADVANCED_FACE('',(#2156),#2167,.F.);
#2156 = FACE_BOUND('',#2157,.T.);
#2157 = EDGE_LOOP('',(#2158,#2159,#2160,#2166));
#2158 = ORIENTED_EDGE('',*,*,#752,.F.);
#2159 = ORIENTED_EDGE('',*,*,#2017,.F.);
#2160 = ORIENTED_EDGE('',*,*,#2161,.F.);
#2161 = EDGE_CURVE('',#1985,#2010,#2162,.T.);
#2162 = LINE('',#2163,#2164);
#2163 = CARTESIAN_POINT('',(-1.05,-0.25,2.7));
#2164 = VECTOR('',#2165,1.);
#2165 = DIRECTION('',(1.,0.,0.));
#2166 = ORIENTED_EDGE('',*,*,#1984,.F.);
#2167 = PLANE('',#2168);
#2168 = AXIS2_PLACEMENT_3D('',#2169,#2170,#2171);
#2169 = CARTESIAN_POINT('',(-1.155,-0.25,1.125));
#2170 = DIRECTION('',(0.,1.,0.));
#2171 = DIRECTION('',(0.,-0.,1.));
#2172 = ADVANCED_FACE('',(#2173),#2188,.F.);
#2173 = FACE_BOUND('',#2174,.T.);
#2174 = EDGE_LOOP('',(#2175,#2181,#2187));
#2175 = ORIENTED_EDGE('',*,*,#2176,.F.);
#2176 = EDGE_CURVE('',#2074,#2032,#2177,.T.);
#2177 = LINE('',#2178,#2179);
#2178 = CARTESIAN_POINT('',(0.3,-0.25,0.1));
#2179 = VECTOR('',#2180,1.);
#2180 = DIRECTION('',(1.,0.,0.));
#2181 = ORIENTED_EDGE('',*,*,#2182,.F.);
#2182 = EDGE_CURVE('',#2042,#2074,#2183,.T.);
#2183 = LINE('',#2184,#2185);
#2184 = CARTESIAN_POINT('',(1.05,-0.25,-0.249730743616));
#2185 = VECTOR('',#2186,1.);
#2186 = DIRECTION('',(-0.906307787037,0.,0.422618261741));
#2187 = ORIENTED_EDGE('',*,*,#2041,.F.);
#2188 = PLANE('',#2189);
#2189 = AXIS2_PLACEMENT_3D('',#2190,#2191,#2192);
#2190 = CARTESIAN_POINT('',(-1.70625389E-34,-0.25,-0.742677881138));
#2191 = DIRECTION('',(0.,1.,0.));
#2192 = DIRECTION('',(0.,-0.,1.));
#2193 = ADVANCED_FACE('',(#2194),#2210,.T.);
#2194 = FACE_BOUND('',#2195,.T.);
#2195 = EDGE_LOOP('',(#2196,#2197,#2203,#2204));
#2196 = ORIENTED_EDGE('',*,*,#1969,.T.);
#2197 = ORIENTED_EDGE('',*,*,#2198,.F.);
#2198 = EDGE_CURVE('',#2082,#1961,#2199,.T.);
#2199 = LINE('',#2200,#2201);
#2200 = CARTESIAN_POINT('',(-0.3,-0.25,-4.85));
#2201 = VECTOR('',#2202,1.);
#2202 = DIRECTION('',(0.,1.,0.));
#2203 = ORIENTED_EDGE('',*,*,#2081,.T.);
#2204 = ORIENTED_EDGE('',*,*,#2205,.F.);
#2205 = EDGE_CURVE('',#1865,#2072,#2206,.T.);
#2206 = LINE('',#2207,#2208);
#2207 = CARTESIAN_POINT('',(-0.3,0.25,0.1));
#2208 = VECTOR('',#2209,1.);
#2209 = DIRECTION('',(0.,-1.,0.));
#2210 = PLANE('',#2211);
#2211 = AXIS2_PLACEMENT_3D('',#2212,#2213,#2214);
#2212 = CARTESIAN_POINT('',(-0.3,-0.275,-5.0975));
#2213 = DIRECTION('',(-1.,0.,0.));
#2214 = DIRECTION('',(0.,0.,1.));
#2215 = ADVANCED_FACE('',(#2216),#2227,.T.);
#2216 = FACE_BOUND('',#2217,.T.);
#2217 = EDGE_LOOP('',(#2218,#2219,#2225,#2226));
#2218 = ORIENTED_EDGE('',*,*,#1960,.T.);
#2219 = ORIENTED_EDGE('',*,*,#2220,.F.);
#2220 = EDGE_CURVE('',#2090,#1953,#2221,.T.);
#2221 = LINE('',#2222,#2223);
#2222 = CARTESIAN_POINT('',(-5.E-02,-0.25,-5.1));
#2223 = VECTOR('',#2224,1.);
#2224 = DIRECTION('',(0.,1.,0.));
#2225 = ORIENTED_EDGE('',*,*,#2089,.T.);
#2226 = ORIENTED_EDGE('',*,*,#2198,.T.);
#2227 = CYLINDRICAL_SURFACE('',#2228,0.25);
#2228 = AXIS2_PLACEMENT_3D('',#2229,#2230,#2231);
#2229 = CARTESIAN_POINT('',(-5.E-02,-0.275,-4.85));
#2230 = DIRECTION('',(0.,1.,0.));
#2231 = DIRECTION('',(0.707106781187,-0.,0.707106781187));
#2232 = ADVANCED_FACE('',(#2233),#2244,.T.);
#2233 = FACE_BOUND('',#2234,.T.);
#2234 = EDGE_LOOP('',(#2235,#2236,#2242,#2243));
#2235 = ORIENTED_EDGE('',*,*,#1952,.T.);
#2236 = ORIENTED_EDGE('',*,*,#2237,.F.);
#2237 = EDGE_CURVE('',#2099,#1944,#2238,.T.);
#2238 = LINE('',#2239,#2240);
#2239 = CARTESIAN_POINT('',(5.E-02,-0.25,-5.1));
#2240 = VECTOR('',#2241,1.);
#2241 = DIRECTION('',(0.,1.,0.));
#2242 = ORIENTED_EDGE('',*,*,#2098,.T.);
#2243 = ORIENTED_EDGE('',*,*,#2220,.T.);
#2244 = PLANE('',#2245);
#2245 = AXIS2_PLACEMENT_3D('',#2246,#2247,#2248);
#2246 = CARTESIAN_POINT('',(5.500000000001E-02,-0.275,-5.1));
#2247 = DIRECTION('',(0.,0.,-1.));
#2248 = DIRECTION('',(-1.,0.,0.));
#2249 = ADVANCED_FACE('',(#2250),#2261,.T.);
#2250 = FACE_BOUND('',#2251,.T.);
#2251 = EDGE_LOOP('',(#2252,#2253,#2259,#2260));
#2252 = ORIENTED_EDGE('',*,*,#1943,.T.);
#2253 = ORIENTED_EDGE('',*,*,#2254,.F.);
#2254 = EDGE_CURVE('',#2107,#1936,#2255,.T.);
#2255 = LINE('',#2256,#2257);
#2256 = CARTESIAN_POINT('',(0.3,-0.25,-4.85));
#2257 = VECTOR('',#2258,1.);
#2258 = DIRECTION('',(0.,1.,0.));
#2259 = ORIENTED_EDGE('',*,*,#2106,.T.);
#2260 = ORIENTED_EDGE('',*,*,#2237,.T.);
#2261 = CYLINDRICAL_SURFACE('',#2262,0.25);
#2262 = AXIS2_PLACEMENT_3D('',#2263,#2264,#2265);
#2263 = CARTESIAN_POINT('',(5.E-02,-0.275,-4.85));
#2264 = DIRECTION('',(0.,1.,0.));
#2265 = DIRECTION('',(-0.707106781187,0.,0.707106781187));
#2266 = ADVANCED_FACE('',(#2267),#2278,.T.);
#2267 = FACE_BOUND('',#2268,.T.);
#2268 = EDGE_LOOP('',(#2269,#2270,#2276,#2277));
#2269 = ORIENTED_EDGE('',*,*,#1935,.T.);
#2270 = ORIENTED_EDGE('',*,*,#2271,.F.);
#2271 = EDGE_CURVE('',#2074,#1928,#2272,.T.);
#2272 = LINE('',#2273,#2274);
#2273 = CARTESIAN_POINT('',(0.3,-0.25,0.1));
#2274 = VECTOR('',#2275,1.);
#2275 = DIRECTION('',(0.,1.,0.));
#2276 = ORIENTED_EDGE('',*,*,#2115,.T.);
#2277 = ORIENTED_EDGE('',*,*,#2254,.T.);
#2278 = PLANE('',#2279);
#2279 = AXIS2_PLACEMENT_3D('',#2280,#2281,#2282);
#2280 = CARTESIAN_POINT('',(0.3,-0.275,0.3475));
#2281 = DIRECTION('',(1.,0.,0.));
#2282 = DIRECTION('',(0.,0.,-1.));
#2283 = ADVANCED_FACE('',(#2284),#2295,.T.);
#2284 = FACE_BOUND('',#2285,.T.);
#2285 = EDGE_LOOP('',(#2286,#2292,#2293,#2294));
#2286 = ORIENTED_EDGE('',*,*,#2287,.T.);
#2287 = EDGE_CURVE('',#1928,#2050,#2288,.T.);
#2288 = LINE('',#2289,#2290);
#2289 = CARTESIAN_POINT('',(0.3,0.25,0.1));
#2290 = VECTOR('',#2291,1.);
#2291 = DIRECTION('',(0.906307787037,0.,-0.422618261741));
#2292 = ORIENTED_EDGE('',*,*,#2049,.F.);
#2293 = ORIENTED_EDGE('',*,*,#2182,.T.);
#2294 = ORIENTED_EDGE('',*,*,#2271,.T.);
#2295 = PLANE('',#2296);
#2296 = AXIS2_PLACEMENT_3D('',#2297,#2298,#2299);
#2297 = CARTESIAN_POINT('',(1.0875,-0.275,-0.267217280797));
#2298 = DIRECTION('',(-0.422618261741,0.,-0.906307787037));
#2299 = DIRECTION('',(-0.906307787037,0.,0.422618261741));
#2300 = ADVANCED_FACE('',(#2301),#2307,.T.);
#2301 = FACE_BOUND('',#2302,.T.);
#2302 = EDGE_LOOP('',(#2303,#2304,#2305,#2306));
#2303 = ORIENTED_EDGE('',*,*,#1905,.T.);
#2304 = ORIENTED_EDGE('',*,*,#1992,.F.);
#2305 = ORIENTED_EDGE('',*,*,#2161,.T.);
#2306 = ORIENTED_EDGE('',*,*,#2009,.T.);
#2307 = PLANE('',#2308);
#2308 = AXIS2_PLACEMENT_3D('',#2309,#2310,#2311);
#2309 = CARTESIAN_POINT('',(-1.155,-0.275,2.7));
#2310 = DIRECTION('',(0.,0.,1.));
#2311 = DIRECTION('',(1.,0.,-0.));
#2312 = ADVANCED_FACE('',(#2313),#2329,.T.);
#2313 = FACE_BOUND('',#2314,.T.);
#2314 = EDGE_LOOP('',(#2315,#2321,#2322,#2328));
#2315 = ORIENTED_EDGE('',*,*,#2316,.F.);
#2316 = EDGE_CURVE('',#1867,#2130,#2317,.T.);
#2317 = LINE('',#2318,#2319);
#2318 = CARTESIAN_POINT('',(-1.05,0.25,0.1));
#2319 = VECTOR('',#2320,1.);
#2320 = DIRECTION('',(0.,-1.,0.));
#2321 = ORIENTED_EDGE('',*,*,#1882,.T.);
#2322 = ORIENTED_EDGE('',*,*,#2323,.F.);
#2323 = EDGE_CURVE('',#2138,#1875,#2324,.T.);
#2324 = LINE('',#2325,#2326);
#2325 = CARTESIAN_POINT('',(-1.05,-0.25,-0.249730743616));
#2326 = VECTOR('',#2327,1.);
#2327 = DIRECTION('',(0.,1.,0.));
#2328 = ORIENTED_EDGE('',*,*,#2137,.T.);
#2329 = PLANE('',#2330);
#2330 = AXIS2_PLACEMENT_3D('',#2331,#2332,#2333);
#2331 = CARTESIAN_POINT('',(-1.05,-0.275,-0.267217280797));
#2332 = DIRECTION('',(-1.,0.,0.));
#2333 = DIRECTION('',(0.,0.,1.));
#2334 = ADVANCED_FACE('',(#2335),#2341,.T.);
#2335 = FACE_BOUND('',#2336,.T.);
#2336 = EDGE_LOOP('',(#2337,#2338,#2339,#2340));
#2337 = ORIENTED_EDGE('',*,*,#1874,.T.);
#2338 = ORIENTED_EDGE('',*,*,#2205,.T.);
#2339 = ORIENTED_EDGE('',*,*,#2145,.T.);
#2340 = ORIENTED_EDGE('',*,*,#2323,.T.);
#2341 = PLANE('',#2342);
#2342 = AXIS2_PLACEMENT_3D('',#2343,#2344,#2345);
#2343 = CARTESIAN_POINT('',(-0.2625,-0.275,0.117486537181));
#2344 = DIRECTION('',(0.422618261741,0.,-0.906307787037));
#2345 = DIRECTION('',(-0.906307787037,0.,-0.422618261741));
#2346 = ADVANCED_FACE('',(#2347),#2357,.T.);
#2347 = FACE_BOUND('',#2348,.T.);
#2348 = EDGE_LOOP('',(#2349,#2355,#2356));
#2349 = ORIENTED_EDGE('',*,*,#2350,.F.);
#2350 = EDGE_CURVE('',#2034,#1928,#2351,.T.);
#2351 = LINE('',#2352,#2353);
#2352 = CARTESIAN_POINT('',(1.05,0.25,0.1));
#2353 = VECTOR('',#2354,1.);
#2354 = DIRECTION('',(-1.,0.,0.));
#2355 = ORIENTED_EDGE('',*,*,#2057,.F.);
#2356 = ORIENTED_EDGE('',*,*,#2287,.F.);
#2357 = PLANE('',#2358);
#2358 = AXIS2_PLACEMENT_3D('',#2359,#2360,#2361);
#2359 = CARTESIAN_POINT('',(8.6736174E-18,0.25,-0.742677881138));
#2360 = DIRECTION('',(0.,1.,0.));
#2361 = DIRECTION('',(0.,-0.,1.));
#2362 = ADVANCED_FACE('',(#2363),#2397,.F.);
#2363 = FACE_BOUND('',#2364,.T.);
#2364 = EDGE_LOOP('',(#2365,#2375,#2383,#2391));
#2365 = ORIENTED_EDGE('',*,*,#2366,.F.);
#2366 = EDGE_CURVE('',#2367,#2369,#2371,.T.);
#2367 = VERTEX_POINT('',#2368);
#2368 = CARTESIAN_POINT('',(-4.9,1.5,0.1));
#2369 = VERTEX_POINT('',#2370);
#2370 = CARTESIAN_POINT('',(-3.55,1.5,0.1));
#2371 = LINE('',#2372,#2373);
#2372 = CARTESIAN_POINT('',(-4.9,1.5,0.1));
#2373 = VECTOR('',#2374,1.);
#2374 = DIRECTION('',(1.,0.,0.));
#2375 = ORIENTED_EDGE('',*,*,#2376,.F.);
#2376 = EDGE_CURVE('',#2377,#2367,#2379,.T.);
#2377 = VERTEX_POINT('',#2378);
#2378 = CARTESIAN_POINT('',(-4.9,1.5,-0.4));
#2379 = LINE('',#2380,#2381);
#2380 = CARTESIAN_POINT('',(-4.9,1.5,-0.4));
#2381 = VECTOR('',#2382,1.);
#2382 = DIRECTION('',(0.,0.,1.));
#2383 = ORIENTED_EDGE('',*,*,#2384,.F.);
#2384 = EDGE_CURVE('',#2385,#2377,#2387,.T.);
#2385 = VERTEX_POINT('',#2386);
#2386 = CARTESIAN_POINT('',(-3.55,1.5,-0.4));
#2387 = LINE('',#2388,#2389);
#2388 = CARTESIAN_POINT('',(-3.55,1.5,-0.4));
#2389 = VECTOR('',#2390,1.);
#2390 = DIRECTION('',(-1.,0.,0.));
#2391 = ORIENTED_EDGE('',*,*,#2392,.T.);
#2392 = EDGE_CURVE('',#2385,#2369,#2393,.T.);
#2393 = LINE('',#2394,#2395);
#2394 = CARTESIAN_POINT('',(-3.55,1.5,-0.4));
#2395 = VECTOR('',#2396,1.);
#2396 = DIRECTION('',(0.,0.,1.));
#2397 = PLANE('',#2398);
#2398 = AXIS2_PLACEMENT_3D('',#2399,#2400,#2401);
#2399 = CARTESIAN_POINT('',(-4.9675,1.5,-0.425));
#2400 = DIRECTION('',(0.,1.,0.));
#2401 = DIRECTION('',(0.,-0.,1.));
#2402 = ADVANCED_FACE('',(#2403),#2428,.F.);
#2403 = FACE_BOUND('',#2404,.T.);
#2404 = EDGE_LOOP('',(#2405,#2413,#2414,#2422));
#2405 = ORIENTED_EDGE('',*,*,#2406,.F.);
#2406 = EDGE_CURVE('',#2369,#2407,#2409,.T.);
#2407 = VERTEX_POINT('',#2408);
#2408 = CARTESIAN_POINT('',(-3.55,2.,0.1));
#2409 = LINE('',#2410,#2411);
#2410 = CARTESIAN_POINT('',(-3.55,1.5,0.1));
#2411 = VECTOR('',#2412,1.);
#2412 = DIRECTION('',(0.,1.,0.));
#2413 = ORIENTED_EDGE('',*,*,#2392,.F.);
#2414 = ORIENTED_EDGE('',*,*,#2415,.F.);
#2415 = EDGE_CURVE('',#2416,#2385,#2418,.T.);
#2416 = VERTEX_POINT('',#2417);
#2417 = CARTESIAN_POINT('',(-3.55,2.,-0.4));
#2418 = LINE('',#2419,#2420);
#2419 = CARTESIAN_POINT('',(-3.55,2.,-0.4));
#2420 = VECTOR('',#2421,1.);
#2421 = DIRECTION('',(0.,-1.,0.));
#2422 = ORIENTED_EDGE('',*,*,#2423,.F.);
#2423 = EDGE_CURVE('',#2407,#2416,#2424,.T.);
#2424 = LINE('',#2425,#2426);
#2425 = CARTESIAN_POINT('',(-3.55,2.,0.1));
#2426 = VECTOR('',#2427,1.);
#2427 = DIRECTION('',(0.,0.,-1.));
#2428 = PLANE('',#2429);
#2429 = AXIS2_PLACEMENT_3D('',#2430,#2431,#2432);
#2430 = CARTESIAN_POINT('',(-3.55,1.475,-0.425));
#2431 = DIRECTION('',(-1.,0.,0.));
#2432 = DIRECTION('',(0.,0.,1.));
#2433 = ADVANCED_FACE('',(#2434),#2468,.F.);
#2434 = FACE_BOUND('',#2435,.T.);
#2435 = EDGE_LOOP('',(#2436,#2446,#2454,#2462));
#2436 = ORIENTED_EDGE('',*,*,#2437,.F.);
#2437 = EDGE_CURVE('',#2438,#2440,#2442,.T.);
#2438 = VERTEX_POINT('',#2439);
#2439 = CARTESIAN_POINT('',(3.55,2.,0.1));
#2440 = VERTEX_POINT('',#2441);
#2441 = CARTESIAN_POINT('',(3.55,1.5,0.1));
#2442 = LINE('',#2443,#2444);
#2443 = CARTESIAN_POINT('',(3.55,2.,0.1));
#2444 = VECTOR('',#2445,1.);
#2445 = DIRECTION('',(0.,-1.,0.));
#2446 = ORIENTED_EDGE('',*,*,#2447,.F.);
#2447 = EDGE_CURVE('',#2448,#2438,#2450,.T.);
#2448 = VERTEX_POINT('',#2449);
#2449 = CARTESIAN_POINT('',(3.55,2.,-0.4));
#2450 = LINE('',#2451,#2452);
#2451 = CARTESIAN_POINT('',(3.55,2.,-0.4));
#2452 = VECTOR('',#2453,1.);
#2453 = DIRECTION('',(0.,0.,1.));
#2454 = ORIENTED_EDGE('',*,*,#2455,.F.);
#2455 = EDGE_CURVE('',#2456,#2448,#2458,.T.);
#2456 = VERTEX_POINT('',#2457);
#2457 = CARTESIAN_POINT('',(3.55,1.5,-0.4));
#2458 = LINE('',#2459,#2460);
#2459 = CARTESIAN_POINT('',(3.55,1.5,-0.4));
#2460 = VECTOR('',#2461,1.);
#2461 = DIRECTION('',(0.,1.,0.));
#2462 = ORIENTED_EDGE('',*,*,#2463,.T.);
#2463 = EDGE_CURVE('',#2456,#2440,#2464,.T.);
#2464 = LINE('',#2465,#2466);
#2465 = CARTESIAN_POINT('',(3.55,1.5,-0.4));
#2466 = VECTOR('',#2467,1.);
#2467 = DIRECTION('',(0.,0.,1.));
#2468 = PLANE('',#2469);
#2469 = AXIS2_PLACEMENT_3D('',#2470,#2471,#2472);
#2470 = CARTESIAN_POINT('',(3.55,1.475,0.125));
#2471 = DIRECTION('',(1.,0.,0.));
#2472 = DIRECTION('',(0.,0.,-1.));
#2473 = ADVANCED_FACE('',(#2474),#2499,.F.);
#2474 = FACE_BOUND('',#2475,.T.);
#2475 = EDGE_LOOP('',(#2476,#2484,#2485,#2493));
#2476 = ORIENTED_EDGE('',*,*,#2477,.F.);
#2477 = EDGE_CURVE('',#2440,#2478,#2480,.T.);
#2478 = VERTEX_POINT('',#2479);
#2479 = CARTESIAN_POINT('',(4.9,1.5,0.1));
#2480 = LINE('',#2481,#2482);
#2481 = CARTESIAN_POINT('',(3.55,1.5,0.1));
#2482 = VECTOR('',#2483,1.);
#2483 = DIRECTION('',(1.,0.,0.));
#2484 = ORIENTED_EDGE('',*,*,#2463,.F.);
#2485 = ORIENTED_EDGE('',*,*,#2486,.F.);
#2486 = EDGE_CURVE('',#2487,#2456,#2489,.T.);
#2487 = VERTEX_POINT('',#2488);
#2488 = CARTESIAN_POINT('',(4.9,1.5,-0.4));
#2489 = LINE('',#2490,#2491);
#2490 = CARTESIAN_POINT('',(4.9,1.5,-0.4));
#2491 = VECTOR('',#2492,1.);
#2492 = DIRECTION('',(-1.,0.,0.));
#2493 = ORIENTED_EDGE('',*,*,#2494,.T.);
#2494 = EDGE_CURVE('',#2487,#2478,#2495,.T.);
#2495 = LINE('',#2496,#2497);
#2496 = CARTESIAN_POINT('',(4.9,1.5,-0.4));
#2497 = VECTOR('',#2498,1.);
#2498 = DIRECTION('',(0.,0.,1.));
#2499 = PLANE('',#2500);
#2500 = AXIS2_PLACEMENT_3D('',#2501,#2502,#2503);
#2501 = CARTESIAN_POINT('',(3.4825,1.5,-0.425));
#2502 = DIRECTION('',(0.,1.,0.));
#2503 = DIRECTION('',(0.,-0.,1.));
#2504 = ADVANCED_FACE('',(#2505),#2530,.F.);
#2505 = FACE_BOUND('',#2506,.T.);
#2506 = EDGE_LOOP('',(#2507,#2515,#2516,#2524));
#2507 = ORIENTED_EDGE('',*,*,#2508,.F.);
#2508 = EDGE_CURVE('',#2478,#2509,#2511,.T.);
#2509 = VERTEX_POINT('',#2510);
#2510 = CARTESIAN_POINT('',(4.9,-1.5,0.1));
#2511 = LINE('',#2512,#2513);
#2512 = CARTESIAN_POINT('',(4.9,1.5,0.1));
#2513 = VECTOR('',#2514,1.);
#2514 = DIRECTION('',(0.,-1.,0.));
#2515 = ORIENTED_EDGE('',*,*,#2494,.F.);
#2516 = ORIENTED_EDGE('',*,*,#2517,.F.);
#2517 = EDGE_CURVE('',#2518,#2487,#2520,.T.);
#2518 = VERTEX_POINT('',#2519);
#2519 = CARTESIAN_POINT('',(4.9,-1.5,-0.4));
#2520 = LINE('',#2521,#2522);
#2521 = CARTESIAN_POINT('',(4.9,-1.5,-0.4));
#2522 = VECTOR('',#2523,1.);
#2523 = DIRECTION('',(0.,1.,0.));
#2524 = ORIENTED_EDGE('',*,*,#2525,.T.);
#2525 = EDGE_CURVE('',#2518,#2509,#2526,.T.);
#2526 = LINE('',#2527,#2528);
#2527 = CARTESIAN_POINT('',(4.9,-1.5,-0.4));
#2528 = VECTOR('',#2529,1.);
#2529 = DIRECTION('',(0.,0.,1.));
#2530 = PLANE('',#2531);
#2531 = AXIS2_PLACEMENT_3D('',#2532,#2533,#2534);
#2532 = CARTESIAN_POINT('',(4.9,-1.65,0.125));
#2533 = DIRECTION('',(1.,0.,0.));
#2534 = DIRECTION('',(0.,0.,-1.));
#2535 = ADVANCED_FACE('',(#2536),#2561,.F.);
#2536 = FACE_BOUND('',#2537,.T.);
#2537 = EDGE_LOOP('',(#2538,#2546,#2547,#2555));
#2538 = ORIENTED_EDGE('',*,*,#2539,.F.);
#2539 = EDGE_CURVE('',#2509,#2540,#2542,.T.);
#2540 = VERTEX_POINT('',#2541);
#2541 = CARTESIAN_POINT('',(3.55,-1.5,0.1));
#2542 = LINE('',#2543,#2544);
#2543 = CARTESIAN_POINT('',(4.9,-1.5,0.1));
#2544 = VECTOR('',#2545,1.);
#2545 = DIRECTION('',(-1.,0.,0.));
#2546 = ORIENTED_EDGE('',*,*,#2525,.F.);
#2547 = ORIENTED_EDGE('',*,*,#2548,.F.);
#2548 = EDGE_CURVE('',#2549,#2518,#2551,.T.);
#2549 = VERTEX_POINT('',#2550);
#2550 = CARTESIAN_POINT('',(3.55,-1.5,-0.4));
#2551 = LINE('',#2552,#2553);
#2552 = CARTESIAN_POINT('',(3.55,-1.5,-0.4));
#2553 = VECTOR('',#2554,1.);
#2554 = DIRECTION('',(1.,0.,0.));
#2555 = ORIENTED_EDGE('',*,*,#2556,.T.);
#2556 = EDGE_CURVE('',#2549,#2540,#2557,.T.);
#2557 = LINE('',#2558,#2559);
#2558 = CARTESIAN_POINT('',(3.55,-1.5,-0.4));
#2559 = VECTOR('',#2560,1.);
#2560 = DIRECTION('',(0.,0.,1.));
#2561 = PLANE('',#2562);
#2562 = AXIS2_PLACEMENT_3D('',#2563,#2564,#2565);
#2563 = CARTESIAN_POINT('',(3.4825,-1.5,0.125));
#2564 = DIRECTION('',(0.,-1.,0.));
#2565 = DIRECTION('',(0.,0.,-1.));
#2566 = ADVANCED_FACE('',(#2567),#2592,.F.);
#2567 = FACE_BOUND('',#2568,.T.);
#2568 = EDGE_LOOP('',(#2569,#2577,#2578,#2586));
#2569 = ORIENTED_EDGE('',*,*,#2570,.F.);
#2570 = EDGE_CURVE('',#2540,#2571,#2573,.T.);
#2571 = VERTEX_POINT('',#2572);
#2572 = CARTESIAN_POINT('',(3.55,-2.,0.1));
#2573 = LINE('',#2574,#2575);
#2574 = CARTESIAN_POINT('',(3.55,-1.5,0.1));
#2575 = VECTOR('',#2576,1.);
#2576 = DIRECTION('',(0.,-1.,0.));
#2577 = ORIENTED_EDGE('',*,*,#2556,.F.);
#2578 = ORIENTED_EDGE('',*,*,#2579,.F.);
#2579 = EDGE_CURVE('',#2580,#2549,#2582,.T.);
#2580 = VERTEX_POINT('',#2581);
#2581 = CARTESIAN_POINT('',(3.55,-2.,-0.4));
#2582 = LINE('',#2583,#2584);
#2583 = CARTESIAN_POINT('',(3.55,-2.,-0.4));
#2584 = VECTOR('',#2585,1.);
#2585 = DIRECTION('',(0.,1.,0.));
#2586 = ORIENTED_EDGE('',*,*,#2587,.F.);
#2587 = EDGE_CURVE('',#2571,#2580,#2588,.T.);
#2588 = LINE('',#2589,#2590);
#2589 = CARTESIAN_POINT('',(3.55,-2.,0.1));
#2590 = VECTOR('',#2591,1.);
#2591 = DIRECTION('',(0.,0.,-1.));
#2592 = PLANE('',#2593);
#2593 = AXIS2_PLACEMENT_3D('',#2594,#2595,#2596);
#2594 = CARTESIAN_POINT('',(3.55,-2.025,0.125));
#2595 = DIRECTION('',(1.,0.,0.));
#2596 = DIRECTION('',(0.,0.,-1.));
#2597 = ADVANCED_FACE('',(#2598),#2632,.F.);
#2598 = FACE_BOUND('',#2599,.T.);
#2599 = EDGE_LOOP('',(#2600,#2610,#2618,#2626));
#2600 = ORIENTED_EDGE('',*,*,#2601,.F.);
#2601 = EDGE_CURVE('',#2602,#2604,#2606,.T.);
#2602 = VERTEX_POINT('',#2603);
#2603 = CARTESIAN_POINT('',(-3.55,-2.,0.1));
#2604 = VERTEX_POINT('',#2605);
#2605 = CARTESIAN_POINT('',(-3.55,-1.5,0.1));
#2606 = LINE('',#2607,#2608);
#2607 = CARTESIAN_POINT('',(-3.55,-2.,0.1));
#2608 = VECTOR('',#2609,1.);
#2609 = DIRECTION('',(0.,1.,0.));
#2610 = ORIENTED_EDGE('',*,*,#2611,.F.);
#2611 = EDGE_CURVE('',#2612,#2602,#2614,.T.);
#2612 = VERTEX_POINT('',#2613);
#2613 = CARTESIAN_POINT('',(-3.55,-2.,-0.4));
#2614 = LINE('',#2615,#2616);
#2615 = CARTESIAN_POINT('',(-3.55,-2.,-0.4));
#2616 = VECTOR('',#2617,1.);
#2617 = DIRECTION('',(0.,0.,1.));
#2618 = ORIENTED_EDGE('',*,*,#2619,.F.);
#2619 = EDGE_CURVE('',#2620,#2612,#2622,.T.);
#2620 = VERTEX_POINT('',#2621);
#2621 = CARTESIAN_POINT('',(-3.55,-1.5,-0.4));
#2622 = LINE('',#2623,#2624);
#2623 = CARTESIAN_POINT('',(-3.55,-1.5,-0.4));
#2624 = VECTOR('',#2625,1.);
#2625 = DIRECTION('',(0.,-1.,0.));
#2626 = ORIENTED_EDGE('',*,*,#2627,.T.);
#2627 = EDGE_CURVE('',#2620,#2604,#2628,.T.);
#2628 = LINE('',#2629,#2630);
#2629 = CARTESIAN_POINT('',(-3.55,-1.5,-0.4));
#2630 = VECTOR('',#2631,1.);
#2631 = DIRECTION('',(0.,0.,1.));
#2632 = PLANE('',#2633);
#2633 = AXIS2_PLACEMENT_3D('',#2634,#2635,#2636);
#2634 = CARTESIAN_POINT('',(-3.55,-2.025,-0.425));
#2635 = DIRECTION('',(-1.,0.,0.));
#2636 = DIRECTION('',(0.,0.,1.));
#2637 = ADVANCED_FACE('',(#2638),#2663,.F.);
#2638 = FACE_BOUND('',#2639,.T.);
#2639 = EDGE_LOOP('',(#2640,#2648,#2649,#2657));
#2640 = ORIENTED_EDGE('',*,*,#2641,.F.);
#2641 = EDGE_CURVE('',#2604,#2642,#2644,.T.);
#2642 = VERTEX_POINT('',#2643);
#2643 = CARTESIAN_POINT('',(-4.9,-1.5,0.1));
#2644 = LINE('',#2645,#2646);
#2645 = CARTESIAN_POINT('',(-3.55,-1.5,0.1));
#2646 = VECTOR('',#2647,1.);
#2647 = DIRECTION('',(-1.,0.,0.));
#2648 = ORIENTED_EDGE('',*,*,#2627,.F.);
#2649 = ORIENTED_EDGE('',*,*,#2650,.F.);
#2650 = EDGE_CURVE('',#2651,#2620,#2653,.T.);
#2651 = VERTEX_POINT('',#2652);
#2652 = CARTESIAN_POINT('',(-4.9,-1.5,-0.4));
#2653 = LINE('',#2654,#2655);
#2654 = CARTESIAN_POINT('',(-4.9,-1.5,-0.4));
#2655 = VECTOR('',#2656,1.);
#2656 = DIRECTION('',(1.,0.,0.));
#2657 = ORIENTED_EDGE('',*,*,#2658,.T.);
#2658 = EDGE_CURVE('',#2651,#2642,#2659,.T.);
#2659 = LINE('',#2660,#2661);
#2660 = CARTESIAN_POINT('',(-4.9,-1.5,-0.4));
#2661 = VECTOR('',#2662,1.);
#2662 = DIRECTION('',(0.,0.,1.));
#2663 = PLANE('',#2664);
#2664 = AXIS2_PLACEMENT_3D('',#2665,#2666,#2667);
#2665 = CARTESIAN_POINT('',(-4.9675,-1.5,0.125));
#2666 = DIRECTION('',(0.,-1.,0.));
#2667 = DIRECTION('',(0.,0.,-1.));
#2668 = ADVANCED_FACE('',(#2669),#2685,.F.);
#2669 = FACE_BOUND('',#2670,.T.);
#2670 = EDGE_LOOP('',(#2671,#2677,#2678,#2684));
#2671 = ORIENTED_EDGE('',*,*,#2672,.F.);
#2672 = EDGE_CURVE('',#2642,#2367,#2673,.T.);
#2673 = LINE('',#2674,#2675);
#2674 = CARTESIAN_POINT('',(-4.9,-1.5,0.1));
#2675 = VECTOR('',#2676,1.);
#2676 = DIRECTION('',(0.,1.,0.));
#2677 = ORIENTED_EDGE('',*,*,#2658,.F.);
#2678 = ORIENTED_EDGE('',*,*,#2679,.F.);
#2679 = EDGE_CURVE('',#2377,#2651,#2680,.T.);
#2680 = LINE('',#2681,#2682);
#2681 = CARTESIAN_POINT('',(-4.9,1.5,-0.4));
#2682 = VECTOR('',#2683,1.);
#2683 = DIRECTION('',(0.,-1.,0.));
#2684 = ORIENTED_EDGE('',*,*,#2376,.T.);
#2685 = PLANE('',#2686);
#2686 = AXIS2_PLACEMENT_3D('',#2687,#2688,#2689);
#2687 = CARTESIAN_POINT('',(-4.9,-1.65,-0.425));
#2688 = DIRECTION('',(-1.,0.,0.));
#2689 = DIRECTION('',(0.,0.,1.));
#2690 = ADVANCED_FACE('',(#2691,#2715,#2725,#2735),#2745,.F.);
#2691 = FACE_BOUND('',#2692,.T.);
#2692 = EDGE_LOOP('',(#2693,#2694,#2695,#2701,#2702,#2703,#2704,#2705,
    #2706,#2712,#2713,#2714));
#2693 = ORIENTED_EDGE('',*,*,#2366,.T.);
#2694 = ORIENTED_EDGE('',*,*,#2406,.T.);
#2695 = ORIENTED_EDGE('',*,*,#2696,.F.);
#2696 = EDGE_CURVE('',#2438,#2407,#2697,.T.);
#2697 = LINE('',#2698,#2699);
#2698 = CARTESIAN_POINT('',(3.55,2.,0.1));
#2699 = VECTOR('',#2700,1.);
#2700 = DIRECTION('',(-1.,0.,0.));
#2701 = ORIENTED_EDGE('',*,*,#2437,.T.);
#2702 = ORIENTED_EDGE('',*,*,#2477,.T.);
#2703 = ORIENTED_EDGE('',*,*,#2508,.T.);
#2704 = ORIENTED_EDGE('',*,*,#2539,.T.);
#2705 = ORIENTED_EDGE('',*,*,#2570,.T.);
#2706 = ORIENTED_EDGE('',*,*,#2707,.F.);
#2707 = EDGE_CURVE('',#2602,#2571,#2708,.T.);
#2708 = LINE('',#2709,#2710);
#2709 = CARTESIAN_POINT('',(-3.55,-2.,0.1));
#2710 = VECTOR('',#2711,1.);
#2711 = DIRECTION('',(1.,0.,0.));
#2712 = ORIENTED_EDGE('',*,*,#2601,.T.);
#2713 = ORIENTED_EDGE('',*,*,#2641,.T.);
#2714 = ORIENTED_EDGE('',*,*,#2672,.T.);
#2715 = FACE_BOUND('',#2716,.T.);
#2716 = EDGE_LOOP('',(#2717,#2718,#2719,#2720,#2721,#2722,#2723,#2724));
#2717 = ORIENTED_EDGE('',*,*,#1125,.T.);
#2718 = ORIENTED_EDGE('',*,*,#1067,.T.);
#2719 = ORIENTED_EDGE('',*,*,#1172,.T.);
#2720 = ORIENTED_EDGE('',*,*,#1027,.T.);
#2721 = ORIENTED_EDGE('',*,*,#1346,.T.);
#2722 = ORIENTED_EDGE('',*,*,#923,.T.);
#2723 = ORIENTED_EDGE('',*,*,#860,.T.);
#2724 = ORIENTED_EDGE('',*,*,#1312,.T.);
#2725 = FACE_BOUND('',#2726,.T.);
#2726 = EDGE_LOOP('',(#2727,#2728,#2729,#2730,#2731,#2732,#2733,#2734));
#2727 = ORIENTED_EDGE('',*,*,#1627,.T.);
#2728 = ORIENTED_EDGE('',*,*,#1569,.T.);
#2729 = ORIENTED_EDGE('',*,*,#1674,.T.);
#2730 = ORIENTED_EDGE('',*,*,#1529,.T.);
#2731 = ORIENTED_EDGE('',*,*,#1848,.T.);
#2732 = ORIENTED_EDGE('',*,*,#1425,.T.);
#2733 = ORIENTED_EDGE('',*,*,#1362,.T.);
#2734 = ORIENTED_EDGE('',*,*,#1814,.T.);
#2735 = FACE_BOUND('',#2736,.T.);
#2736 = EDGE_LOOP('',(#2737,#2738,#2739,#2740,#2741,#2742,#2743,#2744));
#2737 = ORIENTED_EDGE('',*,*,#2129,.T.);
#2738 = ORIENTED_EDGE('',*,*,#2071,.T.);
#2739 = ORIENTED_EDGE('',*,*,#2176,.T.);
#2740 = ORIENTED_EDGE('',*,*,#2031,.T.);
#2741 = ORIENTED_EDGE('',*,*,#2350,.T.);
#2742 = ORIENTED_EDGE('',*,*,#1927,.T.);
#2743 = ORIENTED_EDGE('',*,*,#1864,.T.);
#2744 = ORIENTED_EDGE('',*,*,#2316,.T.);
#2745 = PLANE('',#2746);
#2746 = AXIS2_PLACEMENT_3D('',#2747,#2748,#2749);
#2747 = CARTESIAN_POINT('',(-5.39,-2.2,0.1));
#2748 = DIRECTION('',(0.,0.,1.));
#2749 = DIRECTION('',(1.,0.,-0.));
#2750 = ADVANCED_FACE('',(#2751),#2771,.F.);
#2751 = FACE_BOUND('',#2752,.T.);
#2752 = EDGE_LOOP('',(#2753,#2754,#2760,#2761,#2767,#2768,#2769,#2770));
#2753 = ORIENTED_EDGE('',*,*,#2455,.T.);
#2754 = ORIENTED_EDGE('',*,*,#2755,.T.);
#2755 = EDGE_CURVE('',#2448,#627,#2756,.T.);
#2756 = LINE('',#2757,#2758);
#2757 = CARTESIAN_POINT('',(3.55,2.,-0.4));
#2758 = VECTOR('',#2759,1.);
#2759 = DIRECTION('',(1.,0.,0.));
#2760 = ORIENTED_EDGE('',*,*,#626,.T.);
#2761 = ORIENTED_EDGE('',*,*,#2762,.T.);
#2762 = EDGE_CURVE('',#619,#2580,#2763,.T.);
#2763 = LINE('',#2764,#2765);
#2764 = CARTESIAN_POINT('',(5.15,-2.,-0.4));
#2765 = VECTOR('',#2766,1.);
#2766 = DIRECTION('',(-1.,0.,0.));
#2767 = ORIENTED_EDGE('',*,*,#2579,.T.);
#2768 = ORIENTED_EDGE('',*,*,#2548,.T.);
#2769 = ORIENTED_EDGE('',*,*,#2517,.T.);
#2770 = ORIENTED_EDGE('',*,*,#2486,.T.);
#2771 = PLANE('',#2772);
#2772 = AXIS2_PLACEMENT_3D('',#2773,#2774,#2775);
#2773 = CARTESIAN_POINT('',(3.47,-2.2,-0.4));
#2774 = DIRECTION('',(0.,0.,1.));
#2775 = DIRECTION('',(1.,0.,-0.));
#2776 = ADVANCED_FACE('',(#2777),#2806,.F.);
#2777 = FACE_BOUND('',#2778,.T.);
#2778 = EDGE_LOOP('',(#2779,#2780,#2781,#2782,#2783,#2784,#2792,#2800));
#2779 = ORIENTED_EDGE('',*,*,#2415,.T.);
#2780 = ORIENTED_EDGE('',*,*,#2384,.T.);
#2781 = ORIENTED_EDGE('',*,*,#2679,.T.);
#2782 = ORIENTED_EDGE('',*,*,#2650,.T.);
#2783 = ORIENTED_EDGE('',*,*,#2619,.T.);
#2784 = ORIENTED_EDGE('',*,*,#2785,.T.);
#2785 = EDGE_CURVE('',#2612,#2786,#2788,.T.);
#2786 = VERTEX_POINT('',#2787);
#2787 = CARTESIAN_POINT('',(-5.15,-2.,-0.4));
#2788 = LINE('',#2789,#2790);
#2789 = CARTESIAN_POINT('',(-3.55,-2.,-0.4));
#2790 = VECTOR('',#2791,1.);
#2791 = DIRECTION('',(-1.,0.,0.));
#2792 = ORIENTED_EDGE('',*,*,#2793,.T.);
#2793 = EDGE_CURVE('',#2786,#2794,#2796,.T.);
#2794 = VERTEX_POINT('',#2795);
#2795 = CARTESIAN_POINT('',(-5.15,2.,-0.4));
#2796 = LINE('',#2797,#2798);
#2797 = CARTESIAN_POINT('',(-5.15,-2.,-0.4));
#2798 = VECTOR('',#2799,1.);
#2799 = DIRECTION('',(0.,1.,0.));
#2800 = ORIENTED_EDGE('',*,*,#2801,.T.);
#2801 = EDGE_CURVE('',#2794,#2416,#2802,.T.);
#2802 = LINE('',#2803,#2804);
#2803 = CARTESIAN_POINT('',(-5.15,2.,-0.4));
#2804 = VECTOR('',#2805,1.);
#2805 = DIRECTION('',(1.,0.,0.));
#2806 = PLANE('',#2807);
#2807 = AXIS2_PLACEMENT_3D('',#2808,#2809,#2810);
#2808 = CARTESIAN_POINT('',(-5.23,-2.2,-0.4));
#2809 = DIRECTION('',(0.,0.,1.));
#2810 = DIRECTION('',(1.,0.,-0.));
#2811 = ADVANCED_FACE('',(#2812),#2836,.T.);
#2812 = FACE_BOUND('',#2813,.T.);
#2813 = EDGE_LOOP('',(#2814,#2815,#2816,#2817,#2818,#2824,#2825,#2831,
    #2832,#2833,#2834,#2835));
#2814 = ORIENTED_EDGE('',*,*,#501,.T.);
#2815 = ORIENTED_EDGE('',*,*,#737,.T.);
#2816 = ORIENTED_EDGE('',*,*,#248,.T.);
#2817 = ORIENTED_EDGE('',*,*,#286,.T.);
#2818 = ORIENTED_EDGE('',*,*,#2819,.F.);
#2819 = EDGE_CURVE('',#2794,#279,#2820,.T.);
#2820 = LINE('',#2821,#2822);
#2821 = CARTESIAN_POINT('',(-5.15,2.,-0.4));
#2822 = VECTOR('',#2823,1.);
#2823 = DIRECTION('',(0.,0.,1.));
#2824 = ORIENTED_EDGE('',*,*,#2793,.F.);
#2825 = ORIENTED_EDGE('',*,*,#2826,.T.);
#2826 = EDGE_CURVE('',#2786,#209,#2827,.T.);
#2827 = LINE('',#2828,#2829);
#2828 = CARTESIAN_POINT('',(-5.15,-2.,-0.4));
#2829 = VECTOR('',#2830,1.);
#2830 = DIRECTION('',(0.,0.,1.));
#2831 = ORIENTED_EDGE('',*,*,#208,.T.);
#2832 = ORIENTED_EDGE('',*,*,#679,.T.);
#2833 = ORIENTED_EDGE('',*,*,#744,.T.);
#2834 = ORIENTED_EDGE('',*,*,#425,.T.);
#2835 = ORIENTED_EDGE('',*,*,#486,.T.);
#2836 = PLANE('',#2837);
#2837 = AXIS2_PLACEMENT_3D('',#2838,#2839,#2840);
#2838 = CARTESIAN_POINT('',(-5.15,-2.2,-0.48));
#2839 = DIRECTION('',(-1.,0.,0.));
#2840 = DIRECTION('',(0.,0.,1.));
#2841 = ADVANCED_FACE('',(#2842),#2885,.T.);
#2842 = FACE_BOUND('',#2843,.T.);
#2843 = EDGE_LOOP('',(#2844,#2845,#2846,#2847,#2855,#2863,#2871,#2879));
#2844 = ORIENTED_EDGE('',*,*,#592,.T.);
#2845 = ORIENTED_EDGE('',*,*,#571,.T.);
#2846 = ORIENTED_EDGE('',*,*,#523,.T.);
#2847 = ORIENTED_EDGE('',*,*,#2848,.T.);
#2848 = EDGE_CURVE('',#24,#2849,#2851,.T.);
#2849 = VERTEX_POINT('',#2850);
#2850 = CARTESIAN_POINT('',(5.2,-1.25,0.8));
#2851 = LINE('',#2852,#2853);
#2852 = CARTESIAN_POINT('',(5.2,-0.95,0.8));
#2853 = VECTOR('',#2854,1.);
#2854 = DIRECTION('',(0.,-1.,0.));
#2855 = ORIENTED_EDGE('',*,*,#2856,.T.);
#2856 = EDGE_CURVE('',#2849,#2857,#2859,.T.);
#2857 = VERTEX_POINT('',#2858);
#2858 = CARTESIAN_POINT('',(5.8,-1.25,0.8));
#2859 = LINE('',#2860,#2861);
#2860 = CARTESIAN_POINT('',(5.2,-1.25,0.8));
#2861 = VECTOR('',#2862,1.);
#2862 = DIRECTION('',(1.,0.,0.));
#2863 = ORIENTED_EDGE('',*,*,#2864,.F.);
#2864 = EDGE_CURVE('',#2865,#2857,#2867,.T.);
#2865 = VERTEX_POINT('',#2866);
#2866 = CARTESIAN_POINT('',(5.8,1.25,0.8));
#2867 = LINE('',#2868,#2869);
#2868 = CARTESIAN_POINT('',(5.8,1.25,0.8));
#2869 = VECTOR('',#2870,1.);
#2870 = DIRECTION('',(0.,-1.,0.));
#2871 = ORIENTED_EDGE('',*,*,#2872,.T.);
#2872 = EDGE_CURVE('',#2865,#2873,#2875,.T.);
#2873 = VERTEX_POINT('',#2874);
#2874 = CARTESIAN_POINT('',(5.2,1.25,0.8));
#2875 = LINE('',#2876,#2877);
#2876 = CARTESIAN_POINT('',(5.8,1.25,0.8));
#2877 = VECTOR('',#2878,1.);
#2878 = DIRECTION('',(-1.,0.,0.));
#2879 = ORIENTED_EDGE('',*,*,#2880,.T.);
#2880 = EDGE_CURVE('',#2873,#22,#2881,.T.);
#2881 = LINE('',#2882,#2883);
#2882 = CARTESIAN_POINT('',(5.2,1.25,0.8));
#2883 = VECTOR('',#2884,1.);
#2884 = DIRECTION('',(0.,-1.,0.));
#2885 = PLANE('',#2886);
#2886 = AXIS2_PLACEMENT_3D('',#2887,#2888,#2889);
#2887 = CARTESIAN_POINT('',(5.17,-1.375,0.8));
#2888 = DIRECTION('',(0.,0.,1.));
#2889 = DIRECTION('',(1.,0.,-0.));
#2890 = ADVANCED_FACE('',(#2891),#2957,.T.);
#2891 = FACE_BOUND('',#2892,.T.);
#2892 = EDGE_LOOP('',(#2893,#2903,#2911,#2919,#2927,#2935,#2943,#2951));
#2893 = ORIENTED_EDGE('',*,*,#2894,.F.);
#2894 = EDGE_CURVE('',#2895,#2897,#2899,.T.);
#2895 = VERTEX_POINT('',#2896);
#2896 = CARTESIAN_POINT('',(-2.25,1.2,4.1));
#2897 = VERTEX_POINT('',#2898);
#2898 = CARTESIAN_POINT('',(2.125,1.2,4.1));
#2899 = LINE('',#2900,#2901);
#2900 = CARTESIAN_POINT('',(-2.25,1.2,4.1));
#2901 = VECTOR('',#2902,1.);
#2902 = DIRECTION('',(1.,0.,0.));
#2903 = ORIENTED_EDGE('',*,*,#2904,.F.);
#2904 = EDGE_CURVE('',#2905,#2895,#2907,.T.);
#2905 = VERTEX_POINT('',#2906);
#2906 = CARTESIAN_POINT('',(-2.25,1.,4.1));
#2907 = LINE('',#2908,#2909);
#2908 = CARTESIAN_POINT('',(-2.25,1.,4.1));
#2909 = VECTOR('',#2910,1.);
#2910 = DIRECTION('',(0.,1.,0.));
#2911 = ORIENTED_EDGE('',*,*,#2912,.T.);
#2912 = EDGE_CURVE('',#2905,#2913,#2915,.T.);
#2913 = VERTEX_POINT('',#2914);
#2914 = CARTESIAN_POINT('',(-0.25,1.,4.1));
#2915 = LINE('',#2916,#2917);
#2916 = CARTESIAN_POINT('',(-2.25,1.,4.1));
#2917 = VECTOR('',#2918,1.);
#2918 = DIRECTION('',(1.,0.,0.));
#2919 = ORIENTED_EDGE('',*,*,#2920,.T.);
#2920 = EDGE_CURVE('',#2913,#2921,#2923,.T.);
#2921 = VERTEX_POINT('',#2922);
#2922 = CARTESIAN_POINT('',(-0.25,-1.,4.1));
#2923 = LINE('',#2924,#2925);
#2924 = CARTESIAN_POINT('',(-0.25,1.,4.1));
#2925 = VECTOR('',#2926,1.);
#2926 = DIRECTION('',(0.,-1.,0.));
#2927 = ORIENTED_EDGE('',*,*,#2928,.T.);
#2928 = EDGE_CURVE('',#2921,#2929,#2931,.T.);
#2929 = VERTEX_POINT('',#2930);
#2930 = CARTESIAN_POINT('',(-2.25,-1.,4.1));
#2931 = LINE('',#2932,#2933);
#2932 = CARTESIAN_POINT('',(-0.25,-1.,4.1));
#2933 = VECTOR('',#2934,1.);
#2934 = DIRECTION('',(-1.,0.,0.));
#2935 = ORIENTED_EDGE('',*,*,#2936,.F.);
#2936 = EDGE_CURVE('',#2937,#2929,#2939,.T.);
#2937 = VERTEX_POINT('',#2938);
#2938 = CARTESIAN_POINT('',(-2.25,-1.2,4.1));
#2939 = LINE('',#2940,#2941);
#2940 = CARTESIAN_POINT('',(-2.25,-1.2,4.1));
#2941 = VECTOR('',#2942,1.);
#2942 = DIRECTION('',(0.,1.,0.));
#2943 = ORIENTED_EDGE('',*,*,#2944,.F.);
#2944 = EDGE_CURVE('',#2945,#2937,#2947,.T.);
#2945 = VERTEX_POINT('',#2946);
#2946 = CARTESIAN_POINT('',(2.125,-1.2,4.1));
#2947 = LINE('',#2948,#2949);
#2948 = CARTESIAN_POINT('',(2.125,-1.2,4.1));
#2949 = VECTOR('',#2950,1.);
#2950 = DIRECTION('',(-1.,0.,0.));
#2951 = ORIENTED_EDGE('',*,*,#2952,.T.);
#2952 = EDGE_CURVE('',#2945,#2897,#2953,.T.);
#2953 = LINE('',#2954,#2955);
#2954 = CARTESIAN_POINT('',(2.125,-1.2,4.1));
#2955 = VECTOR('',#2956,1.);
#2956 = DIRECTION('',(0.,1.,0.));
#2957 = PLANE('',#2958);
#2958 = AXIS2_PLACEMENT_3D('',#2959,#2960,#2961);
#2959 = CARTESIAN_POINT('',(-2.46875,-1.32,4.1));
#2960 = DIRECTION('',(0.,0.,1.));
#2961 = DIRECTION('',(1.,0.,-0.));
#2962 = ADVANCED_FACE('',(#2963),#2997,.T.);
#2963 = FACE_BOUND('',#2964,.T.);
#2964 = EDGE_LOOP('',(#2965,#2975,#2983,#2991));
#2965 = ORIENTED_EDGE('',*,*,#2966,.F.);
#2966 = EDGE_CURVE('',#2967,#2969,#2971,.T.);
#2967 = VERTEX_POINT('',#2968);
#2968 = CARTESIAN_POINT('',(-2.25,-1.,5.));
#2969 = VERTEX_POINT('',#2970);
#2970 = CARTESIAN_POINT('',(-2.25,1.,5.));
#2971 = LINE('',#2972,#2973);
#2972 = CARTESIAN_POINT('',(-2.25,-1.,5.));
#2973 = VECTOR('',#2974,1.);
#2974 = DIRECTION('',(0.,1.,0.));
#2975 = ORIENTED_EDGE('',*,*,#2976,.T.);
#2976 = EDGE_CURVE('',#2967,#2977,#2979,.T.);
#2977 = VERTEX_POINT('',#2978);
#2978 = CARTESIAN_POINT('',(-2.25,-1.,7.));
#2979 = LINE('',#2980,#2981);
#2980 = CARTESIAN_POINT('',(-2.25,-1.,5.));
#2981 = VECTOR('',#2982,1.);
#2982 = DIRECTION('',(0.,0.,1.));
#2983 = ORIENTED_EDGE('',*,*,#2984,.T.);
#2984 = EDGE_CURVE('',#2977,#2985,#2987,.T.);
#2985 = VERTEX_POINT('',#2986);
#2986 = CARTESIAN_POINT('',(-2.25,1.,7.));
#2987 = LINE('',#2988,#2989);
#2988 = CARTESIAN_POINT('',(-2.25,-1.,7.));
#2989 = VECTOR('',#2990,1.);
#2990 = DIRECTION('',(0.,1.,0.));
#2991 = ORIENTED_EDGE('',*,*,#2992,.F.);
#2992 = EDGE_CURVE('',#2969,#2985,#2993,.T.);
#2993 = LINE('',#2994,#2995);
#2994 = CARTESIAN_POINT('',(-2.25,1.,5.));
#2995 = VECTOR('',#2996,1.);
#2996 = DIRECTION('',(0.,0.,1.));
#2997 = PLANE('',#2998);
#2998 = AXIS2_PLACEMENT_3D('',#2999,#3000,#3001);
#2999 = CARTESIAN_POINT('',(-2.25,-1.1,4.9));
#3000 = DIRECTION('',(-1.,0.,0.));
#3001 = DIRECTION('',(0.,0.,1.));
#3002 = ADVANCED_FACE('',(#3003),#3037,.F.);
#3003 = FACE_BOUND('',#3004,.T.);
#3004 = EDGE_LOOP('',(#3005,#3015,#3023,#3031));
#3005 = ORIENTED_EDGE('',*,*,#3006,.F.);
#3006 = EDGE_CURVE('',#3007,#3009,#3011,.T.);
#3007 = VERTEX_POINT('',#3008);
#3008 = CARTESIAN_POINT('',(-4.625,1.125,1.5));
#3009 = VERTEX_POINT('',#3010);
#3010 = CARTESIAN_POINT('',(-4.625,0.5,1.5));
#3011 = LINE('',#3012,#3013);
#3012 = CARTESIAN_POINT('',(-4.625,1.125,1.5));
#3013 = VECTOR('',#3014,1.);
#3014 = DIRECTION('',(0.,-1.,0.));
#3015 = ORIENTED_EDGE('',*,*,#3016,.T.);
#3016 = EDGE_CURVE('',#3007,#3017,#3019,.T.);
#3017 = VERTEX_POINT('',#3018);
#3018 = CARTESIAN_POINT('',(-3.375,1.125,1.5));
#3019 = LINE('',#3020,#3021);
#3020 = CARTESIAN_POINT('',(-4.625,1.125,1.5));
#3021 = VECTOR('',#3022,1.);
#3022 = DIRECTION('',(1.,0.,0.));
#3023 = ORIENTED_EDGE('',*,*,#3024,.F.);
#3024 = EDGE_CURVE('',#3025,#3017,#3027,.T.);
#3025 = VERTEX_POINT('',#3026);
#3026 = CARTESIAN_POINT('',(-3.375,0.5,1.5));
#3027 = LINE('',#3028,#3029);
#3028 = CARTESIAN_POINT('',(-3.375,0.5,1.5));
#3029 = VECTOR('',#3030,1.);
#3030 = DIRECTION('',(0.,1.,0.));
#3031 = ORIENTED_EDGE('',*,*,#3032,.F.);
#3032 = EDGE_CURVE('',#3009,#3025,#3033,.T.);
#3033 = LINE('',#3034,#3035);
#3034 = CARTESIAN_POINT('',(-4.625,0.5,1.5));
#3035 = VECTOR('',#3036,1.);
#3036 = DIRECTION('',(1.,0.,0.));
#3037 = PLANE('',#3038);
#3038 = AXIS2_PLACEMENT_3D('',#3039,#3040,#3041);
#3039 = CARTESIAN_POINT('',(-4.6875,0.46875,1.5));
#3040 = DIRECTION('',(0.,0.,1.));
#3041 = DIRECTION('',(1.,0.,-0.));
#3042 = ADVANCED_FACE('',(#3043),#3077,.F.);
#3043 = FACE_BOUND('',#3044,.T.);
#3044 = EDGE_LOOP('',(#3045,#3055,#3063,#3071));
#3045 = ORIENTED_EDGE('',*,*,#3046,.F.);
#3046 = EDGE_CURVE('',#3047,#3049,#3051,.T.);
#3047 = VERTEX_POINT('',#3048);
#3048 = CARTESIAN_POINT('',(2.125,-1.125,1.5));
#3049 = VERTEX_POINT('',#3050);
#3050 = CARTESIAN_POINT('',(2.125,-0.5,1.5));
#3051 = LINE('',#3052,#3053);
#3052 = CARTESIAN_POINT('',(2.125,-1.125,1.5));
#3053 = VECTOR('',#3054,1.);
#3054 = DIRECTION('',(0.,1.,0.));
#3055 = ORIENTED_EDGE('',*,*,#3056,.F.);
#3056 = EDGE_CURVE('',#3057,#3047,#3059,.T.);
#3057 = VERTEX_POINT('',#3058);
#3058 = CARTESIAN_POINT('',(0.875,-1.125,1.5));
#3059 = LINE('',#3060,#3061);
#3060 = CARTESIAN_POINT('',(0.875,-1.125,1.5));
#3061 = VECTOR('',#3062,1.);
#3062 = DIRECTION('',(1.,0.,0.));
#3063 = ORIENTED_EDGE('',*,*,#3064,.F.);
#3064 = EDGE_CURVE('',#3065,#3057,#3067,.T.);
#3065 = VERTEX_POINT('',#3066);
#3066 = CARTESIAN_POINT('',(0.875,-0.5,1.5));
#3067 = LINE('',#3068,#3069);
#3068 = CARTESIAN_POINT('',(0.875,-0.5,1.5));
#3069 = VECTOR('',#3070,1.);
#3070 = DIRECTION('',(0.,-1.,0.));
#3071 = ORIENTED_EDGE('',*,*,#3072,.F.);
#3072 = EDGE_CURVE('',#3049,#3065,#3073,.T.);
#3073 = LINE('',#3074,#3075);
#3074 = CARTESIAN_POINT('',(2.125,-0.5,1.5));
#3075 = VECTOR('',#3076,1.);
#3076 = DIRECTION('',(-1.,0.,0.));
#3077 = PLANE('',#3078);
#3078 = AXIS2_PLACEMENT_3D('',#3079,#3080,#3081);
#3079 = CARTESIAN_POINT('',(0.8125,-1.15625,1.5));
#3080 = DIRECTION('',(0.,0.,1.));
#3081 = DIRECTION('',(1.,0.,-0.));
#3082 = ADVANCED_FACE('',(#3083),#3117,.F.);
#3083 = FACE_BOUND('',#3084,.T.);
#3084 = EDGE_LOOP('',(#3085,#3095,#3103,#3111));
#3085 = ORIENTED_EDGE('',*,*,#3086,.F.);
#3086 = EDGE_CURVE('',#3087,#3089,#3091,.T.);
#3087 = VERTEX_POINT('',#3088);
#3088 = CARTESIAN_POINT('',(2.125,0.5,1.5));
#3089 = VERTEX_POINT('',#3090);
#3090 = CARTESIAN_POINT('',(2.125,1.125,1.5));
#3091 = LINE('',#3092,#3093);
#3092 = CARTESIAN_POINT('',(2.125,0.5,1.5));
#3093 = VECTOR('',#3094,1.);
#3094 = DIRECTION('',(0.,1.,0.));
#3095 = ORIENTED_EDGE('',*,*,#3096,.F.);
#3096 = EDGE_CURVE('',#3097,#3087,#3099,.T.);
#3097 = VERTEX_POINT('',#3098);
#3098 = CARTESIAN_POINT('',(0.875,0.5,1.5));
#3099 = LINE('',#3100,#3101);
#3100 = CARTESIAN_POINT('',(0.875,0.5,1.5));
#3101 = VECTOR('',#3102,1.);
#3102 = DIRECTION('',(1.,0.,0.));
#3103 = ORIENTED_EDGE('',*,*,#3104,.F.);
#3104 = EDGE_CURVE('',#3105,#3097,#3107,.T.);
#3105 = VERTEX_POINT('',#3106);
#3106 = CARTESIAN_POINT('',(0.875,1.125,1.5));
#3107 = LINE('',#3108,#3109);
#3108 = CARTESIAN_POINT('',(0.875,1.125,1.5));
#3109 = VECTOR('',#3110,1.);
#3110 = DIRECTION('',(0.,-1.,0.));
#3111 = ORIENTED_EDGE('',*,*,#3112,.T.);
#3112 = EDGE_CURVE('',#3105,#3089,#3113,.T.);
#3113 = LINE('',#3114,#3115);
#3114 = CARTESIAN_POINT('',(0.875,1.125,1.5));
#3115 = VECTOR('',#3116,1.);
#3116 = DIRECTION('',(1.,0.,0.));
#3117 = PLANE('',#3118);
#3118 = AXIS2_PLACEMENT_3D('',#3119,#3120,#3121);
#3119 = CARTESIAN_POINT('',(-1.25,-1.125,1.5));
#3120 = DIRECTION('',(0.,0.,1.));
#3121 = DIRECTION('',(1.,0.,-0.));
#3122 = ADVANCED_FACE('',(#3123),#3157,.F.);
#3123 = FACE_BOUND('',#3124,.T.);
#3124 = EDGE_LOOP('',(#3125,#3135,#3143,#3151));
#3125 = ORIENTED_EDGE('',*,*,#3126,.F.);
#3126 = EDGE_CURVE('',#3127,#3129,#3131,.T.);
#3127 = VERTEX_POINT('',#3128);
#3128 = CARTESIAN_POINT('',(-4.625,-0.5,1.5));
#3129 = VERTEX_POINT('',#3130);
#3130 = CARTESIAN_POINT('',(-4.625,-1.125,1.5));
#3131 = LINE('',#3132,#3133);
#3132 = CARTESIAN_POINT('',(-4.625,-0.5,1.5));
#3133 = VECTOR('',#3134,1.);
#3134 = DIRECTION('',(0.,-1.,0.));
#3135 = ORIENTED_EDGE('',*,*,#3136,.F.);
#3136 = EDGE_CURVE('',#3137,#3127,#3139,.T.);
#3137 = VERTEX_POINT('',#3138);
#3138 = CARTESIAN_POINT('',(-3.375,-0.5,1.5));
#3139 = LINE('',#3140,#3141);
#3140 = CARTESIAN_POINT('',(-3.375,-0.5,1.5));
#3141 = VECTOR('',#3142,1.);
#3142 = DIRECTION('',(-1.,0.,0.));
#3143 = ORIENTED_EDGE('',*,*,#3144,.F.);
#3144 = EDGE_CURVE('',#3145,#3137,#3147,.T.);
#3145 = VERTEX_POINT('',#3146);
#3146 = CARTESIAN_POINT('',(-3.375,-1.125,1.5));
#3147 = LINE('',#3148,#3149);
#3148 = CARTESIAN_POINT('',(-3.375,-1.125,1.5));
#3149 = VECTOR('',#3150,1.);
#3150 = DIRECTION('',(0.,1.,0.));
#3151 = ORIENTED_EDGE('',*,*,#3152,.F.);
#3152 = EDGE_CURVE('',#3129,#3145,#3153,.T.);
#3153 = LINE('',#3154,#3155);
#3154 = CARTESIAN_POINT('',(-4.625,-1.125,1.5));
#3155 = VECTOR('',#3156,1.);
#3156 = DIRECTION('',(1.,0.,0.));
#3157 = PLANE('',#3158);
#3158 = AXIS2_PLACEMENT_3D('',#3159,#3160,#3161);
#3159 = CARTESIAN_POINT('',(-4.6875,-1.15625,1.5));
#3160 = DIRECTION('',(0.,0.,1.));
#3161 = DIRECTION('',(1.,0.,-0.));
#3162 = ADVANCED_FACE('',(#3163),#3188,.F.);
#3163 = FACE_BOUND('',#3164,.T.);
#3164 = EDGE_LOOP('',(#3165,#3166,#3174,#3182));
#3165 = ORIENTED_EDGE('',*,*,#3072,.T.);
#3166 = ORIENTED_EDGE('',*,*,#3167,.T.);
#3167 = EDGE_CURVE('',#3065,#3168,#3170,.T.);
#3168 = VERTEX_POINT('',#3169);
#3169 = CARTESIAN_POINT('',(0.875,-0.5,3.45));
#3170 = LINE('',#3171,#3172);
#3171 = CARTESIAN_POINT('',(0.875,-0.5,1.5));
#3172 = VECTOR('',#3173,1.);
#3173 = DIRECTION('',(0.,0.,1.));
#3174 = ORIENTED_EDGE('',*,*,#3175,.F.);
#3175 = EDGE_CURVE('',#3176,#3168,#3178,.T.);
#3176 = VERTEX_POINT('',#3177);
#3177 = CARTESIAN_POINT('',(2.125,-0.5,3.45));
#3178 = LINE('',#3179,#3180);
#3179 = CARTESIAN_POINT('',(2.125,-0.5,3.45));
#3180 = VECTOR('',#3181,1.);
#3181 = DIRECTION('',(-1.,0.,0.));
#3182 = ORIENTED_EDGE('',*,*,#3183,.F.);
#3183 = EDGE_CURVE('',#3049,#3176,#3184,.T.);
#3184 = LINE('',#3185,#3186);
#3185 = CARTESIAN_POINT('',(2.125,-0.5,1.5));
#3186 = VECTOR('',#3187,1.);
#3187 = DIRECTION('',(0.,0.,1.));
#3188 = PLANE('',#3189);
#3189 = AXIS2_PLACEMENT_3D('',#3190,#3191,#3192);
#3190 = CARTESIAN_POINT('',(0.8125,-0.5,3.5475));
#3191 = DIRECTION('',(0.,-1.,0.));
#3192 = DIRECTION('',(0.,0.,-1.));
#3193 = ADVANCED_FACE('',(#3194),#3212,.F.);
#3194 = FACE_BOUND('',#3195,.T.);
#3195 = EDGE_LOOP('',(#3196,#3197,#3205,#3211));
#3196 = ORIENTED_EDGE('',*,*,#3064,.T.);
#3197 = ORIENTED_EDGE('',*,*,#3198,.T.);
#3198 = EDGE_CURVE('',#3057,#3199,#3201,.T.);
#3199 = VERTEX_POINT('',#3200);
#3200 = CARTESIAN_POINT('',(0.875,-1.125,3.45));
#3201 = LINE('',#3202,#3203);
#3202 = CARTESIAN_POINT('',(0.875,-1.125,1.5));
#3203 = VECTOR('',#3204,1.);
#3204 = DIRECTION('',(0.,0.,1.));
#3205 = ORIENTED_EDGE('',*,*,#3206,.F.);
#3206 = EDGE_CURVE('',#3168,#3199,#3207,.T.);
#3207 = LINE('',#3208,#3209);
#3208 = CARTESIAN_POINT('',(0.875,-0.5,3.45));
#3209 = VECTOR('',#3210,1.);
#3210 = DIRECTION('',(0.,-1.,0.));
#3211 = ORIENTED_EDGE('',*,*,#3167,.F.);
#3212 = PLANE('',#3213);
#3213 = AXIS2_PLACEMENT_3D('',#3214,#3215,#3216);
#3214 = CARTESIAN_POINT('',(0.875,-1.15625,3.5475));
#3215 = DIRECTION('',(1.,0.,0.));
#3216 = DIRECTION('',(0.,0.,-1.));
#3217 = ADVANCED_FACE('',(#3218),#3252,.F.);
#3218 = FACE_BOUND('',#3219,.T.);
#3219 = EDGE_LOOP('',(#3220,#3230,#3238,#3246));
#3220 = ORIENTED_EDGE('',*,*,#3221,.T.);
#3221 = EDGE_CURVE('',#3222,#3224,#3226,.T.);
#3222 = VERTEX_POINT('',#3223);
#3223 = CARTESIAN_POINT('',(-4.625,-1.125,1.25));
#3224 = VERTEX_POINT('',#3225);
#3225 = CARTESIAN_POINT('',(2.125,-1.125,1.25));
#3226 = LINE('',#3227,#3228);
#3227 = CARTESIAN_POINT('',(-4.625,-1.125,1.25));
#3228 = VECTOR('',#3229,1.);
#3229 = DIRECTION('',(1.,0.,0.));
#3230 = ORIENTED_EDGE('',*,*,#3231,.F.);
#3231 = EDGE_CURVE('',#3232,#3224,#3234,.T.);
#3232 = VERTEX_POINT('',#3233);
#3233 = CARTESIAN_POINT('',(2.125,-1.375,1.25));
#3234 = LINE('',#3235,#3236);
#3235 = CARTESIAN_POINT('',(2.125,-1.375,1.25));
#3236 = VECTOR('',#3237,1.);
#3237 = DIRECTION('',(0.,1.,0.));
#3238 = ORIENTED_EDGE('',*,*,#3239,.F.);
#3239 = EDGE_CURVE('',#3240,#3232,#3242,.T.);
#3240 = VERTEX_POINT('',#3241);
#3241 = CARTESIAN_POINT('',(-4.625,-1.375,1.25));
#3242 = LINE('',#3243,#3244);
#3243 = CARTESIAN_POINT('',(-4.625,-1.375,1.25));
#3244 = VECTOR('',#3245,1.);
#3245 = DIRECTION('',(1.,0.,0.));
#3246 = ORIENTED_EDGE('',*,*,#3247,.F.);
#3247 = EDGE_CURVE('',#3222,#3240,#3248,.T.);
#3248 = LINE('',#3249,#3250);
#3249 = CARTESIAN_POINT('',(-4.625,-1.125,1.25));
#3250 = VECTOR('',#3251,1.);
#3251 = DIRECTION('',(0.,-1.,0.));
#3252 = PLANE('',#3253);
#3253 = AXIS2_PLACEMENT_3D('',#3254,#3255,#3256);
#3254 = CARTESIAN_POINT('',(-4.9625,-1.3875,1.25));
#3255 = DIRECTION('',(0.,0.,1.));
#3256 = DIRECTION('',(1.,0.,-0.));
#3257 = ADVANCED_FACE('',(#3258),#3329,.T.);
#3258 = FACE_BOUND('',#3259,.T.);
#3259 = EDGE_LOOP('',(#3260,#3261,#3267,#3268,#3276,#3284,#3292,#3300,
    #3306,#3307,#3315,#3323));
#3260 = ORIENTED_EDGE('',*,*,#3126,.T.);
#3261 = ORIENTED_EDGE('',*,*,#3262,.T.);
#3262 = EDGE_CURVE('',#3129,#3222,#3263,.T.);
#3263 = LINE('',#3264,#3265);
#3264 = CARTESIAN_POINT('',(-4.625,-1.125,1.5));
#3265 = VECTOR('',#3266,1.);
#3266 = DIRECTION('',(0.,0.,-1.));
#3267 = ORIENTED_EDGE('',*,*,#3247,.T.);
#3268 = ORIENTED_EDGE('',*,*,#3269,.F.);
#3269 = EDGE_CURVE('',#3270,#3240,#3272,.T.);
#3270 = VERTEX_POINT('',#3271);
#3271 = CARTESIAN_POINT('',(-4.625,-1.375,4.1));
#3272 = LINE('',#3273,#3274);
#3273 = CARTESIAN_POINT('',(-4.625,-1.375,4.1));
#3274 = VECTOR('',#3275,1.);
#3275 = DIRECTION('',(0.,0.,-1.));
#3276 = ORIENTED_EDGE('',*,*,#3277,.F.);
#3277 = EDGE_CURVE('',#3278,#3270,#3280,.T.);
#3278 = VERTEX_POINT('',#3279);
#3279 = CARTESIAN_POINT('',(-4.625,1.375,4.1));
#3280 = LINE('',#3281,#3282);
#3281 = CARTESIAN_POINT('',(-4.625,1.375,4.1));
#3282 = VECTOR('',#3283,1.);
#3283 = DIRECTION('',(0.,-1.,0.));
#3284 = ORIENTED_EDGE('',*,*,#3285,.T.);
#3285 = EDGE_CURVE('',#3278,#3286,#3288,.T.);
#3286 = VERTEX_POINT('',#3287);
#3287 = CARTESIAN_POINT('',(-4.625,1.375,1.25));
#3288 = LINE('',#3289,#3290);
#3289 = CARTESIAN_POINT('',(-4.625,1.375,4.1));
#3290 = VECTOR('',#3291,1.);
#3291 = DIRECTION('',(0.,0.,-1.));
#3292 = ORIENTED_EDGE('',*,*,#3293,.T.);
#3293 = EDGE_CURVE('',#3286,#3294,#3296,.T.);
#3294 = VERTEX_POINT('',#3295);
#3295 = CARTESIAN_POINT('',(-4.625,1.125,1.25));
#3296 = LINE('',#3297,#3298);
#3297 = CARTESIAN_POINT('',(-4.625,1.375,1.25));
#3298 = VECTOR('',#3299,1.);
#3299 = DIRECTION('',(0.,-1.,0.));
#3300 = ORIENTED_EDGE('',*,*,#3301,.T.);
#3301 = EDGE_CURVE('',#3294,#3007,#3302,.T.);
#3302 = LINE('',#3303,#3304);
#3303 = CARTESIAN_POINT('',(-4.625,1.125,1.25));
#3304 = VECTOR('',#3305,1.);
#3305 = DIRECTION('',(0.,0.,1.));
#3306 = ORIENTED_EDGE('',*,*,#3006,.T.);
#3307 = ORIENTED_EDGE('',*,*,#3308,.T.);
#3308 = EDGE_CURVE('',#3009,#3309,#3311,.T.);
#3309 = VERTEX_POINT('',#3310);
#3310 = CARTESIAN_POINT('',(-4.625,0.5,3.45));
#3311 = LINE('',#3312,#3313);
#3312 = CARTESIAN_POINT('',(-4.625,0.5,1.5));
#3313 = VECTOR('',#3314,1.);
#3314 = DIRECTION('',(0.,0.,1.));
#3315 = ORIENTED_EDGE('',*,*,#3316,.T.);
#3316 = EDGE_CURVE('',#3309,#3317,#3319,.T.);
#3317 = VERTEX_POINT('',#3318);
#3318 = CARTESIAN_POINT('',(-4.625,-0.5,3.45));
#3319 = LINE('',#3320,#3321);
#3320 = CARTESIAN_POINT('',(-4.625,0.5,3.45));
#3321 = VECTOR('',#3322,1.);
#3322 = DIRECTION('',(0.,-1.,0.));
#3323 = ORIENTED_EDGE('',*,*,#3324,.T.);
#3324 = EDGE_CURVE('',#3317,#3127,#3325,.T.);
#3325 = LINE('',#3326,#3327);
#3326 = CARTESIAN_POINT('',(-4.625,-0.5,3.45));
#3327 = VECTOR('',#3328,1.);
#3328 = DIRECTION('',(0.,0.,-1.));
#3329 = PLANE('',#3330);
#3330 = AXIS2_PLACEMENT_3D('',#3331,#3332,#3333);
#3331 = CARTESIAN_POINT('',(-4.625,-1.5125,1.1075));
#3332 = DIRECTION('',(-1.,0.,0.));
#3333 = DIRECTION('',(0.,0.,1.));
#3334 = ADVANCED_FACE('',(#3335),#3353,.F.);
#3335 = FACE_BOUND('',#3336,.T.);
#3336 = EDGE_LOOP('',(#3337,#3338,#3346,#3352));
#3337 = ORIENTED_EDGE('',*,*,#3032,.T.);
#3338 = ORIENTED_EDGE('',*,*,#3339,.T.);
#3339 = EDGE_CURVE('',#3025,#3340,#3342,.T.);
#3340 = VERTEX_POINT('',#3341);
#3341 = CARTESIAN_POINT('',(-3.375,0.5,3.45));
#3342 = LINE('',#3343,#3344);
#3343 = CARTESIAN_POINT('',(-3.375,0.5,1.5));
#3344 = VECTOR('',#3345,1.);
#3345 = DIRECTION('',(0.,0.,1.));
#3346 = ORIENTED_EDGE('',*,*,#3347,.F.);
#3347 = EDGE_CURVE('',#3309,#3340,#3348,.T.);
#3348 = LINE('',#3349,#3350);
#3349 = CARTESIAN_POINT('',(-4.625,0.5,3.45));
#3350 = VECTOR('',#3351,1.);
#3351 = DIRECTION('',(1.,0.,0.));
#3352 = ORIENTED_EDGE('',*,*,#3308,.F.);
#3353 = PLANE('',#3354);
#3354 = AXIS2_PLACEMENT_3D('',#3355,#3356,#3357);
#3355 = CARTESIAN_POINT('',(-4.6875,0.5,1.4025));
#3356 = DIRECTION('',(0.,1.,0.));
#3357 = DIRECTION('',(0.,-0.,1.));
#3358 = ADVANCED_FACE('',(#3359),#3377,.F.);
#3359 = FACE_BOUND('',#3360,.T.);
#3360 = EDGE_LOOP('',(#3361,#3362,#3370,#3376));
#3361 = ORIENTED_EDGE('',*,*,#3024,.T.);
#3362 = ORIENTED_EDGE('',*,*,#3363,.T.);
#3363 = EDGE_CURVE('',#3017,#3364,#3366,.T.);
#3364 = VERTEX_POINT('',#3365);
#3365 = CARTESIAN_POINT('',(-3.375,1.125,3.45));
#3366 = LINE('',#3367,#3368);
#3367 = CARTESIAN_POINT('',(-3.375,1.125,1.5));
#3368 = VECTOR('',#3369,1.);
#3369 = DIRECTION('',(0.,0.,1.));
#3370 = ORIENTED_EDGE('',*,*,#3371,.F.);
#3371 = EDGE_CURVE('',#3340,#3364,#3372,.T.);
#3372 = LINE('',#3373,#3374);
#3373 = CARTESIAN_POINT('',(-3.375,0.5,3.45));
#3374 = VECTOR('',#3375,1.);
#3375 = DIRECTION('',(0.,1.,0.));
#3376 = ORIENTED_EDGE('',*,*,#3339,.F.);
#3377 = PLANE('',#3378);
#3378 = AXIS2_PLACEMENT_3D('',#3379,#3380,#3381);
#3379 = CARTESIAN_POINT('',(-3.375,0.46875,1.4025));
#3380 = DIRECTION('',(-1.,0.,0.));
#3381 = DIRECTION('',(0.,0.,1.));
#3382 = ADVANCED_FACE('',(#3383),#3408,.F.);
#3383 = FACE_BOUND('',#3384,.T.);
#3384 = EDGE_LOOP('',(#3385,#3393,#3394,#3402));
#3385 = ORIENTED_EDGE('',*,*,#3386,.T.);
#3386 = EDGE_CURVE('',#3387,#3294,#3389,.T.);
#3387 = VERTEX_POINT('',#3388);
#3388 = CARTESIAN_POINT('',(2.125,1.125,1.25));
#3389 = LINE('',#3390,#3391);
#3390 = CARTESIAN_POINT('',(2.125,1.125,1.25));
#3391 = VECTOR('',#3392,1.);
#3392 = DIRECTION('',(-1.,0.,0.));
#3393 = ORIENTED_EDGE('',*,*,#3293,.F.);
#3394 = ORIENTED_EDGE('',*,*,#3395,.F.);
#3395 = EDGE_CURVE('',#3396,#3286,#3398,.T.);
#3396 = VERTEX_POINT('',#3397);
#3397 = CARTESIAN_POINT('',(2.125,1.375,1.25));
#3398 = LINE('',#3399,#3400);
#3399 = CARTESIAN_POINT('',(2.125,1.375,1.25));
#3400 = VECTOR('',#3401,1.);
#3401 = DIRECTION('',(-1.,0.,0.));
#3402 = ORIENTED_EDGE('',*,*,#3403,.F.);
#3403 = EDGE_CURVE('',#3387,#3396,#3404,.T.);
#3404 = LINE('',#3405,#3406);
#3405 = CARTESIAN_POINT('',(2.125,1.125,1.25));
#3406 = VECTOR('',#3407,1.);
#3407 = DIRECTION('',(0.,1.,0.));
#3408 = PLANE('',#3409);
#3409 = AXIS2_PLACEMENT_3D('',#3410,#3411,#3412);
#3410 = CARTESIAN_POINT('',(-4.9625,1.1125,1.25));
#3411 = DIRECTION('',(0.,0.,1.));
#3412 = DIRECTION('',(1.,0.,-0.));
#3413 = ADVANCED_FACE('',(#3414),#3441,.F.);
#3414 = FACE_BOUND('',#3415,.T.);
#3415 = EDGE_LOOP('',(#3416,#3424,#3430,#3431,#3432,#3438,#3439,#3440));
#3416 = ORIENTED_EDGE('',*,*,#3417,.T.);
#3417 = EDGE_CURVE('',#3145,#3418,#3420,.T.);
#3418 = VERTEX_POINT('',#3419);
#3419 = CARTESIAN_POINT('',(-3.375,-1.125,3.45));
#3420 = LINE('',#3421,#3422);
#3421 = CARTESIAN_POINT('',(-3.375,-1.125,1.5));
#3422 = VECTOR('',#3423,1.);
#3423 = DIRECTION('',(0.,0.,1.));
#3424 = ORIENTED_EDGE('',*,*,#3425,.F.);
#3425 = EDGE_CURVE('',#3199,#3418,#3426,.T.);
#3426 = LINE('',#3427,#3428);
#3427 = CARTESIAN_POINT('',(0.875,-1.125,3.45));
#3428 = VECTOR('',#3429,1.);
#3429 = DIRECTION('',(-1.,0.,0.));
#3430 = ORIENTED_EDGE('',*,*,#3198,.F.);
#3431 = ORIENTED_EDGE('',*,*,#3056,.T.);
#3432 = ORIENTED_EDGE('',*,*,#3433,.F.);
#3433 = EDGE_CURVE('',#3224,#3047,#3434,.T.);
#3434 = LINE('',#3435,#3436);
#3435 = CARTESIAN_POINT('',(2.125,-1.125,1.25));
#3436 = VECTOR('',#3437,1.);
#3437 = DIRECTION('',(0.,0.,1.));
#3438 = ORIENTED_EDGE('',*,*,#3221,.F.);
#3439 = ORIENTED_EDGE('',*,*,#3262,.F.);
#3440 = ORIENTED_EDGE('',*,*,#3152,.T.);
#3441 = PLANE('',#3442);
#3442 = AXIS2_PLACEMENT_3D('',#3443,#3444,#3445);
#3443 = CARTESIAN_POINT('',(-4.9625,-1.125,3.56));
#3444 = DIRECTION('',(0.,-1.,0.));
#3445 = DIRECTION('',(0.,0.,-1.));
#3446 = ADVANCED_FACE('',(#3447),#3465,.F.);
#3447 = FACE_BOUND('',#3448,.T.);
#3448 = EDGE_LOOP('',(#3449,#3450,#3458,#3464));
#3449 = ORIENTED_EDGE('',*,*,#3144,.T.);
#3450 = ORIENTED_EDGE('',*,*,#3451,.T.);
#3451 = EDGE_CURVE('',#3137,#3452,#3454,.T.);
#3452 = VERTEX_POINT('',#3453);
#3453 = CARTESIAN_POINT('',(-3.375,-0.5,3.45));
#3454 = LINE('',#3455,#3456);
#3455 = CARTESIAN_POINT('',(-3.375,-0.5,1.5));
#3456 = VECTOR('',#3457,1.);
#3457 = DIRECTION('',(0.,0.,1.));
#3458 = ORIENTED_EDGE('',*,*,#3459,.F.);
#3459 = EDGE_CURVE('',#3418,#3452,#3460,.T.);
#3460 = LINE('',#3461,#3462);
#3461 = CARTESIAN_POINT('',(-3.375,-1.125,3.45));
#3462 = VECTOR('',#3463,1.);
#3463 = DIRECTION('',(0.,1.,0.));
#3464 = ORIENTED_EDGE('',*,*,#3417,.F.);
#3465 = PLANE('',#3466);
#3466 = AXIS2_PLACEMENT_3D('',#3467,#3468,#3469);
#3467 = CARTESIAN_POINT('',(-3.375,-1.15625,1.4025));
#3468 = DIRECTION('',(-1.,0.,0.));
#3469 = DIRECTION('',(0.,0.,1.));
#3470 = ADVANCED_FACE('',(#3471),#3482,.F.);
#3471 = FACE_BOUND('',#3472,.T.);
#3472 = EDGE_LOOP('',(#3473,#3474,#3475,#3481));
#3473 = ORIENTED_EDGE('',*,*,#3136,.T.);
#3474 = ORIENTED_EDGE('',*,*,#3324,.F.);
#3475 = ORIENTED_EDGE('',*,*,#3476,.F.);
#3476 = EDGE_CURVE('',#3452,#3317,#3477,.T.);
#3477 = LINE('',#3478,#3479);
#3478 = CARTESIAN_POINT('',(-3.375,-0.5,3.45));
#3479 = VECTOR('',#3480,1.);
#3480 = DIRECTION('',(-1.,0.,0.));
#3481 = ORIENTED_EDGE('',*,*,#3451,.F.);
#3482 = PLANE('',#3483);
#3483 = AXIS2_PLACEMENT_3D('',#3484,#3485,#3486);
#3484 = CARTESIAN_POINT('',(-4.6875,-0.5,3.5475));
#3485 = DIRECTION('',(0.,-1.,0.));
#3486 = DIRECTION('',(0.,0.,-1.));
#3487 = ADVANCED_FACE('',(#3488),#3515,.F.);
#3488 = FACE_BOUND('',#3489,.T.);
#3489 = EDGE_LOOP('',(#3490,#3498,#3504,#3505,#3506,#3507,#3508,#3514));
#3490 = ORIENTED_EDGE('',*,*,#3491,.T.);
#3491 = EDGE_CURVE('',#3105,#3492,#3494,.T.);
#3492 = VERTEX_POINT('',#3493);
#3493 = CARTESIAN_POINT('',(0.875,1.125,3.45));
#3494 = LINE('',#3495,#3496);
#3495 = CARTESIAN_POINT('',(0.875,1.125,1.5));
#3496 = VECTOR('',#3497,1.);
#3497 = DIRECTION('',(0.,0.,1.));
#3498 = ORIENTED_EDGE('',*,*,#3499,.F.);
#3499 = EDGE_CURVE('',#3364,#3492,#3500,.T.);
#3500 = LINE('',#3501,#3502);
#3501 = CARTESIAN_POINT('',(-3.375,1.125,3.45));
#3502 = VECTOR('',#3503,1.);
#3503 = DIRECTION('',(1.,0.,0.));
#3504 = ORIENTED_EDGE('',*,*,#3363,.F.);
#3505 = ORIENTED_EDGE('',*,*,#3016,.F.);
#3506 = ORIENTED_EDGE('',*,*,#3301,.F.);
#3507 = ORIENTED_EDGE('',*,*,#3386,.F.);
#3508 = ORIENTED_EDGE('',*,*,#3509,.F.);
#3509 = EDGE_CURVE('',#3089,#3387,#3510,.T.);
#3510 = LINE('',#3511,#3512);
#3511 = CARTESIAN_POINT('',(2.125,1.125,1.5));
#3512 = VECTOR('',#3513,1.);
#3513 = DIRECTION('',(0.,0.,-1.));
#3514 = ORIENTED_EDGE('',*,*,#3112,.F.);
#3515 = PLANE('',#3516);
#3516 = AXIS2_PLACEMENT_3D('',#3517,#3518,#3519);
#3517 = CARTESIAN_POINT('',(-4.9625,1.125,1.14));
#3518 = DIRECTION('',(0.,1.,0.));
#3519 = DIRECTION('',(0.,-0.,1.));
#3520 = ADVANCED_FACE('',(#3521),#3539,.F.);
#3521 = FACE_BOUND('',#3522,.T.);
#3522 = EDGE_LOOP('',(#3523,#3524,#3532,#3538));
#3523 = ORIENTED_EDGE('',*,*,#3104,.T.);
#3524 = ORIENTED_EDGE('',*,*,#3525,.T.);
#3525 = EDGE_CURVE('',#3097,#3526,#3528,.T.);
#3526 = VERTEX_POINT('',#3527);
#3527 = CARTESIAN_POINT('',(0.875,0.5,3.45));
#3528 = LINE('',#3529,#3530);
#3529 = CARTESIAN_POINT('',(0.875,0.5,1.5));
#3530 = VECTOR('',#3531,1.);
#3531 = DIRECTION('',(0.,0.,1.));
#3532 = ORIENTED_EDGE('',*,*,#3533,.F.);
#3533 = EDGE_CURVE('',#3492,#3526,#3534,.T.);
#3534 = LINE('',#3535,#3536);
#3535 = CARTESIAN_POINT('',(0.875,1.125,3.45));
#3536 = VECTOR('',#3537,1.);
#3537 = DIRECTION('',(0.,-1.,0.));
#3538 = ORIENTED_EDGE('',*,*,#3491,.F.);
#3539 = PLANE('',#3540);
#3540 = AXIS2_PLACEMENT_3D('',#3541,#3542,#3543);
#3541 = CARTESIAN_POINT('',(0.875,0.46875,3.5475));
#3542 = DIRECTION('',(1.,0.,0.));
#3543 = DIRECTION('',(0.,0.,-1.));
#3544 = ADVANCED_FACE('',(#3545),#3563,.F.);
#3545 = FACE_BOUND('',#3546,.T.);
#3546 = EDGE_LOOP('',(#3547,#3548,#3556,#3562));
#3547 = ORIENTED_EDGE('',*,*,#3096,.T.);
#3548 = ORIENTED_EDGE('',*,*,#3549,.F.);
#3549 = EDGE_CURVE('',#3550,#3087,#3552,.T.);
#3550 = VERTEX_POINT('',#3551);
#3551 = CARTESIAN_POINT('',(2.125,0.5,3.45));
#3552 = LINE('',#3553,#3554);
#3553 = CARTESIAN_POINT('',(2.125,0.5,3.45));
#3554 = VECTOR('',#3555,1.);
#3555 = DIRECTION('',(0.,0.,-1.));
#3556 = ORIENTED_EDGE('',*,*,#3557,.F.);
#3557 = EDGE_CURVE('',#3526,#3550,#3558,.T.);
#3558 = LINE('',#3559,#3560);
#3559 = CARTESIAN_POINT('',(0.875,0.5,3.45));
#3560 = VECTOR('',#3561,1.);
#3561 = DIRECTION('',(1.,0.,0.));
#3562 = ORIENTED_EDGE('',*,*,#3525,.F.);
#3563 = PLANE('',#3564);
#3564 = AXIS2_PLACEMENT_3D('',#3565,#3566,#3567);
#3565 = CARTESIAN_POINT('',(0.8125,0.5,1.4025));
#3566 = DIRECTION('',(0.,1.,0.));
#3567 = DIRECTION('',(0.,-0.,1.));
#3568 = ADVANCED_FACE('',(#3569),#3588,.F.);
#3569 = FACE_BOUND('',#3570,.T.);
#3570 = EDGE_LOOP('',(#3571,#3572,#3573,#3574,#3575,#3576,#3577,#3578,
    #3579,#3580,#3581,#3582));
#3571 = ORIENTED_EDGE('',*,*,#3175,.T.);
#3572 = ORIENTED_EDGE('',*,*,#3206,.T.);
#3573 = ORIENTED_EDGE('',*,*,#3425,.T.);
#3574 = ORIENTED_EDGE('',*,*,#3459,.T.);
#3575 = ORIENTED_EDGE('',*,*,#3476,.T.);
#3576 = ORIENTED_EDGE('',*,*,#3316,.F.);
#3577 = ORIENTED_EDGE('',*,*,#3347,.T.);
#3578 = ORIENTED_EDGE('',*,*,#3371,.T.);
#3579 = ORIENTED_EDGE('',*,*,#3499,.T.);
#3580 = ORIENTED_EDGE('',*,*,#3533,.T.);
#3581 = ORIENTED_EDGE('',*,*,#3557,.T.);
#3582 = ORIENTED_EDGE('',*,*,#3583,.F.);
#3583 = EDGE_CURVE('',#3176,#3550,#3584,.T.);
#3584 = LINE('',#3585,#3586);
#3585 = CARTESIAN_POINT('',(2.125,-0.5,3.45));
#3586 = VECTOR('',#3587,1.);
#3587 = DIRECTION('',(0.,1.,0.));
#3588 = PLANE('',#3589);
#3589 = AXIS2_PLACEMENT_3D('',#3590,#3591,#3592);
#3590 = CARTESIAN_POINT('',(-4.9625,-1.2375,3.45));
#3591 = DIRECTION('',(0.,0.,1.));
#3592 = DIRECTION('',(1.,0.,-0.));
#3593 = ADVANCED_FACE('',(#3594),#3634,.T.);
#3594 = FACE_BOUND('',#3595,.T.);
#3595 = EDGE_LOOP('',(#3596,#3597,#3598,#3599,#3600,#3601,#3602,#3603,
    #3611,#3617,#3618,#3626,#3632,#3633));
#3596 = ORIENTED_EDGE('',*,*,#3046,.T.);
#3597 = ORIENTED_EDGE('',*,*,#3183,.T.);
#3598 = ORIENTED_EDGE('',*,*,#3583,.T.);
#3599 = ORIENTED_EDGE('',*,*,#3549,.T.);
#3600 = ORIENTED_EDGE('',*,*,#3086,.T.);
#3601 = ORIENTED_EDGE('',*,*,#3509,.T.);
#3602 = ORIENTED_EDGE('',*,*,#3403,.T.);
#3603 = ORIENTED_EDGE('',*,*,#3604,.F.);
#3604 = EDGE_CURVE('',#3605,#3396,#3607,.T.);
#3605 = VERTEX_POINT('',#3606);
#3606 = CARTESIAN_POINT('',(2.125,1.375,4.1));
#3607 = LINE('',#3608,#3609);
#3608 = CARTESIAN_POINT('',(2.125,1.375,4.1));
#3609 = VECTOR('',#3610,1.);
#3610 = DIRECTION('',(0.,0.,-1.));
#3611 = ORIENTED_EDGE('',*,*,#3612,.F.);
#3612 = EDGE_CURVE('',#2897,#3605,#3613,.T.);
#3613 = LINE('',#3614,#3615);
#3614 = CARTESIAN_POINT('',(2.125,1.2,4.1));
#3615 = VECTOR('',#3616,1.);
#3616 = DIRECTION('',(0.,1.,0.));
#3617 = ORIENTED_EDGE('',*,*,#2952,.F.);
#3618 = ORIENTED_EDGE('',*,*,#3619,.F.);
#3619 = EDGE_CURVE('',#3620,#2945,#3622,.T.);
#3620 = VERTEX_POINT('',#3621);
#3621 = CARTESIAN_POINT('',(2.125,-1.375,4.1));
#3622 = LINE('',#3623,#3624);
#3623 = CARTESIAN_POINT('',(2.125,-1.375,4.1));
#3624 = VECTOR('',#3625,1.);
#3625 = DIRECTION('',(0.,1.,0.));
#3626 = ORIENTED_EDGE('',*,*,#3627,.T.);
#3627 = EDGE_CURVE('',#3620,#3232,#3628,.T.);
#3628 = LINE('',#3629,#3630);
#3629 = CARTESIAN_POINT('',(2.125,-1.375,4.1));
#3630 = VECTOR('',#3631,1.);
#3631 = DIRECTION('',(0.,0.,-1.));
#3632 = ORIENTED_EDGE('',*,*,#3231,.T.);
#3633 = ORIENTED_EDGE('',*,*,#3433,.T.);
#3634 = PLANE('',#3635);
#3635 = AXIS2_PLACEMENT_3D('',#3636,#3637,#3638);
#3636 = CARTESIAN_POINT('',(2.125,-1.5125,4.2425));
#3637 = DIRECTION('',(1.,0.,0.));
#3638 = DIRECTION('',(0.,0.,-1.));
#3639 = ADVANCED_FACE('',(#3640),#3665,.T.);
#3640 = FACE_BOUND('',#3641,.T.);
#3641 = EDGE_LOOP('',(#3642,#3652,#3658,#3659));
#3642 = ORIENTED_EDGE('',*,*,#3643,.T.);
#3643 = EDGE_CURVE('',#3644,#3646,#3648,.T.);
#3644 = VERTEX_POINT('',#3645);
#3645 = CARTESIAN_POINT('',(-0.25,1.,7.));
#3646 = VERTEX_POINT('',#3647);
#3647 = CARTESIAN_POINT('',(-0.25,-1.,7.));
#3648 = LINE('',#3649,#3650);
#3649 = CARTESIAN_POINT('',(-0.25,1.,7.));
#3650 = VECTOR('',#3651,1.);
#3651 = DIRECTION('',(0.,-1.,0.));
#3652 = ORIENTED_EDGE('',*,*,#3653,.F.);
#3653 = EDGE_CURVE('',#2921,#3646,#3654,.T.);
#3654 = LINE('',#3655,#3656);
#3655 = CARTESIAN_POINT('',(-0.25,-1.,4.1));
#3656 = VECTOR('',#3657,1.);
#3657 = DIRECTION('',(0.,0.,1.));
#3658 = ORIENTED_EDGE('',*,*,#2920,.F.);
#3659 = ORIENTED_EDGE('',*,*,#3660,.T.);
#3660 = EDGE_CURVE('',#2913,#3644,#3661,.T.);
#3661 = LINE('',#3662,#3663);
#3662 = CARTESIAN_POINT('',(-0.25,1.,4.1));
#3663 = VECTOR('',#3664,1.);
#3664 = DIRECTION('',(0.,0.,1.));
#3665 = PLANE('',#3666);
#3666 = AXIS2_PLACEMENT_3D('',#3667,#3668,#3669);
#3667 = CARTESIAN_POINT('',(-0.25,-1.1,7.145));
#3668 = DIRECTION('',(1.,0.,0.));
#3669 = DIRECTION('',(0.,0.,-1.));
#3670 = ADVANCED_FACE('',(#3671),#3688,.T.);
#3671 = FACE_BOUND('',#3672,.T.);
#3672 = EDGE_LOOP('',(#3673,#3679,#3680,#3686,#3687));
#3673 = ORIENTED_EDGE('',*,*,#3674,.T.);
#3674 = EDGE_CURVE('',#3646,#2977,#3675,.T.);
#3675 = LINE('',#3676,#3677);
#3676 = CARTESIAN_POINT('',(-0.25,-1.,7.));
#3677 = VECTOR('',#3678,1.);
#3678 = DIRECTION('',(-1.,0.,0.));
#3679 = ORIENTED_EDGE('',*,*,#2976,.F.);
#3680 = ORIENTED_EDGE('',*,*,#3681,.F.);
#3681 = EDGE_CURVE('',#2929,#2967,#3682,.T.);
#3682 = LINE('',#3683,#3684);
#3683 = CARTESIAN_POINT('',(-2.25,-1.,4.1));
#3684 = VECTOR('',#3685,1.);
#3685 = DIRECTION('',(0.,0.,1.));
#3686 = ORIENTED_EDGE('',*,*,#2928,.F.);
#3687 = ORIENTED_EDGE('',*,*,#3653,.T.);
#3688 = PLANE('',#3689);
#3689 = AXIS2_PLACEMENT_3D('',#3690,#3691,#3692);
#3690 = CARTESIAN_POINT('',(-2.35,-1.,7.145));
#3691 = DIRECTION('',(0.,-1.,0.));
#3692 = DIRECTION('',(0.,0.,-1.));
#3693 = ADVANCED_FACE('',(#3694),#3711,.T.);
#3694 = FACE_BOUND('',#3695,.T.);
#3695 = EDGE_LOOP('',(#3696,#3702,#3703,#3704,#3710));
#3696 = ORIENTED_EDGE('',*,*,#3697,.T.);
#3697 = EDGE_CURVE('',#2985,#3644,#3698,.T.);
#3698 = LINE('',#3699,#3700);
#3699 = CARTESIAN_POINT('',(-2.25,1.,7.));
#3700 = VECTOR('',#3701,1.);
#3701 = DIRECTION('',(1.,0.,0.));
#3702 = ORIENTED_EDGE('',*,*,#3660,.F.);
#3703 = ORIENTED_EDGE('',*,*,#2912,.F.);
#3704 = ORIENTED_EDGE('',*,*,#3705,.F.);
#3705 = EDGE_CURVE('',#2969,#2905,#3706,.T.);
#3706 = LINE('',#3707,#3708);
#3707 = CARTESIAN_POINT('',(-2.25,1.,5.));
#3708 = VECTOR('',#3709,1.);
#3709 = DIRECTION('',(0.,0.,-1.));
#3710 = ORIENTED_EDGE('',*,*,#2992,.T.);
#3711 = PLANE('',#3712);
#3712 = AXIS2_PLACEMENT_3D('',#3713,#3714,#3715);
#3713 = CARTESIAN_POINT('',(-2.35,1.,3.955));
#3714 = DIRECTION('',(0.,1.,0.));
#3715 = DIRECTION('',(0.,-0.,1.));
#3716 = ADVANCED_FACE('',(#3717),#3723,.T.);
#3717 = FACE_BOUND('',#3718,.T.);
#3718 = EDGE_LOOP('',(#3719,#3720,#3721,#3722));
#3719 = ORIENTED_EDGE('',*,*,#3643,.F.);
#3720 = ORIENTED_EDGE('',*,*,#3697,.F.);
#3721 = ORIENTED_EDGE('',*,*,#2984,.F.);
#3722 = ORIENTED_EDGE('',*,*,#3674,.F.);
#3723 = PLANE('',#3724);
#3724 = AXIS2_PLACEMENT_3D('',#3725,#3726,#3727);
#3725 = CARTESIAN_POINT('',(-2.35,-1.1,7.));
#3726 = DIRECTION('',(0.,0.,1.));
#3727 = DIRECTION('',(1.,0.,-0.));
#3728 = ADVANCED_FACE('',(#3729),#3740,.T.);
#3729 = FACE_BOUND('',#3730,.T.);
#3730 = EDGE_LOOP('',(#3731,#3732,#3733,#3739));
#3731 = ORIENTED_EDGE('',*,*,#3395,.T.);
#3732 = ORIENTED_EDGE('',*,*,#3285,.F.);
#3733 = ORIENTED_EDGE('',*,*,#3734,.F.);
#3734 = EDGE_CURVE('',#3605,#3278,#3735,.T.);
#3735 = LINE('',#3736,#3737);
#3736 = CARTESIAN_POINT('',(2.125,1.375,4.1));
#3737 = VECTOR('',#3738,1.);
#3738 = DIRECTION('',(-1.,0.,0.));
#3739 = ORIENTED_EDGE('',*,*,#3604,.T.);
#3740 = PLANE('',#3741);
#3741 = AXIS2_PLACEMENT_3D('',#3742,#3743,#3744);
#3742 = CARTESIAN_POINT('',(-4.9625,1.375,1.1075));
#3743 = DIRECTION('',(0.,1.,0.));
#3744 = DIRECTION('',(0.,-0.,1.));
#3745 = ADVANCED_FACE('',(#3746),#3757,.T.);
#3746 = FACE_BOUND('',#3747,.T.);
#3747 = EDGE_LOOP('',(#3748,#3749,#3750,#3756));
#3748 = ORIENTED_EDGE('',*,*,#3239,.T.);
#3749 = ORIENTED_EDGE('',*,*,#3627,.F.);
#3750 = ORIENTED_EDGE('',*,*,#3751,.F.);
#3751 = EDGE_CURVE('',#3270,#3620,#3752,.T.);
#3752 = LINE('',#3753,#3754);
#3753 = CARTESIAN_POINT('',(-4.625,-1.375,4.1));
#3754 = VECTOR('',#3755,1.);
#3755 = DIRECTION('',(1.,0.,0.));
#3756 = ORIENTED_EDGE('',*,*,#3269,.T.);
#3757 = PLANE('',#3758);
#3758 = AXIS2_PLACEMENT_3D('',#3759,#3760,#3761);
#3759 = CARTESIAN_POINT('',(-4.9625,-1.375,4.2425));
#3760 = DIRECTION('',(0.,-1.,0.));
#3761 = DIRECTION('',(0.,0.,-1.));
#3762 = ADVANCED_FACE('',(#3763,#3797),#3826,.F.);
#3763 = FACE_BOUND('',#3764,.T.);
#3764 = EDGE_LOOP('',(#3765,#3775,#3783,#3791));
#3765 = ORIENTED_EDGE('',*,*,#3766,.T.);
#3766 = EDGE_CURVE('',#3767,#3769,#3771,.T.);
#3767 = VERTEX_POINT('',#3768);
#3768 = CARTESIAN_POINT('',(-4.8,-1.5,4.1));
#3769 = VERTEX_POINT('',#3770);
#3770 = CARTESIAN_POINT('',(-4.8,1.5,4.1));
#3771 = LINE('',#3772,#3773);
#3772 = CARTESIAN_POINT('',(-4.8,-1.5,4.1));
#3773 = VECTOR('',#3774,1.);
#3774 = DIRECTION('',(0.,1.,0.));
#3775 = ORIENTED_EDGE('',*,*,#3776,.T.);
#3776 = EDGE_CURVE('',#3769,#3777,#3779,.T.);
#3777 = VERTEX_POINT('',#3778);
#3778 = CARTESIAN_POINT('',(4.8,1.5,4.1));
#3779 = LINE('',#3780,#3781);
#3780 = CARTESIAN_POINT('',(-4.8,1.5,4.1));
#3781 = VECTOR('',#3782,1.);
#3782 = DIRECTION('',(1.,0.,0.));
#3783 = ORIENTED_EDGE('',*,*,#3784,.T.);
#3784 = EDGE_CURVE('',#3777,#3785,#3787,.T.);
#3785 = VERTEX_POINT('',#3786);
#3786 = CARTESIAN_POINT('',(4.8,-1.5,4.1));
#3787 = LINE('',#3788,#3789);
#3788 = CARTESIAN_POINT('',(4.8,1.5,4.1));
#3789 = VECTOR('',#3790,1.);
#3790 = DIRECTION('',(0.,-1.,0.));
#3791 = ORIENTED_EDGE('',*,*,#3792,.T.);
#3792 = EDGE_CURVE('',#3785,#3767,#3793,.T.);
#3793 = LINE('',#3794,#3795);
#3794 = CARTESIAN_POINT('',(4.8,-1.5,4.1));
#3795 = VECTOR('',#3796,1.);
#3796 = DIRECTION('',(-1.,0.,0.));
#3797 = FACE_BOUND('',#3798,.T.);
#3798 = EDGE_LOOP('',(#3799,#3800,#3801,#3802,#3803,#3804,#3812,#3820));
#3799 = ORIENTED_EDGE('',*,*,#3612,.T.);
#3800 = ORIENTED_EDGE('',*,*,#3734,.T.);
#3801 = ORIENTED_EDGE('',*,*,#3277,.T.);
#3802 = ORIENTED_EDGE('',*,*,#3751,.T.);
#3803 = ORIENTED_EDGE('',*,*,#3619,.T.);
#3804 = ORIENTED_EDGE('',*,*,#3805,.F.);
#3805 = EDGE_CURVE('',#3806,#2945,#3808,.T.);
#3806 = VERTEX_POINT('',#3807);
#3807 = CARTESIAN_POINT('',(2.25,-1.2,4.1));
#3808 = LINE('',#3809,#3810);
#3809 = CARTESIAN_POINT('',(2.25,-1.2,4.1));
#3810 = VECTOR('',#3811,1.);
#3811 = DIRECTION('',(-1.,0.,0.));
#3812 = ORIENTED_EDGE('',*,*,#3813,.F.);
#3813 = EDGE_CURVE('',#3814,#3806,#3816,.T.);
#3814 = VERTEX_POINT('',#3815);
#3815 = CARTESIAN_POINT('',(2.25,1.2,4.1));
#3816 = LINE('',#3817,#3818);
#3817 = CARTESIAN_POINT('',(2.25,1.2,4.1));
#3818 = VECTOR('',#3819,1.);
#3819 = DIRECTION('',(0.,-1.,0.));
#3820 = ORIENTED_EDGE('',*,*,#3821,.F.);
#3821 = EDGE_CURVE('',#2897,#3814,#3822,.T.);
#3822 = LINE('',#3823,#3824);
#3823 = CARTESIAN_POINT('',(2.125,1.2,4.1));
#3824 = VECTOR('',#3825,1.);
#3825 = DIRECTION('',(1.,0.,0.));
#3826 = PLANE('',#3827);
#3827 = AXIS2_PLACEMENT_3D('',#3828,#3829,#3830);
#3828 = CARTESIAN_POINT('',(-5.28,-1.65,4.1));
#3829 = DIRECTION('',(0.,0.,1.));
#3830 = DIRECTION('',(1.,0.,-0.));
#3831 = ADVANCED_FACE('',(#3832),#3850,.F.);
#3832 = FACE_BOUND('',#3833,.T.);
#3833 = EDGE_LOOP('',(#3834,#3835,#3843,#3849));
#3834 = ORIENTED_EDGE('',*,*,#3681,.T.);
#3835 = ORIENTED_EDGE('',*,*,#3836,.F.);
#3836 = EDGE_CURVE('',#3837,#2967,#3839,.T.);
#3837 = VERTEX_POINT('',#3838);
#3838 = CARTESIAN_POINT('',(-2.25,-1.2,5.));
#3839 = LINE('',#3840,#3841);
#3840 = CARTESIAN_POINT('',(-2.25,-1.2,5.));
#3841 = VECTOR('',#3842,1.);
#3842 = DIRECTION('',(0.,1.,0.));
#3843 = ORIENTED_EDGE('',*,*,#3844,.T.);
#3844 = EDGE_CURVE('',#3837,#2937,#3845,.T.);
#3845 = LINE('',#3846,#3847);
#3846 = CARTESIAN_POINT('',(-2.25,-1.2,5.));
#3847 = VECTOR('',#3848,1.);
#3848 = DIRECTION('',(0.,0.,-1.));
#3849 = ORIENTED_EDGE('',*,*,#2936,.T.);
#3850 = PLANE('',#3851);
#3851 = AXIS2_PLACEMENT_3D('',#3852,#3853,#3854);
#3852 = CARTESIAN_POINT('',(-2.25,-1.21,4.055));
#3853 = DIRECTION('',(-1.,0.,0.));
#3854 = DIRECTION('',(0.,0.,1.));
#3855 = ADVANCED_FACE('',(#3856),#3874,.F.);
#3856 = FACE_BOUND('',#3857,.T.);
#3857 = EDGE_LOOP('',(#3858,#3859,#3860,#3868));
#3858 = ORIENTED_EDGE('',*,*,#3705,.T.);
#3859 = ORIENTED_EDGE('',*,*,#2904,.T.);
#3860 = ORIENTED_EDGE('',*,*,#3861,.F.);
#3861 = EDGE_CURVE('',#3862,#2895,#3864,.T.);
#3862 = VERTEX_POINT('',#3863);
#3863 = CARTESIAN_POINT('',(-2.25,1.2,5.));
#3864 = LINE('',#3865,#3866);
#3865 = CARTESIAN_POINT('',(-2.25,1.2,5.));
#3866 = VECTOR('',#3867,1.);
#3867 = DIRECTION('',(0.,0.,-1.));
#3868 = ORIENTED_EDGE('',*,*,#3869,.F.);
#3869 = EDGE_CURVE('',#2969,#3862,#3870,.T.);
#3870 = LINE('',#3871,#3872);
#3871 = CARTESIAN_POINT('',(-2.25,1.,5.));
#3872 = VECTOR('',#3873,1.);
#3873 = DIRECTION('',(0.,1.,0.));
#3874 = PLANE('',#3875);
#3875 = AXIS2_PLACEMENT_3D('',#3876,#3877,#3878);
#3876 = CARTESIAN_POINT('',(-2.25,0.99,4.055));
#3877 = DIRECTION('',(-1.,0.,0.));
#3878 = DIRECTION('',(0.,0.,1.));
#3879 = ADVANCED_FACE('',(#3880),#3905,.F.);
#3880 = FACE_BOUND('',#3881,.T.);
#3881 = EDGE_LOOP('',(#3882,#3883,#3891,#3899));
#3882 = ORIENTED_EDGE('',*,*,#132,.F.);
#3883 = ORIENTED_EDGE('',*,*,#3884,.F.);
#3884 = EDGE_CURVE('',#3885,#133,#3887,.T.);
#3885 = VERTEX_POINT('',#3886);
#3886 = CARTESIAN_POINT('',(-0.375,-1.95,5.));
#3887 = LINE('',#3888,#3889);
#3888 = CARTESIAN_POINT('',(-0.375,-1.95,5.));
#3889 = VECTOR('',#3890,1.);
#3890 = DIRECTION('',(0.,0.,-1.));
#3891 = ORIENTED_EDGE('',*,*,#3892,.F.);
#3892 = EDGE_CURVE('',#3893,#3885,#3895,.T.);
#3893 = VERTEX_POINT('',#3894);
#3894 = CARTESIAN_POINT('',(-0.375,-2.,5.));
#3895 = LINE('',#3896,#3897);
#3896 = CARTESIAN_POINT('',(-0.375,-2.,5.));
#3897 = VECTOR('',#3898,1.);
#3898 = DIRECTION('',(0.,1.,0.));
#3899 = ORIENTED_EDGE('',*,*,#3900,.F.);
#3900 = EDGE_CURVE('',#135,#3893,#3901,.T.);
#3901 = LINE('',#3902,#3903);
#3902 = CARTESIAN_POINT('',(-0.375,-2.,0.8));
#3903 = VECTOR('',#3904,1.);
#3904 = DIRECTION('',(0.,0.,1.));
#3905 = PLANE('',#3906);
#3906 = AXIS2_PLACEMENT_3D('',#3907,#3908,#3909);
#3907 = CARTESIAN_POINT('',(-0.375,-2.0025,0.59));
#3908 = DIRECTION('',(-1.,0.,0.));
#3909 = DIRECTION('',(0.,0.,1.));
#3910 = ADVANCED_FACE('',(#3911),#3936,.F.);
#3911 = FACE_BOUND('',#3912,.T.);
#3912 = EDGE_LOOP('',(#3913,#3914,#3922,#3930));
#3913 = ORIENTED_EDGE('',*,*,#150,.F.);
#3914 = ORIENTED_EDGE('',*,*,#3915,.F.);
#3915 = EDGE_CURVE('',#3916,#143,#3918,.T.);
#3916 = VERTEX_POINT('',#3917);
#3917 = CARTESIAN_POINT('',(0.375,-2.,5.));
#3918 = LINE('',#3919,#3920);
#3919 = CARTESIAN_POINT('',(0.375,-2.,5.));
#3920 = VECTOR('',#3921,1.);
#3921 = DIRECTION('',(0.,0.,-1.));
#3922 = ORIENTED_EDGE('',*,*,#3923,.F.);
#3923 = EDGE_CURVE('',#3924,#3916,#3926,.T.);
#3924 = VERTEX_POINT('',#3925);
#3925 = CARTESIAN_POINT('',(0.375,-1.95,5.));
#3926 = LINE('',#3927,#3928);
#3927 = CARTESIAN_POINT('',(0.375,-1.95,5.));
#3928 = VECTOR('',#3929,1.);
#3929 = DIRECTION('',(0.,-1.,0.));
#3930 = ORIENTED_EDGE('',*,*,#3931,.T.);
#3931 = EDGE_CURVE('',#3924,#151,#3932,.T.);
#3932 = LINE('',#3933,#3934);
#3933 = CARTESIAN_POINT('',(0.375,-1.95,5.));
#3934 = VECTOR('',#3935,1.);
#3935 = DIRECTION('',(0.,0.,-1.));
#3936 = PLANE('',#3937);
#3937 = AXIS2_PLACEMENT_3D('',#3938,#3939,#3940);
#3938 = CARTESIAN_POINT('',(0.375,-2.0025,5.21));
#3939 = DIRECTION('',(1.,0.,0.));
#3940 = DIRECTION('',(0.,0.,-1.));
#3941 = ADVANCED_FACE('',(#3942),#3961,.F.);
#3942 = FACE_BOUND('',#3943,.F.);
#3943 = EDGE_LOOP('',(#3944,#3952,#3959,#3960));
#3944 = ORIENTED_EDGE('',*,*,#3945,.F.);
#3945 = EDGE_CURVE('',#3946,#159,#3948,.T.);
#3946 = VERTEX_POINT('',#3947);
#3947 = CARTESIAN_POINT('',(7.5E-02,-1.65,5.));
#3948 = LINE('',#3949,#3950);
#3949 = CARTESIAN_POINT('',(7.5E-02,-1.65,5.));
#3950 = VECTOR('',#3951,1.);
#3951 = DIRECTION('',(0.,0.,-1.));
#3952 = ORIENTED_EDGE('',*,*,#3953,.T.);
#3953 = EDGE_CURVE('',#3946,#3924,#3954,.T.);
#3954 = CIRCLE('',#3955,0.3);
#3955 = AXIS2_PLACEMENT_3D('',#3956,#3957,#3958);
#3956 = CARTESIAN_POINT('',(7.5E-02,-1.95,5.));
#3957 = DIRECTION('',(0.,0.,-1.));
#3958 = DIRECTION('',(1.,0.,0.));
#3959 = ORIENTED_EDGE('',*,*,#3931,.T.);
#3960 = ORIENTED_EDGE('',*,*,#158,.T.);
#3961 = CYLINDRICAL_SURFACE('',#3962,0.3);
#3962 = AXIS2_PLACEMENT_3D('',#3963,#3964,#3965);
#3963 = CARTESIAN_POINT('',(7.5E-02,-1.95,5.21));
#3964 = DIRECTION('',(0.,0.,-1.));
#3965 = DIRECTION('',(-0.707106781187,-0.707106781187,-0.));
#3966 = ADVANCED_FACE('',(#3967),#3985,.F.);
#3967 = FACE_BOUND('',#3968,.T.);
#3968 = EDGE_LOOP('',(#3969,#3970,#3971,#3979));
#3969 = ORIENTED_EDGE('',*,*,#167,.F.);
#3970 = ORIENTED_EDGE('',*,*,#3945,.F.);
#3971 = ORIENTED_EDGE('',*,*,#3972,.F.);
#3972 = EDGE_CURVE('',#3973,#3946,#3975,.T.);
#3973 = VERTEX_POINT('',#3974);
#3974 = CARTESIAN_POINT('',(-7.5E-02,-1.65,5.));
#3975 = LINE('',#3976,#3977);
#3976 = CARTESIAN_POINT('',(-7.5E-02,-1.65,5.));
#3977 = VECTOR('',#3978,1.);
#3978 = DIRECTION('',(1.,0.,0.));
#3979 = ORIENTED_EDGE('',*,*,#3980,.T.);
#3980 = EDGE_CURVE('',#3973,#168,#3981,.T.);
#3981 = LINE('',#3982,#3983);
#3982 = CARTESIAN_POINT('',(-7.5E-02,-1.65,5.));
#3983 = VECTOR('',#3984,1.);
#3984 = DIRECTION('',(0.,0.,-1.));
#3985 = PLANE('',#3986);
#3986 = AXIS2_PLACEMENT_3D('',#3987,#3988,#3989);
#3987 = CARTESIAN_POINT('',(-8.25E-02,-1.65,0.59));
#3988 = DIRECTION('',(0.,1.,0.));
#3989 = DIRECTION('',(0.,-0.,1.));
#3990 = ADVANCED_FACE('',(#3991),#4003,.F.);
#3991 = FACE_BOUND('',#3992,.F.);
#3992 = EDGE_LOOP('',(#3993,#3994,#4001,#4002));
#3993 = ORIENTED_EDGE('',*,*,#3884,.F.);
#3994 = ORIENTED_EDGE('',*,*,#3995,.T.);
#3995 = EDGE_CURVE('',#3885,#3973,#3996,.T.);
#3996 = CIRCLE('',#3997,0.3);
#3997 = AXIS2_PLACEMENT_3D('',#3998,#3999,#4000);
#3998 = CARTESIAN_POINT('',(-7.5E-02,-1.95,5.));
#3999 = DIRECTION('',(0.,0.,-1.));
#4000 = DIRECTION('',(0.,1.,0.));
#4001 = ORIENTED_EDGE('',*,*,#3980,.T.);
#4002 = ORIENTED_EDGE('',*,*,#175,.T.);
#4003 = CYLINDRICAL_SURFACE('',#4004,0.3);
#4004 = AXIS2_PLACEMENT_3D('',#4005,#4006,#4007);
#4005 = CARTESIAN_POINT('',(-7.5E-02,-1.95,5.21));
#4006 = DIRECTION('',(0.,0.,-1.));
#4007 = DIRECTION('',(0.707106781187,-0.707106781187,0.));
#4008 = ADVANCED_FACE('',(#4009),#4034,.F.);
#4009 = FACE_BOUND('',#4010,.T.);
#4010 = EDGE_LOOP('',(#4011,#4012,#4020,#4028));
#4011 = ORIENTED_EDGE('',*,*,#336,.F.);
#4012 = ORIENTED_EDGE('',*,*,#4013,.F.);
#4013 = EDGE_CURVE('',#4014,#328,#4016,.T.);
#4014 = VERTEX_POINT('',#4015);
#4015 = CARTESIAN_POINT('',(-7.5E-02,1.65,5.));
#4016 = LINE('',#4017,#4018);
#4017 = CARTESIAN_POINT('',(-7.5E-02,1.65,5.));
#4018 = VECTOR('',#4019,1.);
#4019 = DIRECTION('',(0.,0.,-1.));
#4020 = ORIENTED_EDGE('',*,*,#4021,.F.);
#4021 = EDGE_CURVE('',#4022,#4014,#4024,.T.);
#4022 = VERTEX_POINT('',#4023);
#4023 = CARTESIAN_POINT('',(7.5E-02,1.65,5.));
#4024 = LINE('',#4025,#4026);
#4025 = CARTESIAN_POINT('',(7.5E-02,1.65,5.));
#4026 = VECTOR('',#4027,1.);
#4027 = DIRECTION('',(-1.,0.,0.));
#4028 = ORIENTED_EDGE('',*,*,#4029,.T.);
#4029 = EDGE_CURVE('',#4022,#337,#4030,.T.);
#4030 = LINE('',#4031,#4032);
#4031 = CARTESIAN_POINT('',(7.5E-02,1.65,5.));
#4032 = VECTOR('',#4033,1.);
#4033 = DIRECTION('',(0.,0.,-1.));
#4034 = PLANE('',#4035);
#4035 = AXIS2_PLACEMENT_3D('',#4036,#4037,#4038);
#4036 = CARTESIAN_POINT('',(-8.25E-02,1.65,5.21));
#4037 = DIRECTION('',(0.,-1.,0.));
#4038 = DIRECTION('',(0.,0.,-1.));
#4039 = ADVANCED_FACE('',(#4040),#4059,.F.);
#4040 = FACE_BOUND('',#4041,.F.);
#4041 = EDGE_LOOP('',(#4042,#4050,#4057,#4058));
#4042 = ORIENTED_EDGE('',*,*,#4043,.F.);
#4043 = EDGE_CURVE('',#4044,#302,#4046,.T.);
#4044 = VERTEX_POINT('',#4045);
#4045 = CARTESIAN_POINT('',(0.375,1.95,5.));
#4046 = LINE('',#4047,#4048);
#4047 = CARTESIAN_POINT('',(0.375,1.95,5.));
#4048 = VECTOR('',#4049,1.);
#4049 = DIRECTION('',(0.,0.,-1.));
#4050 = ORIENTED_EDGE('',*,*,#4051,.T.);
#4051 = EDGE_CURVE('',#4044,#4022,#4052,.T.);
#4052 = CIRCLE('',#4053,0.3);
#4053 = AXIS2_PLACEMENT_3D('',#4054,#4055,#4056);
#4054 = CARTESIAN_POINT('',(7.5E-02,1.95,5.));
#4055 = DIRECTION('',(0.,0.,-1.));
#4056 = DIRECTION('',(0.,-1.,0.));
#4057 = ORIENTED_EDGE('',*,*,#4029,.T.);
#4058 = ORIENTED_EDGE('',*,*,#344,.T.);
#4059 = CYLINDRICAL_SURFACE('',#4060,0.3);
#4060 = AXIS2_PLACEMENT_3D('',#4061,#4062,#4063);
#4061 = CARTESIAN_POINT('',(7.5E-02,1.95,5.21));
#4062 = DIRECTION('',(0.,0.,-1.));
#4063 = DIRECTION('',(-0.707106781187,0.707106781187,0.));
#4064 = ADVANCED_FACE('',(#4065),#4083,.F.);
#4065 = FACE_BOUND('',#4066,.T.);
#4066 = EDGE_LOOP('',(#4067,#4068,#4069,#4077));
#4067 = ORIENTED_EDGE('',*,*,#301,.F.);
#4068 = ORIENTED_EDGE('',*,*,#4043,.F.);
#4069 = ORIENTED_EDGE('',*,*,#4070,.F.);
#4070 = EDGE_CURVE('',#4071,#4044,#4073,.T.);
#4071 = VERTEX_POINT('',#4072);
#4072 = CARTESIAN_POINT('',(0.375,2.,5.));
#4073 = LINE('',#4074,#4075);
#4074 = CARTESIAN_POINT('',(0.375,2.,5.));
#4075 = VECTOR('',#4076,1.);
#4076 = DIRECTION('',(0.,-1.,0.));
#4077 = ORIENTED_EDGE('',*,*,#4078,.F.);
#4078 = EDGE_CURVE('',#304,#4071,#4079,.T.);
#4079 = LINE('',#4080,#4081);
#4080 = CARTESIAN_POINT('',(0.375,2.,0.8));
#4081 = VECTOR('',#4082,1.);
#4082 = DIRECTION('',(0.,0.,1.));
#4083 = PLANE('',#4084);
#4084 = AXIS2_PLACEMENT_3D('',#4085,#4086,#4087);
#4085 = CARTESIAN_POINT('',(0.375,1.9475,5.21));
#4086 = DIRECTION('',(1.,0.,0.));
#4087 = DIRECTION('',(0.,0.,-1.));
#4088 = ADVANCED_FACE('',(#4089),#4114,.F.);
#4089 = FACE_BOUND('',#4090,.T.);
#4090 = EDGE_LOOP('',(#4091,#4092,#4100,#4108));
#4091 = ORIENTED_EDGE('',*,*,#319,.F.);
#4092 = ORIENTED_EDGE('',*,*,#4093,.F.);
#4093 = EDGE_CURVE('',#4094,#312,#4096,.T.);
#4094 = VERTEX_POINT('',#4095);
#4095 = CARTESIAN_POINT('',(-0.375,2.,5.));
#4096 = LINE('',#4097,#4098);
#4097 = CARTESIAN_POINT('',(-0.375,2.,5.));
#4098 = VECTOR('',#4099,1.);
#4099 = DIRECTION('',(0.,0.,-1.));
#4100 = ORIENTED_EDGE('',*,*,#4101,.F.);
#4101 = EDGE_CURVE('',#4102,#4094,#4104,.T.);
#4102 = VERTEX_POINT('',#4103);
#4103 = CARTESIAN_POINT('',(-0.375,1.95,5.));
#4104 = LINE('',#4105,#4106);
#4105 = CARTESIAN_POINT('',(-0.375,1.95,5.));
#4106 = VECTOR('',#4107,1.);
#4107 = DIRECTION('',(0.,1.,0.));
#4108 = ORIENTED_EDGE('',*,*,#4109,.T.);
#4109 = EDGE_CURVE('',#4102,#320,#4110,.T.);
#4110 = LINE('',#4111,#4112);
#4111 = CARTESIAN_POINT('',(-0.375,1.95,5.));
#4112 = VECTOR('',#4113,1.);
#4113 = DIRECTION('',(0.,0.,-1.));
#4114 = PLANE('',#4115);
#4115 = AXIS2_PLACEMENT_3D('',#4116,#4117,#4118);
#4116 = CARTESIAN_POINT('',(-0.375,1.9475,0.59));
#4117 = DIRECTION('',(-1.,0.,0.));
#4118 = DIRECTION('',(0.,0.,1.));
#4119 = ADVANCED_FACE('',(#4120),#4132,.F.);
#4120 = FACE_BOUND('',#4121,.F.);
#4121 = EDGE_LOOP('',(#4122,#4123,#4130,#4131));
#4122 = ORIENTED_EDGE('',*,*,#4013,.F.);
#4123 = ORIENTED_EDGE('',*,*,#4124,.T.);
#4124 = EDGE_CURVE('',#4014,#4102,#4125,.T.);
#4125 = CIRCLE('',#4126,0.3);
#4126 = AXIS2_PLACEMENT_3D('',#4127,#4128,#4129);
#4127 = CARTESIAN_POINT('',(-7.5E-02,1.95,5.));
#4128 = DIRECTION('',(0.,0.,-1.));
#4129 = DIRECTION('',(-1.,0.,0.));
#4130 = ORIENTED_EDGE('',*,*,#4109,.T.);
#4131 = ORIENTED_EDGE('',*,*,#327,.T.);
#4132 = CYLINDRICAL_SURFACE('',#4133,0.3);
#4133 = AXIS2_PLACEMENT_3D('',#4134,#4135,#4136);
#4134 = CARTESIAN_POINT('',(-7.5E-02,1.95,5.21));
#4135 = DIRECTION('',(0.,0.,-1.));
#4136 = DIRECTION('',(0.707106781187,0.707106781187,0.));
#4137 = ADVANCED_FACE('',(#4138),#4260,.T.);
#4138 = FACE_BOUND('',#4139,.T.);
#4139 = EDGE_LOOP('',(#4140,#4141,#4149,#4157,#4165,#4173,#4181,#4189,
    #4195,#4196,#4197,#4198,#4199,#4200,#4201,#4202,#4203,#4204,#4212,
    #4220,#4228,#4236,#4244,#4252,#4258,#4259));
#4140 = ORIENTED_EDGE('',*,*,#4078,.T.);
#4141 = ORIENTED_EDGE('',*,*,#4142,.T.);
#4142 = EDGE_CURVE('',#4071,#4143,#4145,.T.);
#4143 = VERTEX_POINT('',#4144);
#4144 = CARTESIAN_POINT('',(5.8,2.,5.));
#4145 = LINE('',#4146,#4147);
#4146 = CARTESIAN_POINT('',(0.375,2.,5.));
#4147 = VECTOR('',#4148,1.);
#4148 = DIRECTION('',(1.,0.,0.));
#4149 = ORIENTED_EDGE('',*,*,#4150,.F.);
#4150 = EDGE_CURVE('',#4151,#4143,#4153,.T.);
#4151 = VERTEX_POINT('',#4152);
#4152 = CARTESIAN_POINT('',(5.8,2.,0.));
#4153 = LINE('',#4154,#4155);
#4154 = CARTESIAN_POINT('',(5.8,2.,0.));
#4155 = VECTOR('',#4156,1.);
#4156 = DIRECTION('',(0.,0.,1.));
#4157 = ORIENTED_EDGE('',*,*,#4158,.F.);
#4158 = EDGE_CURVE('',#4159,#4151,#4161,.T.);
#4159 = VERTEX_POINT('',#4160);
#4160 = CARTESIAN_POINT('',(5.6,2.,0.));
#4161 = LINE('',#4162,#4163);
#4162 = CARTESIAN_POINT('',(5.6,2.,0.));
#4163 = VECTOR('',#4164,1.);
#4164 = DIRECTION('',(1.,0.,0.));
#4165 = ORIENTED_EDGE('',*,*,#4166,.T.);
#4166 = EDGE_CURVE('',#4159,#4167,#4169,.T.);
#4167 = VERTEX_POINT('',#4168);
#4168 = CARTESIAN_POINT('',(5.2,2.,0.4));
#4169 = LINE('',#4170,#4171);
#4170 = CARTESIAN_POINT('',(5.6,2.,-3.52495866E-16));
#4171 = VECTOR('',#4172,1.);
#4172 = DIRECTION('',(-0.707106781187,0.,0.707106781187));
#4173 = ORIENTED_EDGE('',*,*,#4174,.T.);
#4174 = EDGE_CURVE('',#4167,#4175,#4177,.T.);
#4175 = VERTEX_POINT('',#4176);
#4176 = CARTESIAN_POINT('',(5.2,2.,1.45));
#4177 = LINE('',#4178,#4179);
#4178 = CARTESIAN_POINT('',(5.2,2.,0.4));
#4179 = VECTOR('',#4180,1.);
#4180 = DIRECTION('',(0.,0.,1.));
#4181 = ORIENTED_EDGE('',*,*,#4182,.T.);
#4182 = EDGE_CURVE('',#4175,#4183,#4185,.T.);
#4183 = VERTEX_POINT('',#4184);
#4184 = CARTESIAN_POINT('',(4.8,2.,1.45));
#4185 = LINE('',#4186,#4187);
#4186 = CARTESIAN_POINT('',(5.2,2.,1.45));
#4187 = VECTOR('',#4188,1.);
#4188 = DIRECTION('',(-1.,0.,0.));
#4189 = ORIENTED_EDGE('',*,*,#4190,.T.);
#4190 = EDGE_CURVE('',#4183,#360,#4191,.T.);
#4191 = LINE('',#4192,#4193);
#4192 = CARTESIAN_POINT('',(4.8,2.,1.45));
#4193 = VECTOR('',#4194,1.);
#4194 = DIRECTION('',(0.,0.,-1.));
#4195 = ORIENTED_EDGE('',*,*,#385,.T.);
#4196 = ORIENTED_EDGE('',*,*,#634,.F.);
#4197 = ORIENTED_EDGE('',*,*,#2755,.F.);
#4198 = ORIENTED_EDGE('',*,*,#2447,.T.);
#4199 = ORIENTED_EDGE('',*,*,#2696,.T.);
#4200 = ORIENTED_EDGE('',*,*,#2423,.T.);
#4201 = ORIENTED_EDGE('',*,*,#2801,.F.);
#4202 = ORIENTED_EDGE('',*,*,#2819,.T.);
#4203 = ORIENTED_EDGE('',*,*,#278,.T.);
#4204 = ORIENTED_EDGE('',*,*,#4205,.T.);
#4205 = EDGE_CURVE('',#271,#4206,#4208,.T.);
#4206 = VERTEX_POINT('',#4207);
#4207 = CARTESIAN_POINT('',(-4.8,2.,1.45));
#4208 = LINE('',#4209,#4210);
#4209 = CARTESIAN_POINT('',(-4.8,2.,0.8));
#4210 = VECTOR('',#4211,1.);
#4211 = DIRECTION('',(0.,0.,1.));
#4212 = ORIENTED_EDGE('',*,*,#4213,.T.);
#4213 = EDGE_CURVE('',#4206,#4214,#4216,.T.);
#4214 = VERTEX_POINT('',#4215);
#4215 = CARTESIAN_POINT('',(-5.2,2.,1.45));
#4216 = LINE('',#4217,#4218);
#4217 = CARTESIAN_POINT('',(-4.8,2.,1.45));
#4218 = VECTOR('',#4219,1.);
#4219 = DIRECTION('',(-1.,0.,0.));
#4220 = ORIENTED_EDGE('',*,*,#4221,.T.);
#4221 = EDGE_CURVE('',#4214,#4222,#4224,.T.);
#4222 = VERTEX_POINT('',#4223);
#4223 = CARTESIAN_POINT('',(-5.2,2.,0.4));
#4224 = LINE('',#4225,#4226);
#4225 = CARTESIAN_POINT('',(-5.2,2.,1.45));
#4226 = VECTOR('',#4227,1.);
#4227 = DIRECTION('',(0.,0.,-1.));
#4228 = ORIENTED_EDGE('',*,*,#4229,.T.);
#4229 = EDGE_CURVE('',#4222,#4230,#4232,.T.);
#4230 = VERTEX_POINT('',#4231);
#4231 = CARTESIAN_POINT('',(-5.6,2.,2.93746428E-17));
#4232 = LINE('',#4233,#4234);
#4233 = CARTESIAN_POINT('',(-5.2,2.,0.4));
#4234 = VECTOR('',#4235,1.);
#4235 = DIRECTION('',(-0.707106781187,0.,-0.707106781187));
#4236 = ORIENTED_EDGE('',*,*,#4237,.F.);
#4237 = EDGE_CURVE('',#4238,#4230,#4240,.T.);
#4238 = VERTEX_POINT('',#4239);
#4239 = CARTESIAN_POINT('',(-5.8,2.,0.));
#4240 = LINE('',#4241,#4242);
#4241 = CARTESIAN_POINT('',(-5.8,2.,0.));
#4242 = VECTOR('',#4243,1.);
#4243 = DIRECTION('',(1.,0.,0.));
#4244 = ORIENTED_EDGE('',*,*,#4245,.T.);
#4245 = EDGE_CURVE('',#4238,#4246,#4248,.T.);
#4246 = VERTEX_POINT('',#4247);
#4247 = CARTESIAN_POINT('',(-5.8,2.,5.));
#4248 = LINE('',#4249,#4250);
#4249 = CARTESIAN_POINT('',(-5.8,2.,0.));
#4250 = VECTOR('',#4251,1.);
#4251 = DIRECTION('',(0.,0.,1.));
#4252 = ORIENTED_EDGE('',*,*,#4253,.T.);
#4253 = EDGE_CURVE('',#4246,#4094,#4254,.T.);
#4254 = LINE('',#4255,#4256);
#4255 = CARTESIAN_POINT('',(-5.8,2.,5.));
#4256 = VECTOR('',#4257,1.);
#4257 = DIRECTION('',(1.,0.,0.));
#4258 = ORIENTED_EDGE('',*,*,#4093,.T.);
#4259 = ORIENTED_EDGE('',*,*,#311,.T.);
#4260 = PLANE('',#4261);
#4261 = AXIS2_PLACEMENT_3D('',#4262,#4263,#4264);
#4262 = CARTESIAN_POINT('',(-6.38,2.,-0.67));
#4263 = DIRECTION('',(0.,1.,0.));
#4264 = DIRECTION('',(0.,-0.,1.));
#4265 = ADVANCED_FACE('',(#4266,#4372),#4399,.T.);
#4266 = FACE_BOUND('',#4267,.T.);
#4267 = EDGE_LOOP('',(#4268,#4269,#4270,#4271,#4272,#4273,#4281,#4289,
    #4297,#4305,#4313,#4319,#4320,#4321,#4322,#4323,#4324,#4325,#4326,
    #4334,#4342,#4350,#4358,#4366));
#4268 = ORIENTED_EDGE('',*,*,#3892,.T.);
#4269 = ORIENTED_EDGE('',*,*,#3995,.T.);
#4270 = ORIENTED_EDGE('',*,*,#3972,.T.);
#4271 = ORIENTED_EDGE('',*,*,#3953,.T.);
#4272 = ORIENTED_EDGE('',*,*,#3923,.T.);
#4273 = ORIENTED_EDGE('',*,*,#4274,.F.);
#4274 = EDGE_CURVE('',#4275,#3916,#4277,.T.);
#4275 = VERTEX_POINT('',#4276);
#4276 = CARTESIAN_POINT('',(5.8,-2.,5.));
#4277 = LINE('',#4278,#4279);
#4278 = CARTESIAN_POINT('',(5.8,-2.,5.));
#4279 = VECTOR('',#4280,1.);
#4280 = DIRECTION('',(-1.,0.,0.));
#4281 = ORIENTED_EDGE('',*,*,#4282,.F.);
#4282 = EDGE_CURVE('',#4283,#4275,#4285,.T.);
#4283 = VERTEX_POINT('',#4284);
#4284 = CARTESIAN_POINT('',(5.8,-1.25,5.));
#4285 = LINE('',#4286,#4287);
#4286 = CARTESIAN_POINT('',(5.8,-1.25,5.));
#4287 = VECTOR('',#4288,1.);
#4288 = DIRECTION('',(0.,-1.,0.));
#4289 = ORIENTED_EDGE('',*,*,#4290,.T.);
#4290 = EDGE_CURVE('',#4283,#4291,#4293,.T.);
#4291 = VERTEX_POINT('',#4292);
#4292 = CARTESIAN_POINT('',(5.15,-1.25,5.));
#4293 = LINE('',#4294,#4295);
#4294 = CARTESIAN_POINT('',(5.8,-1.25,5.));
#4295 = VECTOR('',#4296,1.);
#4296 = DIRECTION('',(-1.,0.,0.));
#4297 = ORIENTED_EDGE('',*,*,#4298,.T.);
#4298 = EDGE_CURVE('',#4291,#4299,#4301,.T.);
#4299 = VERTEX_POINT('',#4300);
#4300 = CARTESIAN_POINT('',(5.15,1.25,5.));
#4301 = LINE('',#4302,#4303);
#4302 = CARTESIAN_POINT('',(5.15,-1.25,5.));
#4303 = VECTOR('',#4304,1.);
#4304 = DIRECTION('',(0.,1.,0.));
#4305 = ORIENTED_EDGE('',*,*,#4306,.T.);
#4306 = EDGE_CURVE('',#4299,#4307,#4309,.T.);
#4307 = VERTEX_POINT('',#4308);
#4308 = CARTESIAN_POINT('',(5.8,1.25,5.));
#4309 = LINE('',#4310,#4311);
#4310 = CARTESIAN_POINT('',(5.15,1.25,5.));
#4311 = VECTOR('',#4312,1.);
#4312 = DIRECTION('',(1.,0.,0.));
#4313 = ORIENTED_EDGE('',*,*,#4314,.F.);
#4314 = EDGE_CURVE('',#4143,#4307,#4315,.T.);
#4315 = LINE('',#4316,#4317);
#4316 = CARTESIAN_POINT('',(5.8,2.,5.));
#4317 = VECTOR('',#4318,1.);
#4318 = DIRECTION('',(0.,-1.,0.));
#4319 = ORIENTED_EDGE('',*,*,#4142,.F.);
#4320 = ORIENTED_EDGE('',*,*,#4070,.T.);
#4321 = ORIENTED_EDGE('',*,*,#4051,.T.);
#4322 = ORIENTED_EDGE('',*,*,#4021,.T.);
#4323 = ORIENTED_EDGE('',*,*,#4124,.T.);
#4324 = ORIENTED_EDGE('',*,*,#4101,.T.);
#4325 = ORIENTED_EDGE('',*,*,#4253,.F.);
#4326 = ORIENTED_EDGE('',*,*,#4327,.F.);
#4327 = EDGE_CURVE('',#4328,#4246,#4330,.T.);
#4328 = VERTEX_POINT('',#4329);
#4329 = CARTESIAN_POINT('',(-5.8,1.25,5.));
#4330 = LINE('',#4331,#4332);
#4331 = CARTESIAN_POINT('',(-5.8,1.25,5.));
#4332 = VECTOR('',#4333,1.);
#4333 = DIRECTION('',(0.,1.,0.));
#4334 = ORIENTED_EDGE('',*,*,#4335,.T.);
#4335 = EDGE_CURVE('',#4328,#4336,#4338,.T.);
#4336 = VERTEX_POINT('',#4337);
#4337 = CARTESIAN_POINT('',(-5.15,1.25,5.));
#4338 = LINE('',#4339,#4340);
#4339 = CARTESIAN_POINT('',(-5.8,1.25,5.));
#4340 = VECTOR('',#4341,1.);
#4341 = DIRECTION('',(1.,0.,0.));
#4342 = ORIENTED_EDGE('',*,*,#4343,.T.);
#4343 = EDGE_CURVE('',#4336,#4344,#4346,.T.);
#4344 = VERTEX_POINT('',#4345);
#4345 = CARTESIAN_POINT('',(-5.15,-1.25,5.));
#4346 = LINE('',#4347,#4348);
#4347 = CARTESIAN_POINT('',(-5.15,1.25,5.));
#4348 = VECTOR('',#4349,1.);
#4349 = DIRECTION('',(0.,-1.,0.));
#4350 = ORIENTED_EDGE('',*,*,#4351,.T.);
#4351 = EDGE_CURVE('',#4344,#4352,#4354,.T.);
#4352 = VERTEX_POINT('',#4353);
#4353 = CARTESIAN_POINT('',(-5.8,-1.25,5.));
#4354 = LINE('',#4355,#4356);
#4355 = CARTESIAN_POINT('',(-5.15,-1.25,5.));
#4356 = VECTOR('',#4357,1.);
#4357 = DIRECTION('',(-1.,0.,0.));
#4358 = ORIENTED_EDGE('',*,*,#4359,.F.);
#4359 = EDGE_CURVE('',#4360,#4352,#4362,.T.);
#4360 = VERTEX_POINT('',#4361);
#4361 = CARTESIAN_POINT('',(-5.8,-2.,5.));
#4362 = LINE('',#4363,#4364);
#4363 = CARTESIAN_POINT('',(-5.8,-2.,5.));
#4364 = VECTOR('',#4365,1.);
#4365 = DIRECTION('',(0.,1.,0.));
#4366 = ORIENTED_EDGE('',*,*,#4367,.F.);
#4367 = EDGE_CURVE('',#3893,#4360,#4368,.T.);
#4368 = LINE('',#4369,#4370);
#4369 = CARTESIAN_POINT('',(-0.375,-2.,5.));
#4370 = VECTOR('',#4371,1.);
#4371 = DIRECTION('',(-1.,0.,0.));
#4372 = FACE_BOUND('',#4373,.T.);
#4373 = EDGE_LOOP('',(#4374,#4375,#4376,#4377,#4385,#4393));
#4374 = ORIENTED_EDGE('',*,*,#3836,.T.);
#4375 = ORIENTED_EDGE('',*,*,#2966,.T.);
#4376 = ORIENTED_EDGE('',*,*,#3869,.T.);
#4377 = ORIENTED_EDGE('',*,*,#4378,.T.);
#4378 = EDGE_CURVE('',#3862,#4379,#4381,.T.);
#4379 = VERTEX_POINT('',#4380);
#4380 = CARTESIAN_POINT('',(2.25,1.2,5.));
#4381 = LINE('',#4382,#4383);
#4382 = CARTESIAN_POINT('',(-2.25,1.2,5.));
#4383 = VECTOR('',#4384,1.);
#4384 = DIRECTION('',(1.,0.,0.));
#4385 = ORIENTED_EDGE('',*,*,#4386,.T.);
#4386 = EDGE_CURVE('',#4379,#4387,#4389,.T.);
#4387 = VERTEX_POINT('',#4388);
#4388 = CARTESIAN_POINT('',(2.25,-1.2,5.));
#4389 = LINE('',#4390,#4391);
#4390 = CARTESIAN_POINT('',(2.25,1.2,5.));
#4391 = VECTOR('',#4392,1.);
#4392 = DIRECTION('',(0.,-1.,0.));
#4393 = ORIENTED_EDGE('',*,*,#4394,.T.);
#4394 = EDGE_CURVE('',#4387,#3837,#4395,.T.);
#4395 = LINE('',#4396,#4397);
#4396 = CARTESIAN_POINT('',(2.25,-1.2,5.));
#4397 = VECTOR('',#4398,1.);
#4398 = DIRECTION('',(-1.,0.,0.));
#4399 = PLANE('',#4400);
#4400 = AXIS2_PLACEMENT_3D('',#4401,#4402,#4403);
#4401 = CARTESIAN_POINT('',(-6.38,-2.2,5.));
#4402 = DIRECTION('',(0.,0.,1.));
#4403 = DIRECTION('',(1.,0.,-0.));
#4404 = ADVANCED_FACE('',(#4405),#4430,.F.);
#4405 = FACE_BOUND('',#4406,.T.);
#4406 = EDGE_LOOP('',(#4407,#4417,#4423,#4424));
#4407 = ORIENTED_EDGE('',*,*,#4408,.F.);
#4408 = EDGE_CURVE('',#4409,#4411,#4413,.T.);
#4409 = VERTEX_POINT('',#4410);
#4410 = CARTESIAN_POINT('',(5.2,-2.,0.4));
#4411 = VERTEX_POINT('',#4412);
#4412 = CARTESIAN_POINT('',(5.6,-2.,2.93746428E-17));
#4413 = LINE('',#4414,#4415);
#4414 = CARTESIAN_POINT('',(5.2,-2.,0.4));
#4415 = VECTOR('',#4416,1.);
#4416 = DIRECTION('',(0.707106781187,0.,-0.707106781187));
#4417 = ORIENTED_EDGE('',*,*,#4418,.T.);
#4418 = EDGE_CURVE('',#4409,#4167,#4419,.T.);
#4419 = LINE('',#4420,#4421);
#4420 = CARTESIAN_POINT('',(5.2,-2.,0.4));
#4421 = VECTOR('',#4422,1.);
#4422 = DIRECTION('',(0.,1.,0.));
#4423 = ORIENTED_EDGE('',*,*,#4166,.F.);
#4424 = ORIENTED_EDGE('',*,*,#4425,.F.);
#4425 = EDGE_CURVE('',#4411,#4159,#4426,.T.);
#4426 = LINE('',#4427,#4428);
#4427 = CARTESIAN_POINT('',(5.6,-2.,0.));
#4428 = VECTOR('',#4429,1.);
#4429 = DIRECTION('',(0.,1.,0.));
#4430 = PLANE('',#4431);
#4431 = AXIS2_PLACEMENT_3D('',#4432,#4433,#4434);
#4432 = CARTESIAN_POINT('',(5.18,-2.2,0.42));
#4433 = DIRECTION('',(0.707106781187,0.,0.707106781187));
#4434 = DIRECTION('',(0.707106781187,0.,-0.707106781187));
#4435 = ADVANCED_FACE('',(#4436),#4462,.F.);
#4436 = FACE_BOUND('',#4437,.T.);
#4437 = EDGE_LOOP('',(#4438,#4439,#4447,#4455,#4461));
#4438 = ORIENTED_EDGE('',*,*,#61,.T.);
#4439 = ORIENTED_EDGE('',*,*,#4440,.T.);
#4440 = EDGE_CURVE('',#64,#4441,#4443,.T.);
#4441 = VERTEX_POINT('',#4442);
#4442 = CARTESIAN_POINT('',(4.8,-1.5,1.45));
#4443 = LINE('',#4444,#4445);
#4444 = CARTESIAN_POINT('',(4.8,-1.5,1.2));
#4445 = VECTOR('',#4446,1.);
#4446 = DIRECTION('',(0.,0.,1.));
#4447 = ORIENTED_EDGE('',*,*,#4448,.F.);
#4448 = EDGE_CURVE('',#4449,#4441,#4451,.T.);
#4449 = VERTEX_POINT('',#4450);
#4450 = CARTESIAN_POINT('',(4.8,-2.,1.45));
#4451 = LINE('',#4452,#4453);
#4452 = CARTESIAN_POINT('',(4.8,-2.,1.45));
#4453 = VECTOR('',#4454,1.);
#4454 = DIRECTION('',(0.,1.,0.));
#4455 = ORIENTED_EDGE('',*,*,#4456,.F.);
#4456 = EDGE_CURVE('',#102,#4449,#4457,.T.);
#4457 = LINE('',#4458,#4459);
#4458 = CARTESIAN_POINT('',(4.8,-2.,0.8));
#4459 = VECTOR('',#4460,1.);
#4460 = DIRECTION('',(0.,0.,1.));
#4461 = ORIENTED_EDGE('',*,*,#101,.F.);
#4462 = PLANE('',#4463);
#4463 = AXIS2_PLACEMENT_3D('',#4464,#4465,#4466);
#4464 = CARTESIAN_POINT('',(4.8,-2.025,0.7675));
#4465 = DIRECTION('',(-1.,0.,0.));
#4466 = DIRECTION('',(0.,0.,1.));
#4467 = ADVANCED_FACE('',(#4468),#4532,.F.);
#4468 = FACE_BOUND('',#4469,.T.);
#4469 = EDGE_LOOP('',(#4470,#4480,#4488,#4496,#4502,#4503,#4511,#4519,
    #4525,#4526));
#4470 = ORIENTED_EDGE('',*,*,#4471,.F.);
#4471 = EDGE_CURVE('',#4472,#4474,#4476,.T.);
#4472 = VERTEX_POINT('',#4473);
#4473 = CARTESIAN_POINT('',(-5.2,-1.25,1.45));
#4474 = VERTEX_POINT('',#4475);
#4475 = CARTESIAN_POINT('',(-5.2,-1.25,0.8));
#4476 = LINE('',#4477,#4478);
#4477 = CARTESIAN_POINT('',(-5.2,-1.25,1.45));
#4478 = VECTOR('',#4479,1.);
#4479 = DIRECTION('',(0.,0.,-1.));
#4480 = ORIENTED_EDGE('',*,*,#4481,.F.);
#4481 = EDGE_CURVE('',#4482,#4472,#4484,.T.);
#4482 = VERTEX_POINT('',#4483);
#4483 = CARTESIAN_POINT('',(-5.2,-2.,1.45));
#4484 = LINE('',#4485,#4486);
#4485 = CARTESIAN_POINT('',(-5.2,-2.,1.45));
#4486 = VECTOR('',#4487,1.);
#4487 = DIRECTION('',(0.,1.,0.));
#4488 = ORIENTED_EDGE('',*,*,#4489,.F.);
#4489 = EDGE_CURVE('',#4490,#4482,#4492,.T.);
#4490 = VERTEX_POINT('',#4491);
#4491 = CARTESIAN_POINT('',(-5.2,-2.,0.4));
#4492 = LINE('',#4493,#4494);
#4493 = CARTESIAN_POINT('',(-5.2,-2.,0.4));
#4494 = VECTOR('',#4495,1.);
#4495 = DIRECTION('',(0.,0.,1.));
#4496 = ORIENTED_EDGE('',*,*,#4497,.T.);
#4497 = EDGE_CURVE('',#4490,#4222,#4498,.T.);
#4498 = LINE('',#4499,#4500);
#4499 = CARTESIAN_POINT('',(-5.2,-2.,0.4));
#4500 = VECTOR('',#4501,1.);
#4501 = DIRECTION('',(0.,1.,0.));
#4502 = ORIENTED_EDGE('',*,*,#4221,.F.);
#4503 = ORIENTED_EDGE('',*,*,#4504,.F.);
#4504 = EDGE_CURVE('',#4505,#4214,#4507,.T.);
#4505 = VERTEX_POINT('',#4506);
#4506 = CARTESIAN_POINT('',(-5.2,1.25,1.45));
#4507 = LINE('',#4508,#4509);
#4508 = CARTESIAN_POINT('',(-5.2,1.25,1.45));
#4509 = VECTOR('',#4510,1.);
#4510 = DIRECTION('',(0.,1.,0.));
#4511 = ORIENTED_EDGE('',*,*,#4512,.F.);
#4512 = EDGE_CURVE('',#4513,#4505,#4515,.T.);
#4513 = VERTEX_POINT('',#4514);
#4514 = CARTESIAN_POINT('',(-5.2,1.25,0.8));
#4515 = LINE('',#4516,#4517);
#4516 = CARTESIAN_POINT('',(-5.2,1.25,0.8));
#4517 = VECTOR('',#4518,1.);
#4518 = DIRECTION('',(0.,0.,1.));
#4519 = ORIENTED_EDGE('',*,*,#4520,.F.);
#4520 = EDGE_CURVE('',#471,#4513,#4521,.T.);
#4521 = LINE('',#4522,#4523);
#4522 = CARTESIAN_POINT('',(-5.2,0.95,0.8));
#4523 = VECTOR('',#4524,1.);
#4524 = DIRECTION('',(0.,1.,0.));
#4525 = ORIENTED_EDGE('',*,*,#470,.F.);
#4526 = ORIENTED_EDGE('',*,*,#4527,.F.);
#4527 = EDGE_CURVE('',#4474,#410,#4528,.T.);
#4528 = LINE('',#4529,#4530);
#4529 = CARTESIAN_POINT('',(-5.2,-1.25,0.8));
#4530 = VECTOR('',#4531,1.);
#4531 = DIRECTION('',(0.,1.,0.));
#4532 = PLANE('',#4533);
#4533 = AXIS2_PLACEMENT_3D('',#4534,#4535,#4536);
#4534 = CARTESIAN_POINT('',(-5.2,-2.2,0.3475));
#4535 = DIRECTION('',(-1.,0.,0.));
#4536 = DIRECTION('',(0.,0.,1.));
#4537 = ADVANCED_FACE('',(#4538),#4564,.F.);
#4538 = FACE_BOUND('',#4539,.T.);
#4539 = EDGE_LOOP('',(#4540,#4541,#4542,#4550,#4558));
#4540 = ORIENTED_EDGE('',*,*,#663,.F.);
#4541 = ORIENTED_EDGE('',*,*,#190,.F.);
#4542 = ORIENTED_EDGE('',*,*,#4543,.F.);
#4543 = EDGE_CURVE('',#4544,#191,#4546,.T.);
#4544 = VERTEX_POINT('',#4545);
#4545 = CARTESIAN_POINT('',(-4.8,-2.,1.45));
#4546 = LINE('',#4547,#4548);
#4547 = CARTESIAN_POINT('',(-4.8,-2.,1.45));
#4548 = VECTOR('',#4549,1.);
#4549 = DIRECTION('',(0.,0.,-1.));
#4550 = ORIENTED_EDGE('',*,*,#4551,.F.);
#4551 = EDGE_CURVE('',#4552,#4544,#4554,.T.);
#4552 = VERTEX_POINT('',#4553);
#4553 = CARTESIAN_POINT('',(-4.8,-1.5,1.45));
#4554 = LINE('',#4555,#4556);
#4555 = CARTESIAN_POINT('',(-4.8,-1.5,1.45));
#4556 = VECTOR('',#4557,1.);
#4557 = DIRECTION('',(0.,-1.,0.));
#4558 = ORIENTED_EDGE('',*,*,#4559,.F.);
#4559 = EDGE_CURVE('',#664,#4552,#4560,.T.);
#4560 = LINE('',#4561,#4562);
#4561 = CARTESIAN_POINT('',(-4.8,-1.5,1.2));
#4562 = VECTOR('',#4563,1.);
#4563 = DIRECTION('',(0.,0.,1.));
#4564 = PLANE('',#4565);
#4565 = AXIS2_PLACEMENT_3D('',#4566,#4567,#4568);
#4566 = CARTESIAN_POINT('',(-4.8,-2.025,1.4825));
#4567 = DIRECTION('',(1.,0.,0.));
#4568 = DIRECTION('',(0.,0.,-1.));
#4569 = ADVANCED_FACE('',(#4570),#4634,.F.);
#4570 = FACE_BOUND('',#4571,.T.);
#4571 = EDGE_LOOP('',(#4572,#4580,#4581,#4589,#4595,#4596,#4604,#4612,
    #4620,#4628));
#4572 = ORIENTED_EDGE('',*,*,#4573,.F.);
#4573 = EDGE_CURVE('',#4449,#4574,#4576,.T.);
#4574 = VERTEX_POINT('',#4575);
#4575 = CARTESIAN_POINT('',(5.2,-2.,1.45));
#4576 = LINE('',#4577,#4578);
#4577 = CARTESIAN_POINT('',(4.8,-2.,1.45));
#4578 = VECTOR('',#4579,1.);
#4579 = DIRECTION('',(1.,0.,0.));
#4580 = ORIENTED_EDGE('',*,*,#4448,.T.);
#4581 = ORIENTED_EDGE('',*,*,#4582,.F.);
#4582 = EDGE_CURVE('',#4583,#4441,#4585,.T.);
#4583 = VERTEX_POINT('',#4584);
#4584 = CARTESIAN_POINT('',(4.8,1.5,1.45));
#4585 = LINE('',#4586,#4587);
#4586 = CARTESIAN_POINT('',(4.8,1.5,1.45));
#4587 = VECTOR('',#4588,1.);
#4588 = DIRECTION('',(0.,-1.,0.));
#4589 = ORIENTED_EDGE('',*,*,#4590,.T.);
#4590 = EDGE_CURVE('',#4583,#4183,#4591,.T.);
#4591 = LINE('',#4592,#4593);
#4592 = CARTESIAN_POINT('',(4.8,1.5,1.45));
#4593 = VECTOR('',#4594,1.);
#4594 = DIRECTION('',(0.,1.,0.));
#4595 = ORIENTED_EDGE('',*,*,#4182,.F.);
#4596 = ORIENTED_EDGE('',*,*,#4597,.F.);
#4597 = EDGE_CURVE('',#4598,#4175,#4600,.T.);
#4598 = VERTEX_POINT('',#4599);
#4599 = CARTESIAN_POINT('',(5.2,1.25,1.45));
#4600 = LINE('',#4601,#4602);
#4601 = CARTESIAN_POINT('',(5.2,1.25,1.45));
#4602 = VECTOR('',#4603,1.);
#4603 = DIRECTION('',(0.,1.,0.));
#4604 = ORIENTED_EDGE('',*,*,#4605,.F.);
#4605 = EDGE_CURVE('',#4606,#4598,#4608,.T.);
#4606 = VERTEX_POINT('',#4607);
#4607 = CARTESIAN_POINT('',(5.15,1.25,1.45));
#4608 = LINE('',#4609,#4610);
#4609 = CARTESIAN_POINT('',(5.15,1.25,1.45));
#4610 = VECTOR('',#4611,1.);
#4611 = DIRECTION('',(1.,0.,0.));
#4612 = ORIENTED_EDGE('',*,*,#4613,.F.);
#4613 = EDGE_CURVE('',#4614,#4606,#4616,.T.);
#4614 = VERTEX_POINT('',#4615);
#4615 = CARTESIAN_POINT('',(5.15,-1.25,1.45));
#4616 = LINE('',#4617,#4618);
#4617 = CARTESIAN_POINT('',(5.15,-1.25,1.45));
#4618 = VECTOR('',#4619,1.);
#4619 = DIRECTION('',(0.,1.,0.));
#4620 = ORIENTED_EDGE('',*,*,#4621,.F.);
#4621 = EDGE_CURVE('',#4622,#4614,#4624,.T.);
#4622 = VERTEX_POINT('',#4623);
#4623 = CARTESIAN_POINT('',(5.2,-1.25,1.45));
#4624 = LINE('',#4625,#4626);
#4625 = CARTESIAN_POINT('',(5.2,-1.25,1.45));
#4626 = VECTOR('',#4627,1.);
#4627 = DIRECTION('',(-1.,0.,0.));
#4628 = ORIENTED_EDGE('',*,*,#4629,.F.);
#4629 = EDGE_CURVE('',#4574,#4622,#4630,.T.);
#4630 = LINE('',#4631,#4632);
#4631 = CARTESIAN_POINT('',(5.2,-2.,1.45));
#4632 = VECTOR('',#4633,1.);
#4633 = DIRECTION('',(0.,1.,0.));
#4634 = PLANE('',#4635);
#4635 = AXIS2_PLACEMENT_3D('',#4636,#4637,#4638);
#4636 = CARTESIAN_POINT('',(4.78,-2.2,1.45));
#4637 = DIRECTION('',(0.,0.,1.));
#4638 = DIRECTION('',(1.,0.,-0.));
#4639 = ADVANCED_FACE('',(#4640),#4667,.F.);
#4640 = FACE_BOUND('',#4641,.T.);
#4641 = EDGE_LOOP('',(#4642,#4648,#4649,#4655,#4656,#4657,#4658,#4664,
    #4665,#4666));
#4642 = ORIENTED_EDGE('',*,*,#4643,.F.);
#4643 = EDGE_CURVE('',#4574,#4409,#4644,.T.);
#4644 = LINE('',#4645,#4646);
#4645 = CARTESIAN_POINT('',(5.2,-2.,1.45));
#4646 = VECTOR('',#4647,1.);
#4647 = DIRECTION('',(0.,0.,-1.));
#4648 = ORIENTED_EDGE('',*,*,#4629,.T.);
#4649 = ORIENTED_EDGE('',*,*,#4650,.F.);
#4650 = EDGE_CURVE('',#2849,#4622,#4651,.T.);
#4651 = LINE('',#4652,#4653);
#4652 = CARTESIAN_POINT('',(5.2,-1.25,0.8));
#4653 = VECTOR('',#4654,1.);
#4654 = DIRECTION('',(0.,0.,1.));
#4655 = ORIENTED_EDGE('',*,*,#2848,.F.);
#4656 = ORIENTED_EDGE('',*,*,#21,.F.);
#4657 = ORIENTED_EDGE('',*,*,#2880,.F.);
#4658 = ORIENTED_EDGE('',*,*,#4659,.F.);
#4659 = EDGE_CURVE('',#4598,#2873,#4660,.T.);
#4660 = LINE('',#4661,#4662);
#4661 = CARTESIAN_POINT('',(5.2,1.25,1.45));
#4662 = VECTOR('',#4663,1.);
#4663 = DIRECTION('',(0.,0.,-1.));
#4664 = ORIENTED_EDGE('',*,*,#4597,.T.);
#4665 = ORIENTED_EDGE('',*,*,#4174,.F.);
#4666 = ORIENTED_EDGE('',*,*,#4418,.F.);
#4667 = PLANE('',#4668);
#4668 = AXIS2_PLACEMENT_3D('',#4669,#4670,#4671);
#4669 = CARTESIAN_POINT('',(5.2,-2.2,1.5025));
#4670 = DIRECTION('',(1.,0.,0.));
#4671 = DIRECTION('',(0.,0.,-1.));
#4672 = ADVANCED_FACE('',(#4673),#4721,.F.);
#4673 = FACE_BOUND('',#4674,.T.);
#4674 = EDGE_LOOP('',(#4675,#4683,#4691,#4697,#4698,#4699,#4707,#4713,
    #4714,#4720));
#4675 = ORIENTED_EDGE('',*,*,#4676,.F.);
#4676 = EDGE_CURVE('',#4677,#4472,#4679,.T.);
#4677 = VERTEX_POINT('',#4678);
#4678 = CARTESIAN_POINT('',(-5.15,-1.25,1.45));
#4679 = LINE('',#4680,#4681);
#4680 = CARTESIAN_POINT('',(-5.15,-1.25,1.45));
#4681 = VECTOR('',#4682,1.);
#4682 = DIRECTION('',(-1.,0.,0.));
#4683 = ORIENTED_EDGE('',*,*,#4684,.F.);
#4684 = EDGE_CURVE('',#4685,#4677,#4687,.T.);
#4685 = VERTEX_POINT('',#4686);
#4686 = CARTESIAN_POINT('',(-5.15,1.25,1.45));
#4687 = LINE('',#4688,#4689);
#4688 = CARTESIAN_POINT('',(-5.15,1.25,1.45));
#4689 = VECTOR('',#4690,1.);
#4690 = DIRECTION('',(0.,-1.,0.));
#4691 = ORIENTED_EDGE('',*,*,#4692,.F.);
#4692 = EDGE_CURVE('',#4505,#4685,#4693,.T.);
#4693 = LINE('',#4694,#4695);
#4694 = CARTESIAN_POINT('',(-5.2,1.25,1.45));
#4695 = VECTOR('',#4696,1.);
#4696 = DIRECTION('',(1.,0.,0.));
#4697 = ORIENTED_EDGE('',*,*,#4504,.T.);
#4698 = ORIENTED_EDGE('',*,*,#4213,.F.);
#4699 = ORIENTED_EDGE('',*,*,#4700,.T.);
#4700 = EDGE_CURVE('',#4206,#4701,#4703,.T.);
#4701 = VERTEX_POINT('',#4702);
#4702 = CARTESIAN_POINT('',(-4.8,1.5,1.45));
#4703 = LINE('',#4704,#4705);
#4704 = CARTESIAN_POINT('',(-4.8,2.,1.45));
#4705 = VECTOR('',#4706,1.);
#4706 = DIRECTION('',(0.,-1.,0.));
#4707 = ORIENTED_EDGE('',*,*,#4708,.F.);
#4708 = EDGE_CURVE('',#4552,#4701,#4709,.T.);
#4709 = LINE('',#4710,#4711);
#4710 = CARTESIAN_POINT('',(-4.8,-1.5,1.45));
#4711 = VECTOR('',#4712,1.);
#4712 = DIRECTION('',(0.,1.,0.));
#4713 = ORIENTED_EDGE('',*,*,#4551,.T.);
#4714 = ORIENTED_EDGE('',*,*,#4715,.F.);
#4715 = EDGE_CURVE('',#4482,#4544,#4716,.T.);
#4716 = LINE('',#4717,#4718);
#4717 = CARTESIAN_POINT('',(-5.2,-2.,1.45));
#4718 = VECTOR('',#4719,1.);
#4719 = DIRECTION('',(1.,0.,0.));
#4720 = ORIENTED_EDGE('',*,*,#4481,.T.);
#4721 = PLANE('',#4722);
#4722 = AXIS2_PLACEMENT_3D('',#4723,#4724,#4725);
#4723 = CARTESIAN_POINT('',(-5.22,-2.2,1.45));
#4724 = DIRECTION('',(0.,0.,1.));
#4725 = DIRECTION('',(1.,0.,-0.));
#4726 = ADVANCED_FACE('',(#4727),#4745,.F.);
#4727 = FACE_BOUND('',#4728,.T.);
#4728 = EDGE_LOOP('',(#4729,#4737,#4743,#4744));
#4729 = ORIENTED_EDGE('',*,*,#4730,.F.);
#4730 = EDGE_CURVE('',#4731,#4490,#4733,.T.);
#4731 = VERTEX_POINT('',#4732);
#4732 = CARTESIAN_POINT('',(-5.6,-2.,0.));
#4733 = LINE('',#4734,#4735);
#4734 = CARTESIAN_POINT('',(-5.6,-2.,-3.52495866E-16));
#4735 = VECTOR('',#4736,1.);
#4736 = DIRECTION('',(0.707106781187,0.,0.707106781187));
#4737 = ORIENTED_EDGE('',*,*,#4738,.F.);
#4738 = EDGE_CURVE('',#4230,#4731,#4739,.T.);
#4739 = LINE('',#4740,#4741);
#4740 = CARTESIAN_POINT('',(-5.6,2.,0.));
#4741 = VECTOR('',#4742,1.);
#4742 = DIRECTION('',(0.,-1.,0.));
#4743 = ORIENTED_EDGE('',*,*,#4229,.F.);
#4744 = ORIENTED_EDGE('',*,*,#4497,.F.);
#4745 = PLANE('',#4746);
#4746 = AXIS2_PLACEMENT_3D('',#4747,#4748,#4749);
#4747 = CARTESIAN_POINT('',(-5.62,-2.2,-2.E-02));
#4748 = DIRECTION('',(-0.707106781187,0.,0.707106781187));
#4749 = DIRECTION('',(0.707106781187,0.,0.707106781187));
#4750 = ADVANCED_FACE('',(#4751),#4763,.F.);
#4751 = FACE_BOUND('',#4752,.T.);
#4752 = EDGE_LOOP('',(#4753,#4754,#4760,#4761,#4762));
#4753 = ORIENTED_EDGE('',*,*,#230,.T.);
#4754 = ORIENTED_EDGE('',*,*,#4755,.T.);
#4755 = EDGE_CURVE('',#233,#4701,#4756,.T.);
#4756 = LINE('',#4757,#4758);
#4757 = CARTESIAN_POINT('',(-4.8,1.5,1.2));
#4758 = VECTOR('',#4759,1.);
#4759 = DIRECTION('',(0.,0.,1.));
#4760 = ORIENTED_EDGE('',*,*,#4700,.F.);
#4761 = ORIENTED_EDGE('',*,*,#4205,.F.);
#4762 = ORIENTED_EDGE('',*,*,#270,.F.);
#4763 = PLANE('',#4764);
#4764 = AXIS2_PLACEMENT_3D('',#4765,#4766,#4767);
#4765 = CARTESIAN_POINT('',(-4.8,1.475,1.4825));
#4766 = DIRECTION('',(1.,0.,0.));
#4767 = DIRECTION('',(0.,0.,-1.));
#4768 = ADVANCED_FACE('',(#4769),#4781,.F.);
#4769 = FACE_BOUND('',#4770,.T.);
#4770 = EDGE_LOOP('',(#4771,#4772,#4773,#4774,#4775));
#4771 = ORIENTED_EDGE('',*,*,#694,.F.);
#4772 = ORIENTED_EDGE('',*,*,#359,.F.);
#4773 = ORIENTED_EDGE('',*,*,#4190,.F.);
#4774 = ORIENTED_EDGE('',*,*,#4590,.F.);
#4775 = ORIENTED_EDGE('',*,*,#4776,.F.);
#4776 = EDGE_CURVE('',#695,#4583,#4777,.T.);
#4777 = LINE('',#4778,#4779);
#4778 = CARTESIAN_POINT('',(4.8,1.5,1.2));
#4779 = VECTOR('',#4780,1.);
#4780 = DIRECTION('',(0.,0.,1.));
#4781 = PLANE('',#4782);
#4782 = AXIS2_PLACEMENT_3D('',#4783,#4784,#4785);
#4783 = CARTESIAN_POINT('',(4.8,1.475,0.7675));
#4784 = DIRECTION('',(-1.,0.,0.));
#4785 = DIRECTION('',(0.,0.,1.));
#4786 = ADVANCED_FACE('',(#4787),#4803,.F.);
#4787 = FACE_BOUND('',#4788,.T.);
#4788 = EDGE_LOOP('',(#4789,#4790,#4796,#4797));
#4789 = ORIENTED_EDGE('',*,*,#4582,.T.);
#4790 = ORIENTED_EDGE('',*,*,#4791,.T.);
#4791 = EDGE_CURVE('',#4441,#3785,#4792,.T.);
#4792 = LINE('',#4793,#4794);
#4793 = CARTESIAN_POINT('',(4.8,-1.5,1.45));
#4794 = VECTOR('',#4795,1.);
#4795 = DIRECTION('',(0.,0.,1.));
#4796 = ORIENTED_EDGE('',*,*,#3784,.F.);
#4797 = ORIENTED_EDGE('',*,*,#4798,.F.);
#4798 = EDGE_CURVE('',#4583,#3777,#4799,.T.);
#4799 = LINE('',#4800,#4801);
#4800 = CARTESIAN_POINT('',(4.8,1.5,1.45));
#4801 = VECTOR('',#4802,1.);
#4802 = DIRECTION('',(0.,0.,1.));
#4803 = PLANE('',#4804);
#4804 = AXIS2_PLACEMENT_3D('',#4805,#4806,#4807);
#4805 = CARTESIAN_POINT('',(4.8,-1.65,4.2325));
#4806 = DIRECTION('',(1.,0.,0.));
#4807 = DIRECTION('',(0.,0.,-1.));
#4808 = ADVANCED_FACE('',(#4809),#4822,.F.);
#4809 = FACE_BOUND('',#4810,.T.);
#4810 = EDGE_LOOP('',(#4811,#4812,#4813,#4819,#4820,#4821));
#4811 = ORIENTED_EDGE('',*,*,#719,.T.);
#4812 = ORIENTED_EDGE('',*,*,#4559,.T.);
#4813 = ORIENTED_EDGE('',*,*,#4814,.T.);
#4814 = EDGE_CURVE('',#4552,#3767,#4815,.T.);
#4815 = LINE('',#4816,#4817);
#4816 = CARTESIAN_POINT('',(-4.8,-1.5,1.45));
#4817 = VECTOR('',#4818,1.);
#4818 = DIRECTION('',(0.,0.,1.));
#4819 = ORIENTED_EDGE('',*,*,#3792,.F.);
#4820 = ORIENTED_EDGE('',*,*,#4791,.F.);
#4821 = ORIENTED_EDGE('',*,*,#4440,.F.);
#4822 = PLANE('',#4823);
#4823 = AXIS2_PLACEMENT_3D('',#4824,#4825,#4826);
#4824 = CARTESIAN_POINT('',(-5.28,-1.5,4.245));
#4825 = DIRECTION('',(0.,-1.,0.));
#4826 = DIRECTION('',(0.,0.,-1.));
#4827 = ADVANCED_FACE('',(#4828),#4839,.F.);
#4828 = FACE_BOUND('',#4829,.T.);
#4829 = EDGE_LOOP('',(#4830,#4831,#4837,#4838));
#4830 = ORIENTED_EDGE('',*,*,#4708,.T.);
#4831 = ORIENTED_EDGE('',*,*,#4832,.T.);
#4832 = EDGE_CURVE('',#4701,#3769,#4833,.T.);
#4833 = LINE('',#4834,#4835);
#4834 = CARTESIAN_POINT('',(-4.8,1.5,1.45));
#4835 = VECTOR('',#4836,1.);
#4836 = DIRECTION('',(0.,0.,1.));
#4837 = ORIENTED_EDGE('',*,*,#3766,.F.);
#4838 = ORIENTED_EDGE('',*,*,#4814,.F.);
#4839 = PLANE('',#4840);
#4840 = AXIS2_PLACEMENT_3D('',#4841,#4842,#4843);
#4841 = CARTESIAN_POINT('',(-4.8,-1.65,1.3175));
#4842 = DIRECTION('',(-1.,0.,0.));
#4843 = DIRECTION('',(0.,0.,1.));
#4844 = ADVANCED_FACE('',(#4845),#4874,.T.);
#4845 = FACE_BOUND('',#4846,.T.);
#4846 = EDGE_LOOP('',(#4847,#4848,#4849,#4857,#4865,#4871,#4872,#4873));
#4847 = ORIENTED_EDGE('',*,*,#508,.T.);
#4848 = ORIENTED_EDGE('',*,*,#4520,.T.);
#4849 = ORIENTED_EDGE('',*,*,#4850,.T.);
#4850 = EDGE_CURVE('',#4513,#4851,#4853,.T.);
#4851 = VERTEX_POINT('',#4852);
#4852 = CARTESIAN_POINT('',(-5.8,1.25,0.8));
#4853 = LINE('',#4854,#4855);
#4854 = CARTESIAN_POINT('',(-5.2,1.25,0.8));
#4855 = VECTOR('',#4856,1.);
#4856 = DIRECTION('',(-1.,0.,0.));
#4857 = ORIENTED_EDGE('',*,*,#4858,.F.);
#4858 = EDGE_CURVE('',#4859,#4851,#4861,.T.);
#4859 = VERTEX_POINT('',#4860);
#4860 = CARTESIAN_POINT('',(-5.8,-1.25,0.8));
#4861 = LINE('',#4862,#4863);
#4862 = CARTESIAN_POINT('',(-5.8,-1.25,0.8));
#4863 = VECTOR('',#4864,1.);
#4864 = DIRECTION('',(0.,1.,0.));
#4865 = ORIENTED_EDGE('',*,*,#4866,.T.);
#4866 = EDGE_CURVE('',#4859,#4474,#4867,.T.);
#4867 = LINE('',#4868,#4869);
#4868 = CARTESIAN_POINT('',(-5.8,-1.25,0.8));
#4869 = VECTOR('',#4870,1.);
#4870 = DIRECTION('',(1.,0.,0.));
#4871 = ORIENTED_EDGE('',*,*,#4527,.T.);
#4872 = ORIENTED_EDGE('',*,*,#409,.T.);
#4873 = ORIENTED_EDGE('',*,*,#449,.T.);
#4874 = PLANE('',#4875);
#4875 = AXIS2_PLACEMENT_3D('',#4876,#4877,#4878);
#4876 = CARTESIAN_POINT('',(-5.83,-1.375,0.8));
#4877 = DIRECTION('',(0.,0.,1.));
#4878 = DIRECTION('',(1.,0.,-0.));
#4879 = ADVANCED_FACE('',(#4880),#4898,.F.);
#4880 = FACE_BOUND('',#4881,.T.);
#4881 = EDGE_LOOP('',(#4882,#4883,#4884,#4890,#4891,#4897));
#4882 = ORIENTED_EDGE('',*,*,#4512,.T.);
#4883 = ORIENTED_EDGE('',*,*,#4692,.T.);
#4884 = ORIENTED_EDGE('',*,*,#4885,.F.);
#4885 = EDGE_CURVE('',#4336,#4685,#4886,.T.);
#4886 = LINE('',#4887,#4888);
#4887 = CARTESIAN_POINT('',(-5.15,1.25,5.));
#4888 = VECTOR('',#4889,1.);
#4889 = DIRECTION('',(0.,0.,-1.));
#4890 = ORIENTED_EDGE('',*,*,#4335,.F.);
#4891 = ORIENTED_EDGE('',*,*,#4892,.F.);
#4892 = EDGE_CURVE('',#4851,#4328,#4893,.T.);
#4893 = LINE('',#4894,#4895);
#4894 = CARTESIAN_POINT('',(-5.8,1.25,0.8));
#4895 = VECTOR('',#4896,1.);
#4896 = DIRECTION('',(0.,0.,1.));
#4897 = ORIENTED_EDGE('',*,*,#4850,.F.);
#4898 = PLANE('',#4899);
#4899 = AXIS2_PLACEMENT_3D('',#4900,#4901,#4902);
#4900 = CARTESIAN_POINT('',(-5.8325,1.25,0.59));
#4901 = DIRECTION('',(0.,1.,0.));
#4902 = DIRECTION('',(0.,-0.,1.));
#4903 = ADVANCED_FACE('',(#4904),#4922,.F.);
#4904 = FACE_BOUND('',#4905,.T.);
#4905 = EDGE_LOOP('',(#4906,#4907,#4915,#4921));
#4906 = ORIENTED_EDGE('',*,*,#4738,.T.);
#4907 = ORIENTED_EDGE('',*,*,#4908,.T.);
#4908 = EDGE_CURVE('',#4731,#4909,#4911,.T.);
#4909 = VERTEX_POINT('',#4910);
#4910 = CARTESIAN_POINT('',(-5.8,-2.,0.));
#4911 = LINE('',#4912,#4913);
#4912 = CARTESIAN_POINT('',(-5.6,-2.,0.));
#4913 = VECTOR('',#4914,1.);
#4914 = DIRECTION('',(-1.,0.,0.));
#4915 = ORIENTED_EDGE('',*,*,#4916,.T.);
#4916 = EDGE_CURVE('',#4909,#4238,#4917,.T.);
#4917 = LINE('',#4918,#4919);
#4918 = CARTESIAN_POINT('',(-5.8,-2.,0.));
#4919 = VECTOR('',#4920,1.);
#4920 = DIRECTION('',(0.,1.,0.));
#4921 = ORIENTED_EDGE('',*,*,#4237,.T.);
#4922 = PLANE('',#4923);
#4923 = AXIS2_PLACEMENT_3D('',#4924,#4925,#4926);
#4924 = CARTESIAN_POINT('',(-5.81,-2.2,0.));
#4925 = DIRECTION('',(0.,0.,1.));
#4926 = DIRECTION('',(1.,0.,-0.));
#4927 = ADVANCED_FACE('',(#4928),#4946,.F.);
#4928 = FACE_BOUND('',#4929,.T.);
#4929 = EDGE_LOOP('',(#4930,#4931,#4932,#4940));
#4930 = ORIENTED_EDGE('',*,*,#4425,.T.);
#4931 = ORIENTED_EDGE('',*,*,#4158,.T.);
#4932 = ORIENTED_EDGE('',*,*,#4933,.T.);
#4933 = EDGE_CURVE('',#4151,#4934,#4936,.T.);
#4934 = VERTEX_POINT('',#4935);
#4935 = CARTESIAN_POINT('',(5.8,-2.,0.));
#4936 = LINE('',#4937,#4938);
#4937 = CARTESIAN_POINT('',(5.8,2.,0.));
#4938 = VECTOR('',#4939,1.);
#4939 = DIRECTION('',(0.,-1.,0.));
#4940 = ORIENTED_EDGE('',*,*,#4941,.T.);
#4941 = EDGE_CURVE('',#4934,#4411,#4942,.T.);
#4942 = LINE('',#4943,#4944);
#4943 = CARTESIAN_POINT('',(5.8,-2.,0.));
#4944 = VECTOR('',#4945,1.);
#4945 = DIRECTION('',(-1.,0.,0.));
#4946 = PLANE('',#4947);
#4947 = AXIS2_PLACEMENT_3D('',#4948,#4949,#4950);
#4948 = CARTESIAN_POINT('',(5.59,-2.2,0.));
#4949 = DIRECTION('',(0.,0.,1.));
#4950 = DIRECTION('',(1.,0.,-0.));
#4951 = ADVANCED_FACE('',(#4952),#4970,.F.);
#4952 = FACE_BOUND('',#4953,.T.);
#4953 = EDGE_LOOP('',(#4954,#4955,#4956,#4957,#4963,#4964));
#4954 = ORIENTED_EDGE('',*,*,#4605,.T.);
#4955 = ORIENTED_EDGE('',*,*,#4659,.T.);
#4956 = ORIENTED_EDGE('',*,*,#2872,.F.);
#4957 = ORIENTED_EDGE('',*,*,#4958,.F.);
#4958 = EDGE_CURVE('',#4307,#2865,#4959,.T.);
#4959 = LINE('',#4960,#4961);
#4960 = CARTESIAN_POINT('',(5.8,1.25,5.));
#4961 = VECTOR('',#4962,1.);
#4962 = DIRECTION('',(0.,0.,-1.));
#4963 = ORIENTED_EDGE('',*,*,#4306,.F.);
#4964 = ORIENTED_EDGE('',*,*,#4965,.T.);
#4965 = EDGE_CURVE('',#4299,#4606,#4966,.T.);
#4966 = LINE('',#4967,#4968);
#4967 = CARTESIAN_POINT('',(5.15,1.25,5.));
#4968 = VECTOR('',#4969,1.);
#4969 = DIRECTION('',(0.,0.,-1.));
#4970 = PLANE('',#4971);
#4971 = AXIS2_PLACEMENT_3D('',#4972,#4973,#4974);
#4972 = CARTESIAN_POINT('',(5.1175,1.25,0.59));
#4973 = DIRECTION('',(0.,1.,0.));
#4974 = DIRECTION('',(0.,-0.,1.));
#4975 = ADVANCED_FACE('',(#4976),#4984,.F.);
#4976 = FACE_BOUND('',#4977,.T.);
#4977 = EDGE_LOOP('',(#4978,#4979,#4980,#4981,#4982,#4983));
#4978 = ORIENTED_EDGE('',*,*,#730,.T.);
#4979 = ORIENTED_EDGE('',*,*,#4776,.T.);
#4980 = ORIENTED_EDGE('',*,*,#4798,.T.);
#4981 = ORIENTED_EDGE('',*,*,#3776,.F.);
#4982 = ORIENTED_EDGE('',*,*,#4832,.F.);
#4983 = ORIENTED_EDGE('',*,*,#4755,.F.);
#4984 = PLANE('',#4985);
#4985 = AXIS2_PLACEMENT_3D('',#4986,#4987,#4988);
#4986 = CARTESIAN_POINT('',(-5.28,1.5,1.055));
#4987 = DIRECTION('',(0.,1.,0.));
#4988 = DIRECTION('',(0.,-0.,1.));
#4989 = ADVANCED_FACE('',(#4990),#5006,.F.);
#4990 = FACE_BOUND('',#4991,.T.);
#4991 = EDGE_LOOP('',(#4992,#4993,#4999,#5000));
#4992 = ORIENTED_EDGE('',*,*,#3813,.T.);
#4993 = ORIENTED_EDGE('',*,*,#4994,.F.);
#4994 = EDGE_CURVE('',#4387,#3806,#4995,.T.);
#4995 = LINE('',#4996,#4997);
#4996 = CARTESIAN_POINT('',(2.25,-1.2,5.));
#4997 = VECTOR('',#4998,1.);
#4998 = DIRECTION('',(0.,0.,-1.));
#4999 = ORIENTED_EDGE('',*,*,#4386,.F.);
#5000 = ORIENTED_EDGE('',*,*,#5001,.T.);
#5001 = EDGE_CURVE('',#4379,#3814,#5002,.T.);
#5002 = LINE('',#5003,#5004);
#5003 = CARTESIAN_POINT('',(2.25,1.2,5.));
#5004 = VECTOR('',#5005,1.);
#5005 = DIRECTION('',(0.,0.,-1.));
#5006 = PLANE('',#5007);
#5007 = AXIS2_PLACEMENT_3D('',#5008,#5009,#5010);
#5008 = CARTESIAN_POINT('',(2.25,-1.32,5.045));
#5009 = DIRECTION('',(1.,0.,0.));
#5010 = DIRECTION('',(0.,0.,-1.));
#5011 = ADVANCED_FACE('',(#5012),#5019,.F.);
#5012 = FACE_BOUND('',#5013,.T.);
#5013 = EDGE_LOOP('',(#5014,#5015,#5016,#5017,#5018));
#5014 = ORIENTED_EDGE('',*,*,#3805,.T.);
#5015 = ORIENTED_EDGE('',*,*,#2944,.T.);
#5016 = ORIENTED_EDGE('',*,*,#3844,.F.);
#5017 = ORIENTED_EDGE('',*,*,#4394,.F.);
#5018 = ORIENTED_EDGE('',*,*,#4994,.T.);
#5019 = PLANE('',#5020);
#5020 = AXIS2_PLACEMENT_3D('',#5021,#5022,#5023);
#5021 = CARTESIAN_POINT('',(-2.475,-1.2,5.045));
#5022 = DIRECTION('',(0.,-1.,0.));
#5023 = DIRECTION('',(0.,0.,-1.));
#5024 = ADVANCED_FACE('',(#5025),#5036,.F.);
#5025 = FACE_BOUND('',#5026,.T.);
#5026 = EDGE_LOOP('',(#5027,#5028,#5034,#5035));
#5027 = ORIENTED_EDGE('',*,*,#4684,.T.);
#5028 = ORIENTED_EDGE('',*,*,#5029,.F.);
#5029 = EDGE_CURVE('',#4344,#4677,#5030,.T.);
#5030 = LINE('',#5031,#5032);
#5031 = CARTESIAN_POINT('',(-5.15,-1.25,5.));
#5032 = VECTOR('',#5033,1.);
#5033 = DIRECTION('',(0.,0.,-1.));
#5034 = ORIENTED_EDGE('',*,*,#4343,.F.);
#5035 = ORIENTED_EDGE('',*,*,#4885,.T.);
#5036 = PLANE('',#5037);
#5037 = AXIS2_PLACEMENT_3D('',#5038,#5039,#5040);
#5038 = CARTESIAN_POINT('',(-5.15,-1.375,5.1775));
#5039 = DIRECTION('',(1.,0.,0.));
#5040 = DIRECTION('',(0.,0.,-1.));
#5041 = ADVANCED_FACE('',(#5042),#5055,.F.);
#5042 = FACE_BOUND('',#5043,.T.);
#5043 = EDGE_LOOP('',(#5044,#5045,#5046,#5052,#5053,#5054));
#5044 = ORIENTED_EDGE('',*,*,#4471,.T.);
#5045 = ORIENTED_EDGE('',*,*,#4866,.F.);
#5046 = ORIENTED_EDGE('',*,*,#5047,.F.);
#5047 = EDGE_CURVE('',#4352,#4859,#5048,.T.);
#5048 = LINE('',#5049,#5050);
#5049 = CARTESIAN_POINT('',(-5.8,-1.25,5.));
#5050 = VECTOR('',#5051,1.);
#5051 = DIRECTION('',(0.,0.,-1.));
#5052 = ORIENTED_EDGE('',*,*,#4351,.F.);
#5053 = ORIENTED_EDGE('',*,*,#5029,.T.);
#5054 = ORIENTED_EDGE('',*,*,#4676,.T.);
#5055 = PLANE('',#5056);
#5056 = AXIS2_PLACEMENT_3D('',#5057,#5058,#5059);
#5057 = CARTESIAN_POINT('',(-5.8325,-1.25,5.21));
#5058 = DIRECTION('',(0.,-1.,0.));
#5059 = DIRECTION('',(0.,0.,-1.));
#5060 = ADVANCED_FACE('',(#5061),#5072,.F.);
#5061 = FACE_BOUND('',#5062,.T.);
#5062 = EDGE_LOOP('',(#5063,#5064,#5065,#5066));
#5063 = ORIENTED_EDGE('',*,*,#4613,.T.);
#5064 = ORIENTED_EDGE('',*,*,#4965,.F.);
#5065 = ORIENTED_EDGE('',*,*,#4298,.F.);
#5066 = ORIENTED_EDGE('',*,*,#5067,.T.);
#5067 = EDGE_CURVE('',#4291,#4614,#5068,.T.);
#5068 = LINE('',#5069,#5070);
#5069 = CARTESIAN_POINT('',(5.15,-1.25,5.));
#5070 = VECTOR('',#5071,1.);
#5071 = DIRECTION('',(0.,0.,-1.));
#5072 = PLANE('',#5073);
#5073 = AXIS2_PLACEMENT_3D('',#5074,#5075,#5076);
#5074 = CARTESIAN_POINT('',(5.15,-1.375,1.2725));
#5075 = DIRECTION('',(-1.,0.,0.));
#5076 = DIRECTION('',(0.,0.,1.));
#5077 = ADVANCED_FACE('',(#5078),#5091,.F.);
#5078 = FACE_BOUND('',#5079,.T.);
#5079 = EDGE_LOOP('',(#5080,#5081,#5082,#5083,#5089,#5090));
#5080 = ORIENTED_EDGE('',*,*,#4621,.T.);
#5081 = ORIENTED_EDGE('',*,*,#5067,.F.);
#5082 = ORIENTED_EDGE('',*,*,#4290,.F.);
#5083 = ORIENTED_EDGE('',*,*,#5084,.F.);
#5084 = EDGE_CURVE('',#2857,#4283,#5085,.T.);
#5085 = LINE('',#5086,#5087);
#5086 = CARTESIAN_POINT('',(5.8,-1.25,0.8));
#5087 = VECTOR('',#5088,1.);
#5088 = DIRECTION('',(0.,0.,1.));
#5089 = ORIENTED_EDGE('',*,*,#2856,.F.);
#5090 = ORIENTED_EDGE('',*,*,#4650,.T.);
#5091 = PLANE('',#5092);
#5092 = AXIS2_PLACEMENT_3D('',#5093,#5094,#5095);
#5093 = CARTESIAN_POINT('',(5.1175,-1.25,5.21));
#5094 = DIRECTION('',(0.,-1.,0.));
#5095 = DIRECTION('',(0.,0.,-1.));
#5096 = ADVANCED_FACE('',(#5097),#5112,.T.);
#5097 = FACE_BOUND('',#5098,.T.);
#5098 = EDGE_LOOP('',(#5099,#5100,#5101,#5102,#5103,#5104,#5105,#5111));
#5099 = ORIENTED_EDGE('',*,*,#5047,.T.);
#5100 = ORIENTED_EDGE('',*,*,#4858,.T.);
#5101 = ORIENTED_EDGE('',*,*,#4892,.T.);
#5102 = ORIENTED_EDGE('',*,*,#4327,.T.);
#5103 = ORIENTED_EDGE('',*,*,#4245,.F.);
#5104 = ORIENTED_EDGE('',*,*,#4916,.F.);
#5105 = ORIENTED_EDGE('',*,*,#5106,.T.);
#5106 = EDGE_CURVE('',#4909,#4360,#5107,.T.);
#5107 = LINE('',#5108,#5109);
#5108 = CARTESIAN_POINT('',(-5.8,-2.,0.));
#5109 = VECTOR('',#5110,1.);
#5110 = DIRECTION('',(0.,0.,1.));
#5111 = ORIENTED_EDGE('',*,*,#4359,.T.);
#5112 = PLANE('',#5113);
#5113 = AXIS2_PLACEMENT_3D('',#5114,#5115,#5116);
#5114 = CARTESIAN_POINT('',(-5.8,-2.2,-0.25));
#5115 = DIRECTION('',(-1.,0.,0.));
#5116 = DIRECTION('',(0.,0.,1.));
#5117 = ADVANCED_FACE('',(#5118),#5133,.T.);
#5118 = FACE_BOUND('',#5119,.T.);
#5119 = EDGE_LOOP('',(#5120,#5121,#5122,#5123,#5124,#5130,#5131,#5132));
#5120 = ORIENTED_EDGE('',*,*,#4958,.T.);
#5121 = ORIENTED_EDGE('',*,*,#2864,.T.);
#5122 = ORIENTED_EDGE('',*,*,#5084,.T.);
#5123 = ORIENTED_EDGE('',*,*,#4282,.T.);
#5124 = ORIENTED_EDGE('',*,*,#5125,.F.);
#5125 = EDGE_CURVE('',#4934,#4275,#5126,.T.);
#5126 = LINE('',#5127,#5128);
#5127 = CARTESIAN_POINT('',(5.8,-2.,0.));
#5128 = VECTOR('',#5129,1.);
#5129 = DIRECTION('',(0.,0.,1.));
#5130 = ORIENTED_EDGE('',*,*,#4933,.F.);
#5131 = ORIENTED_EDGE('',*,*,#4150,.T.);
#5132 = ORIENTED_EDGE('',*,*,#4314,.T.);
#5133 = PLANE('',#5134);
#5134 = AXIS2_PLACEMENT_3D('',#5135,#5136,#5137);
#5135 = CARTESIAN_POINT('',(5.8,-2.2,5.25));
#5136 = DIRECTION('',(1.,0.,0.));
#5137 = DIRECTION('',(0.,0.,-1.));
#5138 = ADVANCED_FACE('',(#5139),#5146,.F.);
#5139 = FACE_BOUND('',#5140,.T.);
#5140 = EDGE_LOOP('',(#5141,#5142,#5143,#5144,#5145));
#5141 = ORIENTED_EDGE('',*,*,#2894,.T.);
#5142 = ORIENTED_EDGE('',*,*,#3821,.T.);
#5143 = ORIENTED_EDGE('',*,*,#5001,.F.);
#5144 = ORIENTED_EDGE('',*,*,#4378,.F.);
#5145 = ORIENTED_EDGE('',*,*,#3861,.T.);
#5146 = PLANE('',#5147);
#5147 = AXIS2_PLACEMENT_3D('',#5148,#5149,#5150);
#5148 = CARTESIAN_POINT('',(-2.475,1.2,4.055));
#5149 = DIRECTION('',(0.,1.,0.));
#5150 = DIRECTION('',(0.,-0.,1.));
#5151 = ADVANCED_FACE('',(#5152),#5180,.T.);
#5152 = FACE_BOUND('',#5153,.T.);
#5153 = EDGE_LOOP('',(#5154,#5155,#5156,#5157,#5158,#5159,#5160,#5161,
    #5162,#5163,#5164,#5165,#5166,#5167,#5168,#5169,#5170,#5171,#5172,
    #5173,#5174,#5175,#5176,#5177,#5178,#5179));
#5154 = ORIENTED_EDGE('',*,*,#3900,.T.);
#5155 = ORIENTED_EDGE('',*,*,#4367,.T.);
#5156 = ORIENTED_EDGE('',*,*,#5106,.F.);
#5157 = ORIENTED_EDGE('',*,*,#4908,.F.);
#5158 = ORIENTED_EDGE('',*,*,#4730,.T.);
#5159 = ORIENTED_EDGE('',*,*,#4489,.T.);
#5160 = ORIENTED_EDGE('',*,*,#4715,.T.);
#5161 = ORIENTED_EDGE('',*,*,#4543,.T.);
#5162 = ORIENTED_EDGE('',*,*,#216,.T.);
#5163 = ORIENTED_EDGE('',*,*,#2826,.F.);
#5164 = ORIENTED_EDGE('',*,*,#2785,.F.);
#5165 = ORIENTED_EDGE('',*,*,#2611,.T.);
#5166 = ORIENTED_EDGE('',*,*,#2707,.T.);
#5167 = ORIENTED_EDGE('',*,*,#2587,.T.);
#5168 = ORIENTED_EDGE('',*,*,#2762,.F.);
#5169 = ORIENTED_EDGE('',*,*,#618,.T.);
#5170 = ORIENTED_EDGE('',*,*,#109,.T.);
#5171 = ORIENTED_EDGE('',*,*,#4456,.T.);
#5172 = ORIENTED_EDGE('',*,*,#4573,.T.);
#5173 = ORIENTED_EDGE('',*,*,#4643,.T.);
#5174 = ORIENTED_EDGE('',*,*,#4408,.T.);
#5175 = ORIENTED_EDGE('',*,*,#4941,.F.);
#5176 = ORIENTED_EDGE('',*,*,#5125,.T.);
#5177 = ORIENTED_EDGE('',*,*,#4274,.T.);
#5178 = ORIENTED_EDGE('',*,*,#3915,.T.);
#5179 = ORIENTED_EDGE('',*,*,#142,.T.);
#5180 = PLANE('',#5181);
#5181 = AXIS2_PLACEMENT_3D('',#5182,#5183,#5184);
#5182 = CARTESIAN_POINT('',(-6.38,-2.,5.27));
#5183 = DIRECTION('',(0.,-1.,0.));
#5184 = DIRECTION('',(0.,0.,-1.));
#5185 = ( GEOMETRIC_REPRESENTATION_CONTEXT(3) 
GLOBAL_UNCERTAINTY_ASSIGNED_CONTEXT((#5189)) 
GLOBAL_UNIT_ASSIGNED_CONTEXT((#5186,#5187,#5188)) REPRESENTATION_CONTEXT
('Context #1','3D Context with UNIT and UNCERTAINTY') );
#5186 = ( LENGTH_UNIT() NAMED_UNIT(*) SI_UNIT(.MILLI.,.METRE.) );
#5187 = ( NAMED_UNIT(*) PLANE_ANGLE_UNIT() SI_UNIT($,.RADIAN.) );
#5188 = ( NAMED_UNIT(*) SI_UNIT($,.STERADIAN.) SOLID_ANGLE_UNIT() );
#5189 = UNCERTAINTY_MEASURE_WITH_UNIT(LENGTH_MEASURE(1.E-07),#5186,
  'distance_accuracy_value','confusion accuracy');
#5190 = PRODUCT_RELATED_PRODUCT_CATEGORY('part',$,(#7));
#5191 = MECHANICAL_DESIGN_GEOMETRIC_PRESENTATION_REPRESENTATION('',(
    #5192),#5185);
#5192 = STYLED_ITEM('color',(#5193),#15);
#5193 = PRESENTATION_STYLE_ASSIGNMENT((#5194,#5200));
#5194 = SURFACE_STYLE_USAGE(.BOTH.,#5195);
#5195 = SURFACE_SIDE_STYLE('',(#5196));
#5196 = SURFACE_STYLE_FILL_AREA(#5197);
#5197 = FILL_AREA_STYLE('',(#5198));
#5198 = FILL_AREA_STYLE_COLOUR('',#5199);
#5199 = COLOUR_RGB('',0.150000005922,0.150000005922,0.150000005922);
#5200 = CURVE_STYLE('',#5201,POSITIVE_LENGTH_MEASURE(0.1),#5202);
#5201 = DRAUGHTING_PRE_DEFINED_CURVE_FONT('continuous');
#5202 = COLOUR_RGB('',9.803921802644E-02,9.803921802644E-02,
  9.803921802644E-02);
ENDSEC;
END-ISO-10303-21;
